fichier,existe,ensemble,prj/iar/arch/arm/dev-nxp-nfc-pn7150/dev_nxp_nfc_pn7150.ewp,prj/iar/arch/arm/dev/at91m55800a/dev_at91m55800a.ewp,prj/iar/arch/arm/dev/at91sam7x/dev_at91sam7x.ewp,prj/iar/arch/arm/dev/at91sam9261/dev_at91sam9261.ewp,prj/iar/arch/arm/dev/at91sam9261/dev_at91sam9261_7.20.ewp,prj/iar/arch/arm/dev/at91samd20/dev_at91samd20_7.20.ewp,prj/iar/arch/arm/dev/at91samv7x/dev_at91samv7x_7.80.ewp,prj/iar/arch/arm/dev/lm3s/dev_lm3s_6.21.ewp,prj/iar/arch/arm/dev/stm32f1xx/dev_stm32f1xx_6.21.ewp,prj/iar/arch/arm/dev/stm32f4xx/dev_stm32f4xx_6.21.ewp,prj/iar/arch/arm/dev/stm32f4xx/dev_stm32f4xx_7.20.ewp,prj/iar/arch/arm/dev/stm32f4xx/dev_stm32f4xx_8.40.ewp,prj/iar/arch/arm/dev/stm32wlxx/dev_stm32wlxx_8.40.ewp,prj/iar/arch/arm/dev/stm32wlxx/dev_stm32wlxx_9.50.ewp,prj/iar/arch/arm/stm32f4-usb-core/Backup of stm32f4_usb_core.ewp,prj/iar/arch/arm/stm32f4-usb-core/stm32f4_usb_core.ewp,prj/iar/arch/arm/stm32f4-usb-core/stm32f4_usb_core_8.40.ewp,prj/iar/arch/arm/tauon/tauon.ewp,prj/iar/arch/arm/tauon/tauon_6.10.ewp,prj/iar/arch/arm/tauon/tauon_6.21.ewp,prj/iar/arch/arm/tauon/tauon_7.20.ewp,prj/iar/arch/arm/tauon/tauon_7.80.ewp,prj/iar/arch/arm/tauon/tauon_8.40.ewp,prj/iar/arch/arm/tauon/tauon_9.50.ewp,prj/iar/bsp/discovery_f4-baseboard-modem/bsp_discovery_f4-baseboard-modem_7.40.ewp,prj/iar/bsp/discovery_f4/bsp_discovery_f4_7.30.ewp,prj/iar/bsp/olimex_p407/bsp_olimex_p407_7.30.ewp,prj/iar/bsp/samd20xplained_pro/bsp_samd20xplained_pro_7.30.ewp,prj/iar/bsp/same70xplained/bsp_same70xplained_7.80.ewp,prj/iar/bsp/samv71xplained_ultra/bsp_samv71xplained_ultra_7.80.ewp,prj/iar/bsp/stm32f469i-eval/bsp-stm32f469i-eval.ewp,prj/iar/bsp/stm32wl55jci_nucleo/bsp_stm32wl55jci_nucleo_8.40.ewp,prj/iar/bsp/stm32wl55jci_nucleo/bsp_stm32wl55jci_nucleo_9.50.ewp,prj/iar/lib/lib-nxpnfc/lib-nxpnfc.ewp,src/kernel/dev/arch/cortexm/stellaris/driverlib/driverlib.ewp,sys/user/tauon-basic/prj/iar/arch/arm/tauon-basic-stm32wl55jci-nucleo/tauon-basic_stm32wl55jci_nucleo_8.40.ewp,sys/user/tauon-basic/prj/iar/arch/arm/tauon-basic-stm32wl55jci-nucleo/tauon-basic_stm32wl55jci_nucleo_9.50.ewp,sys/user/tauon-basic/prj/iar/arch/arm/tauon-basic_at91sam9261/tauon_at91sam9261.ewp,sys/user/tauon-basic/prj/iar/arch/arm/tauon-basic_at91sam9261/tauon_at91sam9261_7.20.ewp,sys/user/tauon-basic/prj/iar/arch/arm/tauon-basic_at91samd20/tauon-basic_at91samd20_7.20.ewp,sys/user/tauon-basic/prj/iar/arch/arm/tauon-basic_at91samv71/tauon-basic_at91samv71_7.80.ewp,sys/user/tauon-basic/prj/iar/arch/arm/tauon-basic_cmsis/tauon-basic_cmsis_6.21.ewp,sys/user/tauon-basic/prj/iar/arch/arm/tauon-basic_lm3s/tauon-basic_lm3s_6.21.ewp,sys/user/tauon-basic/prj/iar/arch/arm/tauon-basic_stm32f4-olimex_p407/tauon-basic_stm32f4-olimex_p407_7.20.ewp,sys/user/tauon-basic/prj/iar/arch/arm/tauon-basic_stm32f407-discovery/tauon-basic_stm32f407_discovery_7.20.ewp,sys/user/tauon-basic/prj/iar/arch/arm/tauon-basic_stm32f469i-eval/tauon-basic_stm32f469i_eval_7.80.ewp
$PROJ_DIR$\..\..\..\..\..\..\..\..\..\lepton\rootstock-mainline\depots\lepton\root\master\sched\freertos\scion\sys\root\src\kernel\core\ucore\freeRTOS_9-0-0\source\arch\cortex-m7\at91samv71\main.c,0,,,,,,,,,,,,,,,,,,,,,,,,,,,,,,,,,,,,,,,,,,Release;freertos-debug,,,,,
src/bin/net/ftpd/ftpd.c,1,actif,,,,,,,,,,,,,,,,,,,,,,,,,,,,,,,,,,,,,,,,,,,,*,Release;freertos-debug,
src/bin/net/ftpd/ftpd.h,1,actif,,,,,,,,,,,,,,,,,,,,,,,,,,,,,,,,,,,,,,,,,,,,*,Release;freertos-debug,
src/bin/net/ftpd/ftpd_priv.h,1,actif,,,,,,,,,,,,,,,,,,,,,,,,,,,,,,,,,,,,,,,,,,,,*,*,
src/bin/net/ftpd/ls.c,1,actif,,,,,,,,,,,,,,,,,,,,,,,,,,,,,,,,,,,,,,,,,,,,*,Release;freertos-debug,
src/bin/net/httpc/httpc.c,1,actif,,,,,,,,,,,,,,,,,,,,,,*,*,*,,,,,,,,,,,,,,,,,,,,,,
src/bin/net/lftpd.c,1,gelé,,,,,,,,,,,,,,,,,,,,,,,,,,,,,,,,,,,,,,firmware;firmware_flash,firmware;firmware_flash,,,,,,,
src/bin/net/mongoose/mongoose.c,1,actif,,,,,,,,,,,,,,,,,,,,,,,,,,,,,,,,,,,,,,*,*,,,,,Debug;Release,Release,
src/bin/net/mongoose/mongoose.h,1,actif,,,,,,,,,,,,,,,,,,,,,,,,,,,,,,,,,,,,,,*,*,,,,,Debug;Release,Release,
src/bin/net/mongoose/mongoosed.c,1,actif,,,,,,,,,,,,,,,,,,,,,,,,,,,,,,,,,,,,,,*,*,,,,,Debug;Release,Release,
src/bin/net/telnetd.c,1,actif,,,,,,,,,,,,,,,,,,,,,,*,*,*,,,,,,,,,,,,,,*,*,,,,,*,*,
src/bin/test2.c,1,actif,,,,,,,,,,,,,,,,,,,,,,*,*,*,,,,,,,,,,,,,,*,*,*,*,,,*,*,
src/bin/tst/tsteth.c,1,actif,,,,,,,,,,,,,,,,,,,,,,,,,,,,,,,,,,,,,,*,*,,,,,*,*,
src/bin/tst/verifspi.c,0,,,,,,,,,,,,,,,,,,,,,,,,,,,,,,,,,,,,,,,firmware;firmware_flash,firmware;firmware_flash,,,,,,,
src/bin/udpsrvd.c,1,différé,,,,,,,,,,,,,,,,,,,,,,,,,,,,,,,,,,,,,,,,,,,*,Release,Release,
src/kernel/core/arch/arm/bin_mkconf.c,0,,,,,,,,,,,,,,,,,,,,,,,,,,,,,,,,,,,,,Release,Release,*,*,,,*,*,Release,Release,Release
src/kernel/core/arch/arm/dev_dskimg.c,0,,,,,,,,,,,,,,,,,,,,,,,,,,,,,,,,,,,,,Release,Release,*,*,,,*,*,Release,Release,Release
src/kernel/core/arch/arm/dev_dskimg.h,0,,,,,,,,,,,,,,,,,,,*,*,*,*,*,*,*,,,,,,,,,,,,Release,Release,*,*,,,*,*,Release,Release,Release
src/kernel/core/arch/arm/dev_mkconf.c,0,,,,,,,,,,,,,,,,,,,,,,,,,,,,,,,,,,,,,Release,Release,*,*,,,*,*,Release,Release,Release
src/kernel/core/arch/arm/kernel_mkconf.h,0,,,,,,,,,,,,,,,,,,,*,*,*,*,*,*,*,,,,,,,,,,,,Release,Release,*,*,,,*,*,Release,Release,Release
src/kernel/core/arch/cortexm/bin_mkconf.c,0,,,,,,,,,,,,,,,,,,,,,,,,,,,,,,,,,,,,,*,*,,,*,*,Release,Release,*,*,*
src/kernel/core/arch/cortexm/dev_dskimg.c,0,,,,,,,,,,,,,,,,,,,,,,,,,,,,,,,,,,,,,*,*,,,*,*,Release,Release,*,*,*
src/kernel/core/arch/cortexm/dev_dskimg.h,0,,,,,,,,,,,,,,,,,,,,,*,*,*,*,*,,,,,,,,,,,,*,*,,,*,*,Release,Release,*,*,*
src/kernel/core/arch/cortexm/dev_mkconf.c,0,,,,,,,,,,,,,,,,,,,,,,,,,,,,,,,,,,,,,*,*,,,*,*,Release,Release,*,*,*
src/kernel/core/arch/cortexm/kernel_mkconf.h,0,,,,,,,,,,,,,,,,,,,,,*,*,*,*,*,,,,,,,,,,,,*,*,,,*,*,Release,Release,*,*,*
src/kernel/core/arch/win32/kernel_mkconf.h,1,gelé,i:*,i:*,,i:*,i:*,i:Debug,i:Debug;samv71-freertos-debug,i:*,i:*,i:*,i:*,i:*,i:Debug,i:Debug,i:Debug,i:Debug,i:Debug,i:*,i:*,i:*,i:*,i:*,i:*,i:*,i:Debug,i:Debug,i:Debug,i:Debug,i:freertos-debug,i:freertos-debug,i:Debug,i:Debug,i:Debug,i:*,,i:Debug;freertos-debug,i:Debug;freertos-debug,i:firmware;firmware_injector;freertos-firmware_injector,i:firmware;firmware_injector;freertos-firmware_injector,i:Debug;freertos-debug,i:Debug;freertos-debug,i:Debug,i:Debug,i:Debug;freertos-debug,i:Debug;freertos-debug,i:Debug;freertos-debug
src/kernel/core/bin.c,1,actif,,,,,,,,,,,,,,,,,,*,*,*,*,*,*,*,,,,,,,,,,,,,,,,,,,,,,
src/kernel/core/bin.h,1,actif,,,,,,,,,,,,,,,,,,*,*,*,*,*,*,*,,,,,,,,,,,,,,,,,,,,,,
src/kernel/core/board.h,1,actif,,,,,,,,,,,,,,,,,,*,*,*,*,*,*,*,,,,,,,,,,,,,,,,,,,,,,
src/kernel/core/core-freertos/core_rttimer.c,1,différé,,,,,,,,,,,,,,,,,,,,lib-debug;tauon-kernel-arm926ejs-freertos-debug;tauon-kernel-cortex-m4f-freertos-debug,lib-debug;tauon-kernel-arm926ejs-freertos-debug;tauon-kernel-cortex-m0+-freertos-debug;tauon-kernel-cortex-m4f-freertos-debug,lib-debug;tauon-kernel-arm926ejs-freertos-debug;tauon-kernel-cortex-m0+-freertos-debug;tauon-kernel-cortex-m4f-freertos-debug;tauon-kernel-cortex-m4m7-freertosv9-debug,lib-debug;tauon-kernel-arm926ejs-freertos-debug;tauon-kernel-cortex-m0+-freertos-debug;tauon-kernel-cortex-m4f-freertos-debug;tauon-kernel-cortex-m4m7-freertosv9-debug,lib-debug;tauon-kernel-arm926ejs-freertos-debug;tauon-kernel-cortex-m0+-freertos-debug;tauon-kernel-cortex-m4f-freertos-debug;tauon-kernel-cortex-m4m7-freertosv9-debug,,,,,,,,,,,,,,,,,,,,,,
src/kernel/core/core-freertos/fork.c,1,différé,,,,,,,,,,,,,,,,,,,,lib-debug;tauon-kernel-arm926ejs-freertos-debug;tauon-kernel-cortex-m4f-freertos-debug,lib-debug;tauon-kernel-arm926ejs-freertos-debug;tauon-kernel-cortex-m0+-freertos-debug;tauon-kernel-cortex-m4f-freertos-debug,lib-debug;tauon-kernel-arm926ejs-freertos-debug;tauon-kernel-cortex-m0+-freertos-debug;tauon-kernel-cortex-m4f-freertos-debug;tauon-kernel-cortex-m4m7-freertosv9-debug,lib-debug;tauon-kernel-arm926ejs-freertos-debug;tauon-kernel-cortex-m0+-freertos-debug;tauon-kernel-cortex-m4f-freertos-debug;tauon-kernel-cortex-m4m7-freertosv9-debug,lib-debug;tauon-kernel-arm926ejs-freertos-debug;tauon-kernel-cortex-m0+-freertos-debug;tauon-kernel-cortex-m4f-freertos-debug;tauon-kernel-cortex-m4m7-freertosv9-debug,,,,,,,,,,,,,,,,,,,,,,
src/kernel/core/core-freertos/kernel.c,1,différé,,,,,,,,,,,,,,,,,,,,lib-debug;tauon-kernel-arm926ejs-freertos-debug;tauon-kernel-cortex-m4f-freertos-debug,lib-debug;tauon-kernel-arm926ejs-freertos-debug;tauon-kernel-cortex-m0+-freertos-debug;tauon-kernel-cortex-m4f-freertos-debug,lib-debug;tauon-kernel-arm926ejs-freertos-debug;tauon-kernel-cortex-m0+-freertos-debug;tauon-kernel-cortex-m4f-freertos-debug;tauon-kernel-cortex-m4m7-freertosv9-debug,lib-debug;tauon-kernel-arm926ejs-freertos-debug;tauon-kernel-cortex-m0+-freertos-debug;tauon-kernel-cortex-m4f-freertos-debug;tauon-kernel-cortex-m4m7-freertosv9-debug,lib-debug;tauon-kernel-arm926ejs-freertos-debug;tauon-kernel-cortex-m0+-freertos-debug;tauon-kernel-cortex-m4f-freertos-debug;tauon-kernel-cortex-m4m7-freertosv9-debug,,,,,,,,,,,,,,,,,,,,,,
src/kernel/core/core-freertos/kernel_clock.c,1,différé,,,,,,,,,,,,,,,,,,,,lib-debug;tauon-kernel-arm926ejs-freertos-debug;tauon-kernel-cortex-m4f-freertos-debug,lib-debug;tauon-kernel-arm926ejs-freertos-debug;tauon-kernel-cortex-m0+-freertos-debug;tauon-kernel-cortex-m4f-freertos-debug,lib-debug;tauon-kernel-arm926ejs-freertos-debug;tauon-kernel-cortex-m0+-freertos-debug;tauon-kernel-cortex-m4f-freertos-debug;tauon-kernel-cortex-m4m7-freertosv9-debug,lib-debug;tauon-kernel-arm926ejs-freertos-debug;tauon-kernel-cortex-m0+-freertos-debug;tauon-kernel-cortex-m4f-freertos-debug;tauon-kernel-cortex-m4m7-freertosv9-debug,lib-debug;tauon-kernel-arm926ejs-freertos-debug;tauon-kernel-cortex-m0+-freertos-debug;tauon-kernel-cortex-m4f-freertos-debug;tauon-kernel-cortex-m4m7-freertosv9-debug,,,,,,,,,,,,,,,,,,,,,,
src/kernel/core/core-freertos/kernel_elfloader.c,1,différé,,,,,,,,,,,,,,,,,,,,lib-debug;tauon-kernel-arm926ejs-freertos-debug;tauon-kernel-cortex-m4f-freertos-debug,lib-debug;tauon-kernel-arm926ejs-freertos-debug;tauon-kernel-cortex-m0+-freertos-debug;tauon-kernel-cortex-m4f-freertos-debug,lib-debug;tauon-kernel-arm926ejs-freertos-debug;tauon-kernel-cortex-m0+-freertos-debug;tauon-kernel-cortex-m4f-freertos-debug;tauon-kernel-cortex-m4m7-freertosv9-debug,lib-debug;tauon-kernel-arm926ejs-freertos-debug;tauon-kernel-cortex-m0+-freertos-debug;tauon-kernel-cortex-m4f-freertos-debug;tauon-kernel-cortex-m4m7-freertosv9-debug,lib-debug;tauon-kernel-arm926ejs-freertos-debug;tauon-kernel-cortex-m0+-freertos-debug;tauon-kernel-cortex-m4f-freertos-debug;tauon-kernel-cortex-m4m7-freertosv9-debug,,,,,,,,,,,,,,,,,,,,,,
src/kernel/core/core-freertos/kernel_object.c,1,différé,,,,,,,,,,,,,,,,,,,,lib-debug;tauon-kernel-arm926ejs-freertos-debug;tauon-kernel-cortex-m4f-freertos-debug,lib-debug;tauon-kernel-arm926ejs-freertos-debug;tauon-kernel-cortex-m0+-freertos-debug;tauon-kernel-cortex-m4f-freertos-debug,lib-debug;tauon-kernel-arm926ejs-freertos-debug;tauon-kernel-cortex-m0+-freertos-debug;tauon-kernel-cortex-m4f-freertos-debug;tauon-kernel-cortex-m4m7-freertosv9-debug,lib-debug;tauon-kernel-arm926ejs-freertos-debug;tauon-kernel-cortex-m0+-freertos-debug;tauon-kernel-cortex-m4f-freertos-debug;tauon-kernel-cortex-m4m7-freertosv9-debug,lib-debug;tauon-kernel-arm926ejs-freertos-debug;tauon-kernel-cortex-m0+-freertos-debug;tauon-kernel-cortex-m4f-freertos-debug;tauon-kernel-cortex-m4m7-freertosv9-debug,,,,,,,,,,,,,,,,,,,,,,
src/kernel/core/core-freertos/kernel_pthread.c,1,différé,,,,,,,,,,,,,,,,,,,,lib-debug;tauon-kernel-arm926ejs-freertos-debug;tauon-kernel-cortex-m4f-freertos-debug,lib-debug;tauon-kernel-arm926ejs-freertos-debug;tauon-kernel-cortex-m0+-freertos-debug;tauon-kernel-cortex-m4f-freertos-debug,lib-debug;tauon-kernel-arm926ejs-freertos-debug;tauon-kernel-cortex-m0+-freertos-debug;tauon-kernel-cortex-m4f-freertos-debug;tauon-kernel-cortex-m4m7-freertosv9-debug,lib-debug;tauon-kernel-arm926ejs-freertos-debug;tauon-kernel-cortex-m0+-freertos-debug;tauon-kernel-cortex-m4f-freertos-debug;tauon-kernel-cortex-m4m7-freertosv9-debug,lib-debug;tauon-kernel-arm926ejs-freertos-debug;tauon-kernel-cortex-m0+-freertos-debug;tauon-kernel-cortex-m4f-freertos-debug;tauon-kernel-cortex-m4m7-freertosv9-debug,,,,,,,,,,,,,,,,,,,,,,
src/kernel/core/core-freertos/kernel_pthread_mutex.c,1,différé,,,,,,,,,,,,,,,,,,,,lib-debug;tauon-kernel-arm926ejs-freertos-debug;tauon-kernel-cortex-m4f-freertos-debug,lib-debug;tauon-kernel-arm926ejs-freertos-debug;tauon-kernel-cortex-m0+-freertos-debug;tauon-kernel-cortex-m4f-freertos-debug,lib-debug;tauon-kernel-arm926ejs-freertos-debug;tauon-kernel-cortex-m0+-freertos-debug;tauon-kernel-cortex-m4f-freertos-debug;tauon-kernel-cortex-m4m7-freertosv9-debug,lib-debug;tauon-kernel-arm926ejs-freertos-debug;tauon-kernel-cortex-m0+-freertos-debug;tauon-kernel-cortex-m4f-freertos-debug;tauon-kernel-cortex-m4m7-freertosv9-debug,lib-debug;tauon-kernel-arm926ejs-freertos-debug;tauon-kernel-cortex-m0+-freertos-debug;tauon-kernel-cortex-m4f-freertos-debug;tauon-kernel-cortex-m4m7-freertosv9-debug,,,,,,,,,,,,,,,,,,,,,,
src/kernel/core/core-freertos/kernel_sem.c,1,différé,,,,,,,,,,,,,,,,,,,,lib-debug;tauon-kernel-arm926ejs-freertos-debug;tauon-kernel-cortex-m4f-freertos-debug,lib-debug;tauon-kernel-arm926ejs-freertos-debug;tauon-kernel-cortex-m0+-freertos-debug;tauon-kernel-cortex-m4f-freertos-debug,lib-debug;tauon-kernel-arm926ejs-freertos-debug;tauon-kernel-cortex-m0+-freertos-debug;tauon-kernel-cortex-m4f-freertos-debug;tauon-kernel-cortex-m4m7-freertosv9-debug,lib-debug;tauon-kernel-arm926ejs-freertos-debug;tauon-kernel-cortex-m0+-freertos-debug;tauon-kernel-cortex-m4f-freertos-debug;tauon-kernel-cortex-m4m7-freertosv9-debug,lib-debug;tauon-kernel-arm926ejs-freertos-debug;tauon-kernel-cortex-m0+-freertos-debug;tauon-kernel-cortex-m4f-freertos-debug;tauon-kernel-cortex-m4m7-freertosv9-debug,,,,,,,,,,,,,,,,,,,,,,
src/kernel/core/core-freertos/kernel_sigqueue.c,1,différé,,,,,,,,,,,,,,,,,,,,lib-debug;tauon-kernel-arm926ejs-freertos-debug;tauon-kernel-cortex-m4f-freertos-debug,lib-debug;tauon-kernel-arm926ejs-freertos-debug;tauon-kernel-cortex-m0+-freertos-debug;tauon-kernel-cortex-m4f-freertos-debug,lib-debug;tauon-kernel-arm926ejs-freertos-debug;tauon-kernel-cortex-m0+-freertos-debug;tauon-kernel-cortex-m4f-freertos-debug;tauon-kernel-cortex-m4m7-freertosv9-debug,lib-debug;tauon-kernel-arm926ejs-freertos-debug;tauon-kernel-cortex-m0+-freertos-debug;tauon-kernel-cortex-m4f-freertos-debug;tauon-kernel-cortex-m4m7-freertosv9-debug,lib-debug;tauon-kernel-arm926ejs-freertos-debug;tauon-kernel-cortex-m0+-freertos-debug;tauon-kernel-cortex-m4f-freertos-debug;tauon-kernel-cortex-m4m7-freertosv9-debug,,,,,,,,,,,,,,,,,,,,,,
src/kernel/core/core-freertos/kernel_timer.c,1,différé,,,,,,,,,,,,,,,,,,,,lib-debug;tauon-kernel-arm926ejs-freertos-debug;tauon-kernel-cortex-m4f-freertos-debug,lib-debug;tauon-kernel-arm926ejs-freertos-debug;tauon-kernel-cortex-m0+-freertos-debug;tauon-kernel-cortex-m4f-freertos-debug,lib-debug;tauon-kernel-arm926ejs-freertos-debug;tauon-kernel-cortex-m0+-freertos-debug;tauon-kernel-cortex-m4f-freertos-debug;tauon-kernel-cortex-m4m7-freertosv9-debug,lib-debug;tauon-kernel-arm926ejs-freertos-debug;tauon-kernel-cortex-m0+-freertos-debug;tauon-kernel-cortex-m4f-freertos-debug;tauon-kernel-cortex-m4m7-freertosv9-debug,lib-debug;tauon-kernel-arm926ejs-freertos-debug;tauon-kernel-cortex-m0+-freertos-debug;tauon-kernel-cortex-m4f-freertos-debug;tauon-kernel-cortex-m4m7-freertosv9-debug,,,,,,,,,,,,,,,,,,,,,,
src/kernel/core/core-freertos/process.c,1,différé,,,,,,,,,,,,,,,,,,,,lib-debug;tauon-kernel-arm926ejs-freertos-debug;tauon-kernel-cortex-m4f-freertos-debug,lib-debug;tauon-kernel-arm926ejs-freertos-debug;tauon-kernel-cortex-m0+-freertos-debug;tauon-kernel-cortex-m4f-freertos-debug,lib-debug;tauon-kernel-arm926ejs-freertos-debug;tauon-kernel-cortex-m0+-freertos-debug;tauon-kernel-cortex-m4f-freertos-debug;tauon-kernel-cortex-m4m7-freertosv9-debug,lib-debug;tauon-kernel-arm926ejs-freertos-debug;tauon-kernel-cortex-m0+-freertos-debug;tauon-kernel-cortex-m4f-freertos-debug;tauon-kernel-cortex-m4m7-freertosv9-debug,lib-debug;tauon-kernel-arm926ejs-freertos-debug;tauon-kernel-cortex-m0+-freertos-debug;tauon-kernel-cortex-m4f-freertos-debug;tauon-kernel-cortex-m4m7-freertosv9-debug,,,,,,,,,,,,,,,,,,,,,,
src/kernel/core/core-freertos/signal.c,1,différé,,,,,,,,,,,,,,,,,,,,lib-debug;tauon-kernel-arm926ejs-freertos-debug;tauon-kernel-cortex-m4f-freertos-debug,lib-debug;tauon-kernel-arm926ejs-freertos-debug;tauon-kernel-cortex-m0+-freertos-debug;tauon-kernel-cortex-m4f-freertos-debug,lib-debug;tauon-kernel-arm926ejs-freertos-debug;tauon-kernel-cortex-m0+-freertos-debug;tauon-kernel-cortex-m4f-freertos-debug;tauon-kernel-cortex-m4m7-freertosv9-debug,lib-debug;tauon-kernel-arm926ejs-freertos-debug;tauon-kernel-cortex-m0+-freertos-debug;tauon-kernel-cortex-m4f-freertos-debug;tauon-kernel-cortex-m4m7-freertosv9-debug,lib-debug;tauon-kernel-arm926ejs-freertos-debug;tauon-kernel-cortex-m0+-freertos-debug;tauon-kernel-cortex-m4f-freertos-debug;tauon-kernel-cortex-m4m7-freertosv9-debug,,,,,,,,,,,,,,,,,,,,,,
src/kernel/core/core-freertos/syscall.c,1,différé,,,,,,,,,,,,,,,,,,,,lib-debug;tauon-kernel-arm926ejs-freertos-debug;tauon-kernel-cortex-m4f-freertos-debug,lib-debug;tauon-kernel-arm926ejs-freertos-debug;tauon-kernel-cortex-m0+-freertos-debug;tauon-kernel-cortex-m4f-freertos-debug,lib-debug;tauon-kernel-arm926ejs-freertos-debug;tauon-kernel-cortex-m0+-freertos-debug;tauon-kernel-cortex-m4f-freertos-debug;tauon-kernel-cortex-m4m7-freertosv9-debug,lib-debug;tauon-kernel-arm926ejs-freertos-debug;tauon-kernel-cortex-m0+-freertos-debug;tauon-kernel-cortex-m4f-freertos-debug;tauon-kernel-cortex-m4m7-freertosv9-debug,lib-debug;tauon-kernel-arm926ejs-freertos-debug;tauon-kernel-cortex-m0+-freertos-debug;tauon-kernel-cortex-m4f-freertos-debug;tauon-kernel-cortex-m4m7-freertosv9-debug,,,,,,,,,,,,,,,,,,,,,,
src/kernel/core/core-generic/kernel_pthread_tsd.c,1,actif,,,,,,,,,,,,,,,,,,,,,,*,*,*,,,,,,,,,,,,,,,,,,,,,,
src/kernel/core/core-segger/core_rttimer.c,1,actif,,,,,,,,,,,,,,,,,,*,*,lib-debug;tauon-kernel-arm926ejs-debug;tauon-kernel-cortex-m3-debug;tauon-kernel-cortex-m4-debug,lib-debug;tauon-kernel-arm926ejs-debug;tauon-kernel-cortex-m3-debug;tauon-kernel-cortex-m4-debug,lib-debug;tauon-kernel-arm926ejs-debug;tauon-kernel-cortex-m3-debug;tauon-kernel-cortex-m4-debug;tauon-kernel-cortex-m7-debug,lib-debug;tauon-kernel-arm926ejs-debug;tauon-kernel-cortex-m3-debug;tauon-kernel-cortex-m4-debug;tauon-kernel-cortex-m7-debug,lib-debug;tauon-kernel-arm926ejs-debug;tauon-kernel-cortex-m3-debug;tauon-kernel-cortex-m4-debug;tauon-kernel-cortex-m7-debug,,,,,,,,,,,,,,,,,,,,,,
src/kernel/core/core-segger/fork.c,1,actif,,,,,,,,,,,,,,,,,,*,*,lib-debug;tauon-kernel-arm926ejs-debug;tauon-kernel-cortex-m3-debug;tauon-kernel-cortex-m4-debug,lib-debug;tauon-kernel-arm926ejs-debug;tauon-kernel-cortex-m3-debug;tauon-kernel-cortex-m4-debug,lib-debug;tauon-kernel-arm926ejs-debug;tauon-kernel-cortex-m3-debug;tauon-kernel-cortex-m4-debug;tauon-kernel-cortex-m7-debug,lib-debug;tauon-kernel-arm926ejs-debug;tauon-kernel-cortex-m3-debug;tauon-kernel-cortex-m4-debug;tauon-kernel-cortex-m7-debug,lib-debug;tauon-kernel-arm926ejs-debug;tauon-kernel-cortex-m3-debug;tauon-kernel-cortex-m4-debug;tauon-kernel-cortex-m7-debug,,,,,,,,,,,,,,,,,,,,,,
src/kernel/core/core-segger/kernel.c,1,actif,,,,,,,,,,,,,,,,,,*,*,lib-debug;tauon-kernel-arm926ejs-debug;tauon-kernel-cortex-m3-debug;tauon-kernel-cortex-m4-debug,lib-debug;tauon-kernel-arm926ejs-debug;tauon-kernel-cortex-m3-debug;tauon-kernel-cortex-m4-debug,lib-debug;tauon-kernel-arm926ejs-debug;tauon-kernel-cortex-m3-debug;tauon-kernel-cortex-m4-debug;tauon-kernel-cortex-m7-debug,lib-debug;tauon-kernel-arm926ejs-debug;tauon-kernel-cortex-m3-debug;tauon-kernel-cortex-m4-debug;tauon-kernel-cortex-m7-debug,lib-debug;tauon-kernel-arm926ejs-debug;tauon-kernel-cortex-m3-debug;tauon-kernel-cortex-m4-debug;tauon-kernel-cortex-m7-debug,,,,,,,,,,,,,,,,,,,,,,
src/kernel/core/core-segger/kernel_clock.c,1,actif,,,,,,,,,,,,,,,,,,*,*,lib-debug;tauon-kernel-arm926ejs-debug;tauon-kernel-cortex-m3-debug;tauon-kernel-cortex-m4-debug,lib-debug;tauon-kernel-arm926ejs-debug;tauon-kernel-cortex-m3-debug;tauon-kernel-cortex-m4-debug,lib-debug;tauon-kernel-arm926ejs-debug;tauon-kernel-cortex-m3-debug;tauon-kernel-cortex-m4-debug;tauon-kernel-cortex-m7-debug,lib-debug;tauon-kernel-arm926ejs-debug;tauon-kernel-cortex-m3-debug;tauon-kernel-cortex-m4-debug;tauon-kernel-cortex-m7-debug,lib-debug;tauon-kernel-arm926ejs-debug;tauon-kernel-cortex-m3-debug;tauon-kernel-cortex-m4-debug;tauon-kernel-cortex-m7-debug,,,,,,,,,,,,,,,,,,,,,,
src/kernel/core/core-segger/kernel_elfloader.c,1,actif,,,,,,,,,,,,,,,,,,*,*,lib-debug;tauon-kernel-arm926ejs-debug;tauon-kernel-cortex-m3-debug;tauon-kernel-cortex-m4-debug,lib-debug;tauon-kernel-arm926ejs-debug;tauon-kernel-cortex-m3-debug;tauon-kernel-cortex-m4-debug,lib-debug;tauon-kernel-arm926ejs-debug;tauon-kernel-cortex-m3-debug;tauon-kernel-cortex-m4-debug;tauon-kernel-cortex-m7-debug,lib-debug;tauon-kernel-arm926ejs-debug;tauon-kernel-cortex-m3-debug;tauon-kernel-cortex-m4-debug;tauon-kernel-cortex-m7-debug,lib-debug;tauon-kernel-arm926ejs-debug;tauon-kernel-cortex-m3-debug;tauon-kernel-cortex-m4-debug;tauon-kernel-cortex-m7-debug,,,,,,,,,,,,,,,,,,,,,,
src/kernel/core/core-segger/kernel_object.c,1,actif,,,,,,,,,,,,,,,,,,*,*,lib-debug;tauon-kernel-arm926ejs-debug;tauon-kernel-cortex-m3-debug;tauon-kernel-cortex-m4-debug,lib-debug;tauon-kernel-arm926ejs-debug;tauon-kernel-cortex-m3-debug;tauon-kernel-cortex-m4-debug,lib-debug;tauon-kernel-arm926ejs-debug;tauon-kernel-cortex-m3-debug;tauon-kernel-cortex-m4-debug;tauon-kernel-cortex-m7-debug,lib-debug;tauon-kernel-arm926ejs-debug;tauon-kernel-cortex-m3-debug;tauon-kernel-cortex-m4-debug;tauon-kernel-cortex-m7-debug,lib-debug;tauon-kernel-arm926ejs-debug;tauon-kernel-cortex-m3-debug;tauon-kernel-cortex-m4-debug;tauon-kernel-cortex-m7-debug,,,,,,,,,,,,,,,,,,,,,,
src/kernel/core/core-segger/kernel_pthread.c,1,actif,,,,,,,,,,,,,,,,,,*,*,lib-debug;tauon-kernel-arm926ejs-debug;tauon-kernel-cortex-m3-debug;tauon-kernel-cortex-m4-debug,lib-debug;tauon-kernel-arm926ejs-debug;tauon-kernel-cortex-m3-debug;tauon-kernel-cortex-m4-debug,lib-debug;tauon-kernel-arm926ejs-debug;tauon-kernel-cortex-m3-debug;tauon-kernel-cortex-m4-debug;tauon-kernel-cortex-m7-debug,lib-debug;tauon-kernel-arm926ejs-debug;tauon-kernel-cortex-m3-debug;tauon-kernel-cortex-m4-debug;tauon-kernel-cortex-m7-debug,lib-debug;tauon-kernel-arm926ejs-debug;tauon-kernel-cortex-m3-debug;tauon-kernel-cortex-m4-debug;tauon-kernel-cortex-m7-debug,,,,,,,,,,,,,,,,,,,,,,
src/kernel/core/core-segger/kernel_pthread_mutex.c,1,actif,,,,,,,,,,,,,,,,,,*,*,lib-debug;tauon-kernel-arm926ejs-debug;tauon-kernel-cortex-m3-debug;tauon-kernel-cortex-m4-debug,lib-debug;tauon-kernel-arm926ejs-debug;tauon-kernel-cortex-m3-debug;tauon-kernel-cortex-m4-debug,lib-debug;tauon-kernel-arm926ejs-debug;tauon-kernel-cortex-m3-debug;tauon-kernel-cortex-m4-debug;tauon-kernel-cortex-m7-debug,lib-debug;tauon-kernel-arm926ejs-debug;tauon-kernel-cortex-m3-debug;tauon-kernel-cortex-m4-debug;tauon-kernel-cortex-m7-debug,lib-debug;tauon-kernel-arm926ejs-debug;tauon-kernel-cortex-m3-debug;tauon-kernel-cortex-m4-debug;tauon-kernel-cortex-m7-debug,,,,,,,,,,,,,,,,,,,,,,
src/kernel/core/core-segger/kernel_sem.c,1,actif,,,,,,,,,,,,,,,,,,*,*,lib-debug;tauon-kernel-arm926ejs-debug;tauon-kernel-cortex-m3-debug;tauon-kernel-cortex-m4-debug,lib-debug;tauon-kernel-arm926ejs-debug;tauon-kernel-cortex-m3-debug;tauon-kernel-cortex-m4-debug,lib-debug;tauon-kernel-arm926ejs-debug;tauon-kernel-cortex-m3-debug;tauon-kernel-cortex-m4-debug;tauon-kernel-cortex-m7-debug,lib-debug;tauon-kernel-arm926ejs-debug;tauon-kernel-cortex-m3-debug;tauon-kernel-cortex-m4-debug;tauon-kernel-cortex-m7-debug,lib-debug;tauon-kernel-arm926ejs-debug;tauon-kernel-cortex-m3-debug;tauon-kernel-cortex-m4-debug;tauon-kernel-cortex-m7-debug,,,,,,,,,,,,,,,,,,,,,,
src/kernel/core/core-segger/kernel_sigqueue.c,1,actif,,,,,,,,,,,,,,,,,,*,*,lib-debug;tauon-kernel-arm926ejs-debug;tauon-kernel-cortex-m3-debug;tauon-kernel-cortex-m4-debug,lib-debug;tauon-kernel-arm926ejs-debug;tauon-kernel-cortex-m3-debug;tauon-kernel-cortex-m4-debug,lib-debug;tauon-kernel-arm926ejs-debug;tauon-kernel-cortex-m3-debug;tauon-kernel-cortex-m4-debug;tauon-kernel-cortex-m7-debug,lib-debug;tauon-kernel-arm926ejs-debug;tauon-kernel-cortex-m3-debug;tauon-kernel-cortex-m4-debug;tauon-kernel-cortex-m7-debug,lib-debug;tauon-kernel-arm926ejs-debug;tauon-kernel-cortex-m3-debug;tauon-kernel-cortex-m4-debug;tauon-kernel-cortex-m7-debug,,,,,,,,,,,,,,,,,,,,,,
src/kernel/core/core-segger/kernel_timer.c,1,actif,,,,,,,,,,,,,,,,,,*,*,lib-debug;tauon-kernel-arm926ejs-debug;tauon-kernel-cortex-m3-debug;tauon-kernel-cortex-m4-debug,lib-debug;tauon-kernel-arm926ejs-debug;tauon-kernel-cortex-m3-debug;tauon-kernel-cortex-m4-debug,lib-debug;tauon-kernel-arm926ejs-debug;tauon-kernel-cortex-m3-debug;tauon-kernel-cortex-m4-debug;tauon-kernel-cortex-m7-debug,lib-debug;tauon-kernel-arm926ejs-debug;tauon-kernel-cortex-m3-debug;tauon-kernel-cortex-m4-debug;tauon-kernel-cortex-m7-debug,lib-debug;tauon-kernel-arm926ejs-debug;tauon-kernel-cortex-m3-debug;tauon-kernel-cortex-m4-debug;tauon-kernel-cortex-m7-debug,,,,,,,,,,,,,,,,,,,,,,
src/kernel/core/core-segger/process.c,1,actif,,,,,,,,,,,,,,,,,,*,*,lib-debug;tauon-kernel-arm926ejs-debug;tauon-kernel-cortex-m3-debug;tauon-kernel-cortex-m4-debug,lib-debug;tauon-kernel-arm926ejs-debug;tauon-kernel-cortex-m3-debug;tauon-kernel-cortex-m4-debug,lib-debug;tauon-kernel-arm926ejs-debug;tauon-kernel-cortex-m3-debug;tauon-kernel-cortex-m4-debug;tauon-kernel-cortex-m7-debug,lib-debug;tauon-kernel-arm926ejs-debug;tauon-kernel-cortex-m3-debug;tauon-kernel-cortex-m4-debug;tauon-kernel-cortex-m7-debug,lib-debug;tauon-kernel-arm926ejs-debug;tauon-kernel-cortex-m3-debug;tauon-kernel-cortex-m4-debug;tauon-kernel-cortex-m7-debug,,,,,,,,,,,,,,,,,,,,,,
src/kernel/core/core-segger/signal.c,1,actif,,,,,,,,,,,,,,,,,,*,*,lib-debug;tauon-kernel-arm926ejs-debug;tauon-kernel-cortex-m3-debug;tauon-kernel-cortex-m4-debug,lib-debug;tauon-kernel-arm926ejs-debug;tauon-kernel-cortex-m3-debug;tauon-kernel-cortex-m4-debug,lib-debug;tauon-kernel-arm926ejs-debug;tauon-kernel-cortex-m3-debug;tauon-kernel-cortex-m4-debug;tauon-kernel-cortex-m7-debug,lib-debug;tauon-kernel-arm926ejs-debug;tauon-kernel-cortex-m3-debug;tauon-kernel-cortex-m4-debug;tauon-kernel-cortex-m7-debug,lib-debug;tauon-kernel-arm926ejs-debug;tauon-kernel-cortex-m3-debug;tauon-kernel-cortex-m4-debug;tauon-kernel-cortex-m7-debug,,,,,,,,,,,,,,,,,,,,,,
src/kernel/core/core-segger/syscall.c,1,actif,,,,,,,,,,,,,,,,,,*,*,lib-debug;tauon-kernel-arm926ejs-debug;tauon-kernel-cortex-m3-debug;tauon-kernel-cortex-m4-debug,lib-debug;tauon-kernel-arm926ejs-debug;tauon-kernel-cortex-m3-debug;tauon-kernel-cortex-m4-debug,lib-debug;tauon-kernel-arm926ejs-debug;tauon-kernel-cortex-m3-debug;tauon-kernel-cortex-m4-debug;tauon-kernel-cortex-m7-debug,lib-debug;tauon-kernel-arm926ejs-debug;tauon-kernel-cortex-m3-debug;tauon-kernel-cortex-m4-debug;tauon-kernel-cortex-m7-debug,lib-debug;tauon-kernel-arm926ejs-debug;tauon-kernel-cortex-m3-debug;tauon-kernel-cortex-m4-debug;tauon-kernel-cortex-m7-debug,,,,,,,,,,,,,,,,,,,,,,
src/kernel/core/core_event.h,1,actif,i:*,i:*,,i:*,i:*,i:Debug,i:Debug;samv71-freertos-debug,i:*,i:*,i:*,i:*,i:*,i:Debug,i:Debug,i:Debug,i:Debug,i:Debug,i:*,i:*,i:*,i:*,i:*,i:*,i:*,i:Debug,i:Debug,i:Debug,i:Debug,i:freertos-debug,i:freertos-debug,i:Debug,i:Debug,i:Debug,i:*,,i:Debug;freertos-debug,i:Debug;freertos-debug,i:firmware;firmware_injector;freertos-firmware_injector,i:firmware;firmware_injector;freertos-firmware_injector,i:Debug;freertos-debug,i:Debug;freertos-debug,i:Debug,i:Debug,i:Debug;freertos-debug,i:Debug;freertos-debug,i:Debug;freertos-debug
src/kernel/core/core_rttimer.h,1,actif,i:*,i:*,,i:*,i:*,i:Debug,i:Debug;samv71-freertos-debug,i:*,i:*,i:*,i:*,i:*,i:Debug,i:Debug,i:Debug,i:Debug,i:Debug,*,*,*,*,*,*,*,i:Debug,i:Debug,i:Debug,i:Debug,i:freertos-debug,i:freertos-debug,i:Debug,i:Debug,i:Debug,i:*,,i:Debug;freertos-debug,i:Debug;freertos-debug,i:firmware;firmware_injector;freertos-firmware_injector,i:firmware;firmware_injector;freertos-firmware_injector,i:Debug;freertos-debug,i:Debug;freertos-debug,i:Debug,i:Debug,i:Debug;freertos-debug,i:Debug;freertos-debug,i:Debug;freertos-debug
src/kernel/core/cpu.c,1,actif,,,,,,,,,,,,,,,,,,*,*,*,*,*,*,*,,,,,,,,,,,,,,,,,,,,,,
src/kernel/core/cpu.h,1,actif,i:*,i:*,,i:*,i:*,i:Debug,i:Debug;samv71-freertos-debug,i:*,i:*,i:*,i:*,i:*,i:Debug,i:Debug,i:Debug,i:Debug,i:Debug,*,*,*,*,*,*,*,i:Debug,i:Debug,i:Debug,i:Debug,i:freertos-debug,i:freertos-debug,i:Debug,i:Debug,i:Debug,i:*,,,,i:firmware;firmware_injector;freertos-firmware_injector,i:firmware;firmware_injector;freertos-firmware_injector,i:Debug;freertos-debug,i:Debug;freertos-debug,i:Debug,i:Debug,i:Debug;freertos-debug,i:Debug;freertos-debug,
src/kernel/core/devconf.h,1,actif,,,,,,,,,,,,,,,,,,*,*,*,*,*,*,*,,,,,,,,,,,,,,,,,,,,,,
src/kernel/core/devio.c,0,,,,,,,,,,,,,,,,,,,*,*,*,,,,,,,,,,,,,,,,,,,,,,,,,,
src/kernel/core/devio.h,0,,,,,,,,,,,,,,,,,,,*,*,*,,,,,,,,,,,,,,,,,,,,,,,,,,
src/kernel/core/dirent.c,1,actif,,,,,,,,,,,,,,,,,,*,*,*,*,*,*,*,,,,,,,,,,,,,,,,,,,,,,
src/kernel/core/dirent.h,1,actif,i:*,,,,,,i:Debug;samv71-freertos-debug,,,,i:*,i:*,,,i:Debug,i:Debug,i:Debug,*,*,*,*,*,*,*,i:Debug,,,,i:freertos-debug,i:freertos-debug,,,,i:*,,,,i:firmware;firmware_injector;freertos-firmware_injector,i:firmware;firmware_injector;freertos-firmware_injector,,,,,i:Debug;freertos-debug,i:freertos-debug,
src/kernel/core/env.c,1,actif,,,,,,,,,,,,,,,,,,*,*,*,*,*,*,*,,,,,,,,,,,,,,,,,,,,,,
src/kernel/core/env.h,1,actif,,,,,,,,,,,,,,,,,,*,*,*,*,*,*,*,,,,,,,,,,,,,,,,,,,,,,
src/kernel/core/errno.h,1,actif,,,,i:*,i:*,,,,,,,,,,i:Debug,i:Debug,i:Debug,*,*,*,*,*,*,*,,,,,,,,,,,,,,i:firmware;firmware_injector;freertos-firmware_injector,i:firmware;firmware_injector;freertos-firmware_injector,,,,i:Debug,i:Debug;freertos-debug,i:Debug;freertos-debug,
src/kernel/core/etypes.h,1,actif,i:*,i:*,,i:*,i:*,i:Debug,i:Debug;samv71-freertos-debug,i:*,i:*,i:*,i:*,i:*,i:Debug,i:Debug,i:Debug,i:Debug,i:Debug,*,*,*,*,*,*,*,i:Debug,i:Debug,i:Debug,i:Debug,i:freertos-debug,i:freertos-debug,i:Debug,i:Debug,i:Debug,i:*,,i:Debug;freertos-debug,i:Debug;freertos-debug,i:firmware;firmware_injector;freertos-firmware_injector,i:firmware;firmware_injector;freertos-firmware_injector,i:Debug;freertos-debug,i:Debug;freertos-debug,i:Debug,i:Debug,i:Debug;freertos-debug,i:Debug;freertos-debug,i:Debug;freertos-debug
src/kernel/core/fcntl.c,1,actif,,,,,,,,,,,,,,,,,,*,*,*,*,*,*,*,,,,,,,,,,,,,,,,,,,,,,
src/kernel/core/fcntl.h,1,actif,i:*,i:*,,i:*,i:*,i:Debug,i:Debug;samv71-freertos-debug,i:*,i:*,i:*,i:*,i:*,i:Debug,i:Debug,i:Debug,i:Debug,i:Debug,*,*,*,*,*,*,*,i:Debug,i:Debug,i:Debug,i:Debug,i:freertos-debug,i:freertos-debug,i:Debug,i:Debug,i:Debug,i:*,,,,i:firmware;firmware_injector;freertos-firmware_injector,i:firmware;firmware_injector;freertos-firmware_injector,i:Debug;freertos-debug,i:Debug;freertos-debug,,i:Debug,i:Debug;freertos-debug,i:Debug;freertos-debug,
src/kernel/core/flock.c,1,actif,,,,,,,,,,,,,,,,,,*,*,*,*,*,*,*,,,,,,,,,,,,,,,,,,,,,,
src/kernel/core/flock.h,1,actif,,,,,,,,,,,,,,,,,,*,*,*,*,*,*,*,,,,,,,,,,,,,,,,,,,,,,
src/kernel/core/fork.h,1,actif,,,,,,,,,,,,,,,,,,*,*,*,*,*,*,*,,,,,,,,,,,,,,,,,,,,,,
src/kernel/core/interrupt.h,1,actif,i:*,i:*,,i:*,i:*,i:Debug,i:Debug;samv71-freertos-debug,i:*,i:*,i:*,i:*,i:*,i:Debug,i:Debug,i:Debug,i:Debug,i:Debug,*,*,*,*,*,*,*,i:Debug,i:Debug,i:Debug,i:Debug,i:freertos-debug,i:freertos-debug,i:Debug,i:Debug,i:Debug,i:*,,i:Debug;freertos-debug,i:Debug;freertos-debug,i:firmware;firmware_injector;freertos-firmware_injector,i:firmware;firmware_injector;freertos-firmware_injector,i:Debug;freertos-debug,i:Debug;freertos-debug,i:Debug,i:Debug,i:Debug;freertos-debug,i:Debug;freertos-debug,i:Debug;freertos-debug
src/kernel/core/io.h,1,gelé,,,,i:*,i:*,,,,,,,,,,,,,i:*,,i:tauon-kernel-arm926ejs-debug;tauon-kernel-arm926ejs-freertos-debug,i:tauon-kernel-arm926ejs-debug;tauon-kernel-arm926ejs-freertos-debug,i:tauon-kernel-arm926ejs-debug;tauon-kernel-arm926ejs-freertos-debug,i:tauon-kernel-arm926ejs-debug;tauon-kernel-arm926ejs-freertos-debug,i:tauon-kernel-arm926ejs-debug;tauon-kernel-arm926ejs-freertos-debug,,,,,,,,,,,,,,i:firmware;firmware_injector;freertos-firmware_injector,i:firmware;firmware_injector;freertos-firmware_injector,,,,,,,
src/kernel/core/ioctl.h,1,actif,i:*,,,i:*,i:*,,i:Debug;samv71-freertos-debug,,i:*,i:*,i:*,i:*,i:Debug,i:Debug,i:Debug,i:Debug,i:Debug,*,*,*,*,*,*,*,i:Debug,i:Debug,i:Debug,i:Debug,i:freertos-debug,i:freertos-debug,i:Debug,i:Debug,i:Debug,i:*,,,,i:firmware;firmware_injector,i:firmware;firmware_injector,,,,i:Debug,i:Debug;freertos-debug,i:freertos-debug,
src/kernel/core/ioctl_board.h,1,actif,,,,i:*,i:*,,i:Debug;samv71-freertos-debug,,i:*,,,,,,,,,*,*,*,*,*,*,*,i:Debug,i:Debug,i:Debug,i:Debug,i:freertos-debug,i:freertos-debug,i:Debug,i:Debug,i:Debug,,,,,i:firmware;firmware_injector,i:firmware;firmware_injector,,,,,,,
src/kernel/core/ioctl_cpu.h,1,actif,i:*,i:*,,i:*,i:*,i:Debug,i:Debug;samv71-freertos-debug,i:*,i:*,i:*,i:*,i:*,i:Debug,i:Debug,i:Debug,i:Debug,i:Debug,*,*,*,*,*,*,*,i:Debug,i:Debug,i:Debug,i:Debug,i:freertos-debug,i:freertos-debug,i:Debug,i:Debug,i:Debug,i:*,,,,i:firmware;firmware_injector;freertos-firmware_injector,i:firmware;firmware_injector;freertos-firmware_injector,i:Debug;freertos-debug,i:Debug;freertos-debug,i:Debug,i:Debug,i:Debug;freertos-debug,i:Debug;freertos-debug,
src/kernel/core/ioctl_encoder.h,1,actif,,,,,,,,,,,,,,,,,,,,,*,*,*,*,i:Debug,,,,,,,,,,,,,,,,,,,,,
src/kernel/core/ioctl_eth.h,1,actif,,i:*,,i:*,i:*,,i:Debug;samv71-freertos-debug,,,i:*,i:*,i:*,,,,,,i:*,i:*,i:lib-debug;tauon-kernel-arm926ejs-debug;tauon-kernel-arm926ejs-freertos-debug;tauon-kernel-cortex-m4-debug,i:lib-debug;tauon-kernel-arm926ejs-debug;tauon-kernel-arm926ejs-freertos-debug;tauon-kernel-cortex-m0+-freertos-debug;tauon-kernel-cortex-m4-debug;tauon-kernel-cortex-m4f-freertos-debug,*,*,*,,,,,,,,,,,,,,i:firmware;firmware_injector;freertos-firmware_injector,i:firmware;firmware_injector;freertos-firmware_injector,,,,,i:Debug;freertos-debug,i:Debug;freertos-debug,
src/kernel/core/ioctl_fb.h,1,actif,,,,i:*,i:*,,,,,,,,,,,,,i:*,i:*,i:*,i:*,*,*,*,,,,,,,,,,,,,,i:firmware;firmware_injector;freertos-firmware_injector,i:firmware;firmware_injector;freertos-firmware_injector,,,,,,,
src/kernel/core/ioctl_hd.h,1,actif,,,,,,,i:Debug;samv71-freertos-debug,,,,i:*,i:*,,,i:Debug,i:Debug,i:Debug,*,*,*,*,*,*,*,i:Debug,,,,,,,,,i:*,,,,,,,,,i:Debug,,,
src/kernel/core/ioctl_i2c.h,1,actif,i:*,,,,,,i:Debug;samv71-freertos-debug,,,,i:*,i:*,,,,,,,,,,*,*,*,i:Debug,,,,,,,,,,,,,,,,,,,,,
src/kernel/core/ioctl_if.h,1,actif,,,,,,,,,,,,,,,,,,i:*,i:*,i:*,i:*,*,*,*,,,,,,,,,,,,,,i:firmware;firmware_injector;freertos-firmware_injector,i:firmware;firmware_injector;freertos-firmware_injector,,,,,i:Debug;freertos-debug,i:Debug;freertos-debug,
src/kernel/core/ioctl_keyb.h,1,actif,,,,,,,,,,,,,,,,,,*,*,*,*,*,*,*,,,,,,,,,,,,,,,,,,,,,,
src/kernel/core/ioctl_lcd.h,1,actif,,,,i:*,i:*,,,,,,,,,,,,,i:*,i:*,i:*,i:*,i:*,i:*,i:*,,,,,,,,,,,,,,i:firmware;firmware_injector;freertos-firmware_injector,i:firmware;firmware_injector;freertos-firmware_injector,,,,,,,
src/kernel/core/ioctl_modem.h,1,actif,,,,,,,,,,,,,,,,,,,,,,*,*,*,,,,,,,,,,,,,,,,,,,,,,
src/kernel/core/ioctl_proc.h,1,actif,,,,,,,,,,,,,,,,,,*,*,*,*,*,*,*,,,,,,,,,,,,,,,,,,,,,,
src/kernel/core/ioctl_pwr.h,1,actif,,,,,,,,,,,,,,,,,,*,*,*,*,*,*,*,,,,,,,,,,,,,,,,,,,,,,
src/kernel/core/ioctl_spi.h,1,actif,,,,,,,,,,,,,,,,,,,,*,*,*,*,*,i:Debug,,,,,,,,,,,,,,,,,,,,,
src/kernel/core/ioctl_usb.h,1,actif,,,,,,,,,,,,,,,,,,,,,,*,*,*,,,,,,,,,,,,,,,,,,,,,,
src/kernel/core/kal.h,1,actif,i:*,i:*,,i:*,i:*,i:Debug,i:Debug;samv71-freertos-debug,i:*,i:*,i:*,i:*,i:*,i:Debug,i:Debug,i:Debug,i:Debug,i:Debug,*,*,*,*,*,*,*,i:Debug,i:Debug,i:Debug,i:Debug,i:freertos-debug,i:freertos-debug,i:Debug,i:Debug,i:Debug,i:*,,i:Debug;freertos-debug,i:Debug;freertos-debug,i:firmware;firmware_injector;freertos-firmware_injector,i:firmware;firmware_injector;freertos-firmware_injector,i:Debug;freertos-debug,i:Debug;freertos-debug,i:Debug,i:Debug,i:Debug;freertos-debug,i:Debug;freertos-debug,i:Debug;freertos-debug
src/kernel/core/kernel.h,1,actif,i:*,i:*,,i:*,i:*,i:Debug,i:Debug;samv71-freertos-debug,i:*,i:*,i:*,i:*,i:*,i:Debug,i:Debug,i:Debug,i:Debug,i:Debug,*,*,*,*,*,*,*,i:Debug,i:Debug,i:Debug,i:Debug,i:freertos-debug,i:freertos-debug,i:Debug,i:Debug,i:Debug,i:*,,i:Debug;freertos-debug,i:Debug;freertos-debug,i:firmware;firmware_injector;freertos-firmware_injector,i:firmware;firmware_injector;freertos-firmware_injector,i:Debug;freertos-debug,i:Debug;freertos-debug,,i:Debug,i:Debug;freertos-debug,i:Debug;freertos-debug,i:Debug;freertos-debug
src/kernel/core/kernel_clock.h,1,actif,,,,i:*,i:*,,,,,,,,,,,,,i:*,i:*,i:*,i:*,i:*,i:*,i:*,,,,,,,,,,i:*,,,,i:firmware;firmware_injector;freertos-firmware_injector,i:firmware;firmware_injector;freertos-firmware_injector,i:Debug;freertos-debug,i:Debug;freertos-debug,i:Debug,i:Debug,i:Debug;freertos-debug,i:Debug;freertos-debug,
src/kernel/core/kernel_compiler.h,1,actif,,,,,,,,,,,,,,,,,,,,,i:*,*,*,*,,,,,,,,,,,,,,,,,,,,,,
src/kernel/core/kernel_device.h,1,actif,,,,,,,,,,,,,,,,,,i:*,i:*,i:*,*,i:*,i:*,i:*,,,,,,,,,,,,,,,,,,,,,,
src/kernel/core/kernel_elfloader.h,1,actif,,,,,,,,,,,,,,,,,,i:*,i:*,i:*,i:*,i:*,i:*,i:*,,,,,,,,,,,,,,,,,,,,,,
src/kernel/core/kernel_io.c,1,actif,,,,,,,,,,,,,,,,,,,,,*,*,*,*,,,,,,,,,,,,,,,,,,,,,,
src/kernel/core/kernel_io.h,1,actif,i:*,,,i:*,i:*,,,,,,,,,,i:Debug,i:Debug,i:Debug,i:*,i:*,i:*,*,*,*,*,i:Debug,,,,,,,,,,,,,,,,,,,,,
src/kernel/core/kernel_mqueue.c,1,actif,,,,,,,,,,,,,,,,,,,,,,*,*,*,,,,,,,,,,,,,,,,,,,,,,
src/kernel/core/kernel_mqueue.h,1,actif,,,,,,,,,,,,,,,,,,,,,,*,*,*,,,,,,,,,,,,,,,,,,,,,,
src/kernel/core/kernel_object.h,1,actif,i:*,i:*,,i:*,i:*,i:Debug,i:Debug;samv71-freertos-debug,i:*,i:*,i:*,i:*,i:*,i:Debug,i:Debug,i:Debug,i:Debug,i:Debug,i:*,i:*,i:*,i:*,*,*,*,i:Debug,i:Debug,i:Debug,i:Debug,i:freertos-debug,i:freertos-debug,i:Debug,i:Debug,i:Debug,i:*,,i:Debug;freertos-debug,i:Debug;freertos-debug,i:firmware;firmware_injector;freertos-firmware_injector,i:firmware;firmware_injector;freertos-firmware_injector,i:Debug;freertos-debug,i:Debug;freertos-debug,i:Debug,i:Debug,i:Debug;freertos-debug,i:Debug;freertos-debug,i:Debug;freertos-debug
src/kernel/core/kernel_printk.c,1,actif,,,,,,,,,,,,,,,,,,,,,*,*,*,*,,,,,,,,,,,,,,,,,,,,,,
src/kernel/core/kernel_printk.h,1,actif,,,,,,,i:Debug;samv71-freertos-debug,,,,,,,,i:Debug,i:Debug,i:Debug,i:*,i:*,i:*,*,*,*,*,i:Debug,,,,,,,,,,,,,,,,,,,,,
src/kernel/core/kernel_pthread.h,1,actif,i:*,i:*,,i:*,i:*,i:Debug,i:Debug;samv71-freertos-debug,i:*,i:*,i:*,i:*,i:*,i:Debug,i:Debug,i:Debug,i:Debug,i:Debug,*,*,*,*,*,*,*,i:Debug,i:Debug,i:Debug,i:Debug,i:freertos-debug,i:freertos-debug,i:Debug,i:Debug,i:Debug,i:*,,i:Debug;freertos-debug,i:Debug;freertos-debug,i:firmware;firmware_injector;freertos-firmware_injector,i:firmware;firmware_injector;freertos-firmware_injector,i:Debug;freertos-debug,i:Debug;freertos-debug,i:Debug,i:Debug,i:Debug;freertos-debug,i:Debug;freertos-debug,i:Debug;freertos-debug
src/kernel/core/kernel_pthread_mutex.h,1,actif,i:*,i:*,,i:*,i:*,i:Debug,i:Debug;samv71-freertos-debug,i:*,i:*,i:*,i:*,i:*,i:Debug,i:Debug,i:Debug,i:Debug,i:Debug,i:*,i:*,i:*,i:*,*,*,*,i:Debug,i:Debug,i:Debug,i:Debug,i:freertos-debug,i:freertos-debug,i:Debug,i:Debug,i:Debug,i:*,,i:Debug;freertos-debug,i:Debug;freertos-debug,i:firmware;firmware_injector;freertos-firmware_injector,i:firmware;firmware_injector;freertos-firmware_injector,i:Debug;freertos-debug,i:Debug;freertos-debug,i:Debug,i:Debug,i:Debug;freertos-debug,i:Debug;freertos-debug,i:Debug;freertos-debug
src/kernel/core/kernel_pthread_tsd.h,1,actif,,,,,,,,,,,,,,,,,,i:*,i:*,i:*,i:*,*,*,*,,,,,,,,,,,,,,i:firmware;firmware_injector;freertos-firmware_injector,i:firmware;firmware_injector;freertos-firmware_injector,i:Debug;freertos-debug,i:Debug;freertos-debug,,i:Debug,i:Debug;freertos-debug,i:Debug;freertos-debug,
src/kernel/core/kernel_ring_buffer.c,1,actif,,,,,,,,,,,,,,,,,,,,,*,*,*,*,,,,,,,,,,,,,,,,,,,,,,
src/kernel/core/kernel_ring_buffer.h,1,actif,,,,,,,i:Debug;samv71-freertos-debug,,,,,,i:Debug,i:Debug,i:Debug,i:Debug,i:Debug,,,,*,*,*,*,,,,,,i:freertos-debug,,,,,,,,,,,,,,,,
src/kernel/core/kernel_sem.h,1,actif,i:*,i:*,,i:*,i:*,i:Debug,i:Debug;samv71-freertos-debug,i:*,i:*,i:*,i:*,i:*,i:Debug,i:Debug,i:Debug,i:Debug,i:Debug,*,*,*,*,*,*,*,i:Debug,i:Debug,i:Debug,i:Debug,i:freertos-debug,i:freertos-debug,i:Debug,i:Debug,i:Debug,i:*,,i:Debug;freertos-debug,i:Debug;freertos-debug,i:firmware;firmware_injector;freertos-firmware_injector,i:firmware;firmware_injector;freertos-firmware_injector,i:Debug;freertos-debug,i:Debug;freertos-debug,i:Debug,i:Debug,i:Debug;freertos-debug,i:Debug;freertos-debug,i:Debug;freertos-debug
src/kernel/core/kernel_sigqueue.h,1,actif,i:*,i:*,,i:*,i:*,i:Debug,i:Debug;samv71-freertos-debug,i:*,i:*,i:*,i:*,i:*,i:Debug,i:Debug,i:Debug,i:Debug,i:Debug,i:*,i:*,i:*,i:*,i:*,i:*,i:*,i:Debug,i:Debug,i:Debug,i:Debug,i:freertos-debug,i:freertos-debug,i:Debug,i:Debug,i:Debug,i:*,,i:Debug;freertos-debug,i:Debug;freertos-debug,i:firmware;firmware_injector;freertos-firmware_injector,i:firmware;firmware_injector;freertos-firmware_injector,i:Debug;freertos-debug,i:Debug;freertos-debug,i:Debug,i:Debug,i:Debug;freertos-debug,i:Debug;freertos-debug,i:Debug;freertos-debug
src/kernel/core/kernel_timer.h,1,actif,i:*,i:*,,i:*,i:*,i:Debug,i:Debug;samv71-freertos-debug,i:*,i:*,i:*,i:*,i:*,i:Debug,i:Debug,i:Debug,i:Debug,i:Debug,i:*,i:*,i:*,i:*,i:*,i:*,i:*,i:Debug,i:Debug,i:Debug,i:Debug,i:freertos-debug,i:freertos-debug,i:Debug,i:Debug,i:Debug,i:*,,i:Debug;freertos-debug,i:Debug;freertos-debug,i:firmware;firmware_injector;freertos-firmware_injector,i:firmware;firmware_injector;freertos-firmware_injector,i:Debug;freertos-debug,i:Debug;freertos-debug,i:Debug,i:Debug,i:Debug;freertos-debug,i:Debug;freertos-debug,i:Debug;freertos-debug
src/kernel/core/kernelconf.h,1,actif,i:*,i:*,,i:*,i:*,i:Debug,i:Debug;samv71-freertos-debug,i:*,i:*,i:*,i:*,i:*,i:Debug,i:Debug,i:Debug,i:Debug,i:Debug,*,*,*,*,*,*,*,i:Debug,i:Debug,i:Debug,i:Debug,i:freertos-debug,i:freertos-debug,i:Debug,i:Debug,i:Debug,i:*,,i:Debug;freertos-debug,i:Debug;freertos-debug,i:firmware;firmware_injector;freertos-firmware_injector,i:firmware;firmware_injector;freertos-firmware_injector,i:Debug;freertos-debug,i:Debug;freertos-debug,i:Debug,i:Debug,i:Debug;freertos-debug,i:Debug;freertos-debug,i:Debug;freertos-debug
src/kernel/core/lib.c,1,actif,,,,,,,,,,,,,,,,,,*,*,*,*,*,*,*,,,,,,,,,,,,,,,,,,,,,,
src/kernel/core/lib.h,1,actif,,,,,,,,,,,,,,,,,,i:*,i:*,i:*,i:*,i:*,i:*,i:*,,,,,,,,,,i:*,,,,i:firmware;firmware_injector;freertos-firmware_injector,i:firmware;firmware_injector;freertos-firmware_injector,i:Debug;freertos-debug,i:Debug;freertos-debug,i:Debug,i:Debug,i:Debug;freertos-debug,i:Debug;freertos-debug,
src/kernel/core/libstd.h,1,actif,,,,,,,,,,,,,,,,,,*,*,*,*,*,*,*,,,,,,,,,,i:*,,,,i:firmware;firmware_injector;freertos-firmware_injector,i:firmware;firmware_injector;freertos-firmware_injector,i:Debug;freertos-debug,i:Debug;freertos-debug,,i:Debug,i:Debug;freertos-debug,i:Debug;freertos-debug,
src/kernel/core/limits.h,1,actif,i:*,i:*,,i:*,i:*,i:Debug,i:Debug;samv71-freertos-debug,i:*,i:*,i:*,i:*,i:*,i:Debug,i:Debug,i:Debug,i:Debug,i:Debug,i:*,i:*,i:*,*,*,*,*,i:Debug,i:Debug,i:Debug,i:Debug,i:freertos-debug,i:freertos-debug,i:Debug,i:Debug,i:Debug,i:*,,i:Debug;freertos-debug,i:Debug;freertos-debug,i:firmware;firmware_injector;freertos-firmware_injector,i:firmware;firmware_injector;freertos-firmware_injector,i:Debug;freertos-debug,i:Debug;freertos-debug,i:Debug,i:Debug,i:Debug;freertos-debug,i:Debug;freertos-debug,i:Debug;freertos-debug
src/kernel/core/malloc.c,1,actif,,,,,,,,,,,,,,,,,,*,*,*,*,*,*,*,,,,,,,,,,,,,,,,,,,,,,
src/kernel/core/malloc.h,1,actif,,,,,,,i:Debug;samv71-freertos-debug,i:*,i:*,i:*,i:*,i:*,,,,,,*,*,*,*,*,*,*,,,,,,,,,,,,,,i:firmware;firmware_injector;freertos-firmware_injector,i:firmware;firmware_injector;freertos-firmware_injector,i:Debug;freertos-debug,i:Debug;freertos-debug,i:Debug,i:Debug,i:Debug;freertos-debug,i:Debug;freertos-debug,
src/kernel/core/net.h,1,actif,,,,,,,,,,,,,,,,,,*,*,*,*,*,*,*,,,,,,,,,,,,,,,,,,,,,,
src/kernel/core/net/bsd/inet/in.h,1,actif,,,,,,,,,,,,,,,,,,i:*,i:*,i:*,i:*,*,*,*,,,,,,,,,,,,,,i:firmware;firmware_injector;freertos-firmware_injector,i:firmware;firmware_injector;freertos-firmware_injector,i:Debug;freertos-debug,i:Debug;freertos-debug,,i:Debug,i:Debug;freertos-debug,i:Debug;freertos-debug,
src/kernel/core/net/bsd/netdb.h,1,actif,,,,,,,,,,,,,,,,,,,,,,*,*,*,,,,,,,,,,,,,,,,,,,,,,
src/kernel/core/net/bsd/sys/socket.h,1,actif,,,,,,,,,,,,,,,,,,i:*,i:*,i:*,i:*,*,*,*,,,,,,,,,,,,,,i:firmware;firmware_injector;freertos-firmware_injector,i:firmware;firmware_injector;freertos-firmware_injector,i:Debug;freertos-debug,i:Debug;freertos-debug,,i:Debug,i:Debug;freertos-debug,i:Debug;freertos-debug,
src/kernel/core/net/kernel_net_core_socket.c,1,actif,,,,,,,,,,,,,,,,,,,,,,*,*,*,,,,,,,,,,,,,,,,,,,,,,
src/kernel/core/net/kernel_net_core_socket.h,1,actif,,,,,,,,,,,,,,,,,,,,,,*,*,*,,,,,,,,,,,,,,i:firmware;firmware_injector;freertos-firmware_injector,i:firmware;firmware_injector;freertos-firmware_injector,i:Debug;freertos-debug,i:Debug;freertos-debug,,,i:Debug;freertos-debug,i:Debug;freertos-debug,
src/kernel/core/net/lwip_core/ethif_core.c,1,actif,,,,,,,,,,,,,,,,,,*,*,lib-debug;tauon-kernel-arm926ejs-debug;tauon-kernel-arm926ejs-freertos-debug;tauon-kernel-cortex-m4-debug,lib-debug;tauon-kernel-arm926ejs-debug;tauon-kernel-arm926ejs-freertos-debug;tauon-kernel-cortex-m0+-freertos-debug;tauon-kernel-cortex-m4-debug;tauon-kernel-cortex-m4f-freertos-debug,lib-debug;tauon-kernel-arm926ejs-debug;tauon-kernel-arm926ejs-freertos-debug;tauon-kernel-cortex-m0+-freertos-debug;tauon-kernel-cortex-m4-debug;tauon-kernel-cortex-m4f-freertos-debug;tauon-kernel-cortex-m4m7-freertosv9-debug;tauon-kernel-cortex-m7-debug,lib-debug;tauon-kernel-arm926ejs-debug;tauon-kernel-arm926ejs-freertos-debug;tauon-kernel-cortex-m0+-freertos-debug;tauon-kernel-cortex-m4-debug;tauon-kernel-cortex-m4f-freertos-debug;tauon-kernel-cortex-m4m7-freertosv9-debug;tauon-kernel-cortex-m7-debug,lib-debug;tauon-kernel-arm926ejs-debug;tauon-kernel-arm926ejs-freertos-debug;tauon-kernel-cortex-m0+-freertos-debug;tauon-kernel-cortex-m4-debug;tauon-kernel-cortex-m4f-freertos-debug;tauon-kernel-cortex-m4m7-freertosv9-debug;tauon-kernel-cortex-m7-debug,,,,,,,,,,,,,,,,,,,,,,
src/kernel/core/net/lwip_core/lwip_core.c,1,actif,,,,,,,,,,,,,,,,,,*,*,lib-debug;tauon-kernel-arm926ejs-debug;tauon-kernel-arm926ejs-freertos-debug;tauon-kernel-cortex-m4-debug,lib-debug;tauon-kernel-arm926ejs-debug;tauon-kernel-arm926ejs-freertos-debug;tauon-kernel-cortex-m0+-freertos-debug;tauon-kernel-cortex-m4-debug;tauon-kernel-cortex-m4f-freertos-debug,lib-debug;tauon-kernel-arm926ejs-debug;tauon-kernel-arm926ejs-freertos-debug;tauon-kernel-cortex-m0+-freertos-debug;tauon-kernel-cortex-m4-debug;tauon-kernel-cortex-m4f-freertos-debug;tauon-kernel-cortex-m4m7-freertosv9-debug;tauon-kernel-cortex-m7-debug,lib-debug;tauon-kernel-arm926ejs-debug;tauon-kernel-arm926ejs-freertos-debug;tauon-kernel-cortex-m0+-freertos-debug;tauon-kernel-cortex-m4-debug;tauon-kernel-cortex-m4f-freertos-debug;tauon-kernel-cortex-m4m7-freertosv9-debug;tauon-kernel-cortex-m7-debug,lib-debug;tauon-kernel-arm926ejs-debug;tauon-kernel-arm926ejs-freertos-debug;tauon-kernel-cortex-m0+-freertos-debug;tauon-kernel-cortex-m4-debug;tauon-kernel-cortex-m4f-freertos-debug;tauon-kernel-cortex-m4m7-freertosv9-debug;tauon-kernel-cortex-m7-debug,,,,,,,,,,,,,,,,,,,,,,
src/kernel/core/net/lwip_core/lwip_core.h,1,actif,,,,,,,,,,,,,,,,,,*,*,lib-debug;tauon-kernel-arm926ejs-debug;tauon-kernel-arm926ejs-freertos-debug;tauon-kernel-cortex-m4-debug,lib-debug;tauon-kernel-arm926ejs-debug;tauon-kernel-arm926ejs-freertos-debug;tauon-kernel-cortex-m0+-freertos-debug;tauon-kernel-cortex-m4-debug;tauon-kernel-cortex-m4f-freertos-debug,lib-debug;tauon-kernel-arm926ejs-debug;tauon-kernel-arm926ejs-freertos-debug;tauon-kernel-cortex-m0+-freertos-debug;tauon-kernel-cortex-m4-debug;tauon-kernel-cortex-m4f-freertos-debug;tauon-kernel-cortex-m4m7-freertosv9-debug;tauon-kernel-cortex-m7-debug,lib-debug;tauon-kernel-arm926ejs-debug;tauon-kernel-arm926ejs-freertos-debug;tauon-kernel-cortex-m0+-freertos-debug;tauon-kernel-cortex-m4-debug;tauon-kernel-cortex-m4f-freertos-debug;tauon-kernel-cortex-m4m7-freertosv9-debug;tauon-kernel-cortex-m7-debug,lib-debug;tauon-kernel-arm926ejs-debug;tauon-kernel-arm926ejs-freertos-debug;tauon-kernel-cortex-m0+-freertos-debug;tauon-kernel-cortex-m4-debug;tauon-kernel-cortex-m4f-freertos-debug;tauon-kernel-cortex-m4m7-freertosv9-debug;tauon-kernel-cortex-m7-debug,,,,,,,,,,,,,,,,,,,,,,
src/kernel/core/net/lwip_core/lwip_core_socket.c,1,actif,,,,,,,,,,,,,,,,,,,,,,lib-debug;tauon-kernel-arm926ejs-debug;tauon-kernel-arm926ejs-freertos-debug;tauon-kernel-cortex-m0+-freertos-debug;tauon-kernel-cortex-m4-debug;tauon-kernel-cortex-m4f-freertos-debug;tauon-kernel-cortex-m4m7-freertosv9-debug;tauon-kernel-cortex-m7-debug,lib-debug;tauon-kernel-arm926ejs-debug;tauon-kernel-arm926ejs-freertos-debug;tauon-kernel-cortex-m0+-freertos-debug;tauon-kernel-cortex-m4-debug;tauon-kernel-cortex-m4f-freertos-debug;tauon-kernel-cortex-m4m7-freertosv9-debug;tauon-kernel-cortex-m7-debug,lib-debug;tauon-kernel-arm926ejs-debug;tauon-kernel-arm926ejs-freertos-debug;tauon-kernel-cortex-m0+-freertos-debug;tauon-kernel-cortex-m4-debug;tauon-kernel-cortex-m4f-freertos-debug;tauon-kernel-cortex-m4m7-freertosv9-debug;tauon-kernel-cortex-m7-debug,,,,,,,,,,,,,,,,,,,,,,
src/kernel/core/net/lwip_core/lwip_core_socket.h,1,actif,,,,,,,,,,,,,,,,,,,,,,lib-debug;tauon-kernel-arm926ejs-debug;tauon-kernel-arm926ejs-freertos-debug;tauon-kernel-cortex-m0+-freertos-debug;tauon-kernel-cortex-m4-debug;tauon-kernel-cortex-m4f-freertos-debug;tauon-kernel-cortex-m4m7-freertosv9-debug;tauon-kernel-cortex-m7-debug,lib-debug;tauon-kernel-arm926ejs-debug;tauon-kernel-arm926ejs-freertos-debug;tauon-kernel-cortex-m0+-freertos-debug;tauon-kernel-cortex-m4-debug;tauon-kernel-cortex-m4f-freertos-debug;tauon-kernel-cortex-m4m7-freertosv9-debug;tauon-kernel-cortex-m7-debug,lib-debug;tauon-kernel-arm926ejs-debug;tauon-kernel-arm926ejs-freertos-debug;tauon-kernel-cortex-m0+-freertos-debug;tauon-kernel-cortex-m4-debug;tauon-kernel-cortex-m4f-freertos-debug;tauon-kernel-cortex-m4m7-freertosv9-debug;tauon-kernel-cortex-m7-debug,,,,,,,,,,,,,,,,,,,,,,
src/kernel/core/net/lwip_core/lwip_socket.c,0,,,,,,,,,,,,,,,,,,,*,*,lib-debug;tauon-kernel-arm926ejs-debug;tauon-kernel-arm926ejs-freertos-debug;tauon-kernel-cortex-m4-debug,lib-debug;tauon-kernel-arm926ejs-debug;tauon-kernel-arm926ejs-freertos-debug;tauon-kernel-cortex-m0+-freertos-debug;tauon-kernel-cortex-m4-debug;tauon-kernel-cortex-m4f-freertos-debug,,,,,,,,,,,,,,,,,,,,,,,,,
src/kernel/core/net/lwip_core/lwip_socket.h,0,,,,,,,,,,,,,,,,,,,*,*,lib-debug;tauon-kernel-arm926ejs-debug;tauon-kernel-arm926ejs-freertos-debug;tauon-kernel-cortex-m4-debug,lib-debug;tauon-kernel-arm926ejs-debug;tauon-kernel-arm926ejs-freertos-debug;tauon-kernel-cortex-m0+-freertos-debug;tauon-kernel-cortex-m4-debug;tauon-kernel-cortex-m4f-freertos-debug,,,,,,,,,,,,,,,,,,,,,,,,,
src/kernel/core/net/modem_core/modem_core.c,1,actif,,,,,,,,,,,,,,,,,,,,,,*,*,*,,,,,,,,,,,,,,,,,,,,,,
src/kernel/core/net/modem_core/modem_core.h,1,actif,,,,,,,,,,,,,,,,,,,,,,*,*,*,,,,,,,,,,,,,,,,,,,,,,
src/kernel/core/net/modem_core/modem_core_api.h,1,actif,,,,,,,,,,,,,,,,,,,,,,*,*,*,,,,,,,,,,,,,,,,,,,,,,
src/kernel/core/net/modem_core/modem_core_socket.c,1,actif,,,,,,,,,,,,,,,,,,,,,,*,*,*,,,,,,,,,,,,,,,,,,,,,,
src/kernel/core/net/modem_core/modem_core_socket.h,1,actif,,,,,,,,,,,,,,,,,,,,,,*,*,*,,,,,,,,,,,,,,,,,,,,,,
src/kernel/core/net/modem_core/modem_socket.h,1,actif,,,,,,,,,,,,,,,,,,i:*,i:*,i:*,i:*,*,*,*,,,,,,,,,,,,,,i:firmware;firmware_injector;freertos-firmware_injector,i:firmware;firmware_injector;freertos-firmware_injector,i:Debug;freertos-debug,i:Debug;freertos-debug,,i:Debug,i:Debug;freertos-debug,i:Debug;freertos-debug,
src/kernel/core/net/socket.h,1,actif,,,,,,,,,,,,,,,,,,*,*,*,*,*,*,*,,,,,,,,,,,,,,i:firmware;firmware_injector;freertos-firmware_injector,i:firmware;firmware_injector;freertos-firmware_injector,i:Debug;freertos-debug,i:Debug;freertos-debug,,i:Debug,i:Debug;freertos-debug,i:Debug;freertos-debug,
src/kernel/core/net/socks.h,1,actif,i:*,i:*,,i:*,i:*,i:Debug,i:Debug;samv71-freertos-debug,,i:*,i:*,i:*,i:*,i:Debug,i:Debug,i:Debug,i:Debug,i:Debug,*,*,*,*,*,*,*,i:Debug,i:Debug,i:Debug,i:Debug,i:freertos-debug,i:freertos-debug,i:Debug,i:Debug,i:Debug,i:*,,,,i:firmware;firmware_injector;freertos-firmware_injector,i:firmware;firmware_injector;freertos-firmware_injector,,,,,i:Debug;freertos-debug,i:Debug;freertos-debug,
src/kernel/core/net/uip_core/uip_core.c,1,actif,,,,,,,,,,,,,,,,,,*,*,*,*,*,*,*,,,,,,,,,,,,,,,,,,,,,,
src/kernel/core/net/uip_core/uip_core.h,1,actif,,,,,,,,,,,,,,,,,,*,*,*,*,*,*,*,,,,,,,,,,,,,,,,,,,,,,
src/kernel/core/net/uip_core/uip_core_socket.c,1,actif,,,,,,,,,,,,,,,,,,,,,,*,*,*,,,,,,,,,,,,,,,,,,,,,,
src/kernel/core/net/uip_core/uip_core_socket.h,1,actif,,,,,,,,,,,,,,,,,,,,,,*,*,*,,,,,,,,,,,,,,,,,,,,,,
src/kernel/core/net/uip_core/uip_dev_sock.c,0,,,,,,,,,,,,,,,,,,,,*,*,*,,,,,,,,,,,,,,,,,,,,,,,,,
src/kernel/core/net/uip_core/uip_dev_sock.h,0,,,,,,,,,,,,,,,,,,,,*,*,*,,,,,,,,,,,,,,,,,,,,,,,,,
src/kernel/core/net/uip_core/uip_slip.c,1,actif,,,,,,,,,,,,,,,,,,*,*,*,*,*,*,*,,,,,,,,,,,,,,,,,,,,,,
src/kernel/core/net/uip_core/uip_slip.h,1,actif,,,,,,,,,,,,,,,,,,*,*,*,*,*,*,*,,,,,,,,,,,,,,,,,,,,,,
src/kernel/core/net/uip_core/uip_sock.c,1,actif,,,,,,,,,,,,,,,,,,*,*,*,*,*,*,*,,,,,,,,,,,,,,,,,,,,,,
src/kernel/core/net/uip_core/uip_sock.h,1,actif,,,,,,,,,,,,,,,,,,*,*,*,*,*,*,*,,,,,,,,,,,,,,,,,,,,,,
src/kernel/core/net/uip_core/uip_socket.c,0,,,,,,,,,,,,,,,,,,,*,*,*,*,,,,,,,,,,,,,,,,,,,,,,,,,
src/kernel/core/net/uip_core/uip_socket.h,1,actif,,,,,,,,,,,,,,,,,,*,*,*,*,i:*,i:*,i:*,,,,,,,,,,,,,,i:firmware;firmware_injector;freertos-firmware_injector,i:firmware;firmware_injector;freertos-firmware_injector,i:Debug;freertos-debug,i:Debug;freertos-debug,,i:Debug,i:Debug;freertos-debug,i:Debug;freertos-debug,
src/kernel/core/pipe.c,1,actif,,,,,,,,,,,,,,,,,,*,*,*,*,*,*,*,,,,,,,,,,,,,,,,,,,,,,
src/kernel/core/pipe.h,1,actif,i:*,i:*,,i:*,i:*,i:Debug,i:Debug;samv71-freertos-debug,,i:*,i:*,i:*,i:*,i:Debug,i:Debug,i:Debug,i:Debug,i:Debug,*,*,*,*,*,*,*,i:Debug,i:Debug,i:Debug,i:Debug,i:freertos-debug,i:freertos-debug,i:Debug,i:Debug,i:Debug,i:*,,,,i:firmware;firmware_injector;freertos-firmware_injector,i:firmware;firmware_injector;freertos-firmware_injector,,,,,i:Debug;freertos-debug,i:Debug;freertos-debug,
src/kernel/core/posix_mqueue.c,1,actif,,,,,,,,,,,,,,,,,,*,*,*,*,*,*,*,,,,,,,,,,,,,,,,,,,,,,
src/kernel/core/posix_mqueue.h,1,actif,,,,,,,,,,,,,,,,,,i:*,i:*,i:*,i:*,*,*,*,,,,,,,,,,,,,,,,,,,,,,
src/kernel/core/process.h,1,actif,,,,,,,,,,,,,,,i:Debug,i:Debug,i:Debug,*,*,*,*,*,*,*,,,,,,,,,,i:*,,,,i:firmware;firmware_injector;freertos-firmware_injector,i:firmware;firmware_injector;freertos-firmware_injector,i:Debug;freertos-debug,i:Debug;freertos-debug,i:Debug,i:Debug,i:Debug;freertos-debug,i:Debug;freertos-debug,
src/kernel/core/rttimer.h,1,actif,,,,,,,,,,,,,,,,,,*,*,*,*,*,*,*,,,,,,,,,,,,,,,,,,,,,,
src/kernel/core/select.c,1,actif,,,,,,,,,,,,,,,,,,*,*,*,*,*,*,*,,,,,,,,,,,,,,,,,,,,,,
src/kernel/core/select.h,1,actif,,,,,,,,,,,,,,,,,,*,*,*,*,*,*,*,,,,,,,,,,i:*,,,,i:firmware;firmware_injector;freertos-firmware_injector,i:firmware;firmware_injector;freertos-firmware_injector,,,,i:Debug,i:Debug;freertos-debug,i:freertos-debug,
src/kernel/core/signal.h,1,actif,i:*,i:*,,i:*,i:*,i:Debug,i:Debug;samv71-freertos-debug,i:*,i:*,i:*,i:*,i:*,i:Debug,i:Debug,i:Debug,i:Debug,i:Debug,*,*,*,*,*,*,*,i:Debug,i:Debug,i:Debug,i:Debug,i:freertos-debug,i:freertos-debug,i:Debug,i:Debug,i:Debug,i:*,,i:Debug;freertos-debug,i:Debug;freertos-debug,i:firmware;firmware_injector;freertos-firmware_injector,i:firmware;firmware_injector;freertos-firmware_injector,i:Debug;freertos-debug,i:Debug;freertos-debug,i:Debug,i:Debug,i:Debug;freertos-debug,i:Debug;freertos-debug,i:Debug;freertos-debug
src/kernel/core/stat.c,1,actif,,,,,,,,,,,,,,,,,,*,*,*,*,*,*,*,,,,,,,,,,,,,,,,,,,,,,
src/kernel/core/stat.h,1,actif,i:*,i:*,,i:*,i:*,,i:Debug;samv71-freertos-debug,i:*,i:*,i:*,i:*,i:*,i:Debug,i:Debug,i:Debug,i:Debug,i:Debug,*,*,*,*,*,*,*,i:Debug,i:Debug,i:Debug,i:Debug,i:freertos-debug,i:freertos-debug,i:Debug,i:Debug,i:Debug,i:*,,,,i:firmware;firmware_injector;freertos-firmware_injector,i:firmware;firmware_injector;freertos-firmware_injector,,,,,i:Debug;freertos-debug,i:Debug;freertos-debug,
src/kernel/core/statvfs.c,1,actif,,,,,,,,,,,,,,,,,,*,*,*,*,*,*,*,,,,,,,,,,,,,,,,,,,,,,
src/kernel/core/statvfs.h,1,actif,,,,,,,,,,,,,,,i:Debug,i:Debug,i:Debug,*,*,*,*,*,*,*,,,,,,,,,,,,,,i:firmware;firmware_injector;freertos-firmware_injector,i:firmware;firmware_injector;freertos-firmware_injector,,,,,i:Debug;freertos-debug,i:Debug;freertos-debug,
src/kernel/core/stropts.h,1,actif,,,,,,,,,,,,,,,,,,i:*,i:*,i:*,i:*,i:*,i:*,i:*,,,,,,,,,,,,,,,,,,,,,,
src/kernel/core/sys/mqueue.h,1,actif,,,,,,,,,,,,,,,,,,*,*,*,*,*,*,*,,,,,,,,,,,,,,i:firmware;firmware_injector;freertos-firmware_injector,i:firmware;firmware_injector;freertos-firmware_injector,i:Debug;freertos-debug,i:Debug;freertos-debug,,i:Debug,i:Debug;freertos-debug,i:Debug;freertos-debug,
src/kernel/core/sys/pthread.h,1,actif,,,,,,,,,,,,,,,,,,i:*,i:*,i:*,i:*,i:*,i:*,i:*,,,,,,,,,,,,,,i:firmware;firmware_injector;freertos-firmware_injector,i:firmware;firmware_injector;freertos-firmware_injector,i:Debug;freertos-debug,i:Debug;freertos-debug,,i:Debug,i:Debug;freertos-debug,i:Debug;freertos-debug,
src/kernel/core/sys/semaphore.h,1,actif,,,,,,,,,,,,,,,,,,i:*,i:*,i:*,i:*,i:*,i:*,i:*,,,,,,,,,,,,,,i:firmware;firmware_injector;freertos-firmware_injector,i:firmware;firmware_injector;freertos-firmware_injector,i:Debug;freertos-debug,i:Debug;freertos-debug,,i:Debug,i:Debug;freertos-debug,i:Debug;freertos-debug,
src/kernel/core/sys/siginfo.h,1,actif,i:*,i:*,,i:*,i:*,i:Debug,i:Debug;samv71-freertos-debug,i:*,i:*,i:*,i:*,i:*,i:Debug,i:Debug,i:Debug,i:Debug,i:Debug,i:*,i:*,i:*,i:*,i:*,i:*,i:*,i:Debug,i:Debug,i:Debug,i:Debug,i:freertos-debug,i:freertos-debug,i:Debug,i:Debug,i:Debug,i:*,,i:Debug;freertos-debug,i:Debug;freertos-debug,i:firmware;firmware_injector;freertos-firmware_injector,i:firmware;firmware_injector;freertos-firmware_injector,i:Debug;freertos-debug,i:Debug;freertos-debug,i:Debug,i:Debug,i:Debug;freertos-debug,i:Debug;freertos-debug,i:Debug;freertos-debug
src/kernel/core/sys/sysctl.h,1,actif,,,,,,,,,,,,,,,,,,*,*,*,*,*,*,*,,,,,,,,,,,,,,,,,,,,,,
src/kernel/core/sys/utsname.h,1,actif,,,,,,,,,,,,,,,,,,*,*,*,*,*,*,*,,,,,,,,,,,,,,,,,,,,,,
src/kernel/core/syscall.h,1,actif,,,,,,,,,,,,,,,,,,*,*,*,*,*,*,*,,,,,,,,,,,,,,,,,,,,,,
src/kernel/core/sysctl.c,1,actif,,,,,,,,,,,,,,,,,,*,*,*,*,*,*,*,,,,,,,,,,,,,,,,,,,,,,
src/kernel/core/sysctl.h,1,actif,,,,,,,,,,,,,,,,,,i:*,i:*,i:*,i:*,i:*,i:*,i:*,,,,,,,,,,,,,,,,,,,,,,
src/kernel/core/system.c,1,actif,,,,,,,,,,,,,,,,,,*,*,*,*,*,*,*,,,,,,,,,,,,,,,,,,,,,,
src/kernel/core/system.h,1,actif,i:*,i:*,,i:*,i:*,i:Debug,i:Debug;samv71-freertos-debug,i:*,i:*,i:*,i:*,i:*,i:Debug,i:Debug,i:Debug,i:Debug,i:Debug,*,*,*,*,*,*,*,i:Debug,i:Debug,i:Debug,i:Debug,i:freertos-debug,i:freertos-debug,i:Debug,i:Debug,i:Debug,i:*,,,,i:firmware;firmware_injector;freertos-firmware_injector,i:firmware;firmware_injector;freertos-firmware_injector,i:Debug;freertos-debug,i:Debug;freertos-debug,i:Debug,i:Debug,i:Debug;freertos-debug,i:Debug;freertos-debug,
src/kernel/core/systime.c,1,actif,,,,,,,,,,,,,,,,,,*,*,*,*,*,*,*,,,,,,,,,,,,,,,,,,,,,,
src/kernel/core/systime.h,1,actif,,,,,,,,,,,,,,,,,,*,*,*,*,*,*,*,,,,,,,,,,,,,,,,,,,,,,
src/kernel/core/time.c,1,actif,,,,,,,,,,,,,,,,,,*,*,*,*,*,*,*,,,,,,,,,,,,,,,,,,,,,,
src/kernel/core/time.h,1,actif,,,,i:*,i:*,,,,,,,,,,,,,*,*,*,*,*,*,*,,,,,,,,,,i:*,,,,i:firmware;firmware_injector;freertos-firmware_injector,i:firmware;firmware_injector;freertos-firmware_injector,i:Debug;freertos-debug,i:Debug;freertos-debug,i:Debug,i:Debug,i:Debug;freertos-debug,i:Debug;freertos-debug,
src/kernel/core/timer.c,1,actif,,,,,,,,,,,,,,,,,,*,*,*,*,*,*,*,,,,,,,,,,,,,,,,,,,,,,
src/kernel/core/timer.h,1,actif,i:*,i:*,,i:*,i:*,i:Debug,i:Debug;samv71-freertos-debug,i:*,i:*,i:*,i:*,i:*,i:Debug,i:Debug,i:Debug,i:Debug,i:Debug,*,*,*,*,*,*,*,i:Debug,i:Debug,i:Debug,i:Debug,i:freertos-debug,i:freertos-debug,i:Debug,i:Debug,i:Debug,i:*,,i:Debug;freertos-debug,i:Debug;freertos-debug,i:firmware;firmware_injector;freertos-firmware_injector,i:firmware;firmware_injector;freertos-firmware_injector,i:Debug;freertos-debug,i:Debug;freertos-debug,i:Debug,i:Debug,i:Debug;freertos-debug,i:Debug;freertos-debug,i:Debug;freertos-debug
src/kernel/core/truncate.c,1,actif,,,,,,,,,,,,,,,,,,*,*,*,*,*,*,*,,,,,,,,,,,,,,,,,,,,,,
src/kernel/core/types.h,1,actif,i:*,i:*,,i:*,i:*,i:Debug,i:Debug;samv71-freertos-debug,i:*,i:*,i:*,i:*,i:*,i:Debug,i:Debug,i:Debug,i:Debug,i:Debug,*,*,*,*,*,*,*,i:Debug,i:Debug,i:Debug,i:Debug,i:freertos-debug,i:freertos-debug,i:Debug,i:Debug,i:Debug,i:*,,i:Debug;freertos-debug,i:Debug;freertos-debug,i:firmware;firmware_injector;freertos-firmware_injector,i:firmware;firmware_injector;freertos-firmware_injector,i:Debug;freertos-debug,i:Debug;freertos-debug,i:Debug,i:Debug,i:Debug;freertos-debug,i:Debug;freertos-debug,i:Debug;freertos-debug
src/kernel/core/ucore/cmsis-5/Device/Atmel/samv71/source/iar/startup_samv71.c,1,différé,,,,,,,,,,,,,,,,,,,,,,,,,,,,,,,,,,,,,,,,,*,,,,,
src/kernel/core/ucore/cmsis-5/Device/Atmel/samv71/source/system_samv71.c,1,différé,,,,,,,,,,,,,,,,,,,,,,,,,,,,,,,,,,,,,,,,,*,,,,,
src/kernel/core/ucore/cmsis/CMSIS/Include/arm_common_tables.h,1,actif,,,,,,,,,,,,,,,,,,,,,,,,,,,,,,,,,,,,*,*,,,*,,*,*,*,*,*
src/kernel/core/ucore/cmsis/CMSIS/Include/arm_math.h,1,actif,,,,,,,,,,,,,,,,,,,,,,,,,,,,,,,,,,,,*,*,,,*,,*,*,*,*,*
src/kernel/core/ucore/cmsis/CMSIS/Include/core_cm0.h,1,actif,,,,,,,,,,,,,,,,,,,,,,,,,,,,,,,,,,,,*,*,,,*,,*,*,*,*,*
src/kernel/core/ucore/cmsis/CMSIS/Include/core_cm0plus.h,1,actif,,,,,,,,,,,,,i:Debug,i:Debug,,,,,,,,,,,,,,,,,,i:Debug,i:Debug,,,i:*,i:*,,,i:*,,i:*,i:*,i:*,i:*,i:*
src/kernel/core/ucore/cmsis/CMSIS/Include/core_cm3.h,1,actif,,,,,,,,,,,,,,,,,,,,,,,,,,,,,,,,,,,,*,*,,,*,,*,*,*,*,*
src/kernel/core/ucore/cmsis/CMSIS/Include/core_cm4.h,1,actif,,,,,,,,,,i:*,i:*,i:*,i:Debug,i:Debug,i:Debug,i:Debug,i:Debug,,,,,,,,i:Debug,i:Debug,i:Debug,,,,i:Debug,i:Debug,i:Debug,,,*,*,,,*,,*,*,*,*,*
src/kernel/core/ucore/cmsis/CMSIS/Include/core_cm4_simd.h,1,actif,,,,,,,,,,i:*,i:*,i:*,i:Debug,i:Debug,i:Debug,i:Debug,i:Debug,,,,,,,,i:Debug,i:Debug,i:Debug,,,,i:Debug,i:Debug,i:Debug,,,*,*,,,*,,*,*,*,*,*
src/kernel/core/ucore/cmsis/CMSIS/Include/core_cmFunc.h,1,actif,,,,,,,,,,i:*,i:*,i:*,i:Debug,i:Debug,i:Debug,i:Debug,i:Debug,,,,,,,,i:Debug,i:Debug,i:Debug,,,,i:Debug,i:Debug,i:Debug,,,*,*,,,*,,*,*,*,*,*
src/kernel/core/ucore/cmsis/CMSIS/Include/core_cmInstr.h,1,actif,,,,,,,,,,i:*,i:*,i:*,i:Debug,i:Debug,i:Debug,i:Debug,i:Debug,,,,,,,,i:Debug,i:Debug,i:Debug,,,,i:Debug,i:Debug,i:Debug,,,*,*,,,*,,*,*,*,*,*
src/kernel/core/ucore/cmsis/Device/ARM/ARMCM3/Include/ARMCM3.h,1,différé,,,,,,,,,,,,,,,,,,,,,,,,,,,,,,,,,,,,,,,,,,*,,,,
src/kernel/core/ucore/cmsis/Device/ARM/ARMCM3/Include/system_ARMCM3.h,1,différé,,,,,,,,,,,,,,,,,,,,,,,,,,,,,,,,,,,,,,,,,,*,,,,
src/kernel/core/ucore/cmsis/Device/ARM/ARMCM3/Source/Templates/IAR/startup_ARMCM3.s,1,différé,,,,,,,,,,,,,,,,,,,,,,,,,,,,,,,,,,,,,,,,,,Release,,,,
src/kernel/core/ucore/cmsis/Device/ARM/ARMCM3/Source/Templates/system_ARMCM3.c,1,différé,,,,,,,,,,,,,,,,,,,,,,,,,,,,,,,,,,,,,,,,,,*,,,,
src/kernel/core/ucore/cmsis/Device/atmel/samd20/include/component/component_ac.h,1,différé,,,,,,i:Debug,,,,,,,,,,,,,,,,,,,,,,i:Debug,,,,,,,,,,,,i:Debug;freertos-debug,,,,,,
src/kernel/core/ucore/cmsis/Device/atmel/samd20/include/component/component_adc.h,1,différé,,,,,,i:Debug,,,,,,,,,,,,,,,,,,,,,,i:Debug,,,,,,,,,,,,i:Debug;freertos-debug,,,,,,
src/kernel/core/ucore/cmsis/Device/atmel/samd20/include/component/component_dac.h,1,différé,,,,,,i:Debug,,,,,,,,,,,,,,,,,,,,,,i:Debug,,,,,,,,,,,,i:Debug;freertos-debug,,,,,,
src/kernel/core/ucore/cmsis/Device/atmel/samd20/include/component/component_dsu.h,1,différé,,,,,,i:Debug,,,,,,,,,,,,,,,,,,,,,,i:Debug,,,,,,,,,,,,i:Debug;freertos-debug,,,,,,
src/kernel/core/ucore/cmsis/Device/atmel/samd20/include/component/component_eic.h,1,différé,,,,,,i:Debug,,,,,,,,,,,,,,,,,,,,,,i:Debug,,,,,,,,,,,,i:Debug;freertos-debug,,,,,,
src/kernel/core/ucore/cmsis/Device/atmel/samd20/include/component/component_evsys.h,1,différé,,,,,,i:Debug,,,,,,,,,,,,,,,,,,,,,,i:Debug,,,,,,,,,,,,i:Debug;freertos-debug,,,,,,
src/kernel/core/ucore/cmsis/Device/atmel/samd20/include/component/component_gclk.h,1,différé,,,,,,i:Debug,,,,,,,,,,,,,,,,,,,,,,i:Debug,,,,,,,,,,,,i:Debug;freertos-debug,,,,,,
src/kernel/core/ucore/cmsis/Device/atmel/samd20/include/component/component_nvmctrl.h,1,différé,,,,,,i:Debug,,,,,,,,,,,,,,,,,,,,,,i:Debug,,,,,,,,,,,,i:Debug;freertos-debug,,,,,,
src/kernel/core/ucore/cmsis/Device/atmel/samd20/include/component/component_pac.h,1,différé,,,,,,i:Debug,,,,,,,,,,,,,,,,,,,,,,i:Debug,,,,,,,,,,,,i:Debug;freertos-debug,,,,,,
src/kernel/core/ucore/cmsis/Device/atmel/samd20/include/component/component_pm.h,1,différé,,,,,,i:Debug,,,,,,,,,,,,,,,,,,,,,,i:Debug,,,,,,,,,,,,i:Debug;freertos-debug,,,,,,
src/kernel/core/ucore/cmsis/Device/atmel/samd20/include/component/component_port.h,1,différé,,,,,,i:Debug,,,,,,,,,,,,,,,,,,,,,,i:Debug,,,,,,,,,,,,i:Debug;freertos-debug,,,,,,
src/kernel/core/ucore/cmsis/Device/atmel/samd20/include/component/component_rtc.h,1,différé,,,,,,i:Debug,,,,,,,,,,,,,,,,,,,,,,i:Debug,,,,,,,,,,,,i:Debug;freertos-debug,,,,,,
src/kernel/core/ucore/cmsis/Device/atmel/samd20/include/component/component_sercom.h,1,différé,,,,,,i:Debug,,,,,,,,,,,,,,,,,,,,,,i:Debug,,,,,,,,,,,,i:Debug;freertos-debug,,,,,,
src/kernel/core/ucore/cmsis/Device/atmel/samd20/include/component/component_sysctrl.h,1,différé,,,,,,i:Debug,,,,,,,,,,,,,,,,,,,,,,i:Debug,,,,,,,,,,,,i:Debug;freertos-debug,,,,,,
src/kernel/core/ucore/cmsis/Device/atmel/samd20/include/component/component_tc.h,1,différé,,,,,,i:Debug,,,,,,,,,,,,,,,,,,,,,,i:Debug,,,,,,,,,,,,i:Debug;freertos-debug,,,,,,
src/kernel/core/ucore/cmsis/Device/atmel/samd20/include/component/component_wdt.h,1,différé,,,,,,i:Debug,,,,,,,,,,,,,,,,,,,,,,i:Debug,,,,,,,,,,,,i:Debug;freertos-debug,,,,,,
src/kernel/core/ucore/cmsis/Device/atmel/samd20/include/instance/instance_ac.h,1,différé,,,,,,i:Debug,,,,,,,,,,,,,,,,,,,,,,i:Debug,,,,,,,,,,,,i:Debug;freertos-debug,,,,,,
src/kernel/core/ucore/cmsis/Device/atmel/samd20/include/instance/instance_adc.h,1,différé,,,,,,i:Debug,,,,,,,,,,,,,,,,,,,,,,i:Debug,,,,,,,,,,,,i:Debug;freertos-debug,,,,,,
src/kernel/core/ucore/cmsis/Device/atmel/samd20/include/instance/instance_dac.h,1,différé,,,,,,i:Debug,,,,,,,,,,,,,,,,,,,,,,i:Debug,,,,,,,,,,,,i:Debug;freertos-debug,,,,,,
src/kernel/core/ucore/cmsis/Device/atmel/samd20/include/instance/instance_dsu.h,1,différé,,,,,,i:Debug,,,,,,,,,,,,,,,,,,,,,,i:Debug,,,,,,,,,,,,i:Debug;freertos-debug,,,,,,
src/kernel/core/ucore/cmsis/Device/atmel/samd20/include/instance/instance_eic.h,1,différé,,,,,,i:Debug,,,,,,,,,,,,,,,,,,,,,,i:Debug,,,,,,,,,,,,i:Debug;freertos-debug,,,,,,
src/kernel/core/ucore/cmsis/Device/atmel/samd20/include/instance/instance_evsys.h,1,différé,,,,,,i:Debug,,,,,,,,,,,,,,,,,,,,,,i:Debug,,,,,,,,,,,,i:Debug;freertos-debug,,,,,,
src/kernel/core/ucore/cmsis/Device/atmel/samd20/include/instance/instance_gclk.h,1,différé,,,,,,i:Debug,,,,,,,,,,,,,,,,,,,,,,i:Debug,,,,,,,,,,,,i:Debug;freertos-debug,,,,,,
src/kernel/core/ucore/cmsis/Device/atmel/samd20/include/instance/instance_nvmctrl.h,1,différé,,,,,,i:Debug,,,,,,,,,,,,,,,,,,,,,,i:Debug,,,,,,,,,,,,i:Debug;freertos-debug,,,,,,
src/kernel/core/ucore/cmsis/Device/atmel/samd20/include/instance/instance_pac0.h,1,différé,,,,,,i:Debug,,,,,,,,,,,,,,,,,,,,,,i:Debug,,,,,,,,,,,,i:Debug;freertos-debug,,,,,,
src/kernel/core/ucore/cmsis/Device/atmel/samd20/include/instance/instance_pac1.h,1,différé,,,,,,i:Debug,,,,,,,,,,,,,,,,,,,,,,i:Debug,,,,,,,,,,,,i:Debug;freertos-debug,,,,,,
src/kernel/core/ucore/cmsis/Device/atmel/samd20/include/instance/instance_pac2.h,1,différé,,,,,,i:Debug,,,,,,,,,,,,,,,,,,,,,,i:Debug,,,,,,,,,,,,i:Debug;freertos-debug,,,,,,
src/kernel/core/ucore/cmsis/Device/atmel/samd20/include/instance/instance_pm.h,1,différé,,,,,,i:Debug,,,,,,,,,,,,,,,,,,,,,,i:Debug,,,,,,,,,,,,i:Debug;freertos-debug,,,,,,
src/kernel/core/ucore/cmsis/Device/atmel/samd20/include/instance/instance_port.h,1,différé,,,,,,i:Debug,,,,,,,,,,,,,,,,,,,,,,i:Debug,,,,,,,,,,,,i:Debug;freertos-debug,,,,,,
src/kernel/core/ucore/cmsis/Device/atmel/samd20/include/instance/instance_rtc.h,1,différé,,,,,,i:Debug,,,,,,,,,,,,,,,,,,,,,,i:Debug,,,,,,,,,,,,i:Debug;freertos-debug,,,,,,
src/kernel/core/ucore/cmsis/Device/atmel/samd20/include/instance/instance_sercom0.h,1,différé,,,,,,i:Debug,,,,,,,,,,,,,,,,,,,,,,i:Debug,,,,,,,,,,,,i:Debug;freertos-debug,,,,,,
src/kernel/core/ucore/cmsis/Device/atmel/samd20/include/instance/instance_sercom1.h,1,différé,,,,,,i:Debug,,,,,,,,,,,,,,,,,,,,,,i:Debug,,,,,,,,,,,,i:Debug;freertos-debug,,,,,,
src/kernel/core/ucore/cmsis/Device/atmel/samd20/include/instance/instance_sercom2.h,1,différé,,,,,,i:Debug,,,,,,,,,,,,,,,,,,,,,,i:Debug,,,,,,,,,,,,i:Debug;freertos-debug,,,,,,
src/kernel/core/ucore/cmsis/Device/atmel/samd20/include/instance/instance_sercom3.h,1,différé,,,,,,i:Debug,,,,,,,,,,,,,,,,,,,,,,i:Debug,,,,,,,,,,,,i:Debug;freertos-debug,,,,,,
src/kernel/core/ucore/cmsis/Device/atmel/samd20/include/instance/instance_sercom4.h,1,différé,,,,,,i:Debug,,,,,,,,,,,,,,,,,,,,,,i:Debug,,,,,,,,,,,,i:Debug;freertos-debug,,,,,,
src/kernel/core/ucore/cmsis/Device/atmel/samd20/include/instance/instance_sercom5.h,1,différé,,,,,,i:Debug,,,,,,,,,,,,,,,,,,,,,,i:Debug,,,,,,,,,,,,i:Debug;freertos-debug,,,,,,
src/kernel/core/ucore/cmsis/Device/atmel/samd20/include/instance/instance_sysctrl.h,1,différé,,,,,,i:Debug,,,,,,,,,,,,,,,,,,,,,,i:Debug,,,,,,,,,,,,i:Debug;freertos-debug,,,,,,
src/kernel/core/ucore/cmsis/Device/atmel/samd20/include/instance/instance_tc0.h,1,différé,,,,,,i:Debug,,,,,,,,,,,,,,,,,,,,,,i:Debug,,,,,,,,,,,,i:Debug;freertos-debug,,,,,,
src/kernel/core/ucore/cmsis/Device/atmel/samd20/include/instance/instance_tc1.h,1,différé,,,,,,i:Debug,,,,,,,,,,,,,,,,,,,,,,i:Debug,,,,,,,,,,,,i:Debug;freertos-debug,,,,,,
src/kernel/core/ucore/cmsis/Device/atmel/samd20/include/instance/instance_tc2.h,1,différé,,,,,,i:Debug,,,,,,,,,,,,,,,,,,,,,,i:Debug,,,,,,,,,,,,i:Debug;freertos-debug,,,,,,
src/kernel/core/ucore/cmsis/Device/atmel/samd20/include/instance/instance_tc3.h,1,différé,,,,,,i:Debug,,,,,,,,,,,,,,,,,,,,,,i:Debug,,,,,,,,,,,,i:Debug;freertos-debug,,,,,,
src/kernel/core/ucore/cmsis/Device/atmel/samd20/include/instance/instance_tc4.h,1,différé,,,,,,i:Debug,,,,,,,,,,,,,,,,,,,,,,i:Debug,,,,,,,,,,,,i:Debug;freertos-debug,,,,,,
src/kernel/core/ucore/cmsis/Device/atmel/samd20/include/instance/instance_tc5.h,1,différé,,,,,,i:Debug,,,,,,,,,,,,,,,,,,,,,,i:Debug,,,,,,,,,,,,i:Debug;freertos-debug,,,,,,
src/kernel/core/ucore/cmsis/Device/atmel/samd20/include/instance/instance_tc6.h,1,différé,,,,,,i:Debug,,,,,,,,,,,,,,,,,,,,,,i:Debug,,,,,,,,,,,,i:Debug;freertos-debug,,,,,,
src/kernel/core/ucore/cmsis/Device/atmel/samd20/include/instance/instance_tc7.h,1,différé,,,,,,i:Debug,,,,,,,,,,,,,,,,,,,,,,i:Debug,,,,,,,,,,,,i:Debug;freertos-debug,,,,,,
src/kernel/core/ucore/cmsis/Device/atmel/samd20/include/instance/instance_wdt.h,1,différé,,,,,,i:Debug,,,,,,,,,,,,,,,,,,,,,,i:Debug,,,,,,,,,,,,i:Debug;freertos-debug,,,,,,
src/kernel/core/ucore/cmsis/Device/atmel/samd20/include/pio/pio_samd20e14.h,1,différé,,,,,,i:Debug,,,,,,,,,,,,,,,,,,,,,,i:Debug,,,,,,,,,,,,i:Debug;freertos-debug,,,,,,
src/kernel/core/ucore/cmsis/Device/atmel/samd20/include/pio/pio_samd20e15.h,1,différé,,,,,,i:Debug,,,,,,,,,,,,,,,,,,,,,,i:Debug,,,,,,,,,,,,i:Debug;freertos-debug,,,,,,
src/kernel/core/ucore/cmsis/Device/atmel/samd20/include/pio/pio_samd20e16.h,1,différé,,,,,,i:Debug,,,,,,,,,,,,,,,,,,,,,,i:Debug,,,,,,,,,,,,i:Debug;freertos-debug,,,,,,
src/kernel/core/ucore/cmsis/Device/atmel/samd20/include/pio/pio_samd20e17.h,1,différé,,,,,,i:Debug,,,,,,,,,,,,,,,,,,,,,,i:Debug,,,,,,,,,,,,i:Debug;freertos-debug,,,,,,
src/kernel/core/ucore/cmsis/Device/atmel/samd20/include/pio/pio_samd20g14.h,1,différé,,,,,,i:Debug,,,,,,,,,,,,,,,,,,,,,,i:Debug,,,,,,,,,,,,i:Debug;freertos-debug,,,,,,
src/kernel/core/ucore/cmsis/Device/atmel/samd20/include/pio/pio_samd20g15.h,1,différé,,,,,,i:Debug,,,,,,,,,,,,,,,,,,,,,,i:Debug,,,,,,,,,,,,i:Debug;freertos-debug,,,,,,
src/kernel/core/ucore/cmsis/Device/atmel/samd20/include/pio/pio_samd20g16.h,1,différé,,,,,,i:Debug,,,,,,,,,,,,,,,,,,,,,,i:Debug,,,,,,,,,,,,i:Debug;freertos-debug,,,,,,
src/kernel/core/ucore/cmsis/Device/atmel/samd20/include/pio/pio_samd20g17.h,1,différé,,,,,,i:Debug,,,,,,,,,,,,,,,,,,,,,,i:Debug,,,,,,,,,,,,i:Debug;freertos-debug,,,,,,
src/kernel/core/ucore/cmsis/Device/atmel/samd20/include/pio/pio_samd20g18.h,1,différé,,,,,,i:Debug,,,,,,,,,,,,,,,,,,,,,,i:Debug,,,,,,,,,,,,i:Debug;freertos-debug,,,,,,
src/kernel/core/ucore/cmsis/Device/atmel/samd20/include/pio/pio_samd20j14.h,1,différé,,,,,,i:Debug,,,,,,,,,,,,,,,,,,,,,,i:Debug,,,,,,,,,,,,i:Debug;freertos-debug,,,,,,
src/kernel/core/ucore/cmsis/Device/atmel/samd20/include/pio/pio_samd20j15.h,1,différé,,,,,,i:Debug,,,,,,,,,,,,,,,,,,,,,,i:Debug,,,,,,,,,,,,i:Debug;freertos-debug,,,,,,
src/kernel/core/ucore/cmsis/Device/atmel/samd20/include/pio/pio_samd20j16.h,1,différé,,,,,,i:Debug,,,,,,,,,,,,,,,,,,,,,,i:Debug,,,,,,,,,,,,i:Debug;freertos-debug,,,,,,
src/kernel/core/ucore/cmsis/Device/atmel/samd20/include/pio/pio_samd20j17.h,1,différé,,,,,,i:Debug,,,,,,,,,,,,,,,,,,,,,,i:Debug,,,,,,,,,,,,i:Debug;freertos-debug,,,,,,
src/kernel/core/ucore/cmsis/Device/atmel/samd20/include/pio/pio_samd20j18.h,1,différé,,,,,,i:Debug,,,,,,,,,,,,,,,,,,,,,,i:Debug,,,,,,,,,,,,i:Debug;freertos-debug,,,,,,
src/kernel/core/ucore/cmsis/Device/atmel/samd20/include/samd20.h,1,différé,,,,,,i:Debug,,,,,,,,,,,,,,,,,,,,,,i:Debug,,,,,,,,,,,,i:Debug;freertos-debug,,,,,,
src/kernel/core/ucore/cmsis/Device/atmel/samd20/include/samd20e14.h,1,différé,,,,,,i:Debug,,,,,,,,,,,,,,,,,,,,,,i:Debug,,,,,,,,,,,,i:Debug;freertos-debug,,,,,,
src/kernel/core/ucore/cmsis/Device/atmel/samd20/include/samd20e15.h,1,différé,,,,,,i:Debug,,,,,,,,,,,,,,,,,,,,,,i:Debug,,,,,,,,,,,,i:Debug;freertos-debug,,,,,,
src/kernel/core/ucore/cmsis/Device/atmel/samd20/include/samd20e16.h,1,différé,,,,,,i:Debug,,,,,,,,,,,,,,,,,,,,,,i:Debug,,,,,,,,,,,,i:Debug;freertos-debug,,,,,,
src/kernel/core/ucore/cmsis/Device/atmel/samd20/include/samd20e17.h,1,différé,,,,,,i:Debug,,,,,,,,,,,,,,,,,,,,,,i:Debug,,,,,,,,,,,,i:Debug;freertos-debug,,,,,,
src/kernel/core/ucore/cmsis/Device/atmel/samd20/include/samd20g14.h,1,différé,,,,,,i:Debug,,,,,,,,,,,,,,,,,,,,,,i:Debug,,,,,,,,,,,,i:Debug;freertos-debug,,,,,,
src/kernel/core/ucore/cmsis/Device/atmel/samd20/include/samd20g15.h,1,différé,,,,,,i:Debug,,,,,,,,,,,,,,,,,,,,,,i:Debug,,,,,,,,,,,,i:Debug;freertos-debug,,,,,,
src/kernel/core/ucore/cmsis/Device/atmel/samd20/include/samd20g16.h,1,différé,,,,,,i:Debug,,,,,,,,,,,,,,,,,,,,,,i:Debug,,,,,,,,,,,,i:Debug;freertos-debug,,,,,,
src/kernel/core/ucore/cmsis/Device/atmel/samd20/include/samd20g17.h,1,différé,,,,,,i:Debug,,,,,,,,,,,,,,,,,,,,,,i:Debug,,,,,,,,,,,,i:Debug;freertos-debug,,,,,,
src/kernel/core/ucore/cmsis/Device/atmel/samd20/include/samd20g18.h,1,différé,,,,,,i:Debug,,,,,,,,,,,,,,,,,,,,,,i:Debug,,,,,,,,,,,,i:Debug;freertos-debug,,,,,,
src/kernel/core/ucore/cmsis/Device/atmel/samd20/include/samd20j14.h,1,différé,,,,,,i:Debug,,,,,,,,,,,,,,,,,,,,,,i:Debug,,,,,,,,,,,,i:Debug;freertos-debug,,,,,,
src/kernel/core/ucore/cmsis/Device/atmel/samd20/include/samd20j15.h,1,différé,,,,,,i:Debug,,,,,,,,,,,,,,,,,,,,,,i:Debug,,,,,,,,,,,,i:Debug;freertos-debug,,,,,,
src/kernel/core/ucore/cmsis/Device/atmel/samd20/include/samd20j16.h,1,différé,,,,,,i:Debug,,,,,,,,,,,,,,,,,,,,,,i:Debug,,,,,,,,,,,,i:Debug;freertos-debug,,,,,,
src/kernel/core/ucore/cmsis/Device/atmel/samd20/include/samd20j17.h,1,différé,,,,,,i:Debug,,,,,,,,,,,,,,,,,,,,,,i:Debug,,,,,,,,,,,,i:Debug;freertos-debug,,,,,,
src/kernel/core/ucore/cmsis/Device/atmel/samd20/include/samd20j18.h,1,différé,,,,,,i:Debug,,,,,,,,,,,,,,,,,,,,,,i:Debug,,,,,,,,,,,,i:Debug;freertos-debug,,,,,,
src/kernel/core/ucore/cmsis/Device/atmel/samd20/source/iar/startup_samd20.c,1,différé,,,,,,,,,,,,,,,,,,,,,,,,,,,,,,,,,,,,,,,,*,,,,,,
src/kernel/core/ucore/cmsis/Device/atmel/samd20/source/system_samd20.c,1,différé,,,,,,,,,,,,,,,,,,,,,,,,,,,,,,,,,,,,,,,,*,,,,,,
src/kernel/core/ucore/cmsis/Device/atmel/samd20/source/system_samd20.h,1,différé,,,,,,i:Debug,,,,,,,,,,,,,,,,,,,,,,i:Debug,,,,,,,,,,,,*,,,,,,
src/kernel/core/ucore/cmsis/Device/lm3s/lm3s_cmsis.h,1,actif,,,,,,,,,,,,,,,,,,,,,,,,,,,,,,,,,,,,Release i:freertos-debug,Release i:freertos-debug,,,,,Release,*,Release i:Debug,Release i:Debug,Release i:Debug
src/kernel/core/ucore/cmsis/Device/lm3s/startup_ewarm.c,1,différé,,,,,,,,,,,,,,,,,,,,,,,,,,,,,,,,,,,,Release,Release,,,,,,*,Release,Release,Release
src/kernel/core/ucore/cmsis/Device/lm3s/system_lm3s.c,1,différé,,,,,,,,,,,,,,,,,,,,,,,,,,,,,,,,,,,,Release,Release,,,,,Release,*,Release,Release,Release
src/kernel/core/ucore/cmsis/Device/lm3s/system_lm3s.h,1,actif,,,,,,,,,,,,,,,,,,,,,,,,,,,,,,,,,,,,Release i:freertos-debug,Release i:freertos-debug,,,,,Release,*,Release i:Debug,Release i:Debug,Release i:Debug
src/kernel/core/ucore/cmsis/Device/st/stm32f2xx/startup/iar/startup_stm32f2xx.s,1,différé,,,,,,,,,,,,,,,,,,,,,,,,,,,,,,,,,,,,Release,Release,,,,,,,Release,Release,Release
src/kernel/core/ucore/cmsis/Device/st/stm32f2xx/stm32f2xx.h,1,différé,,,,,,,,,,,,,,,,,,,,,,,,,,,,,,,,,,,,Release,Release,,,,,,,Release,Release,Release
src/kernel/core/ucore/cmsis/Device/st/stm32f2xx/system_stm32f2xx.c,1,différé,,,,,,,,,,,,,,,,,,,,,,,,,,,,,,,,,,,,Release,Release,,,,,,,Release,Release,Release
src/kernel/core/ucore/cmsis/Device/st/stm32f2xx/system_stm32f2xx.h,1,différé,,,,,,,,,,,,,,,,,,,,,,,,,,,,,,,,,,,,Release,Release,,,,,,,Release,Release,Release
src/kernel/core/ucore/cmsis/Device/st/stm32f4xx/startup/iar/startup_stm32f4xx.s,1,actif,,,,,,,,,,,,,,,,,,,,,,,,,,,,,,,,,,,,Release;freertos-debug,Release;freertos-debug,,,,,,,*,*,*
src/kernel/core/ucore/cmsis/Device/st/stm32f4xx/stm32f4xx.h,1,actif,,,,,,,,,,,,,,,,,,,,,,,,,,,,,,,,,,,,Release;freertos-debug,Release;freertos-debug,,,,,,,*,*,*
src/kernel/core/ucore/cmsis/Device/st/stm32f4xx/system_stm32f4xx.c,1,actif,,,,,,,,,,,,,,,,,,,,,,,,,,,,,,,,,,,,Release;freertos-debug,Release;freertos-debug,,,,,,,*,*,*
src/kernel/core/ucore/cmsis/Device/st/stm32f4xx/system_stm32f4xx.h,1,actif,,,,,,,,,,,,,,,,,,,,,,,,,,,,,,,,,,,,Release;freertos-debug,Release;freertos-debug,,,,,,,*,*,*
src/kernel/core/ucore/cmsis/Device/st/stm32wlxx/startup/iar/startup_stm32wl55xx_cm4.s,1,différé,,,,,,,,,,,,,,,,,,,,,,,,,,,,,,,,,,,,*,*,,,,,,,,,
src/kernel/core/ucore/cmsis/Device/st/stm32wlxx/stm32wl55xx.h,1,différé,,,,,,,,,,,,,i:Debug,i:Debug,,,,,,,,,,,,,,,,,,i:Debug,i:Debug,,,*,*,,,,,,,,,
src/kernel/core/ucore/cmsis/Device/st/stm32wlxx/stm32wlxx.h,1,différé,,,,,,,,,,,,,i:Debug,i:Debug,,,,,,,,,,,,,,,,,,i:Debug,i:Debug,,,*,*,,,,,,,,,
src/kernel/core/ucore/cmsis/Device/st/stm32wlxx/system_stm32wlxx.c,1,différé,,,,,,,,,,,,,,,,,,,,,,,,,,,,,,,,,,,,*,*,,,,,,,,,
src/kernel/core/ucore/cmsis/Device/st/stm32wlxx/system_stm32wlxx.h,1,différé,,,,,,,,,,,,,i:Debug,i:Debug,,,,,,,,,,,,,,,,,,i:Debug,i:Debug,,,*,*,,,,,,,,,
src/kernel/core/ucore/embOSARM7-9_388/arch/cpu_at91sam9261/AT91SAM9261_Startup.s,1,gelé,,,,,,,,,,,,,,,,,,,,,,,,,,,,,,,,,,,,,,firmware;firmware_flash;firmware_injector,firmware;firmware_flash;firmware_injector,,,,,,,
src/kernel/core/ucore/embOSARM7-9_388/arch/cpu_at91sam9261/BSP.c,1,gelé,,,,,,,,,,,,,,,,,,,,,,,,,,,,,,,,,,,,,,firmware;firmware_flash;firmware_injector,firmware;firmware_flash;firmware_injector,,,,,,,
src/kernel/core/ucore/embOSARM7-9_388/arch/cpu_at91sam9261/BootLoaderDF_AT91SAM9261.c,1,gelé,,,,,,,,,,,,,,,,,,,,,,,,,,,,,,,,,,,,,,firmware;firmware_flash,firmware;firmware_flash,,,,,,,
src/kernel/core/ucore/embOSARM7-9_388/arch/cpu_at91sam9261/JLINKDCC_Process.c,1,gelé,,,,,,,,,,,,,,,,,,,,,,,,,,,,,,,,,,,,,,firmware;firmware_flash;firmware_injector,firmware;firmware_flash;firmware_injector,,,,,,,
src/kernel/core/ucore/embOSARM7-9_388/arch/cpu_at91sam9261/Main.c,1,gelé,,,,,,,,,,,,,,,,,,,,,,,,,,,,,,,,,,,,,,firmware;firmware_flash;firmware_injector,firmware;firmware_flash;firmware_injector,,,,,,,
src/kernel/core/ucore/embOSARM7-9_388/arch/cpu_at91sam9261/OS_Error.c,1,gelé,,,,,,,,,,,,,,,,,,,,,,,,,,,,,,,,,,,,,,firmware;firmware_flash;firmware_injector,firmware;firmware_flash;firmware_injector,,,,,,,
src/kernel/core/ucore/embOSARM7-9_388/arch/cpu_at91sam9261/RTOSINIT_AT91SAM9261.c,1,gelé,,,,,,,,,,,,,,,,,,,,,,,,,,,,,,,,,,,,,,firmware;firmware_flash;firmware_injector,firmware;firmware_flash;firmware_injector,,,,,,,
src/kernel/core/ucore/embOSARM7-9_388/arch/cpu_at91sam9261/xmtx.c,1,gelé,,,,,,,,,,,,,,,,,,,,,,,,,,,,,,,,,,,,,,firmware;firmware_flash;firmware_injector,firmware;firmware_flash;firmware_injector,,,,,,,
src/kernel/core/ucore/embOSARM7-9_388/arch/cpu_at91sam9261/xmtx2.c,1,gelé,,,,,,,,,,,,,,,,,,,,,,,,,,,,,,,,,,,,,,firmware;firmware_flash;firmware_injector,firmware;firmware_flash;firmware_injector,,,,,,,
src/kernel/core/ucore/embOSARM7-9_388/inc/BSP.h,1,gelé,,,,,,,,,,,,,,,,,,,,,,,,,,,,,,,,,,,,,,i:firmware;firmware_injector,i:firmware;firmware_injector,,,,,,,
src/kernel/core/ucore/embOSARM7-9_388/inc/JLINKDCC.h,1,gelé,,,,,,,,,,,,,,,,,,,,,,,,,,,,,,,,,,,,,,i:firmware;firmware_injector,i:firmware;firmware_injector,,,,,,,
src/kernel/core/ucore/embOSARM7-9_388/inc/OS_Config.h,1,gelé,,,,i:*,i:*,,,,,,,,,,,,,,,i:tauon-kernel-arm926ejs-debug;tauon-kernel-arm926ejs-freertos-debug,i:tauon-kernel-arm926ejs-debug;tauon-kernel-arm926ejs-freertos-debug,i:tauon-kernel-arm926ejs-debug;tauon-kernel-arm926ejs-freertos-debug,i:tauon-kernel-arm926ejs-debug;tauon-kernel-arm926ejs-freertos-debug,i:tauon-kernel-arm926ejs-debug;tauon-kernel-arm926ejs-freertos-debug,,,,,,,,,,,,,,i:firmware;firmware_injector,i:firmware;firmware_injector,,,,,,,
src/kernel/core/ucore/embOSARM7-9_388/inc/RTOS.h,1,gelé,,,,i:*,i:*,,,,,,,,,,,,,,,i:tauon-kernel-arm926ejs-debug;tauon-kernel-arm926ejs-freertos-debug,i:tauon-kernel-arm926ejs-debug;tauon-kernel-arm926ejs-freertos-debug,i:tauon-kernel-arm926ejs-debug;tauon-kernel-arm926ejs-freertos-debug,i:tauon-kernel-arm926ejs-debug;tauon-kernel-arm926ejs-freertos-debug,i:tauon-kernel-arm926ejs-debug;tauon-kernel-arm926ejs-freertos-debug,,,,,,,,,,,,,,i:firmware;firmware_injector,i:firmware;firmware_injector,,,,,,,
src/kernel/core/ucore/embOSARM7_332/Main.c,0,,,,,,,,,,,,,,,,,,,,,,,,,,,,,,,,,,,,,,,firmware_flash,firmware_flash,,,,,,,
src/kernel/core/ucore/embOSARM7_332/arch/cpu_at91sam9261/AT91SAM9261_Cstartup_V4.s79,0,,,,,,,,,,,,,,,,,,,,,,,,,,,,,,,,,,,,,,,firmware_flash,firmware_flash,,,,,,,
src/kernel/core/ucore/embOSARM7_332/arch/cpu_at91sam9261/AT91SAM9261_init.h,0,,,,,,,,,,,,,,,,,,,,,,,,,,,,,,,,,,,,,,,firmware_flash,firmware_flash,,,,,,,
src/kernel/core/ucore/embOSARM7_332/arch/cpu_at91sam9261/OS_Config.h,0,,,,,,,,,,,,,,,,,,,,,,,,,,,,,,,,,,,,,,,firmware_flash,firmware_flash,,,,,,,
src/kernel/core/ucore/embOSARM7_332/arch/cpu_at91sam9261/RTOSINIT_AT91SAM9261.c,0,,,,,,,,,,,,,,,,,,,,,,,,,,,,,,,,,,,,,,,firmware_flash,firmware_flash,,,,,,,
src/kernel/core/ucore/embOSARM7_332/arch/cpu_at91sam9261/__low_level_init.c,0,,,,,,,,,,,,,,,,,,,,,,,,,,,,,,,,,,,,,,,firmware_flash,firmware_flash,,,,,,,
src/kernel/core/ucore/embOSARM7_332/arch/cpu_at91sam9261/at91sam9261.h,0,,,,,,,,,,,,,,,,,,,,,,,,,,,,,,,,,,,,,,,firmware_flash,firmware_flash,,,,,,,
src/kernel/core/ucore/embOSARM7_332/arch/cpu_at91sam9261/at91sam9261_board.h,0,,,,,,,,,,,,,,,,,,,,,,,,,,,,,,,,,,,,,,,firmware_flash,firmware_flash,,,,,,,
src/kernel/core/ucore/embOSARM7_332/arch/cpu_at91sam9261/lib_at91sam9261.h,0,,,,,,,,,,,,,,,,,,,,,,,,,,,,,,,,,,,,,,,firmware_flash,firmware_flash,,,,,,,
src/kernel/core/ucore/embOSARM7_360/BSP.h,0,,,,,,,,,,,,,,,,,,,,,,,,,,,,,,,,,,,,,,,firmware_flash,firmware_flash,,,,,,,
src/kernel/core/ucore/embOSARM7_360/JLINKDCC.h,0,,,,,,,,,,,,,,,,,,,,,,,,,,,,,,,,,,,,,,,firmware_flash,firmware_flash,,,,,,,
src/kernel/core/ucore/embOSARM7_360/Main.c,0,,,,,,,,,,,,,,,,,,,,,,,,,,,,,,,,,,,,,,,firmware_flash,firmware_flash,,,,,,,
src/kernel/core/ucore/embOSARM7_360/OS_Config.h,0,,,,,,,,,,,,,,,,,,,,,,,,,,,,,,,,,,,,,,,firmware_flash,firmware_flash,,,,,,,
src/kernel/core/ucore/embOSARM7_360/OS_Error.c,0,,,,,,,,,,,,,,,,,,,*,,,,,,,,,,,,,,,,,,,,firmware_flash,firmware_flash,,,,,,,
src/kernel/core/ucore/embOSARM7_360/RTOS.h,0,,,,,,,,,,,,,,,,,,,*,,,,,,,,,,,,,,,,,,,,firmware_flash,firmware_flash,,,,,,,
src/kernel/core/ucore/embOSARM7_360/arch/cpu_at91sam9261/AT91SAM9261_Cstartup_V4.s79,1,gelé,,,,,,,,,,,,,,,,,,,,,,,,,,,,,,,,,,,,,,firmware_flash,firmware_flash,,,,,,,
src/kernel/core/ucore/embOSARM7_360/arch/cpu_at91sam9261/AT91SAM9261_init.h,1,gelé,,,,,,,,,,,,,,,,,,,,,,,,,,,,,,,,,,,,,,firmware_flash,firmware_flash,,,,,,,
src/kernel/core/ucore/embOSARM7_360/arch/cpu_at91sam9261/OS_Config.h,1,gelé,,,,,,,,,,,,,,,,,,,,,,,,,,,,,,,,,,,,,,firmware_flash,firmware_flash,,,,,,,
src/kernel/core/ucore/embOSARM7_360/arch/cpu_at91sam9261/RTOSINIT_AT91SAM9261.c,1,gelé,,,,,,,,,,,,,,,,,,,,,,,,,,,,,,,,,,,,,,firmware_flash,firmware_flash,,,,,,,
src/kernel/core/ucore/embOSARM7_360/arch/cpu_at91sam9261/__low_level_init.c,1,gelé,,,,,,,,,,,,,,,,,,,,,,,,,,,,,,,,,,,,,,firmware_flash,firmware_flash,,,,,,,
src/kernel/core/ucore/embOSARM7_360/arch/cpu_at91sam9261/at91sam9261.h,1,gelé,,,,,,,,,,,,,,,,,,,,,,,,,,,,,,,,,,,,,,firmware_flash,firmware_flash,,,,,,,
src/kernel/core/ucore/embOSARM7_360/arch/cpu_at91sam9261/at91sam9261_board.h,1,gelé,,,,,,,,,,,,,,,,,,,,,,,,,,,,,,,,,,,,,,firmware_flash,firmware_flash,,,,,,,
src/kernel/core/ucore/embOSARM7_360/arch/cpu_at91sam9261/lib_at91sam9261.h,1,gelé,,,,,,,,,,,,,,,,,,,,,,,,,,,,,,,,,,,,,,firmware_flash,firmware_flash,,,,,,,
src/kernel/core/ucore/embOSARM7_360/at91sam9261_init.h,0,,,,,,,,,,,,,,,,,,,,,,,,,,,,,,,,,,,,,,,firmware_flash,firmware_flash,,,,,,,
src/kernel/core/ucore/embOSARM7_360/src/cpu/OSCHIP.h,0,,,,,,,,,,,,,,,,,,,*,,,,,,,,,,,,,,,,,,,,,,,,,,,,
src/kernel/core/ucore/embOSARM7_360/src/cpu/OS_Priv.h,0,,,,,,,,,,,,,,,,,,,*,,,,,,,,,,,,,,,,,,,,,,,,,,,,
src/kernel/core/ucore/embOSARM7_360/src/cpu/RTOS.asm,0,,,,,,,,,,,,,,,,,,,*,,,,,,,,,,,,,,,,,,,,,,,,,,,,
src/kernel/core/ucore/embOSARM7_360/src/cpu/ext/OS_ARM720_MMU.c,0,,,,,,,,,,,,,,,,,,,*,,,,,,,,,,,,,,,,,,,,,,,,,,,,
src/kernel/core/ucore/embOSARM7_360/src/cpu/ext/OS_ARM_MMU.c,0,,,,,,,,,,,,,,,,,,,*,,,,,,,,,,,,,,,,,,,,,,,,,,,,
src/kernel/core/ucore/embOSARM7_360/src/generic/OSBuffer.c,0,,,,,,,,,,,,,,,,,,,*,,,,,,,,,,,,,,,,,,,,,,,,,,,,
src/kernel/core/ucore/embOSARM7_360/src/generic/OSCHECK.c,0,,,,,,,,,,,,,,,,,,,*,,,,,,,,,,,,,,,,,,,,,,,,,,,,
src/kernel/core/ucore/embOSARM7_360/src/generic/OSCMB.c,0,,,,,,,,,,,,,,,,,,,*,,,,,,,,,,,,,,,,,,,,,,,,,,,,
src/kernel/core/ucore/embOSARM7_360/src/generic/OSCPU.c,0,,,,,,,,,,,,,,,,,,,*,,,,,,,,,,,,,,,,,,,,,,,,,,,,
src/kernel/core/ucore/embOSARM7_360/src/generic/OSCPU1.c,0,,,,,,,,,,,,,,,,,,,*,,,,,,,,,,,,,,,,,,,,,,,,,,,,
src/kernel/core/ucore/embOSARM7_360/src/generic/OSCSEM.c,0,,,,,,,,,,,,,,,,,,,*,,,,,,,,,,,,,,,,,,,,,,,,,,,,
src/kernel/core/ucore/embOSARM7_360/src/generic/OSCSEMGV.c,0,,,,,,,,,,,,,,,,,,,*,,,,,,,,,,,,,,,,,,,,,,,,,,,,
src/kernel/core/ucore/embOSARM7_360/src/generic/OSCSEMRQ.c,0,,,,,,,,,,,,,,,,,,,*,,,,,,,,,,,,,,,,,,,,,,,,,,,,
src/kernel/core/ucore/embOSARM7_360/src/generic/OSCSEMT.c,0,,,,,,,,,,,,,,,,,,,*,,,,,,,,,,,,,,,,,,,,,,,,,,,,
src/kernel/core/ucore/embOSARM7_360/src/generic/OSCom.c,0,,,,,,,,,,,,,,,,,,,*,,,,,,,,,,,,,,,,,,,,,,,,,,,,
src/kernel/core/ucore/embOSARM7_360/src/generic/OSCom1.c,0,,,,,,,,,,,,,,,,,,,*,,,,,,,,,,,,,,,,,,,,,,,,,,,,
src/kernel/core/ucore/embOSARM7_360/src/generic/OSCom2.c,0,,,,,,,,,,,,,,,,,,,*,,,,,,,,,,,,,,,,,,,,,,,,,,,,
src/kernel/core/ucore/embOSARM7_360/src/generic/OSComRxTx1.c,0,,,,,,,,,,,,,,,,,,,*,,,,,,,,,,,,,,,,,,,,,,,,,,,,
src/kernel/core/ucore/embOSARM7_360/src/generic/OSDELCS.c,0,,,,,,,,,,,,,,,,,,,*,,,,,,,,,,,,,,,,,,,,,,,,,,,,
src/kernel/core/ucore/embOSARM7_360/src/generic/OSDELM.c,0,,,,,,,,,,,,,,,,,,,*,,,,,,,,,,,,,,,,,,,,,,,,,,,,
src/kernel/core/ucore/embOSARM7_360/src/generic/OSDelRS.c,0,,,,,,,,,,,,,,,,,,,*,,,,,,,,,,,,,,,,,,,,,,,,,,,,
src/kernel/core/ucore/embOSARM7_360/src/generic/OSDummy.c,0,,,,,,,,,,,,,,,,,,,*,,,,,,,,,,,,,,,,,,,,,,,,,,,,
src/kernel/core/ucore/embOSARM7_360/src/generic/OSEVENCL.c,0,,,,,,,,,,,,,,,,,,,*,,,,,,,,,,,,,,,,,,,,,,,,,,,,
src/kernel/core/ucore/embOSARM7_360/src/generic/OSEVENGE.c,0,,,,,,,,,,,,,,,,,,,*,,,,,,,,,,,,,,,,,,,,,,,,,,,,
src/kernel/core/ucore/embOSARM7_360/src/generic/OSEVENS.c,0,,,,,,,,,,,,,,,,,,,*,,,,,,,,,,,,,,,,,,,,,,,,,,,,
src/kernel/core/ucore/embOSARM7_360/src/generic/OSEVENW.c,0,,,,,,,,,,,,,,,,,,,*,,,,,,,,,,,,,,,,,,,,,,,,,,,,
src/kernel/core/ucore/embOSARM7_360/src/generic/OSEVENWS.c,0,,,,,,,,,,,,,,,,,,,*,,,,,,,,,,,,,,,,,,,,,,,,,,,,
src/kernel/core/ucore/embOSARM7_360/src/generic/OSEvenT.c,0,,,,,,,,,,,,,,,,,,,*,,,,,,,,,,,,,,,,,,,,,,,,,,,,
src/kernel/core/ucore/embOSARM7_360/src/generic/OSEvenWST.c,0,,,,,,,,,,,,,,,,,,,*,,,,,,,,,,,,,,,,,,,,,,,,,,,,
src/kernel/core/ucore/embOSARM7_360/src/generic/OSGLOBAL.c,0,,,,,,,,,,,,,,,,,,,*,,,,,,,,,,,,,,,,,,,,,,,,,,,,
src/kernel/core/ucore/embOSARM7_360/src/generic/OSGM.c,0,,,,,,,,,,,,,,,,,,,*,,,,,,,,,,,,,,,,,,,,,,,,,,,,
src/kernel/core/ucore/embOSARM7_360/src/generic/OSGM1.c,0,,,,,,,,,,,,,,,,,,,*,,,,,,,,,,,,,,,,,,,,,,,,,,,,
src/kernel/core/ucore/embOSARM7_360/src/generic/OSGMC.c,0,,,,,,,,,,,,,,,,,,,*,,,,,,,,,,,,,,,,,,,,,,,,,,,,
src/kernel/core/ucore/embOSARM7_360/src/generic/OSGMC1.c,0,,,,,,,,,,,,,,,,,,,*,,,,,,,,,,,,,,,,,,,,,,,,,,,,
src/kernel/core/ucore/embOSARM7_360/src/generic/OSGMT.c,0,,,,,,,,,,,,,,,,,,,*,,,,,,,,,,,,,,,,,,,,,,,,,,,,
src/kernel/core/ucore/embOSARM7_360/src/generic/OSINFO.c,0,,,,,,,,,,,,,,,,,,,*,,,,,,,,,,,,,,,,,,,,,,,,,,,,
src/kernel/core/ucore/embOSARM7_360/src/generic/OSInt.h,0,,,,,,,,,,,,,,,,,,,*,,,,,,,,,,,,,,,,,,,,,,,,,,,,
src/kernel/core/ucore/embOSARM7_360/src/generic/OSIsTask.c,0,,,,,,,,,,,,,,,,,,,*,,,,,,,,,,,,,,,,,,,,,,,,,,,,
src/kernel/core/ucore/embOSARM7_360/src/generic/OSKern.c,0,,,,,,,,,,,,,,,,,,,*,,,,,,,,,,,,,,,,,,,,,,,,,,,,
src/kernel/core/ucore/embOSARM7_360/src/generic/OSMAIL.c,0,,,,,,,,,,,,,,,,,,,*,,,,,,,,,,,,,,,,,,,,,,,,,,,,
src/kernel/core/ucore/embOSARM7_360/src/generic/OSMX.c,0,,,,,,,,,,,,,,,,,,,*,,,,,,,,,,,,,,,,,,,,,,,,,,,,
src/kernel/core/ucore/embOSARM7_360/src/generic/OSPM.c,0,,,,,,,,,,,,,,,,,,,*,,,,,,,,,,,,,,,,,,,,,,,,,,,,
src/kernel/core/ucore/embOSARM7_360/src/generic/OSPM1.c,0,,,,,,,,,,,,,,,,,,,*,,,,,,,,,,,,,,,,,,,,,,,,,,,,
src/kernel/core/ucore/embOSARM7_360/src/generic/OSPMC.c,0,,,,,,,,,,,,,,,,,,,*,,,,,,,,,,,,,,,,,,,,,,,,,,,,
src/kernel/core/ucore/embOSARM7_360/src/generic/OSPMC1.c,0,,,,,,,,,,,,,,,,,,,*,,,,,,,,,,,,,,,,,,,,,,,,,,,,
src/kernel/core/ucore/embOSARM7_360/src/generic/OSPMF.c,0,,,,,,,,,,,,,,,,,,,*,,,,,,,,,,,,,,,,,,,,,,,,,,,,
src/kernel/core/ucore/embOSARM7_360/src/generic/OSPMF1.c,0,,,,,,,,,,,,,,,,,,,*,,,,,,,,,,,,,,,,,,,,,,,,,,,,
src/kernel/core/ucore/embOSARM7_360/src/generic/OSPMFC.c,0,,,,,,,,,,,,,,,,,,,*,,,,,,,,,,,,,,,,,,,,,,,,,,,,
src/kernel/core/ucore/embOSARM7_360/src/generic/OSPMFC1.c,0,,,,,,,,,,,,,,,,,,,*,,,,,,,,,,,,,,,,,,,,,,,,,,,,
src/kernel/core/ucore/embOSARM7_360/src/generic/OSQ.c,0,,,,,,,,,,,,,,,,,,,*,,,,,,,,,,,,,,,,,,,,,,,,,,,,
src/kernel/core/ucore/embOSARM7_360/src/generic/OSQCL.c,0,,,,,,,,,,,,,,,,,,,*,,,,,,,,,,,,,,,,,,,,,,,,,,,,
src/kernel/core/ucore/embOSARM7_360/src/generic/OSQGMC.c,0,,,,,,,,,,,,,,,,,,,*,,,,,,,,,,,,,,,,,,,,,,,,,,,,
src/kernel/core/ucore/embOSARM7_360/src/generic/OSQGPC.c,0,,,,,,,,,,,,,,,,,,,*,,,,,,,,,,,,,,,,,,,,,,,,,,,,
src/kernel/core/ucore/embOSARM7_360/src/generic/OSQGPT.c,0,,,,,,,,,,,,,,,,,,,*,,,,,,,,,,,,,,,,,,,,,,,,,,,,
src/kernel/core/ucore/embOSARM7_360/src/generic/OSRR.c,0,,,,,,,,,,,,,,,,,,,*,,,,,,,,,,,,,,,,,,,,,,,,,,,,
src/kernel/core/ucore/embOSARM7_360/src/generic/OSRSEM.c,0,,,,,,,,,,,,,,,,,,,*,,,,,,,,,,,,,,,,,,,,,,,,,,,,
src/kernel/core/ucore/embOSARM7_360/src/generic/OSRSEMGO.c,0,,,,,,,,,,,,,,,,,,,*,,,,,,,,,,,,,,,,,,,,,,,,,,,,
src/kernel/core/ucore/embOSARM7_360/src/generic/OSRSEMGV.c,0,,,,,,,,,,,,,,,,,,,*,,,,,,,,,,,,,,,,,,,,,,,,,,,,
src/kernel/core/ucore/embOSARM7_360/src/generic/OSRSEMRQ.c,0,,,,,,,,,,,,,,,,,,,*,,,,,,,,,,,,,,,,,,,,,,,,,,,,
src/kernel/core/ucore/embOSARM7_360/src/generic/OSSETP.c,0,,,,,,,,,,,,,,,,,,,*,,,,,,,,,,,,,,,,,,,,,,,,,,,,
src/kernel/core/ucore/embOSARM7_360/src/generic/OSSend.c,0,,,,,,,,,,,,,,,,,,,*,,,,,,,,,,,,,,,,,,,,,,,,,,,,
src/kernel/core/ucore/embOSARM7_360/src/generic/OSStatGL.c,0,,,,,,,,,,,,,,,,,,,*,,,,,,,,,,,,,,,,,,,,,,,,,,,,
src/kernel/core/ucore/embOSARM7_360/src/generic/OSTERM.c,0,,,,,,,,,,,,,,,,,,,*,,,,,,,,,,,,,,,,,,,,,,,,,,,,
src/kernel/core/ucore/embOSARM7_360/src/generic/OSTIME.c,0,,,,,,,,,,,,,,,,,,,*,,,,,,,,,,,,,,,,,,,,,,,,,,,,
src/kernel/core/ucore/embOSARM7_360/src/generic/OSTIMED.c,0,,,,,,,,,,,,,,,,,,,*,,,,,,,,,,,,,,,,,,,,,,,,,,,,
src/kernel/core/ucore/embOSARM7_360/src/generic/OSTIMEGP.c,0,,,,,,,,,,,,,,,,,,,*,,,,,,,,,,,,,,,,,,,,,,,,,,,,
src/kernel/core/ucore/embOSARM7_360/src/generic/OSTIMEGS.c,0,,,,,,,,,,,,,,,,,,,*,,,,,,,,,,,,,,,,,,,,,,,,,,,,
src/kernel/core/ucore/embOSARM7_360/src/generic/OSTIMEGV.c,0,,,,,,,,,,,,,,,,,,,*,,,,,,,,,,,,,,,,,,,,,,,,,,,,
src/kernel/core/ucore/embOSARM7_360/src/generic/OSTIMERX.c,0,,,,,,,,,,,,,,,,,,,*,,,,,,,,,,,,,,,,,,,,,,,,,,,,
src/kernel/core/ucore/embOSARM7_360/src/generic/OSTIMES.c,0,,,,,,,,,,,,,,,,,,,*,,,,,,,,,,,,,,,,,,,,,,,,,,,,
src/kernel/core/ucore/embOSARM7_360/src/generic/OSTermE.c,0,,,,,,,,,,,,,,,,,,,*,,,,,,,,,,,,,,,,,,,,,,,,,,,,
src/kernel/core/ucore/embOSARM7_360/src/generic/OSTickDI.c,0,,,,,,,,,,,,,,,,,,,*,,,,,,,,,,,,,,,,,,,,,,,,,,,,
src/kernel/core/ucore/embOSARM7_360/src/generic/OSTickDI_Ex.c,0,,,,,,,,,,,,,,,,,,,*,,,,,,,,,,,,,,,,,,,,,,,,,,,,
src/kernel/core/ucore/embOSARM7_360/src/generic/OSTiming.c,0,,,,,,,,,,,,,,,,,,,*,,,,,,,,,,,,,,,,,,,,,,,,,,,,
src/kernel/core/ucore/embOSARM7_360/src/generic/OSTrace.c,0,,,,,,,,,,,,,,,,,,,*,,,,,,,,,,,,,,,,,,,,,,,,,,,,
src/kernel/core/ucore/embOSARM7_360/src/generic/OSTrace1.c,0,,,,,,,,,,,,,,,,,,,*,,,,,,,,,,,,,,,,,,,,,,,,,,,,
src/kernel/core/ucore/embOSARM7_360/src/generic/OSWAKE.c,0,,,,,,,,,,,,,,,,,,,*,,,,,,,,,,,,,,,,,,,,,,,,,,,,
src/kernel/core/ucore/embOSARM7_360/src/generic/OSWM.c,0,,,,,,,,,,,,,,,,,,,*,,,,,,,,,,,,,,,,,,,,,,,,,,,,
src/kernel/core/ucore/embOSARM7_360/src/generic/OS_Alloc.c,0,,,,,,,,,,,,,,,,,,,*,,,,,,,,,,,,,,,,,,,,,,,,,,,,
src/kernel/core/ucore/embOSARM7_360/src/generic/OS_CSEMA_SignalMax.c,0,,,,,,,,,,,,,,,,,,,*,,,,,,,,,,,,,,,,,,,,,,,,,,,,
src/kernel/core/ucore/embOSARM7_360/src/generic/OS_CreateTask.c,0,,,,,,,,,,,,,,,,,,,*,,,,,,,,,,,,,,,,,,,,,,,,,,,,
src/kernel/core/ucore/embOSARM7_360/src/generic/OS_CreateTaskEx.c,0,,,,,,,,,,,,,,,,,,,*,,,,,,,,,,,,,,,,,,,,,,,,,,,,
src/kernel/core/ucore/embOSARM7_360/src/generic/OS_DeactivateP.c,0,,,,,,,,,,,,,,,,,,,*,,,,,,,,,,,,,,,,,,,,,,,,,,,,
src/kernel/core/ucore/embOSARM7_360/src/generic/OS_DeactivateTP.c,0,,,,,,,,,,,,,,,,,,,*,,,,,,,,,,,,,,,,,,,,,,,,,,,,
src/kernel/core/ucore/embOSARM7_360/src/generic/OS_DeactivateTV.c,0,,,,,,,,,,,,,,,,,,,*,,,,,,,,,,,,,,,,,,,,,,,,,,,,
src/kernel/core/ucore/embOSARM7_360/src/generic/OS_EVENT_Create.c,0,,,,,,,,,,,,,,,,,,,*,,,,,,,,,,,,,,,,,,,,,,,,,,,,
src/kernel/core/ucore/embOSARM7_360/src/generic/OS_EVENT_Delete.c,0,,,,,,,,,,,,,,,,,,,*,,,,,,,,,,,,,,,,,,,,,,,,,,,,
src/kernel/core/ucore/embOSARM7_360/src/generic/OS_EVENT_Get.c,0,,,,,,,,,,,,,,,,,,,*,,,,,,,,,,,,,,,,,,,,,,,,,,,,
src/kernel/core/ucore/embOSARM7_360/src/generic/OS_EVENT_Pulse.c,0,,,,,,,,,,,,,,,,,,,*,,,,,,,,,,,,,,,,,,,,,,,,,,,,
src/kernel/core/ucore/embOSARM7_360/src/generic/OS_EVENT_Reset.c,0,,,,,,,,,,,,,,,,,,,*,,,,,,,,,,,,,,,,,,,,,,,,,,,,
src/kernel/core/ucore/embOSARM7_360/src/generic/OS_EVENT_Set.c,0,,,,,,,,,,,,,,,,,,,*,,,,,,,,,,,,,,,,,,,,,,,,,,,,
src/kernel/core/ucore/embOSARM7_360/src/generic/OS_EVENT_Wait.c,0,,,,,,,,,,,,,,,,,,,*,,,,,,,,,,,,,,,,,,,,,,,,,,,,
src/kernel/core/ucore/embOSARM7_360/src/generic/OS_EVENT_WaitTimed.c,0,,,,,,,,,,,,,,,,,,,*,,,,,,,,,,,,,,,,,,,,,,,,,,,,
src/kernel/core/ucore/embOSARM7_360/src/generic/OS_EvaPacketEx.c,0,,,,,,,,,,,,,,,,,,,*,,,,,,,,,,,,,,,,,,,,,,,,,,,,
src/kernel/core/ucore/embOSARM7_360/src/generic/OS_GetNumTasks.c,0,,,,,,,,,,,,,,,,,,,*,,,,,,,,,,,,,,,,,,,,,,,,,,,,
src/kernel/core/ucore/embOSARM7_360/src/generic/OS_GetPrio.c,0,,,,,,,,,,,,,,,,,,,*,,,,,,,,,,,,,,,,,,,,,,,,,,,,
src/kernel/core/ucore/embOSARM7_360/src/generic/OS_GetSize.c,0,,,,,,,,,,,,,,,,,,,*,,,,,,,,,,,,,,,,,,,,,,,,,,,,
src/kernel/core/ucore/embOSARM7_360/src/generic/OS_GetSuspendCnt.c,0,,,,,,,,,,,,,,,,,,,*,,,,,,,,,,,,,,,,,,,,,,,,,,,,
src/kernel/core/ucore/embOSARM7_360/src/generic/OS_HandleTick.c,0,,,,,,,,,,,,,,,,,,,*,,,,,,,,,,,,,,,,,,,,,,,,,,,,
src/kernel/core/ucore/embOSARM7_360/src/generic/OS_HandleTick_Ex.c,0,,,,,,,,,,,,,,,,,,,*,,,,,,,,,,,,,,,,,,,,,,,,,,,,
src/kernel/core/ucore/embOSARM7_360/src/generic/OS_MEMF_Alloc.c,0,,,,,,,,,,,,,,,,,,,*,,,,,,,,,,,,,,,,,,,,,,,,,,,,
src/kernel/core/ucore/embOSARM7_360/src/generic/OS_MEMF_AllocTimed.c,0,,,,,,,,,,,,,,,,,,,*,,,,,,,,,,,,,,,,,,,,,,,,,,,,
src/kernel/core/ucore/embOSARM7_360/src/generic/OS_MEMF_Create.c,0,,,,,,,,,,,,,,,,,,,*,,,,,,,,,,,,,,,,,,,,,,,,,,,,
src/kernel/core/ucore/embOSARM7_360/src/generic/OS_MEMF_Delete.c,0,,,,,,,,,,,,,,,,,,,*,,,,,,,,,,,,,,,,,,,,,,,,,,,,
src/kernel/core/ucore/embOSARM7_360/src/generic/OS_MEMF_Free.c,0,,,,,,,,,,,,,,,,,,,*,,,,,,,,,,,,,,,,,,,,,,,,,,,,
src/kernel/core/ucore/embOSARM7_360/src/generic/OS_MEMF_Info.c,0,,,,,,,,,,,,,,,,,,,*,,,,,,,,,,,,,,,,,,,,,,,,,,,,
src/kernel/core/ucore/embOSARM7_360/src/generic/OS_MEMF_Internal.c,0,,,,,,,,,,,,,,,,,,,*,,,,,,,,,,,,,,,,,,,,,,,,,,,,
src/kernel/core/ucore/embOSARM7_360/src/generic/OS_MEMF_Release.c,0,,,,,,,,,,,,,,,,,,,*,,,,,,,,,,,,,,,,,,,,,,,,,,,,
src/kernel/core/ucore/embOSARM7_360/src/generic/OS_MEMF_Request.c,0,,,,,,,,,,,,,,,,,,,*,,,,,,,,,,,,,,,,,,,,,,,,,,,,
src/kernel/core/ucore/embOSARM7_360/src/generic/OS_Power.c,0,,,,,,,,,,,,,,,,,,,*,,,,,,,,,,,,,,,,,,,,,,,,,,,,
src/kernel/core/ucore/embOSARM7_360/src/generic/OS_RAW.h,0,,,,,,,,,,,,,,,,,,,*,,,,,,,,,,,,,,,,,,,,,,,,,,,,
src/kernel/core/ucore/embOSARM7_360/src/generic/OS_SetCSemaValue.c,0,,,,,,,,,,,,,,,,,,,*,,,,,,,,,,,,,,,,,,,,,,,,,,,,
src/kernel/core/ucore/embOSARM7_360/src/generic/OS_SetRxCallback.c,0,,,,,,,,,,,,,,,,,,,*,,,,,,,,,,,,,,,,,,,,,,,,,,,,
src/kernel/core/ucore/embOSARM7_360/src/generic/OS_SetTaskName.c,0,,,,,,,,,,,,,,,,,,,*,,,,,,,,,,,,,,,,,,,,,,,,,,,,
src/kernel/core/ucore/embOSARM7_360/src/generic/OS_Suspend.c,0,,,,,,,,,,,,,,,,,,,*,,,,,,,,,,,,,,,,,,,,,,,,,,,,
src/kernel/core/ucore/embOSARM7_360/src/generic/OS_TaskIndex2Ptr.c,0,,,,,,,,,,,,,,,,,,,*,,,,,,,,,,,,,,,,,,,,,,,,,,,,
src/kernel/core/ucore/embOSARM7_360/src/generic/OS_TickHook.c,0,,,,,,,,,,,,,,,,,,,*,,,,,,,,,,,,,,,,,,,,,,,,,,,,
src/kernel/core/ucore/embOSARM7_360/src/generic/OS_Wait.c,0,,,,,,,,,,,,,,,,,,,*,,,,,,,,,,,,,,,,,,,,,,,,,,,,
src/kernel/core/ucore/embOSARM7_360/src/generic/OS_Yield.c,0,,,,,,,,,,,,,,,,,,,*,,,,,,,,,,,,,,,,,,,,,,,,,,,,
src/kernel/core/ucore/embOSARM7_360/src/generic/osstat.c,0,,,,,,,,,,,,,,,,,,,*,,,,,,,,,,,,,,,,,,,,,,,,,,,,
src/kernel/core/ucore/embOSCXM3_382/arch/cmsis/cpu/JLINKMEM_Process.c,0,,,,,,,,,,,,,,,,,,,,,,,,,,,,,,,,,,,,,,,,,,,*,*,,,
src/kernel/core/ucore/embOSCXM3_382/arch/cmsis/cpu/OS_Error.c,0,,,,,,,,,,,,,,,,,,,,,,,,,,,,,,,,,,,,,,,,,,,*,*,,,
src/kernel/core/ucore/embOSCXM3_382/arch/cmsis/cpu/RTOSInit_CMSIS.c,0,,,,,,,,,,,,,,,,,,,,,,,,,,,,,,,,,,,,,,,,,,,*,*,,,
src/kernel/core/ucore/embOSCXM3_382/arch/cmsis/cpu/xmtx.c,0,,,,,,,,,,,,,,,,,,,,,,,,,,,,,,,,,,,,,,,,,,,*,*,,,
src/kernel/core/ucore/embOSCXM3_382/arch/cmsis/cpu/xmtx2.c,0,,,,,,,,,,,,,,,,,,,,,,,,,,,,,,,,,,,,,,,,,,,*,*,,,
src/kernel/core/ucore/embOSCXM3_382/arch/cmsis/main.c,0,,,,,,,,,,,,,,,,,,,,,,,,,,,,,,,,,,,,,,,,,,,*,*,,,
src/kernel/core/ucore/embOSCXM3_382/arch/lm3s/cpu/BSP.c,0,,,,,,,,,,,,,,,,,,,,,,,,,,,,,,,,,,,,,,,,,,,,Release,,,
src/kernel/core/ucore/embOSCXM3_382/arch/lm3s/cpu/JLINKMEM_Process.c,0,,,,,,,,,,,,,,,,,,,,,,,,,,,,,,,,,,,,,,,,,,,,Release,,,
src/kernel/core/ucore/embOSCXM3_382/arch/lm3s/cpu/OS_Error.c,0,,,,,,,,,,,,,,,,,,,,,,,,,,,,,,,,,,,,,,,,,,,,Release,,,
src/kernel/core/ucore/embOSCXM3_382/arch/lm3s/cpu/RTOSINIT_LM3S9B96.c,0,,,,,,,,,,,,,,,,,,,,,,,,,,,,,,,,,,,,,,,,,,,,Release,,,
src/kernel/core/ucore/embOSCXM3_382/arch/lm3s/cpu/exceptions.h,0,,,,,,,,,,,,,,,,,,,,,,,,,,,,,,,,,,,,,,,,,,,,Release,,,
src/kernel/core/ucore/embOSCXM3_382/arch/lm3s/cpu/xmtx.c,0,,,,,,,,,,,,,,,,,,,,,,,,,,,,,,,,,,,,,,,,,,,,Release,,,
src/kernel/core/ucore/embOSCXM3_382/arch/lm3s/main.c,0,,,,,,,,,,,,,,,,,,,,,,,,,,,,,,,,,,,,,,,,,,,,Release,,,
src/kernel/core/ucore/embOSCXM3_384/arch/cmsis/cpu/JLINKMEM_Process.c,1,gelé,,,,,,,,,,,,,,,,,,,,,,,,,,,,,,,,,,,,,,,,,,,Release,,,
src/kernel/core/ucore/embOSCXM3_384/arch/cmsis/cpu/OS_Error.c,1,gelé,,,,,,,,,,,,,,,,,,,,,,,,,,,,,,,,,,,,,,,,,,,Release,,,
src/kernel/core/ucore/embOSCXM3_384/arch/cmsis/cpu/RTOSInit_CMSIS.c,1,gelé,,,,,,,,,,,,,,,,,,,,,,,,,,,,,,,,,,,,,,,,,,,Release,,,
src/kernel/core/ucore/embOSCXM3_384/arch/cmsis/cpu/xmtx.c,1,gelé,,,,,,,,,,,,,,,,,,,,,,,,,,,,,,,,,,,,,,,,,,,Release,,,
src/kernel/core/ucore/embOSCXM3_384/arch/cmsis/cpu/xmtx2.c,1,gelé,,,,,,,,,,,,,,,,,,,,,,,,,,,,,,,,,,,,,,,,,,,Release,,,
src/kernel/core/ucore/embOSCXM3_384/arch/cmsis/main.c,1,gelé,,,,,,,,,,,,,,,,,,,,,,,,,,,,,,,,,,,,,,,,,,,Release,,,
src/kernel/core/ucore/embOSCXM3_384/arch/lm3s/cpu/BSP.c,1,gelé,,,,,,,,,,,,,,,,,,,,,,,,,,,,,,,,,,,,,,,,,,,Release,,,
src/kernel/core/ucore/embOSCXM3_384/arch/lm3s/cpu/JLINKMEM_Process.c,1,gelé,,,,,,,,,,,,,,,,,,,,,,,,,,,,,,,,,,,,,,,,,,,Release,,,
src/kernel/core/ucore/embOSCXM3_384/arch/lm3s/cpu/OS_Error.c,1,gelé,,,,,,,,,,,,,,,,,,,,,,,,,,,,,,,,,,,,,,,,,,,Release,,,
src/kernel/core/ucore/embOSCXM3_384/arch/lm3s/cpu/RTOSINIT_LM3S9B96.c,1,gelé,,,,,,,,,,,,,,,,,,,,,,,,,,,,,,,,,,,,,,,,,,,Release,,,
src/kernel/core/ucore/embOSCXM3_384/arch/lm3s/cpu/RTOSVect.c,1,gelé,,,,,,,,,,,,,,,,,,,,,,,,,,,,,,,,,,,,,,,,,,,Release,,,
src/kernel/core/ucore/embOSCXM3_384/arch/lm3s/cpu/exceptions.h,1,gelé,,,,,,,,,,,,,,,,,,,,,,,,,,,,,,,,,,,,,,,,,,,Release,,,
src/kernel/core/ucore/embOSCXM3_384/arch/lm3s/cpu/xmtx.c,1,gelé,,,,,,,,,,,,,,,,,,,,,,,,,,,,,,,,,,,,,,,,,,,Release,,,
src/kernel/core/ucore/embOSCXM3_384/arch/lm3s/cpu/xmtx2.c,1,gelé,,,,,,,,,,,,,,,,,,,,,,,,,,,,,,,,,,,,,,,,,,,Release,,,
src/kernel/core/ucore/embOSCXM3_384/arch/lm3s/main.c,1,gelé,,,,,,,,,,,,,,,,,,,,,,,,,,,,,,,,,,,,,,,,,,,Release,,,
src/kernel/core/ucore/embOSCXM3_384/inc/OS_Config.h,1,gelé,,,,,,,,,,,,,,,,,,,,,,,,,,,,,,,,,,,,,,,,,,,i:Release,,,
src/kernel/core/ucore/embOSCXM3_384/inc/RTOS.h,1,gelé,,,,,,,,,,,,,,,,,,,,,,,,,,,,,,,,,,,,,,,,,,,Release,,,
src/kernel/core/ucore/embOSCXM4_386/Inc/JLINKMEM.h,1,gelé,,,,,,,,,,,,,,,,,,,,,,,,,,,,,,,,,,,,i:freertos-debug,i:freertos-debug,,,,,,,i:Debug,i:Debug,i:Debug
src/kernel/core/ucore/embOSCXM4_386/Inc/OS_Config.h,1,gelé,i:cortex-m4-debug,,,,,,,,i:*,i:*,,,,,i:Debug,i:Debug,,,,i:lib-debug;tauon-kernel-cortex-m3-debug;tauon-kernel-cortex-m4-debug;tauon-kernel-cortex-m4f-freertos-debug,i:lib-debug;tauon-kernel-cortex-m3-debug;tauon-kernel-cortex-m4-debug;tauon-kernel-cortex-m4f-freertos-debug,i:lib-debug;tauon-kernel-cortex-m3-debug;tauon-kernel-cortex-m4f-freertos-debug,i:lib-debug;tauon-kernel-cortex-m3-debug;tauon-kernel-cortex-m4f-freertos-debug,i:lib-debug;tauon-kernel-cortex-m3-debug;tauon-kernel-cortex-m4f-freertos-debug,i:Debug,i:Debug,i:Debug,,,,i:Debug,,,i:cortex-m4-debug,,i:freertos-debug,i:freertos-debug,,,,,,,i:Debug;freertos-debug,i:Debug;freertos-debug,i:Debug;freertos-debug
src/kernel/core/ucore/embOSCXM4_386/Inc/RTOS.h,1,gelé,i:cortex-m4-debug,,,,,,,,i:*,i:*,,,,,i:Debug,i:Debug,,,,i:lib-debug;tauon-kernel-cortex-m3-debug;tauon-kernel-cortex-m4-debug;tauon-kernel-cortex-m4f-freertos-debug,i:lib-debug;tauon-kernel-cortex-m3-debug;tauon-kernel-cortex-m4-debug;tauon-kernel-cortex-m4f-freertos-debug,i:lib-debug;tauon-kernel-cortex-m3-debug;tauon-kernel-cortex-m4f-freertos-debug,i:lib-debug;tauon-kernel-cortex-m3-debug;tauon-kernel-cortex-m4f-freertos-debug,i:lib-debug;tauon-kernel-cortex-m3-debug;tauon-kernel-cortex-m4f-freertos-debug,i:Debug,i:Debug,i:Debug,,,,i:Debug,,,i:cortex-m4-debug,,i:freertos-debug,i:freertos-debug,,,,,,,i:Debug;freertos-debug,i:Debug;freertos-debug,i:Debug;freertos-debug
src/kernel/core/ucore/embOSCXM4_386/arch/cmsis/cpu/JLINKMEM_Process.c,1,gelé,,,,,,,,,,,,,,,,,,,,,,,,,,,,,,,,,,,,Release,Release,,,,,,,Debug;Release,Debug;Release,Debug;Release
src/kernel/core/ucore/embOSCXM4_386/arch/cmsis/cpu/OS_Error.c,1,gelé,,,,,,,,,,,,,,,,,,,,,,,,,,,,,,,,,,,,Release,Release,,,,,,,Debug;Release,Debug;Release,Debug;Release
src/kernel/core/ucore/embOSCXM4_386/arch/cmsis/cpu/RTOSInit_CMSIS.c,1,gelé,,,,,,,,,,,,,,,,,,,,,,,,,,,,,,,,,,,,Release,Release,,,,,,,Release,Release,Release
src/kernel/core/ucore/embOSCXM4_386/arch/cmsis/cpu/RTOSInit_STM32F4x_CMSIS.c,1,gelé,,,,,,,,,,,,,,,,,,,,,,,,,,,,,,,,,,,,Release,Release,,,,,,,Debug;Release,Debug;Release,Debug;Release
src/kernel/core/ucore/embOSCXM4_386/arch/cmsis/cpu/xmtx.c,1,gelé,,,,,,,,,,,,,,,,,,,,,,,,,,,,,,,,,,,,Release,Release,,,,,,,Debug;Release,Debug;Release,Debug;Release
src/kernel/core/ucore/embOSCXM4_386/arch/cmsis/cpu/xmtx2.c,1,gelé,,,,,,,,,,,,,,,,,,,,,,,,,,,,,,,,,,,,Release,Release,,,,,,,Debug;Release,Debug;Release,Debug;Release
src/kernel/core/ucore/embOSCXM4_386/arch/cmsis/main.c,1,gelé,,,,,,,,,,,,,,,,,,,,,,,,,,,,,,,,,,,,Release,Release,,,,,,,Debug;Release,Debug;Release,Debug;Release
src/kernel/core/ucore/embOSCXM4_440/Inc/OS_Config.h,1,gelé,,,,,,,,,,,i:*,,,,,,,,,,,i:tauon-kernel-cortex-m4-debug,,,,,,,,,,,,,,,,,,,,,,,,
src/kernel/core/ucore/embOSCXM4_440/Inc/RTOS.h,1,gelé,,,,,,,,,,,i:*,,,,,,,,,,,i:tauon-kernel-cortex-m4-debug,,,,,,,,,,,,,,,,,,,,,,,,
src/kernel/core/ucore/embOSCXM4_440/arch/cmsis/cpu/Global.h,1,gelé,,,,,,,,,,,,,,,,,,,,,,,,,,,,,,,,,,,,i:Release;freertos-debug,i:Release;freertos-debug,,,,,,,,,
src/kernel/core/ucore/embOSCXM4_440/arch/cmsis/cpu/JLINKMEM_Process.c,1,gelé,,,,,,,,,,,,,,,,,,,,,,,,,,,,,,,,,,,,Release;freertos-debug,Release;freertos-debug,,,,,,,,,
src/kernel/core/ucore/embOSCXM4_440/arch/cmsis/cpu/OS_Error.c,1,gelé,,,,,,,,,,,,,,,,,,,,,,,,,,,,,,,,,,,,Release;freertos-debug,Release;freertos-debug,,,,,,,,,
src/kernel/core/ucore/embOSCXM4_440/arch/cmsis/cpu/RTOSInit_STM32F4x_CMSIS.c,1,gelé,,,,,,,,,,,,,,,,,,,,,,,,,,,,,,,,,,,,Release;freertos-debug,Release;freertos-debug,,,,,,,,,
src/kernel/core/ucore/embOSCXM4_440/arch/cmsis/cpu/SEGGER.h,1,gelé,,,,,,,,,,,,,,,,,,,,,,,,,,,,,,,,,,,,i:Release;freertos-debug,i:Release;freertos-debug,,,,,,,,,
src/kernel/core/ucore/embOSCXM4_440/arch/cmsis/cpu/SEGGER_RTT.c,1,gelé,,,,,,,,,,,,,,,,,,,,,,,,,,,,,,,,,,,,Release;freertos-debug,Release;freertos-debug,,,,,,,,,
src/kernel/core/ucore/embOSCXM4_440/arch/cmsis/cpu/SEGGER_RTT.h,1,gelé,,,,,,,,,,,,,,,,,,,,,,,,,,,,,,,,,,,,i:Release;freertos-debug,i:Release;freertos-debug,,,,,,,,,
src/kernel/core/ucore/embOSCXM4_440/arch/cmsis/cpu/SEGGER_RTT_Conf.h,1,gelé,,,,,,,,,,,,,,,,,,,,,,,,,,,,,,,,,,,,i:Release;freertos-debug,i:Release;freertos-debug,,,,,,,,,
src/kernel/core/ucore/embOSCXM4_440/arch/cmsis/cpu/SEGGER_SYSVIEW.c,1,gelé,,,,,,,,,,,,,,,,,,,,,,,,,,,,,,,,,,,,Release;freertos-debug,Release;freertos-debug,,,,,,,,,
src/kernel/core/ucore/embOSCXM4_440/arch/cmsis/cpu/SEGGER_SYSVIEW.h,1,gelé,,,,,,,,,,,,,,,,,,,,,,,,,,,,,,,,,,,,i:Release;freertos-debug,i:Release;freertos-debug,,,,,,,,,
src/kernel/core/ucore/embOSCXM4_440/arch/cmsis/cpu/SEGGER_SYSVIEW_Conf.h,1,gelé,,,,,,,,,,,,,,,,,,,,,,,,,,,,,,,,,,,,i:Release;freertos-debug,i:Release;freertos-debug,,,,,,,,,
src/kernel/core/ucore/embOSCXM4_440/arch/cmsis/cpu/SEGGER_SYSVIEW_ConfDefaults.h,1,gelé,,,,,,,,,,,,,,,,,,,,,,,,,,,,,,,,,,,,i:Release;freertos-debug,i:Release;freertos-debug,,,,,,,,,
src/kernel/core/ucore/embOSCXM4_440/arch/cmsis/cpu/SEGGER_SYSVIEW_Config_embOS.c,1,gelé,,,,,,,,,,,,,,,,,,,,,,,,,,,,,,,,,,,,Release;freertos-debug,Release;freertos-debug,,,,,,,,,
src/kernel/core/ucore/embOSCXM4_440/arch/cmsis/cpu/SEGGER_SYSVIEW_Int.h,1,gelé,,,,,,,,,,,,,,,,,,,,,,,,,,,,,,,,,,,,i:Release;freertos-debug,i:Release;freertos-debug,,,,,,,,,
src/kernel/core/ucore/embOSCXM4_440/arch/cmsis/cpu/SEGGER_SYSVIEW_embOS.c,1,gelé,,,,,,,,,,,,,,,,,,,,,,,,,,,,,,,,,,,,Release;freertos-debug,Release;freertos-debug,,,,,,,,,
src/kernel/core/ucore/embOSCXM4_440/arch/cmsis/cpu/SEGGER_SYSVIEW_embOS.h,1,gelé,,,,,,,,,,,,,,,,,,,,,,,,,,,,,,,,,,,,i:Release;freertos-debug,i:Release;freertos-debug,,,,,,,,,
src/kernel/core/ucore/embOSCXM4_440/arch/cmsis/cpu/xmtx.c,1,gelé,,,,,,,,,,,,,,,,,,,,,,,,,,,,,,,,,,,,Release;freertos-debug,Release;freertos-debug,,,,,,,,,
src/kernel/core/ucore/embOSCXM4_440/arch/cmsis/cpu/xmtx2.c,1,gelé,,,,,,,,,,,,,,,,,,,,,,,,,,,,,,,,,,,,Release;freertos-debug,Release;freertos-debug,,,,,,,,,
src/kernel/core/ucore/embOSCXM4_440/arch/cmsis/main.c,1,gelé,,,,,,,,,,,,,,,,,,,,,,,,,,,,,,,,,,,,Release;freertos-debug,Release;freertos-debug,,,,,,,,,
src/kernel/core/ucore/embOSCXM4_518/arch/cmsis/cpu/JLINKMEM_Process.c,1,gelé,,,,,,,,,,,,,,,,,,,,,,,,,,,,,,,,,,,,*,*,,,,,,,,,
src/kernel/core/ucore/embOSCXM4_518/arch/cmsis/cpu/OS_Error.c,1,gelé,,,,,,,,,,,,,,,,,,,,,,,,,,,,,,,,,,,,*,*,,,,,,,,,
src/kernel/core/ucore/embOSCXM4_518/arch/cmsis/cpu/OS_ThreadSafe.c,1,gelé,,,,,,,,,,,,,,,,,,,,,,,,,,,,,,,,,,,,*,*,,,,,,,,,
src/kernel/core/ucore/embOSCXM4_518/arch/cmsis/cpu/RTOSInit_STM32WLxx.c,1,gelé,,,,,,,,,,,,,,,,,,,,,,,,,,,,,,,,,,,,*,*,,,,,,,,,
src/kernel/core/ucore/embOSCXM4_518/arch/cmsis/cpu/SEGGER.h,1,gelé,,,,,,,,,,,,,,,,,,,,,,,,,,,,,,,,,,,,i:*,i:*,,,,,,,,,
src/kernel/core/ucore/embOSCXM4_518/arch/cmsis/cpu/SEGGER_RTT.c,1,gelé,,,,,,,,,,,,,,,,,,,,,,,,,,,,,,,,,,,,*,*,,,,,,,,,
src/kernel/core/ucore/embOSCXM4_518/arch/cmsis/cpu/SEGGER_RTT.h,1,gelé,,,,,,,,,,,,,,,,,,,,,,,,,,,,,,,,,,,,i:*,i:*,,,,,,,,,
src/kernel/core/ucore/embOSCXM4_518/arch/cmsis/cpu/SEGGER_RTT_ASM_ARMv7M.S,1,gelé,,,,,,,,,,,,,,,,,,,,,,,,,,,,,,,,,,,,*,*,,,,,,,,,
src/kernel/core/ucore/embOSCXM4_518/arch/cmsis/cpu/SEGGER_RTT_Conf.h,1,gelé,,,,,,,,,,,,,,,,,,,,,,,,,,,,,,,,,,,,i:*,i:*,,,,,,,,,
src/kernel/core/ucore/embOSCXM4_518/arch/cmsis/cpu/SEGGER_SYSVIEW.c,1,gelé,,,,,,,,,,,,,,,,,,,,,,,,,,,,,,,,,,,,*,*,,,,,,,,,
src/kernel/core/ucore/embOSCXM4_518/arch/cmsis/cpu/SEGGER_SYSVIEW.h,1,gelé,,,,,,,,,,,,,,,,,,,,,,,,,,,,,,,,,,,,i:*,i:*,,,,,,,,,
src/kernel/core/ucore/embOSCXM4_518/arch/cmsis/cpu/SEGGER_SYSVIEW_Conf.h,1,gelé,,,,,,,,,,,,,,,,,,,,,,,,,,,,,,,,,,,,i:*,i:*,,,,,,,,,
src/kernel/core/ucore/embOSCXM4_518/arch/cmsis/cpu/SEGGER_SYSVIEW_ConfDefaults.h,1,gelé,,,,,,,,,,,,,,,,,,,,,,,,,,,,,,,,,,,,i:*,i:*,,,,,,,,,
src/kernel/core/ucore/embOSCXM4_518/arch/cmsis/cpu/SEGGER_SYSVIEW_Config_embOS.c,1,gelé,,,,,,,,,,,,,,,,,,,,,,,,,,,,,,,,,,,,*,*,,,,,,,,,
src/kernel/core/ucore/embOSCXM4_518/arch/cmsis/cpu/SEGGER_SYSVIEW_Int.h,1,gelé,,,,,,,,,,,,,,,,,,,,,,,,,,,,,,,,,,,,i:*,i:*,,,,,,,,,
src/kernel/core/ucore/embOSCXM4_518/arch/cmsis/cpu/SEGGER_SYSVIEW_embOS.c,1,gelé,,,,,,,,,,,,,,,,,,,,,,,,,,,,,,,,,,,,*,*,,,,,,,,,
src/kernel/core/ucore/embOSCXM4_518/arch/cmsis/cpu/SEGGER_SYSVIEW_embOS.h,1,gelé,,,,,,,,,,,,,,,,,,,,,,,,,,,,,,,,,,,,i:*,i:*,,,,,,,,,
src/kernel/core/ucore/embOSCXM4_518/arch/cmsis/main.c,1,gelé,,,,,,,,,,,,,,,,,,,,,,,,,,,,,,,,,,,,*,*,,,,,,,,,
src/kernel/core/ucore/embOSCXM4_518/inc/BSP_UART.h,1,gelé,,,,,,,,,,,,,,,,,,,,,,,,,,,,,,,,,,,,i:Debug,i:Debug,,,,,,,,,
src/kernel/core/ucore/embOSCXM4_518/inc/Global.h,1,gelé,,,,,,,,,,,,,,,,,,,,,,,,,,,,,,,,,,,,i:Debug,i:Debug,,,,,,,,,
src/kernel/core/ucore/embOSCXM4_518/inc/JLINKMEM.h,1,gelé,,,,,,,,,,,,,,,,,,,,,,,,,,,,,,,,,,,,i:Debug,i:Debug,,,,,,,,,
src/kernel/core/ucore/embOSCXM4_518/inc/OS_Config.h,1,gelé,,,,,,,,,,,,i:*,i:Debug,i:Debug,,,i:Debug,,,,,,i:tauon-kernel-cortex-m4-debug,i:tauon-kernel-cortex-m4-debug,,,,,,,,i:Debug,i:Debug,,,i:Debug,i:Debug,,,,,,,,,
src/kernel/core/ucore/embOSCXM4_518/inc/RTOS.h,1,gelé,,,,,,,,,,,,i:*,i:Debug,i:Debug,,,i:Debug,,,,,,i:tauon-kernel-cortex-m4-debug,i:tauon-kernel-cortex-m4-debug,,,,,,,,i:Debug,i:Debug,,,i:Debug,i:Debug,,,,,,,,,
src/kernel/core/ucore/embOSCXM7_430/Inc/Global.h,1,gelé,,,,,,,,,,,,,,,,,,,,,,,,,,,,,,,,,,,,,,,,,i:Debug,,,,,
src/kernel/core/ucore/embOSCXM7_430/Inc/JLINKMEM.h,1,gelé,,,,,,,,,,,,,,,,,,,,,,,,,,,,,,,,,,,,,,,,,i:Debug,,,,,
src/kernel/core/ucore/embOSCXM7_430/Inc/OS_Config.h,1,gelé,i:cortex-m7-debug,,,,,,i:samv71-freertos-debug,,,,,,,,,,,,,,,i:tauon-kernel-cortex-m7-debug,i:tauon-kernel-cortex-m7-debug,i:tauon-kernel-cortex-m7-debug,,,,,i:freertos-debug,i:freertos-debug,,,,i:cortex-m7-debug,,,,,,,i:Debug,,,,,
src/kernel/core/ucore/embOSCXM7_430/Inc/RTOS.h,1,gelé,i:cortex-m7-debug,,,,,,i:samv71-freertos-debug,,,,,,,,,,,,,,,i:tauon-kernel-cortex-m7-debug,i:tauon-kernel-cortex-m7-debug,i:tauon-kernel-cortex-m7-debug,,,,,i:freertos-debug,i:freertos-debug,,,,i:cortex-m7-debug,,,,,,,i:Debug,,,,,
src/kernel/core/ucore/embOSCXM7_430/Inc/SEGGER.h,1,gelé,,,,,,,,,,,,,,,,,,,,,,,,,,,,,,,,,,,,,,,,,i:Debug,,,,,
src/kernel/core/ucore/embOSCXM7_430/Inc/SEGGER_RTT.h,1,gelé,,,,,,,,,,,,,,,,,,,,,,,,,,,,,,,,,,,,,,,,,i:Debug,,,,,
src/kernel/core/ucore/embOSCXM7_430/Inc/SEGGER_RTT_Conf.h,1,gelé,,,,,,,,,,,,,,,,,,,,,,,,,,,,,,,,,,,,,,,,,i:Debug,,,,,
src/kernel/core/ucore/embOSCXM7_430/Inc/SEGGER_SYSVIEW.h,1,gelé,,,,,,,,,,,,,,,,,,,,,,,,,,,,,,,,,,,,,,,,,i:Debug,,,,,
src/kernel/core/ucore/embOSCXM7_430/Inc/SEGGER_SYSVIEW_Conf.h,1,gelé,,,,,,,,,,,,,,,,,,,,,,,,,,,,,,,,,,,,,,,,,i:Debug,,,,,
src/kernel/core/ucore/embOSCXM7_430/Inc/SEGGER_SYSVIEW_ConfDefaults.h,1,gelé,,,,,,,,,,,,,,,,,,,,,,,,,,,,,,,,,,,,,,,,,i:Debug,,,,,
src/kernel/core/ucore/embOSCXM7_430/Inc/SEGGER_SYSVIEW_Int.h,1,gelé,,,,,,,,,,,,,,,,,,,,,,,,,,,,,,,,,,,,,,,,,i:Debug,,,,,
src/kernel/core/ucore/embOSCXM7_430/Inc/SEGGER_SYSVIEW_embOS.h,1,gelé,,,,,,,,,,,,,,,,,,,,,,,,,,,,,,,,,,,,,,,,,i:Debug,,,,,
src/kernel/core/ucore/embOSCXM7_430/arch/cmsis/main.c,1,gelé,,,,,,,,,,,,,,,,,,,,,,,,,,,,,,,,,,,,,,,,,*,,,,,
src/kernel/core/ucore/embOSCXM7_430/arch/cmsis/startup/HardFaultHandler.S,1,gelé,,,,,,,,,,,,,,,,,,,,,,,,,,,,,,,,,,,,,,,,,*,,,,,
src/kernel/core/ucore/embOSCXM7_430/arch/cmsis/startup/JLINKMEM_Process.c,1,gelé,,,,,,,,,,,,,,,,,,,,,,,,,,,,,,,,,,,,,,,,,*,,,,,
src/kernel/core/ucore/embOSCXM7_430/arch/cmsis/startup/OS_Error.c,1,gelé,,,,,,,,,,,,,,,,,,,,,,,,,,,,,,,,,,,,,,,,,*,,,,,
src/kernel/core/ucore/embOSCXM7_430/arch/cmsis/startup/SEGGER_HardFaultHandler.c,1,gelé,,,,,,,,,,,,,,,,,,,,,,,,,,,,,,,,,,,,,,,,,*,,,,,
src/kernel/core/ucore/embOSCXM7_430/arch/cmsis/startup/SEGGER_RTT.c,1,gelé,,,,,,,,,,,,,,,,,,,,,,,,,,,,,,,,,,,,,,,,,*,,,,,
src/kernel/core/ucore/embOSCXM7_430/arch/cmsis/startup/SEGGER_RTT_Syscalls_IAR.c,1,gelé,,,,,,,,,,,,,,,,,,,,,,,,,,,,,,,,,,,,,,,,,*,,,,,
src/kernel/core/ucore/embOSCXM7_430/arch/cmsis/startup/SEGGER_RTT_printf.c,1,gelé,,,,,,,,,,,,,,,,,,,,,,,,,,,,,,,,,,,,,,,,,*,,,,,
src/kernel/core/ucore/embOSCXM7_430/arch/cmsis/startup/SEGGER_SYSVIEW.c,1,gelé,,,,,,,,,,,,,,,,,,,,,,,,,,,,,,,,,,,,,,,,,*,,,,,
src/kernel/core/ucore/embOSCXM7_430/arch/cmsis/startup/SEGGER_SYSVIEW_Config_embOS.c,1,gelé,,,,,,,,,,,,,,,,,,,,,,,,,,,,,,,,,,,,,,,,,*,,,,,
src/kernel/core/ucore/embOSCXM7_430/arch/cmsis/startup/SEGGER_SYSVIEW_embOS.c,1,gelé,,,,,,,,,,,,,,,,,,,,,,,,,,,,,,,,,,,,,,,,,*,,,,,
src/kernel/core/ucore/embOSCXM7_430/arch/cmsis/startup/samv71/RTOSInit_SAMV71_CMSIS.c,1,gelé,,,,,,,,,,,,,,,,,,,,,,,,,,,,,,,,,,,,,,,,,*,,,,,
src/kernel/core/ucore/embOSCXM7_430/arch/cmsis/startup/xmtx.c,1,gelé,,,,,,,,,,,,,,,,,,,,,,,,,,,,,,,,,,,,,,,,,*,,,,,
src/kernel/core/ucore/embOSCXM7_430/arch/cmsis/startup/xmtx2.c,1,gelé,,,,,,,,,,,,,,,,,,,,,,,,,,,,,,,,,,,,,,,,,*,,,,,
src/kernel/core/ucore/embOSW32_100/segger_intr.h,1,gelé,i:*,i:*,,i:*,i:*,i:Debug,i:Debug;samv71-freertos-debug,i:*,i:*,i:*,i:*,i:*,i:Debug,i:Debug,i:Debug,i:Debug,i:Debug,i:*,i:*,i:*,i:*,i:*,i:*,i:*,i:Debug,i:Debug,i:Debug,i:Debug,i:freertos-debug,i:freertos-debug,i:Debug,i:Debug,i:Debug,i:*,,i:Debug;freertos-debug,i:Debug;freertos-debug,i:firmware;firmware_injector;freertos-firmware_injector,i:firmware;firmware_injector;freertos-firmware_injector,i:Debug;freertos-debug,i:Debug;freertos-debug,i:Debug,i:Debug,i:Debug;freertos-debug,i:Debug;freertos-debug,i:Debug;freertos-debug
src/kernel/core/ucore/embOSW32_100/seggerwin32.h,1,gelé,i:*,i:*,,i:*,i:*,i:Debug,i:Debug;samv71-freertos-debug,i:*,i:*,i:*,i:*,i:*,i:Debug,i:Debug,i:Debug,i:Debug,i:Debug,i:*,i:*,i:*,i:*,i:*,i:*,i:*,i:Debug,i:Debug,i:Debug,i:Debug,i:freertos-debug,i:freertos-debug,i:Debug,i:Debug,i:Debug,i:*,,i:Debug;freertos-debug,i:Debug;freertos-debug,i:firmware;firmware_injector;freertos-firmware_injector,i:firmware;firmware_injector;freertos-firmware_injector,i:Debug;freertos-debug,i:Debug;freertos-debug,i:Debug,i:Debug,i:Debug;freertos-debug,i:Debug;freertos-debug,i:Debug;freertos-debug
src/kernel/core/ucore/embOSW32_100/win32/windows.h,1,gelé,i:*,i:*,,i:*,i:*,i:Debug,i:Debug;samv71-freertos-debug,i:*,i:*,i:*,i:*,i:*,i:Debug,i:Debug,i:Debug,i:Debug,i:Debug,i:*,i:*,i:*,i:*,i:*,i:*,i:*,i:Debug,i:Debug,i:Debug,i:Debug,i:freertos-debug,i:freertos-debug,i:Debug,i:Debug,i:Debug,i:*,,i:Debug;freertos-debug,i:Debug;freertos-debug,i:firmware;firmware_injector;freertos-firmware_injector,i:firmware;firmware_injector;freertos-firmware_injector,i:Debug;freertos-debug,i:Debug;freertos-debug,i:Debug,i:Debug,i:Debug;freertos-debug,i:Debug;freertos-debug,i:Debug;freertos-debug
src/kernel/core/ucore/freeRTOS_8-0-0/source/arch/arm9/at91sam9261/board.h,1,différé,,,,,,,,,,,,,,,,,,,,,,,,,,,,,,,,,,,,,,firmware;firmware_flash;freertos-firmware_injector,firmware;firmware_flash;freertos-firmware_injector,,,,,,,
src/kernel/core/ucore/freeRTOS_8-0-0/source/arch/arm9/at91sam9261/board_cstartup_iar_sam9xe.s,1,différé,,,,,,,,,,,,,,,,,,,,,,,,,,,,,,,,,,,,,,firmware;firmware_flash;freertos-firmware_injector,firmware;firmware_flash;freertos-firmware_injector,,,,,,,
src/kernel/core/ucore/freeRTOS_8-0-0/source/arch/arm9/at91sam9261/board_lowlevel.c,1,différé,,,,,,,,,,,,,,,,,,,,,,,,,,,,,,,,,,,,,,firmware;firmware_flash;freertos-firmware_injector,firmware;firmware_flash;freertos-firmware_injector,,,,,,,
src/kernel/core/ucore/freeRTOS_8-0-0/source/arch/arm9/at91sam9261/board_lowlevel.h,1,différé,,,,,,,,,,,,,,,,,,,,,,,,,,,,,,,,,,,,,,firmware;firmware_flash;freertos-firmware_injector,firmware;firmware_flash;freertos-firmware_injector,,,,,,,
src/kernel/core/ucore/freeRTOS_8-0-0/source/arch/arm9/at91sam9261/board_memories.c,1,différé,,,,,,,,,,,,,,,,,,,,,,,,,,,,,,,,,,,,,,firmware;firmware_flash;freertos-firmware_injector,firmware;firmware_flash;freertos-firmware_injector,,,,,,,
src/kernel/core/ucore/freeRTOS_8-0-0/source/arch/arm9/at91sam9261/board_memories.h,1,différé,,,,,,,,,,,,,,,,,,,,,,,,,,,,,,,,,,,,,,firmware;firmware_flash;freertos-firmware_injector,firmware;firmware_flash;freertos-firmware_injector,,,,,,,
src/kernel/core/ucore/freeRTOS_8-0-0/source/arch/arm9/at91sam9261/board_powermode.c,1,différé,,,,,,,,,,,,,,,,,,,,,,,,,,,,,,,,,,,,,,firmware;firmware_flash;freertos-firmware_injector,firmware;firmware_flash;freertos-firmware_injector,,,,,,,
src/kernel/core/ucore/freeRTOS_8-0-0/source/arch/arm9/at91sam9261/board_powermode.h,1,différé,,,,,,,,,,,,,,,,,,,,,,,,,,,,,,,,,,,,,,firmware;firmware_flash;freertos-firmware_injector,firmware;firmware_flash;freertos-firmware_injector,,,,,,,
src/kernel/core/ucore/freeRTOS_8-0-0/source/arch/arm9/at91sam9261/inc/AT91SAM9261.h,1,différé,,,,,,,,,,,,,,,,,,,,,,,,,,,,,,,,,,,,,,i:firmware;firmware_flash;freertos-firmware_injector,i:firmware;firmware_flash;freertos-firmware_injector,,,,,,,
src/kernel/core/ucore/freeRTOS_8-0-0/source/arch/arm9/at91sam9261/inc/chip.h,1,différé,,,,,,,,,,,,,,,,,,,,,,,,,,,,,,,,,,,,,,i:firmware;firmware_flash;freertos-firmware_injector,i:firmware;firmware_flash;freertos-firmware_injector,,,,,,,
src/kernel/core/ucore/freeRTOS_8-0-0/source/arch/arm9/at91sam9261/main.c,1,différé,,,,,,,,,,,,,,,,,,,,,,,,,,,,,,,,,,,,,,firmware;firmware_flash;freertos-firmware_injector,firmware;firmware_flash;freertos-firmware_injector,,,,,,,
src/kernel/core/ucore/freeRTOS_8-0-0/source/arch/cortex-m0+/FreeRTOSConfig_cortex-m0+.h,1,différé,,,,,,,,,,,,,,,,,,,,,i:lib-debug;tauon-kernel-cortex-m0+-freertos-debug,i:lib-debug;tauon-kernel-cortex-m0+-freertos-debug,i:lib-debug;tauon-kernel-cortex-m0+-freertos-debug,i:lib-debug;tauon-kernel-cortex-m0+-freertos-debug,,,,,,,,,,,,,,,,,,,,,,
src/kernel/core/ucore/freeRTOS_8-0-0/source/arch/cortex-m0+/at91samd20/FreeRTOSConfig.h,1,différé,,,,,,,,,,,,,,,,,,,,,,,,,,,,,,,,,,,,,,,,i:Debug;freertos-debug,,,,,,
src/kernel/core/ucore/freeRTOS_8-0-0/source/arch/cortex-m0+/at91samd20/main.c,1,différé,,,,,,,,,,,,,,,,,,,,,,,,,,,,,,,,,,,,,,,,*,,,,,,
src/kernel/core/ucore/freeRTOS_8-0-0/source/arch/cortex-m4/FreeRTOSConfig_cortex-m4.h,1,différé,,,,,,,,,,,,,,,,,,,,i:lib-debug;tauon-kernel-cortex-m4f-freertos-debug,i:lib-debug;tauon-kernel-cortex-m4f-freertos-debug,i:lib-debug;tauon-kernel-cortex-m4f-freertos-debug,i:lib-debug;tauon-kernel-cortex-m4f-freertos-debug,i:lib-debug;tauon-kernel-cortex-m4f-freertos-debug,,,,,,,,,,,,,,,,,,,,,,
src/kernel/core/ucore/freeRTOS_8-0-0/source/arch/cortex-m4/stm32f4/main.c,1,différé,,,,,,,,,,,,,,,,,,,,,,,,,,,,,,,,,,,,Release;freertos-debug,Release;freertos-debug,,,,,,,Release;freertos-debug,Release;freertos-debug,Release;freertos-debug
src/kernel/core/ucore/freeRTOS_8-0-0/source/arch/cortex-m4/stm32f4/stm32f4xx_conf.h,1,différé,,,,,,,,,,,,,,,,,,,,,,,,,,,,,,,,,,,,Release;freertos-debug,Release;freertos-debug,,,,,,,Release;freertos-debug,Release;freertos-debug,Release;freertos-debug
src/kernel/core/ucore/freeRTOS_8-0-0/source/arch/cortex-m4/stm32f4/stm32f4xx_it.c,1,différé,,,,,,,,,,,,,,,,,,,,,,,,,,,,,,,,,,,,Release;freertos-debug,Release;freertos-debug,,,,,,,Release;freertos-debug,Release;freertos-debug,Release;freertos-debug
src/kernel/core/ucore/freeRTOS_8-0-0/source/arch/cortex-m4/stm32f4/stm32f4xx_it.h,1,différé,,,,,,,,,,,,,,,,,,,,,,,,,,,,,,,,,,,,Release;freertos-debug,Release;freertos-debug,,,,,,,Release;freertos-debug,Release;freertos-debug,Release;freertos-debug
src/kernel/core/ucore/freeRTOS_8-0-0/source/croutine.c,1,différé,,,,,,,,,,,,,,,,,,,,lib-debug;tauon-kernel-arm926ejs-freertos-debug;tauon-kernel-cortex-m4f-freertos-debug,lib-debug;tauon-kernel-arm926ejs-freertos-debug;tauon-kernel-cortex-m0+-freertos-debug;tauon-kernel-cortex-m4f-freertos-debug,lib-debug;tauon-kernel-arm926ejs-freertos-debug;tauon-kernel-cortex-m0+-freertos-debug;tauon-kernel-cortex-m4f-freertos-debug,lib-debug;tauon-kernel-arm926ejs-freertos-debug;tauon-kernel-cortex-m0+-freertos-debug;tauon-kernel-cortex-m4f-freertos-debug,lib-debug;tauon-kernel-arm926ejs-freertos-debug;tauon-kernel-cortex-m0+-freertos-debug;tauon-kernel-cortex-m4f-freertos-debug,,,,,,,,,,,,,,,,,,,,,,
src/kernel/core/ucore/freeRTOS_8-0-0/source/event_groups.c,1,différé,,,,,,,,,,,,,,,,,,,,lib-debug;tauon-kernel-arm926ejs-freertos-debug;tauon-kernel-cortex-m4f-freertos-debug,lib-debug;tauon-kernel-arm926ejs-freertos-debug;tauon-kernel-cortex-m0+-freertos-debug;tauon-kernel-cortex-m4f-freertos-debug,lib-debug;tauon-kernel-arm926ejs-freertos-debug;tauon-kernel-cortex-m0+-freertos-debug;tauon-kernel-cortex-m4f-freertos-debug,lib-debug;tauon-kernel-arm926ejs-freertos-debug;tauon-kernel-cortex-m0+-freertos-debug;tauon-kernel-cortex-m4f-freertos-debug,lib-debug;tauon-kernel-arm926ejs-freertos-debug;tauon-kernel-cortex-m0+-freertos-debug;tauon-kernel-cortex-m4f-freertos-debug,,,,,,,,,,,,,,,,,,,,,,
src/kernel/core/ucore/freeRTOS_8-0-0/source/include/FreeRTOS.h,1,différé,i:cortex-m4-debug,,,i:*,i:*,i:Debug,,,,i:*,i:*,,,,i:Debug,i:Debug,,,,lib-debug;tauon-kernel-arm926ejs-freertos-debug;tauon-kernel-cortex-m4f-freertos-debug i:tauon-kernel-arm926ejs-debug;tauon-kernel-cortex-m3-debug;tauon-kernel-cortex-m4-debug,lib-debug;tauon-kernel-arm926ejs-freertos-debug;tauon-kernel-cortex-m0+-freertos-debug;tauon-kernel-cortex-m4f-freertos-debug i:tauon-kernel-arm926ejs-debug;tauon-kernel-cortex-m3-debug;tauon-kernel-cortex-m4-debug,lib-debug;tauon-kernel-arm926ejs-freertos-debug;tauon-kernel-cortex-m0+-freertos-debug;tauon-kernel-cortex-m4f-freertos-debug i:tauon-kernel-arm926ejs-debug;tauon-kernel-cortex-m3-debug;tauon-kernel-cortex-m4-debug;tauon-kernel-cortex-m7-debug,lib-debug;tauon-kernel-arm926ejs-freertos-debug;tauon-kernel-cortex-m0+-freertos-debug;tauon-kernel-cortex-m4f-freertos-debug i:tauon-kernel-arm926ejs-debug;tauon-kernel-cortex-m3-debug;tauon-kernel-cortex-m4-debug;tauon-kernel-cortex-m7-debug,lib-debug;tauon-kernel-arm926ejs-freertos-debug;tauon-kernel-cortex-m0+-freertos-debug;tauon-kernel-cortex-m4f-freertos-debug i:tauon-kernel-arm926ejs-debug;tauon-kernel-cortex-m3-debug;tauon-kernel-cortex-m4-debug;tauon-kernel-cortex-m7-debug,i:Debug,i:Debug,i:Debug,i:Debug,,,i:Debug,,,i:cortex-m4-debug,,i:freertos-debug,i:freertos-debug,i:freertos-firmware_injector,i:freertos-firmware_injector,i:Debug;freertos-debug,,,,i:Debug;freertos-debug,i:Debug;freertos-debug,i:Debug;freertos-debug
src/kernel/core/ucore/freeRTOS_8-0-0/source/include/FreeRTOSConfig.h,0,,,,,,,,,,,,,,,,,,,,,lib-debug;tauon-kernel-arm926ejs-freertos-debug;tauon-kernel-cortex-m4f-freertos-debug,lib-debug;tauon-kernel-arm926ejs-freertos-debug;tauon-kernel-cortex-m0+-freertos-debug;tauon-kernel-cortex-m4f-freertos-debug,lib-debug;tauon-kernel-arm926ejs-freertos-debug;tauon-kernel-cortex-m0+-freertos-debug;tauon-kernel-cortex-m4f-freertos-debug,lib-debug;tauon-kernel-arm926ejs-freertos-debug;tauon-kernel-cortex-m0+-freertos-debug;tauon-kernel-cortex-m4f-freertos-debug,lib-debug;tauon-kernel-arm926ejs-freertos-debug;tauon-kernel-cortex-m0+-freertos-debug;tauon-kernel-cortex-m4f-freertos-debug,,,,,,,,,,,,,,,,,,,,,,
src/kernel/core/ucore/freeRTOS_8-0-0/source/include/StackMacros.h,1,différé,,,,,,,,,,,,,,,,,,,,lib-debug;tauon-kernel-arm926ejs-freertos-debug;tauon-kernel-cortex-m4f-freertos-debug,lib-debug;tauon-kernel-arm926ejs-freertos-debug;tauon-kernel-cortex-m0+-freertos-debug;tauon-kernel-cortex-m4f-freertos-debug,lib-debug;tauon-kernel-arm926ejs-freertos-debug;tauon-kernel-cortex-m0+-freertos-debug;tauon-kernel-cortex-m4f-freertos-debug,lib-debug;tauon-kernel-arm926ejs-freertos-debug;tauon-kernel-cortex-m0+-freertos-debug;tauon-kernel-cortex-m4f-freertos-debug,lib-debug;tauon-kernel-arm926ejs-freertos-debug;tauon-kernel-cortex-m0+-freertos-debug;tauon-kernel-cortex-m4f-freertos-debug,,,,,,,,,,,,,,,,,,,,,,
src/kernel/core/ucore/freeRTOS_8-0-0/source/include/croutine.h,1,différé,,,,,,,,,,,,,,,,,,,,lib-debug;tauon-kernel-arm926ejs-freertos-debug;tauon-kernel-cortex-m4f-freertos-debug,lib-debug;tauon-kernel-arm926ejs-freertos-debug;tauon-kernel-cortex-m0+-freertos-debug;tauon-kernel-cortex-m4f-freertos-debug,lib-debug;tauon-kernel-arm926ejs-freertos-debug;tauon-kernel-cortex-m0+-freertos-debug;tauon-kernel-cortex-m4f-freertos-debug,lib-debug;tauon-kernel-arm926ejs-freertos-debug;tauon-kernel-cortex-m0+-freertos-debug;tauon-kernel-cortex-m4f-freertos-debug,lib-debug;tauon-kernel-arm926ejs-freertos-debug;tauon-kernel-cortex-m0+-freertos-debug;tauon-kernel-cortex-m4f-freertos-debug,,,,,,,,,,,,,,,,,,,,,,
src/kernel/core/ucore/freeRTOS_8-0-0/source/include/event_groups.h,1,différé,i:cortex-m4-debug,,,i:*,i:*,i:Debug,,,,i:*,i:*,,,,i:Debug,i:Debug,,,,lib-debug;tauon-kernel-arm926ejs-freertos-debug;tauon-kernel-cortex-m4f-freertos-debug i:tauon-kernel-arm926ejs-debug;tauon-kernel-cortex-m3-debug;tauon-kernel-cortex-m4-debug,lib-debug;tauon-kernel-arm926ejs-freertos-debug;tauon-kernel-cortex-m0+-freertos-debug;tauon-kernel-cortex-m4f-freertos-debug i:tauon-kernel-arm926ejs-debug;tauon-kernel-cortex-m3-debug;tauon-kernel-cortex-m4-debug,lib-debug;tauon-kernel-arm926ejs-freertos-debug;tauon-kernel-cortex-m0+-freertos-debug;tauon-kernel-cortex-m4f-freertos-debug i:tauon-kernel-arm926ejs-debug;tauon-kernel-cortex-m3-debug;tauon-kernel-cortex-m4-debug;tauon-kernel-cortex-m7-debug,lib-debug;tauon-kernel-arm926ejs-freertos-debug;tauon-kernel-cortex-m0+-freertos-debug;tauon-kernel-cortex-m4f-freertos-debug i:tauon-kernel-arm926ejs-debug;tauon-kernel-cortex-m3-debug;tauon-kernel-cortex-m4-debug;tauon-kernel-cortex-m7-debug,lib-debug;tauon-kernel-arm926ejs-freertos-debug;tauon-kernel-cortex-m0+-freertos-debug;tauon-kernel-cortex-m4f-freertos-debug i:tauon-kernel-arm926ejs-debug;tauon-kernel-cortex-m3-debug;tauon-kernel-cortex-m4-debug;tauon-kernel-cortex-m7-debug,i:Debug,i:Debug,i:Debug,i:Debug,,,i:Debug,,,i:cortex-m4-debug,,i:freertos-debug,i:freertos-debug,i:freertos-firmware_injector,i:freertos-firmware_injector,i:Debug;freertos-debug,,,,i:Debug;freertos-debug,i:Debug;freertos-debug,i:Debug;freertos-debug
src/kernel/core/ucore/freeRTOS_8-0-0/source/include/kal_freertos.h,1,différé,i:*,i:*,,i:*,i:*,i:Debug,i:Debug;samv71-freertos-debug,i:*,i:*,i:*,i:*,i:*,i:Debug,i:Debug,i:Debug,i:Debug,i:Debug,i:*,i:*,i:*,i:*,i:*,i:*,i:*,i:Debug,i:Debug,i:Debug,i:Debug,i:freertos-debug,i:freertos-debug,i:Debug,i:Debug,i:Debug,i:*,,i:Debug;freertos-debug,i:Debug;freertos-debug,i:firmware;firmware_injector;freertos-firmware_injector,i:firmware;firmware_injector;freertos-firmware_injector,i:Debug;freertos-debug,i:Debug;freertos-debug,i:Debug,i:Debug,i:Debug;freertos-debug,i:Debug;freertos-debug,i:Debug;freertos-debug
src/kernel/core/ucore/freeRTOS_8-0-0/source/include/list.h,1,différé,i:cortex-m4-debug,,,i:*,i:*,i:Debug,,,,i:*,i:*,,,,i:Debug,i:Debug,,,,lib-debug;tauon-kernel-arm926ejs-freertos-debug;tauon-kernel-cortex-m4f-freertos-debug i:tauon-kernel-arm926ejs-debug;tauon-kernel-cortex-m3-debug;tauon-kernel-cortex-m4-debug,lib-debug;tauon-kernel-arm926ejs-freertos-debug;tauon-kernel-cortex-m0+-freertos-debug;tauon-kernel-cortex-m4f-freertos-debug i:tauon-kernel-arm926ejs-debug;tauon-kernel-cortex-m3-debug;tauon-kernel-cortex-m4-debug,lib-debug;tauon-kernel-arm926ejs-freertos-debug;tauon-kernel-cortex-m0+-freertos-debug;tauon-kernel-cortex-m4f-freertos-debug i:tauon-kernel-arm926ejs-debug;tauon-kernel-cortex-m3-debug;tauon-kernel-cortex-m4-debug;tauon-kernel-cortex-m7-debug,lib-debug;tauon-kernel-arm926ejs-freertos-debug;tauon-kernel-cortex-m0+-freertos-debug;tauon-kernel-cortex-m4f-freertos-debug i:tauon-kernel-arm926ejs-debug;tauon-kernel-cortex-m3-debug;tauon-kernel-cortex-m4-debug;tauon-kernel-cortex-m7-debug,lib-debug;tauon-kernel-arm926ejs-freertos-debug;tauon-kernel-cortex-m0+-freertos-debug;tauon-kernel-cortex-m4f-freertos-debug i:tauon-kernel-arm926ejs-debug;tauon-kernel-cortex-m3-debug;tauon-kernel-cortex-m4-debug;tauon-kernel-cortex-m7-debug,i:Debug,i:Debug,i:Debug,i:Debug,,,i:Debug,,,i:cortex-m4-debug,,i:freertos-debug,i:freertos-debug,i:freertos-firmware_injector,i:freertos-firmware_injector,i:Debug;freertos-debug,,,,i:Debug;freertos-debug,i:Debug;freertos-debug,i:Debug;freertos-debug
src/kernel/core/ucore/freeRTOS_8-0-0/source/include/mpu_wrappers.h,1,différé,i:cortex-m4-debug,,,i:*,i:*,i:Debug,,,,i:*,i:*,,,,i:Debug,i:Debug,,,,lib-debug;tauon-kernel-arm926ejs-freertos-debug;tauon-kernel-cortex-m4f-freertos-debug i:tauon-kernel-arm926ejs-debug;tauon-kernel-cortex-m3-debug;tauon-kernel-cortex-m4-debug,lib-debug;tauon-kernel-arm926ejs-freertos-debug;tauon-kernel-cortex-m0+-freertos-debug;tauon-kernel-cortex-m4f-freertos-debug i:tauon-kernel-arm926ejs-debug;tauon-kernel-cortex-m3-debug;tauon-kernel-cortex-m4-debug,lib-debug;tauon-kernel-arm926ejs-freertos-debug;tauon-kernel-cortex-m0+-freertos-debug;tauon-kernel-cortex-m4f-freertos-debug i:tauon-kernel-arm926ejs-debug;tauon-kernel-cortex-m3-debug;tauon-kernel-cortex-m4-debug;tauon-kernel-cortex-m7-debug,lib-debug;tauon-kernel-arm926ejs-freertos-debug;tauon-kernel-cortex-m0+-freertos-debug;tauon-kernel-cortex-m4f-freertos-debug i:tauon-kernel-arm926ejs-debug;tauon-kernel-cortex-m3-debug;tauon-kernel-cortex-m4-debug;tauon-kernel-cortex-m7-debug,lib-debug;tauon-kernel-arm926ejs-freertos-debug;tauon-kernel-cortex-m0+-freertos-debug;tauon-kernel-cortex-m4f-freertos-debug i:tauon-kernel-arm926ejs-debug;tauon-kernel-cortex-m3-debug;tauon-kernel-cortex-m4-debug;tauon-kernel-cortex-m7-debug,i:Debug,i:Debug,i:Debug,i:Debug,,,i:Debug,,,i:cortex-m4-debug,,i:freertos-debug,i:freertos-debug,i:freertos-firmware_injector,i:freertos-firmware_injector,i:Debug;freertos-debug,,,,i:Debug;freertos-debug,i:Debug;freertos-debug,i:Debug;freertos-debug
src/kernel/core/ucore/freeRTOS_8-0-0/source/include/portable.h,1,différé,i:cortex-m4-debug,,,i:*,i:*,i:Debug,,,,i:*,i:*,,,,i:Debug,i:Debug,,,,lib-debug;tauon-kernel-arm926ejs-freertos-debug;tauon-kernel-cortex-m4f-freertos-debug i:tauon-kernel-arm926ejs-debug;tauon-kernel-cortex-m3-debug;tauon-kernel-cortex-m4-debug,lib-debug;tauon-kernel-arm926ejs-freertos-debug;tauon-kernel-cortex-m0+-freertos-debug;tauon-kernel-cortex-m4f-freertos-debug i:tauon-kernel-arm926ejs-debug;tauon-kernel-cortex-m3-debug;tauon-kernel-cortex-m4-debug,lib-debug;tauon-kernel-arm926ejs-freertos-debug;tauon-kernel-cortex-m0+-freertos-debug;tauon-kernel-cortex-m4f-freertos-debug i:tauon-kernel-arm926ejs-debug;tauon-kernel-cortex-m3-debug;tauon-kernel-cortex-m4-debug;tauon-kernel-cortex-m7-debug,lib-debug;tauon-kernel-arm926ejs-freertos-debug;tauon-kernel-cortex-m0+-freertos-debug;tauon-kernel-cortex-m4f-freertos-debug i:tauon-kernel-arm926ejs-debug;tauon-kernel-cortex-m3-debug;tauon-kernel-cortex-m4-debug;tauon-kernel-cortex-m7-debug,lib-debug;tauon-kernel-arm926ejs-freertos-debug;tauon-kernel-cortex-m0+-freertos-debug;tauon-kernel-cortex-m4f-freertos-debug i:tauon-kernel-arm926ejs-debug;tauon-kernel-cortex-m3-debug;tauon-kernel-cortex-m4-debug;tauon-kernel-cortex-m7-debug,i:Debug,i:Debug,i:Debug,i:Debug,,,i:Debug,,,i:cortex-m4-debug,,i:freertos-debug,i:freertos-debug,i:freertos-firmware_injector,i:freertos-firmware_injector,i:Debug;freertos-debug,,,,i:Debug;freertos-debug,i:Debug;freertos-debug,i:Debug;freertos-debug
src/kernel/core/ucore/freeRTOS_8-0-0/source/include/projdefs.h,1,différé,i:cortex-m4-debug,,,i:*,i:*,i:Debug,,,,i:*,i:*,,,,i:Debug,i:Debug,,,,lib-debug;tauon-kernel-arm926ejs-freertos-debug;tauon-kernel-cortex-m4f-freertos-debug i:tauon-kernel-arm926ejs-debug;tauon-kernel-cortex-m3-debug;tauon-kernel-cortex-m4-debug,lib-debug;tauon-kernel-arm926ejs-freertos-debug;tauon-kernel-cortex-m0+-freertos-debug;tauon-kernel-cortex-m4f-freertos-debug i:tauon-kernel-arm926ejs-debug;tauon-kernel-cortex-m3-debug;tauon-kernel-cortex-m4-debug,lib-debug;tauon-kernel-arm926ejs-freertos-debug;tauon-kernel-cortex-m0+-freertos-debug;tauon-kernel-cortex-m4f-freertos-debug i:tauon-kernel-arm926ejs-debug;tauon-kernel-cortex-m3-debug;tauon-kernel-cortex-m4-debug;tauon-kernel-cortex-m7-debug,lib-debug;tauon-kernel-arm926ejs-freertos-debug;tauon-kernel-cortex-m0+-freertos-debug;tauon-kernel-cortex-m4f-freertos-debug i:tauon-kernel-arm926ejs-debug;tauon-kernel-cortex-m3-debug;tauon-kernel-cortex-m4-debug;tauon-kernel-cortex-m7-debug,lib-debug;tauon-kernel-arm926ejs-freertos-debug;tauon-kernel-cortex-m0+-freertos-debug;tauon-kernel-cortex-m4f-freertos-debug i:tauon-kernel-arm926ejs-debug;tauon-kernel-cortex-m3-debug;tauon-kernel-cortex-m4-debug;tauon-kernel-cortex-m7-debug,i:Debug,i:Debug,i:Debug,i:Debug,,,i:Debug,,,i:cortex-m4-debug,,i:freertos-debug,i:freertos-debug,i:freertos-firmware_injector,i:freertos-firmware_injector,i:Debug;freertos-debug,,,,i:Debug;freertos-debug,i:Debug;freertos-debug,i:Debug;freertos-debug
src/kernel/core/ucore/freeRTOS_8-0-0/source/include/queue.h,1,différé,i:cortex-m4-debug,,,i:*,i:*,i:Debug,,,,i:*,i:*,,,,i:Debug,i:Debug,,,,lib-debug;tauon-kernel-arm926ejs-freertos-debug;tauon-kernel-cortex-m4f-freertos-debug i:tauon-kernel-arm926ejs-debug;tauon-kernel-cortex-m3-debug;tauon-kernel-cortex-m4-debug,lib-debug;tauon-kernel-arm926ejs-freertos-debug;tauon-kernel-cortex-m0+-freertos-debug;tauon-kernel-cortex-m4f-freertos-debug i:tauon-kernel-arm926ejs-debug;tauon-kernel-cortex-m3-debug;tauon-kernel-cortex-m4-debug,lib-debug;tauon-kernel-arm926ejs-freertos-debug;tauon-kernel-cortex-m0+-freertos-debug;tauon-kernel-cortex-m4f-freertos-debug i:tauon-kernel-arm926ejs-debug;tauon-kernel-cortex-m3-debug;tauon-kernel-cortex-m4-debug;tauon-kernel-cortex-m7-debug,lib-debug;tauon-kernel-arm926ejs-freertos-debug;tauon-kernel-cortex-m0+-freertos-debug;tauon-kernel-cortex-m4f-freertos-debug i:tauon-kernel-arm926ejs-debug;tauon-kernel-cortex-m3-debug;tauon-kernel-cortex-m4-debug;tauon-kernel-cortex-m7-debug,lib-debug;tauon-kernel-arm926ejs-freertos-debug;tauon-kernel-cortex-m0+-freertos-debug;tauon-kernel-cortex-m4f-freertos-debug i:tauon-kernel-arm926ejs-debug;tauon-kernel-cortex-m3-debug;tauon-kernel-cortex-m4-debug;tauon-kernel-cortex-m7-debug,i:Debug,i:Debug,i:Debug,i:Debug,,,i:Debug,,,i:cortex-m4-debug,,i:freertos-debug,i:freertos-debug,i:freertos-firmware_injector,i:freertos-firmware_injector,i:Debug;freertos-debug,,,,i:Debug;freertos-debug,i:Debug;freertos-debug,i:Debug;freertos-debug
src/kernel/core/ucore/freeRTOS_8-0-0/source/include/semphr.h,1,différé,i:cortex-m4-debug,,,i:*,i:*,i:Debug,,,,i:*,i:*,,,,i:Debug,i:Debug,,,,lib-debug;tauon-kernel-arm926ejs-freertos-debug;tauon-kernel-cortex-m4f-freertos-debug i:tauon-kernel-arm926ejs-debug;tauon-kernel-cortex-m3-debug;tauon-kernel-cortex-m4-debug,lib-debug;tauon-kernel-arm926ejs-freertos-debug;tauon-kernel-cortex-m0+-freertos-debug;tauon-kernel-cortex-m4f-freertos-debug i:tauon-kernel-arm926ejs-debug;tauon-kernel-cortex-m3-debug;tauon-kernel-cortex-m4-debug,lib-debug;tauon-kernel-arm926ejs-freertos-debug;tauon-kernel-cortex-m0+-freertos-debug;tauon-kernel-cortex-m4f-freertos-debug i:tauon-kernel-arm926ejs-debug;tauon-kernel-cortex-m3-debug;tauon-kernel-cortex-m4-debug;tauon-kernel-cortex-m7-debug,lib-debug;tauon-kernel-arm926ejs-freertos-debug;tauon-kernel-cortex-m0+-freertos-debug;tauon-kernel-cortex-m4f-freertos-debug i:tauon-kernel-arm926ejs-debug;tauon-kernel-cortex-m3-debug;tauon-kernel-cortex-m4-debug;tauon-kernel-cortex-m7-debug,lib-debug;tauon-kernel-arm926ejs-freertos-debug;tauon-kernel-cortex-m0+-freertos-debug;tauon-kernel-cortex-m4f-freertos-debug i:tauon-kernel-arm926ejs-debug;tauon-kernel-cortex-m3-debug;tauon-kernel-cortex-m4-debug;tauon-kernel-cortex-m7-debug,i:Debug,i:Debug,i:Debug,i:Debug,,,i:Debug,,,i:cortex-m4-debug,,i:freertos-debug,i:freertos-debug,i:freertos-firmware_injector,i:freertos-firmware_injector,i:Debug;freertos-debug,,,,i:Debug;freertos-debug,i:Debug;freertos-debug,i:Debug;freertos-debug
src/kernel/core/ucore/freeRTOS_8-0-0/source/include/task.h,1,différé,i:cortex-m4-debug,,,i:*,i:*,i:Debug,,,,i:*,i:*,,,,i:Debug,i:Debug,,,,lib-debug;tauon-kernel-arm926ejs-freertos-debug;tauon-kernel-cortex-m4f-freertos-debug i:tauon-kernel-arm926ejs-debug;tauon-kernel-cortex-m3-debug;tauon-kernel-cortex-m4-debug,lib-debug;tauon-kernel-arm926ejs-freertos-debug;tauon-kernel-cortex-m0+-freertos-debug;tauon-kernel-cortex-m4f-freertos-debug i:tauon-kernel-arm926ejs-debug;tauon-kernel-cortex-m3-debug;tauon-kernel-cortex-m4-debug,lib-debug;tauon-kernel-arm926ejs-freertos-debug;tauon-kernel-cortex-m0+-freertos-debug;tauon-kernel-cortex-m4f-freertos-debug i:tauon-kernel-arm926ejs-debug;tauon-kernel-cortex-m3-debug;tauon-kernel-cortex-m4-debug;tauon-kernel-cortex-m7-debug,lib-debug;tauon-kernel-arm926ejs-freertos-debug;tauon-kernel-cortex-m0+-freertos-debug;tauon-kernel-cortex-m4f-freertos-debug i:tauon-kernel-arm926ejs-debug;tauon-kernel-cortex-m3-debug;tauon-kernel-cortex-m4-debug;tauon-kernel-cortex-m7-debug,lib-debug;tauon-kernel-arm926ejs-freertos-debug;tauon-kernel-cortex-m0+-freertos-debug;tauon-kernel-cortex-m4f-freertos-debug i:tauon-kernel-arm926ejs-debug;tauon-kernel-cortex-m3-debug;tauon-kernel-cortex-m4-debug;tauon-kernel-cortex-m7-debug,i:Debug,i:Debug,i:Debug,i:Debug,,,i:Debug,,,i:cortex-m4-debug,,i:freertos-debug,i:freertos-debug,i:freertos-firmware_injector,i:freertos-firmware_injector,i:Debug;freertos-debug,,,,i:Debug;freertos-debug,i:Debug;freertos-debug,i:Debug;freertos-debug
src/kernel/core/ucore/freeRTOS_8-0-0/source/include/timers.h,1,différé,i:cortex-m4-debug,,,i:*,i:*,i:Debug,,,,i:*,i:*,,,,i:Debug,i:Debug,,,,lib-debug;tauon-kernel-arm926ejs-freertos-debug;tauon-kernel-cortex-m4f-freertos-debug i:tauon-kernel-arm926ejs-debug;tauon-kernel-cortex-m3-debug;tauon-kernel-cortex-m4-debug,lib-debug;tauon-kernel-arm926ejs-freertos-debug;tauon-kernel-cortex-m0+-freertos-debug;tauon-kernel-cortex-m4f-freertos-debug i:tauon-kernel-arm926ejs-debug;tauon-kernel-cortex-m3-debug;tauon-kernel-cortex-m4-debug,lib-debug;tauon-kernel-arm926ejs-freertos-debug;tauon-kernel-cortex-m0+-freertos-debug;tauon-kernel-cortex-m4f-freertos-debug i:tauon-kernel-arm926ejs-debug;tauon-kernel-cortex-m3-debug;tauon-kernel-cortex-m4-debug;tauon-kernel-cortex-m7-debug,lib-debug;tauon-kernel-arm926ejs-freertos-debug;tauon-kernel-cortex-m0+-freertos-debug;tauon-kernel-cortex-m4f-freertos-debug i:tauon-kernel-arm926ejs-debug;tauon-kernel-cortex-m3-debug;tauon-kernel-cortex-m4-debug;tauon-kernel-cortex-m7-debug,lib-debug;tauon-kernel-arm926ejs-freertos-debug;tauon-kernel-cortex-m0+-freertos-debug;tauon-kernel-cortex-m4f-freertos-debug i:tauon-kernel-arm926ejs-debug;tauon-kernel-cortex-m3-debug;tauon-kernel-cortex-m4-debug;tauon-kernel-cortex-m7-debug,i:Debug,i:Debug,i:Debug,i:Debug,,,i:Debug,,,i:cortex-m4-debug,,i:freertos-debug,i:freertos-debug,i:freertos-firmware_injector,i:freertos-firmware_injector,i:Debug;freertos-debug,,,,i:Debug;freertos-debug,i:Debug;freertos-debug,i:Debug;freertos-debug
src/kernel/core/ucore/freeRTOS_8-0-0/source/list.c,1,différé,,,,,,,,,,,,,,,,,,,,lib-debug;tauon-kernel-arm926ejs-freertos-debug;tauon-kernel-cortex-m4f-freertos-debug,lib-debug;tauon-kernel-arm926ejs-freertos-debug;tauon-kernel-cortex-m0+-freertos-debug;tauon-kernel-cortex-m4f-freertos-debug,lib-debug;tauon-kernel-arm926ejs-freertos-debug;tauon-kernel-cortex-m0+-freertos-debug;tauon-kernel-cortex-m4f-freertos-debug,lib-debug;tauon-kernel-arm926ejs-freertos-debug;tauon-kernel-cortex-m0+-freertos-debug;tauon-kernel-cortex-m4f-freertos-debug,lib-debug;tauon-kernel-arm926ejs-freertos-debug;tauon-kernel-cortex-m0+-freertos-debug;tauon-kernel-cortex-m4f-freertos-debug,,,,,,,,,,,,,,,,,,,,,,
src/kernel/core/ucore/freeRTOS_8-0-0/source/portable/IAR/ARM_CM0/port.c,1,différé,,,,,,,,,,,,,,,,,,,,,lib-debug;tauon-kernel-cortex-m0+-freertos-debug,lib-debug;tauon-kernel-cortex-m0+-freertos-debug,lib-debug;tauon-kernel-cortex-m0+-freertos-debug,lib-debug;tauon-kernel-cortex-m0+-freertos-debug,,,,,,,,,,,,,,,,,,,,,,
src/kernel/core/ucore/freeRTOS_8-0-0/source/portable/IAR/ARM_CM0/portasm.s,1,différé,,,,,,,,,,,,,,,,,,,,,lib-debug;tauon-kernel-cortex-m0+-freertos-debug,lib-debug;tauon-kernel-cortex-m0+-freertos-debug,lib-debug;tauon-kernel-cortex-m0+-freertos-debug,lib-debug;tauon-kernel-cortex-m0+-freertos-debug,,,,,,,,,,,,,,,,,,,,,,
src/kernel/core/ucore/freeRTOS_8-0-0/source/portable/IAR/ARM_CM0/portmacro.h,1,différé,,,,,,i:Debug,,,,,,,,,,,,,,,lib-debug;tauon-kernel-cortex-m0+-freertos-debug,lib-debug;tauon-kernel-cortex-m0+-freertos-debug,lib-debug;tauon-kernel-cortex-m0+-freertos-debug,lib-debug;tauon-kernel-cortex-m0+-freertos-debug,,,,i:Debug,,,,,,,,,,,,i:Debug;freertos-debug,,,,,,
src/kernel/core/ucore/freeRTOS_8-0-0/source/portable/IAR/ARM_CM3/portmacro.h,1,différé,i:cortex-m4-debug,,,i:*,i:*,i:Debug,,,,i:*,i:*,,,,i:Debug,i:Debug,,,,i:*,i:*,i:lib-debug;tauon-kernel-arm926ejs-debug;tauon-kernel-arm926ejs-freertos-debug;tauon-kernel-cortex-m0+-freertos-debug;tauon-kernel-cortex-m3-debug;tauon-kernel-cortex-m4-debug;tauon-kernel-cortex-m4f-freertos-debug;tauon-kernel-cortex-m7-debug,i:lib-debug;tauon-kernel-arm926ejs-debug;tauon-kernel-arm926ejs-freertos-debug;tauon-kernel-cortex-m0+-freertos-debug;tauon-kernel-cortex-m3-debug;tauon-kernel-cortex-m4-debug;tauon-kernel-cortex-m4f-freertos-debug;tauon-kernel-cortex-m7-debug,i:lib-debug;tauon-kernel-arm926ejs-debug;tauon-kernel-arm926ejs-freertos-debug;tauon-kernel-cortex-m0+-freertos-debug;tauon-kernel-cortex-m3-debug;tauon-kernel-cortex-m4-debug;tauon-kernel-cortex-m4f-freertos-debug;tauon-kernel-cortex-m7-debug,i:Debug,i:Debug,i:Debug,i:Debug,,,i:Debug,,,i:cortex-m4-debug,,i:freertos-debug,i:freertos-debug,i:freertos-firmware_injector,i:freertos-firmware_injector,i:Debug;freertos-debug,,,,i:Debug;freertos-debug,i:Debug;freertos-debug,i:Debug;freertos-debug
src/kernel/core/ucore/freeRTOS_8-0-0/source/portable/IAR/ARM_CM4F/port.c,1,différé,,,,,,,,,,,,,,,,,,,,lib-debug;tauon-kernel-cortex-m4f-freertos-debug,lib-debug;tauon-kernel-cortex-m4f-freertos-debug,lib-debug;tauon-kernel-cortex-m4f-freertos-debug,lib-debug;tauon-kernel-cortex-m4f-freertos-debug,lib-debug;tauon-kernel-cortex-m4f-freertos-debug,,,,,,,,,,,,,,,,,,,,,,
src/kernel/core/ucore/freeRTOS_8-0-0/source/portable/IAR/ARM_CM4F/portasm.s,1,différé,,,,,,,,,,,,,,,,,,,,lib-debug;tauon-kernel-cortex-m4f-freertos-debug,lib-debug;tauon-kernel-cortex-m4f-freertos-debug,lib-debug;tauon-kernel-cortex-m4f-freertos-debug,lib-debug;tauon-kernel-cortex-m4f-freertos-debug,lib-debug;tauon-kernel-cortex-m4f-freertos-debug,,,,,,,,,,,,,,,,,,,,,,
src/kernel/core/ucore/freeRTOS_8-0-0/source/portable/IAR/ARM_CM4F/portmacro.h,1,différé,i:cortex-m4-debug,,,,,,,,,i:*,i:*,,,,i:Debug,i:Debug,,,,lib-debug;tauon-kernel-cortex-m4f-freertos-debug i:tauon-kernel-cortex-m3-debug;tauon-kernel-cortex-m4-debug,lib-debug;tauon-kernel-cortex-m4f-freertos-debug i:tauon-kernel-cortex-m3-debug;tauon-kernel-cortex-m4-debug,lib-debug;tauon-kernel-cortex-m4f-freertos-debug i:tauon-kernel-cortex-m3-debug;tauon-kernel-cortex-m4-debug;tauon-kernel-cortex-m7-debug,lib-debug;tauon-kernel-cortex-m4f-freertos-debug i:tauon-kernel-cortex-m3-debug;tauon-kernel-cortex-m4-debug;tauon-kernel-cortex-m7-debug,lib-debug;tauon-kernel-cortex-m4f-freertos-debug i:tauon-kernel-cortex-m3-debug;tauon-kernel-cortex-m4-debug;tauon-kernel-cortex-m7-debug,i:Debug,i:Debug,i:Debug,,,,i:Debug,,,i:cortex-m4-debug,,i:freertos-debug,i:freertos-debug,,,,,,,i:Debug;freertos-debug,i:Debug;freertos-debug,i:Debug;freertos-debug
src/kernel/core/ucore/freeRTOS_8-0-0/source/portable/IAR/AtmelSAM9XE/ISR_Support.h,1,différé,,,,,,,,,,,,,,,,,,,,lib-debug;tauon-kernel-arm926ejs-freertos-debug,lib-debug;tauon-kernel-arm926ejs-freertos-debug,lib-debug;tauon-kernel-arm926ejs-freertos-debug,lib-debug;tauon-kernel-arm926ejs-freertos-debug,lib-debug;tauon-kernel-arm926ejs-freertos-debug,,,,,,,,,,,,,,i:firmware;freertos-firmware_injector,i:firmware;freertos-firmware_injector,,,,,,,
src/kernel/core/ucore/freeRTOS_8-0-0/source/portable/IAR/AtmelSAM9XE/port.c,1,différé,,,,,,,,,,,,,,,,,,,,lib-debug;tauon-kernel-arm926ejs-freertos-debug,lib-debug;tauon-kernel-arm926ejs-freertos-debug,lib-debug;tauon-kernel-arm926ejs-freertos-debug,lib-debug;tauon-kernel-arm926ejs-freertos-debug,lib-debug;tauon-kernel-arm926ejs-freertos-debug,,,,,,,,,,,,,,,,,,,,,,
src/kernel/core/ucore/freeRTOS_8-0-0/source/portable/IAR/AtmelSAM9XE/portasm.s79,1,différé,,,,,,,,,,,,,,,,,,,,lib-debug;tauon-kernel-arm926ejs-freertos-debug,lib-debug;tauon-kernel-arm926ejs-freertos-debug,lib-debug;tauon-kernel-arm926ejs-freertos-debug,lib-debug;tauon-kernel-arm926ejs-freertos-debug,lib-debug;tauon-kernel-arm926ejs-freertos-debug,,,,,,,,,,,,,,,,,,,,,,
src/kernel/core/ucore/freeRTOS_8-0-0/source/portable/IAR/AtmelSAM9XE/portmacro.h,1,différé,i:cortex-m4-debug,,,i:*,i:*,i:Debug,,,,i:*,i:*,,,,i:Debug,i:Debug,,,,lib-debug;tauon-kernel-arm926ejs-freertos-debug i:tauon-kernel-arm926ejs-debug;tauon-kernel-cortex-m3-debug;tauon-kernel-cortex-m4-debug;tauon-kernel-cortex-m4f-freertos-debug,lib-debug;tauon-kernel-arm926ejs-freertos-debug i:tauon-kernel-arm926ejs-debug;tauon-kernel-cortex-m0+-freertos-debug;tauon-kernel-cortex-m3-debug;tauon-kernel-cortex-m4-debug;tauon-kernel-cortex-m4f-freertos-debug,lib-debug;tauon-kernel-arm926ejs-freertos-debug i:tauon-kernel-arm926ejs-debug;tauon-kernel-cortex-m0+-freertos-debug;tauon-kernel-cortex-m3-debug;tauon-kernel-cortex-m4-debug;tauon-kernel-cortex-m4f-freertos-debug;tauon-kernel-cortex-m7-debug,lib-debug;tauon-kernel-arm926ejs-freertos-debug i:tauon-kernel-arm926ejs-debug;tauon-kernel-cortex-m0+-freertos-debug;tauon-kernel-cortex-m3-debug;tauon-kernel-cortex-m4-debug;tauon-kernel-cortex-m4f-freertos-debug;tauon-kernel-cortex-m7-debug,lib-debug;tauon-kernel-arm926ejs-freertos-debug i:tauon-kernel-arm926ejs-debug;tauon-kernel-cortex-m0+-freertos-debug;tauon-kernel-cortex-m3-debug;tauon-kernel-cortex-m4-debug;tauon-kernel-cortex-m4f-freertos-debug;tauon-kernel-cortex-m7-debug,i:Debug,i:Debug,i:Debug,i:Debug,,,i:Debug,,,i:cortex-m4-debug,,i:freertos-debug,i:freertos-debug,i:freertos-firmware_injector,i:freertos-firmware_injector,i:Debug;freertos-debug,,,,i:Debug;freertos-debug,i:Debug;freertos-debug,i:Debug;freertos-debug
src/kernel/core/ucore/freeRTOS_8-0-0/source/portable/MemMang/heap_2.c,1,différé,,,,,,,,,,,,,,,,,,,,lib-debug;tauon-kernel-arm926ejs-freertos-debug;tauon-kernel-cortex-m4f-freertos-debug,lib-debug;tauon-kernel-arm926ejs-freertos-debug,lib-debug;tauon-kernel-arm926ejs-freertos-debug,lib-debug;tauon-kernel-arm926ejs-freertos-debug,lib-debug;tauon-kernel-arm926ejs-freertos-debug,,,,,,,,,,,,,,,,,,,,,,
src/kernel/core/ucore/freeRTOS_8-0-0/source/portable/MemMang/heap_3.c,1,différé,,,,,,,,,,,,,,,,,,,,lib-debug;tauon-kernel-cortex-m4f-freertos-debug,lib-debug;tauon-kernel-cortex-m0+-freertos-debug;tauon-kernel-cortex-m4f-freertos-debug,lib-debug;tauon-kernel-cortex-m0+-freertos-debug;tauon-kernel-cortex-m4f-freertos-debug,lib-debug;tauon-kernel-cortex-m0+-freertos-debug;tauon-kernel-cortex-m4f-freertos-debug,lib-debug;tauon-kernel-cortex-m0+-freertos-debug;tauon-kernel-cortex-m4f-freertos-debug,,,,,,,,,,,,,,,,,,,,,,
src/kernel/core/ucore/freeRTOS_8-0-0/source/queue.c,1,différé,,,,,,,,,,,,,,,,,,,,lib-debug;tauon-kernel-arm926ejs-freertos-debug;tauon-kernel-cortex-m4f-freertos-debug,lib-debug;tauon-kernel-arm926ejs-freertos-debug;tauon-kernel-cortex-m0+-freertos-debug;tauon-kernel-cortex-m4f-freertos-debug,lib-debug;tauon-kernel-arm926ejs-freertos-debug;tauon-kernel-cortex-m0+-freertos-debug;tauon-kernel-cortex-m4f-freertos-debug,lib-debug;tauon-kernel-arm926ejs-freertos-debug;tauon-kernel-cortex-m0+-freertos-debug;tauon-kernel-cortex-m4f-freertos-debug,lib-debug;tauon-kernel-arm926ejs-freertos-debug;tauon-kernel-cortex-m0+-freertos-debug;tauon-kernel-cortex-m4f-freertos-debug,,,,,,,,,,,,,,,,,,,,,,
src/kernel/core/ucore/freeRTOS_8-0-0/source/tasks.c,1,différé,,,,,,,,,,,,,,,,,,,,lib-debug;tauon-kernel-arm926ejs-freertos-debug;tauon-kernel-cortex-m4f-freertos-debug,lib-debug;tauon-kernel-arm926ejs-freertos-debug;tauon-kernel-cortex-m0+-freertos-debug;tauon-kernel-cortex-m4f-freertos-debug,lib-debug;tauon-kernel-arm926ejs-freertos-debug;tauon-kernel-cortex-m0+-freertos-debug;tauon-kernel-cortex-m4f-freertos-debug,lib-debug;tauon-kernel-arm926ejs-freertos-debug;tauon-kernel-cortex-m0+-freertos-debug;tauon-kernel-cortex-m4f-freertos-debug,lib-debug;tauon-kernel-arm926ejs-freertos-debug;tauon-kernel-cortex-m0+-freertos-debug;tauon-kernel-cortex-m4f-freertos-debug,,,,,,,,,,,,,,,,,,,,,,
src/kernel/core/ucore/freeRTOS_8-0-0/source/timers.c,1,différé,,,,,,,,,,,,,,,,,,,,lib-debug;tauon-kernel-arm926ejs-freertos-debug;tauon-kernel-cortex-m4f-freertos-debug,lib-debug;tauon-kernel-arm926ejs-freertos-debug;tauon-kernel-cortex-m0+-freertos-debug;tauon-kernel-cortex-m4f-freertos-debug,lib-debug;tauon-kernel-arm926ejs-freertos-debug;tauon-kernel-cortex-m0+-freertos-debug;tauon-kernel-cortex-m4f-freertos-debug,lib-debug;tauon-kernel-arm926ejs-freertos-debug;tauon-kernel-cortex-m0+-freertos-debug;tauon-kernel-cortex-m4f-freertos-debug,lib-debug;tauon-kernel-arm926ejs-freertos-debug;tauon-kernel-cortex-m0+-freertos-debug;tauon-kernel-cortex-m4f-freertos-debug,,,,,,,,,,,,,,,,,,,,,,
src/kernel/core/ucore/freeRTOS_9-0-0/source/arch/cortex-m0+/at91samd20/FreeRTOSConfig.h,1,différé,,,,,,,i:Debug,,,,,,,,,,,,,,,,,,,,,,,,,,,,,,,,,,,,,,,
src/kernel/core/ucore/freeRTOS_9-0-0/source/arch/cortex-m7/at91samv71/FreeRTOSConfig.h,1,différé,,,,,,,,,,,,,,,,,,,,,,i:tauon-kernel-cortex-m4m7-freertosv9-debug,i:tauon-kernel-cortex-m4m7-freertosv9-debug,i:tauon-kernel-cortex-m4m7-freertosv9-debug,,,,,,,,,,,,,,,,,,,,,,
src/kernel/core/ucore/freeRTOS_9-0-0/source/include/FreeRTOS.h,1,différé,i:cortex-m7-debug,,,,,,i:Debug;samv71-freertos-debug,,,,,,,,,,,,,,,i:tauon-kernel-cortex-m4m7-freertosv9-debug,i:tauon-kernel-cortex-m4m7-freertosv9-debug,i:tauon-kernel-cortex-m4m7-freertosv9-debug,,,,,i:freertos-debug,i:freertos-debug,,,,,,,,,,,i:freertos-debug,,,,,
src/kernel/core/ucore/freeRTOS_9-0-0/source/include/deprecated_definitions.h,1,différé,i:cortex-m7-debug,,,,,,i:Debug;samv71-freertos-debug,,,,,,,,,,,,,,,i:tauon-kernel-cortex-m4m7-freertosv9-debug,i:tauon-kernel-cortex-m4m7-freertosv9-debug,i:tauon-kernel-cortex-m4m7-freertosv9-debug,,,,,i:freertos-debug,i:freertos-debug,,,,,,,,,,,i:freertos-debug,,,,,
src/kernel/core/ucore/freeRTOS_9-0-0/source/include/event_groups.h,1,différé,i:cortex-m7-debug,,,,,,i:Debug;samv71-freertos-debug,,,,,,,,,,,,,,,i:tauon-kernel-cortex-m4m7-freertosv9-debug,i:tauon-kernel-cortex-m4m7-freertosv9-debug,i:tauon-kernel-cortex-m4m7-freertosv9-debug,,,,,i:freertos-debug,i:freertos-debug,,,,,,,,,,,i:freertos-debug,,,,,
src/kernel/core/ucore/freeRTOS_9-0-0/source/include/list.h,1,différé,i:cortex-m7-debug,,,,,,i:Debug;samv71-freertos-debug,,,,,,,,,,,,,,,i:tauon-kernel-cortex-m4m7-freertosv9-debug,i:tauon-kernel-cortex-m4m7-freertosv9-debug,i:tauon-kernel-cortex-m4m7-freertosv9-debug,,,,,i:freertos-debug,i:freertos-debug,,,,,,,,,,,i:freertos-debug,,,,,
src/kernel/core/ucore/freeRTOS_9-0-0/source/include/mpu_wrappers.h,1,différé,i:cortex-m7-debug,,,,,,i:Debug;samv71-freertos-debug,,,,,,,,,,,,,,,i:tauon-kernel-cortex-m4m7-freertosv9-debug,i:tauon-kernel-cortex-m4m7-freertosv9-debug,i:tauon-kernel-cortex-m4m7-freertosv9-debug,,,,,i:freertos-debug,i:freertos-debug,,,,,,,,,,,i:freertos-debug,,,,,
src/kernel/core/ucore/freeRTOS_9-0-0/source/include/portable.h,1,différé,i:cortex-m7-debug,,,,,,i:Debug;samv71-freertos-debug,,,,,,,,,,,,,,,i:tauon-kernel-cortex-m4m7-freertosv9-debug,i:tauon-kernel-cortex-m4m7-freertosv9-debug,i:tauon-kernel-cortex-m4m7-freertosv9-debug,,,,,i:freertos-debug,i:freertos-debug,,,,,,,,,,,i:freertos-debug,,,,,
src/kernel/core/ucore/freeRTOS_9-0-0/source/include/projdefs.h,1,différé,i:cortex-m7-debug,,,,,,i:Debug;samv71-freertos-debug,,,,,,,,,,,,,,,i:tauon-kernel-cortex-m4m7-freertosv9-debug,i:tauon-kernel-cortex-m4m7-freertosv9-debug,i:tauon-kernel-cortex-m4m7-freertosv9-debug,,,,,i:freertos-debug,i:freertos-debug,,,,,,,,,,,i:freertos-debug,,,,,
src/kernel/core/ucore/freeRTOS_9-0-0/source/include/queue.h,1,différé,i:cortex-m7-debug,,,,,,i:Debug;samv71-freertos-debug,,,,,,,,,,,,,,,i:tauon-kernel-cortex-m4m7-freertosv9-debug,i:tauon-kernel-cortex-m4m7-freertosv9-debug,i:tauon-kernel-cortex-m4m7-freertosv9-debug,,,,,i:freertos-debug,i:freertos-debug,,,,,,,,,,,i:freertos-debug,,,,,
src/kernel/core/ucore/freeRTOS_9-0-0/source/include/semphr.h,1,différé,i:cortex-m7-debug,,,,,,i:Debug;samv71-freertos-debug,,,,,,,,,,,,,,,i:tauon-kernel-cortex-m4m7-freertosv9-debug,i:tauon-kernel-cortex-m4m7-freertosv9-debug,i:tauon-kernel-cortex-m4m7-freertosv9-debug,,,,,i:freertos-debug,i:freertos-debug,,,,,,,,,,,i:freertos-debug,,,,,
src/kernel/core/ucore/freeRTOS_9-0-0/source/include/task.h,1,différé,i:cortex-m7-debug,,,,,,i:Debug;samv71-freertos-debug,,,,,,,,,,,,,,,i:tauon-kernel-cortex-m4m7-freertosv9-debug,i:tauon-kernel-cortex-m4m7-freertosv9-debug,i:tauon-kernel-cortex-m4m7-freertosv9-debug,,,,,i:freertos-debug,i:freertos-debug,,,,,,,,,,,i:freertos-debug,,,,,
src/kernel/core/ucore/freeRTOS_9-0-0/source/include/timers.h,1,différé,i:cortex-m7-debug,,,,,,i:Debug;samv71-freertos-debug,,,,,,,,,,,,,,,i:tauon-kernel-cortex-m4m7-freertosv9-debug,i:tauon-kernel-cortex-m4m7-freertosv9-debug,i:tauon-kernel-cortex-m4m7-freertosv9-debug,,,,,i:freertos-debug,i:freertos-debug,,,,,,,,,,,i:freertos-debug,,,,,
src/kernel/core/ucore/freeRTOS_9-0-0/source/portable/IAR/ARM_CM0/portmacro.h,1,différé,,,,,,,i:Debug,,,,,,,,,,,,,,,,,,,,,,,,,,,,,,,,,,,,,,,
src/kernel/core/ucore/freeRTOS_9-0-0/source/portable/IAR/ARM_CM3/portmacro.h,1,différé,i:cortex-m7-debug,,,,,,i:Debug;samv71-freertos-debug,,,,,,,,,,,,,,,i:tauon-kernel-cortex-m4m7-freertosv9-debug,i:tauon-kernel-cortex-m4m7-freertosv9-debug,i:tauon-kernel-cortex-m4m7-freertosv9-debug,,,,,i:freertos-debug,i:freertos-debug,,,,,,,,,,,i:freertos-debug,,,,,
src/kernel/core/ucore/freeRTOS_9-0-0/source/portable/IAR/ARM_CM7/r0p1/portmacro.h,1,différé,i:cortex-m7-debug,,,,,,i:samv71-freertos-debug,,,,,,,,,,,,,,,i:tauon-kernel-cortex-m4m7-freertosv9-debug,i:tauon-kernel-cortex-m4m7-freertosv9-debug,i:tauon-kernel-cortex-m4m7-freertosv9-debug,,,,,i:freertos-debug,i:freertos-debug,,,,,,,,,,,i:freertos-debug,,,,,
src/kernel/core/usb/stm32_usb_core/usb_core.c,1,différé,,,,,,,,,,,,,,,,*,*,,,,,,,,,,,,,,,,,,,,,,,,,,,,,
src/kernel/core/usb/stm32_usb_core/usb_core.h,1,différé,,,,,,,,,,,,,,,i:Debug,*,*,,,,,,,,,,,,,,,,,,,,,,,,,,,,,
src/kernel/core/usb/stm32_usb_core/usb_core_audio.c,1,différé,,,,,,,,,,,,,,,*,*,*,,,,,,,,,,,,,,,,,,,,,,,,,,,,,
src/kernel/core/usb/stm32_usb_core/usb_core_audio.h,1,différé,,,,,,,,,,,,,,,*,*,*,,,,,,,,,,,,,,,,,,,,,,,,,,,,,
src/kernel/core/usb/stm32_usb_core/usb_core_storage.c,1,différé,,,,,,,,,,,,,,,,*,*,,,,,,,,,,,,,,,,,,,,,,,,,,,,,
src/kernel/core/usb/stm32_usb_core/usb_core_storage.h,1,différé,,,,,,,,,,,,,,,,*,*,,,,,,,,,,,,,,,,,,,,,,,,,,,,,
src/kernel/core/ver.h,1,actif,i:*,i:*,,i:*,i:*,i:Debug,i:Debug;samv71-freertos-debug,i:*,i:*,i:*,i:*,i:*,i:Debug,i:Debug,i:Debug,i:Debug,i:Debug,*,*,*,*,*,*,*,i:Debug,i:Debug,i:Debug,i:Debug,i:freertos-debug,i:freertos-debug,i:Debug,i:Debug,i:Debug,i:*,,i:Debug;freertos-debug,i:Debug;freertos-debug,i:firmware;firmware_injector;freertos-firmware_injector,i:firmware;firmware_injector;freertos-firmware_injector,i:Debug;freertos-debug,i:Debug;freertos-debug,i:Debug,i:Debug,i:Debug;freertos-debug,i:Debug;freertos-debug,i:Debug;freertos-debug
src/kernel/core/wait.c,1,actif,,,,,,,,,,,,,,,,,,*,*,*,*,*,*,*,,,,,,,,,,,,,,,,,,,,,,
src/kernel/core/wait.h,1,actif,,,,,,,,,,,,,,,,,,*,*,*,*,*,*,*,,,,,,,,,,i:*,,,,i:firmware;firmware_injector;freertos-firmware_injector,i:firmware;firmware_injector;freertos-firmware_injector,i:Debug;freertos-debug,i:Debug;freertos-debug,,i:Debug,i:Debug;freertos-debug,i:Debug;freertos-debug,
src/kernel/core/windef.h,1,gelé,,,,,,,,,,,,,,,,,,*,*,*,*,*,*,*,,,,,,,,,,,,,,,,,,,,,,
src/kernel/core/windows.h,1,gelé,,,,,,,,,,,,,,,,,,*,*,*,*,*,*,*,,,,,,,,,,,,,,,,,,,,,,
src/kernel/core/winnt.h,1,gelé,,,,,,,,,,,,,,,,,,*,*,*,*,*,*,*,,,,,,,,,,,,,,,,,,,,,,
src/kernel/dev/arch/all/debug/dev_os_debug.c,1,actif,,,,,,,,,,,,,,,,,,,,*,*,*,*,*,,,,,,,,,,,,,,,,,,,,,,
src/kernel/dev/arch/all/debug/dev_os_debug.h,1,actif,,,,,,,,,,,,,,,,,,,,*,*,*,*,*,,,,,,,,,,,,,,,,,,,,,,
src/kernel/dev/arch/all/eth/common/dev_eth_common.h,1,gelé,,,,i:*,i:*,,,,,,,,,,,,,i:*,,i:tauon-kernel-arm926ejs-debug;tauon-kernel-arm926ejs-freertos-debug,i:tauon-kernel-arm926ejs-debug;tauon-kernel-arm926ejs-freertos-debug,i:tauon-kernel-arm926ejs-debug;tauon-kernel-arm926ejs-freertos-debug,i:tauon-kernel-arm926ejs-debug;tauon-kernel-arm926ejs-freertos-debug,i:tauon-kernel-arm926ejs-debug;tauon-kernel-arm926ejs-freertos-debug,,,,,,,,,,,,,,i:firmware;firmware_injector;freertos-firmware_injector,i:firmware;firmware_injector;freertos-firmware_injector,,,,,,,
src/kernel/dev/arch/all/eth/dev_eth_dm9000a/dev_eth_dm9000a.c,1,gelé,,,,,,,,,,,,,,,,,,*,,tauon-kernel-arm926ejs-debug;tauon-kernel-arm926ejs-freertos-debug,tauon-kernel-arm926ejs-debug;tauon-kernel-arm926ejs-freertos-debug,tauon-kernel-arm926ejs-debug;tauon-kernel-arm926ejs-freertos-debug,tauon-kernel-arm926ejs-debug;tauon-kernel-arm926ejs-freertos-debug,tauon-kernel-arm926ejs-debug;tauon-kernel-arm926ejs-freertos-debug,,,,,,,,,,,,,,,,,,,,,,
src/kernel/dev/arch/all/eth/dev_eth_dm9000a/dev_eth_dm9000a.h,1,gelé,,,,i:*,i:*,,,,,,,,,,,,,i:*,,i:tauon-kernel-arm926ejs-debug;tauon-kernel-arm926ejs-freertos-debug,i:tauon-kernel-arm926ejs-debug;tauon-kernel-arm926ejs-freertos-debug,i:tauon-kernel-arm926ejs-debug;tauon-kernel-arm926ejs-freertos-debug,i:tauon-kernel-arm926ejs-debug;tauon-kernel-arm926ejs-freertos-debug,i:tauon-kernel-arm926ejs-debug;tauon-kernel-arm926ejs-freertos-debug,,,,,,,,,,,,,,i:firmware;firmware_injector;freertos-firmware_injector,i:firmware;firmware_injector;freertos-firmware_injector,,,,,,,
src/kernel/dev/arch/all/flash/amd/dev_flash_am29dlxxxx_1.c,1,actif,,,,,,,,,,,,,,,,,,*,*,*,*,*,*,*,,,,,,,,,,,,,,,,,,,,,,
src/kernel/dev/arch/all/flash/amd/dev_flash_am29dlxxxx_2.c,1,actif,,,,,,,,,,,,,,,,,,*,*,*,*,*,*,*,,,,,,,,,,,,,,,,,,,,,,
src/kernel/dev/arch/all/flash/amd/dev_flash_am29dlxxxx_3.c,1,actif,,,,,,,,,,,,,,,,,,*,*,*,*,*,*,*,,,,,,,,,,,,,,,,,,,,,,
src/kernel/dev/arch/all/flash/amd/dev_flash_nor_amd.c,1,actif,,,,,,,,,,,,,,,,,,*,*,*,*,*,*,*,,,,,,,,,,,,,,,,,,,,,,
src/kernel/dev/arch/all/flash/amd/dev_flash_nor_amd.h,1,actif,,,,,,,,,,,,,,,,,,*,*,*,*,*,*,*,,,,,,,,,,,,,,,,,,,,,,
src/kernel/dev/arch/all/flash/amd/lldapi/lld.c,1,actif,,,,,,,,,,,,,,,,,,*,*,*,*,*,*,*,,,,,,,,,,,,,,,,,,,,,,
src/kernel/dev/arch/all/flash/amd/lldapi/lld.h,1,actif,,,,,,,,,,,,,,,,,,*,*,*,*,*,*,*,,,,,,,,,,,,,,,,,,,,,,
src/kernel/dev/arch/all/flash/amd/lldapi/lld_target_specific.h,1,actif,,,,,,,,,,,,,,,,,,*,*,*,*,*,*,*,,,,,,,,,,,,,,,,,,,,,,
src/kernel/dev/arch/all/flash/amd/lldapi/trace.c,1,actif,,,,,,,,,,,,,,,,,,*,*,*,*,*,*,*,,,,,,,,,,,,,,,,,,,,,,
src/kernel/dev/arch/all/flash/amd/lldapi/trace.h,1,actif,,,,,,,,,,,,,,,,,,*,*,*,*,*,*,*,,,,,,,,,,,,,,,,,,,,,,
src/kernel/dev/arch/all/flash/dev_ftl/dev_ftl.c,1,actif,,,,,,,,,,,,,,,,,,*,*,*,*,*,*,*,,,,,,,,,,,,,,,,,,,,,,
src/kernel/dev/arch/all/flash/flash.c,1,actif,,,,,,,,,,,,,,,,,,*,*,*,*,*,*,*,,,,,,,,,,,,,,,,,,,,,,
src/kernel/dev/arch/all/flash/flash.h,1,actif,,,,,,,,,,,,,,,,,,*,*,*,*,*,*,*,,,,,,,,,,,,,,,,,,,,,,
src/kernel/dev/arch/all/i2c/bq/dev_bq24161_x.c,1,actif,,,,,,,,,,,,,,,,,,,,,,*,*,*,,,,,,,,,,,,,,,,,,,,,,
src/kernel/dev/arch/all/i2c/bq/dev_bq24161_x.h,1,actif,,,,,,,,,,,,,,,,,,,,,,*,*,*,,,,,,,,,,,,,,,,,,,,,,
src/kernel/dev/arch/all/i2c/bq/dev_bq27510_g3_x.c,1,actif,,,,,,,,,,,,,,,,,,,,,,*,*,*,,,,,,,,,,,,,,,,,,,,,,
src/kernel/dev/arch/all/i2c/bq/dev_bq27510_g3_x.h,1,actif,,,,,,,,,,,,,,,,,,,,,,*,*,*,,,,,,,,,,,,,,,,,,,,,,
src/kernel/dev/arch/all/i2c/dev_eeprom_24xxx.c,1,actif,,,,,,,,,,,,,,,,,,*,*,*,*,*,*,*,,,,,,,,,,,,,,,,,,,,,,
src/kernel/dev/arch/all/i2c/dev_eeprom_24xxx.h,1,actif,,,,,,,,,,,,,,,,,,*,*,*,*,*,*,*,,,,,,,,,,,,,,,,,,,,,,
src/kernel/dev/arch/all/i2c/dev_eeprom_24xxx_0.c,1,actif,,,,,,,,,,,,,,,,,,*,*,*,*,*,*,*,,,,,,,,,,,,,,,,,,,,,,
src/kernel/dev/arch/all/i2c/fram/dev_fram_24clxx.c,1,actif,,,,,,,,,,,,,,,,,,,,,,*,*,*,,,,,,,,,,,,,,,,,,,,,,
src/kernel/dev/arch/all/i2c/nxp-nfc/pn7150/dev_nxp_nfc_pn7150_x.c,1,différé,*,,,,,,,,,,,,,,,,,,,,,,,,,,,,,,,,,,,,,,,,,,,,,
src/kernel/dev/arch/all/i2c/nxp-nfc/pn7150/dev_nxp_nfc_pn7150_x.h,1,différé,*,,,,,,,,,,,,,,,,,,,,,,,,i:Debug,,,,,,,,,,,,,,,,,,,,,
src/kernel/dev/arch/all/i2c/rtc/dev_rtc_nxp_pca8565.c,1,actif,,,,,,,,,,,,,,,,,,,,,,*,*,*,,,,,,,,,,,,,,,,,,,,,,
src/kernel/dev/arch/all/i2c/rtc/dev_rtc_nxp_pca8565.h,1,actif,,,,,,,,,,,,,,,,,,,,,,*,*,*,,,,,,,,,,,,,,,,,,,,,,
src/kernel/dev/arch/all/lcd/dev_oled_ssd1305.c,1,actif,,,,,,,,,,,,,,,,,,,,,,*,*,*,,,,,,,,,,,,,,,,,,,,,,
src/kernel/dev/arch/all/lcd/dev_oled_ssd1305.h,1,actif,,,,,,,,,,,,,,,,,,,,,,*,*,*,i:Debug,,,,,,,,,,,,,,,,,,,,,
src/kernel/dev/arch/all/lcd/dev_oled_ssd1322.c,1,actif,,,,,,,,,,,,,,,,,,,,,*,*,*,*,,,,,,,,,,,,,,,,,,,,,,
src/kernel/dev/arch/all/lcd/dev_oled_ssd1322.h,1,actif,,,,,,,,,,,,,,,,,,,,,*,*,*,*,,,,,,,,,,,,,,,,,,,,,,
src/kernel/dev/arch/all/modem/simcom/dev_modem_simcom.c,1,actif,,,,,,,,,,,,,,,,,,,,,,*,*,*,,,,,,,,,,,,,,,,,,,,,,
src/kernel/dev/arch/all/modem/ublox/dev_modem_ublox_sarag3.c,1,actif,,,,,,,,,,,,,,,,,,,,,,*,*,*,,,,,,,,,,,,,,,,,,,,,,
src/kernel/dev/arch/all/modem/ublox/dev_modem_ublox_sarag3.h,1,actif,,,,,,,,,,,,,,,,,,,,,,*,*,*,,,,,,,,,,,,,,,,,,,,,,
src/kernel/dev/arch/all/ppp/dev_ppp_uip/ahdlc.c,1,actif,,,,,,,,,,,,,,,,,,,*,*,*,*,*,*,,,,,,,,,,,,,,,,,,,,,,
src/kernel/dev/arch/all/ppp/dev_ppp_uip/ahdlc.h,1,actif,,,,,,,,,,,,,,,,,,,*,*,*,*,*,*,,,,,,,,,,,,,,,,,,,,,,
src/kernel/dev/arch/all/ppp/dev_ppp_uip/dev_ppp_uip.c,1,actif,,,,,,,,,,,,,,,,,,,*,*,*,*,*,*,,,,,,,,,,,,,,,,,,,,,,
src/kernel/dev/arch/all/ppp/dev_ppp_uip/dev_ppp_uip.h,1,actif,,,,,,,,,,,,,,,,,,i:*,*,*,*,*,*,*,,,,,,,,,,,,,,,,,,,i:Debug,,,
src/kernel/dev/arch/all/ppp/dev_ppp_uip/ipcp.c,1,actif,,,,,,,,,,,,,,,,,,,*,*,*,*,*,*,,,,,,,,,,,,,,,,,,,,,,
src/kernel/dev/arch/all/ppp/dev_ppp_uip/ipcp.h,1,actif,,,,,,,,,,,,,,,,,,,*,*,*,*,*,*,,,,,,,,,,,,,,,,,,,,,,
src/kernel/dev/arch/all/ppp/dev_ppp_uip/ipv6cp.c,1,actif,,,,,,,,,,,,,,,,,,,*,*,*,*,*,*,,,,,,,,,,,,,,,,,,,,,,
src/kernel/dev/arch/all/ppp/dev_ppp_uip/ipv6cp.h,1,actif,,,,,,,,,,,,,,,,,,,*,*,*,*,*,*,,,,,,,,,,,,,,,,,,,,,,
src/kernel/dev/arch/all/ppp/dev_ppp_uip/lcp.c,1,actif,,,,,,,,,,,,,,,,,,,*,*,*,*,*,*,,,,,,,,,,,,,,,,,,,,,,
src/kernel/dev/arch/all/ppp/dev_ppp_uip/lcp.h,1,actif,,,,,,,,,,,,,,,,,,,*,*,*,*,*,*,,,,,,,,,,,,,,,,,,,,,,
src/kernel/dev/arch/all/ppp/dev_ppp_uip/pap.c,1,actif,,,,,,,,,,,,,,,,,,,*,*,*,*,*,*,,,,,,,,,,,,,,,,,,,,,,
src/kernel/dev/arch/all/ppp/dev_ppp_uip/pap.h,1,actif,,,,,,,,,,,,,,,,,,,*,*,*,*,*,*,,,,,,,,,,,,,,,,,,,,,,
src/kernel/dev/arch/all/ppp/dev_ppp_uip/ppp.c,1,actif,,,,,,,,,,,,,,,,,,,*,*,*,*,*,*,,,,,,,,,,,,,,,,,,,,,,
src/kernel/dev/arch/all/ppp/dev_ppp_uip/ppp.h,1,actif,,,,,,,,,,,,,,,,,,,*,*,*,*,*,*,,,,,,,,,,,,,,,,,,,,,,
src/kernel/dev/arch/all/sdcard/dev_sdcard.c,1,gelé,,,,,,,,,,,,,,,,,,*,,,,,,,,,,,,,,,,,,,,,,,,,,,,
src/kernel/dev/arch/all/sdcard/dev_sdcard.h,1,gelé,,,,,,,,,,,,,,,,,,*,,,,,,,,,,,,,,,,,,,,,,,,,,,,
src/kernel/dev/arch/all/sdcard/drv_sdcard.c,1,gelé,,,,,,,,,,,,,,,,,,*,,,,,,,,,,,,,,,,,,,,,,,,,,,,
src/kernel/dev/arch/all/sdcard/drv_sdcard.h,1,gelé,,,,,,,,,,,,,,,,,,*,,,,,,,,,,,,,,,,,,,,,,,,,,,,
src/kernel/dev/arch/all/sdcard/drv_sdcard_arch.h,1,gelé,,,,,,,,,,,,,,,,,,*,,,,,,,,,,,,,,,,,,,,,,,,,,,,
src/kernel/dev/arch/all/slip/dev_slip.c,1,actif,,,,,,,,,,,,,,,,,,*,*,*,*,*,*,*,,,,,,,,,,,,,,,,,,,,,,
src/kernel/dev/arch/arm7/at91m55800a/dev_at91m55800a_eth_cs8900/dev_at91m55800a_eth_cs8900.c,1,gelé,,*,,,,,,,,,,,,,,,,,,,,,,,,,,,,,,,,,,,,,,,,,,,,
src/kernel/dev/arch/arm7/at91m55800a/dev_at91m55800a_rtc/dev_at91m55800a_rtc.c,1,gelé,,*,,,,,,,,,,,,,,,,,,,,,,,,,,,,,,,,,,,,,,,,,,,,
src/kernel/dev/arch/arm7/at91m55800a/dev_at91m55800a_uart_s0/dev_at91m55800a_uart_s0.c,1,gelé,,*,,,,,,,,,,,,,,,,,,,,,,,,,,,,,,,,,,,,,,,,,,,,
src/kernel/dev/arch/arm7/at91m55800a/dev_at91m55800a_uart_s0/dev_at91m55800a_uart_s0.h,1,gelé,,*,,,,,,,,,,,,,,,,,,,,,,,,,,,,,,,,,,,,,,,,,,,,
src/kernel/dev/arch/arm7/at91m55800a/dev_at91m55800a_uart_s1/dev_at91m55800a_uart_s1.c,1,gelé,,*,,,,,,,,,,,,,,,,,,,,,,,,,,,,,,,,,,,,,,,,,,,,
src/kernel/dev/arch/arm7/at91m55800a/dev_at91m55800a_uart_s1/dev_at91m55800a_uart_s1.h,1,gelé,,*,,,,,,,,,,,,,,,,,,,,,,,,,,,,,,,,,,,,,,,,,,,,
src/kernel/dev/arch/arm7/at91m55800a/dev_at91m55800a_uart_s2/dev_at91m55800a_uart_s2.c,1,gelé,,*,,,,,,,,,,,,,,,,,,,,,,,,,,,,,,,,,,,,,,,,,,,,
src/kernel/dev/arch/arm7/at91m55800a/dev_at91m55800a_uart_s2/dev_at91m55800a_uart_s2.h,1,gelé,,*,,,,,,,,,,,,,,,,,,,,,,,,,,,,,,,,,,,,,,,,,,,,
src/kernel/dev/arch/arm7/at91sam7x/common/dev_at91sam7x_common.h,0,,,,*,,,,,,,,,,,,,,,,,,,,,,,,,,,,,,,,,,,,,,,,,,,
src/kernel/dev/arch/arm7/at91sam7x/common/dev_at91sam7x_common_uart.h,0,,,,*,,,,,,,,,,,,,,,,,,,,,,,,,,,,,,,,,,,,,,,,,,,
src/kernel/dev/arch/arm7/at91sam7x/dev_at91sam7x_cpu/dev_at91sam7x_cpu.c,0,,,,*,,,,,,,,,,,,,,,,,,,,,,,,,,,,,,,,,,,,,,,,,,,
src/kernel/dev/arch/arm7/at91sam7x/dev_at91sam7x_cpu/dev_at91sam7x_cpu.h,0,,,,*,,,,,,,,,,,,,,,,,,,,,,,,,,,,,,,,,,,,,,,,,,,
src/kernel/dev/arch/arm7/at91sam7x/dev_at91sam7x_emac/dev_at91sam7x_emac.c,0,,,,*,,,,,,,,,,,,,,,,,,,,,,,,,,,,,,,,,,,,,,,,,,,
src/kernel/dev/arch/arm7/at91sam7x/dev_at91sam7x_emac/dev_at91sam7x_phy.c,0,,,,*,,,,,,,,,,,,,,,,,,,,,,,,,,,,,,,,,,,,,,,,,,,
src/kernel/dev/arch/arm7/at91sam7x/dev_at91sam7x_emac/dev_at91sam7x_phy.h,0,,,,*,,,,,,,,,,,,,,,,,,,,,,,,,,,,,,,,,,,,,,,,,,,
src/kernel/dev/arch/arm7/at91sam7x/dev_at91sam7x_emac/dev_ks8721bl_phy.c,0,,,,*,,,,,,,,,,,,,,,,,,,,,,,,,,,,,,,,,,,,,,,,,,,
src/kernel/dev/arch/arm7/at91sam7x/dev_at91sam7x_emac/dev_ks8721bl_phy.h,0,,,,*,,,,,,,,,,,,,,,,,,,,,,,,,,,,,,,,,,,,,,,,,,,
src/kernel/dev/arch/arm7/at91sam7x/dev_at91sam7x_emac/dm9161_define.h,0,,,,*,,,,,,,,,,,,,,,,,,,,,,,,,,,,,,,,,,,,,,,,,,,
src/kernel/dev/arch/arm7/at91sam7x/dev_at91sam7x_rtt/dev_at91sam7x_rtt.c,0,,,,*,,,,,,,,,,,,,,,,,,,,,,,,,,,,,,,,,,,,,,,,,,,
src/kernel/dev/arch/arm7/at91sam7x/dev_at91sam7x_twi/at91sam7x_twi_io.c,0,,,,*,,,,,,,,,,,,,,,,,,,,,,,,,,,,,,,,,,,,,,,,,,,
src/kernel/dev/arch/arm7/at91sam7x/dev_at91sam7x_twi/at91sam7x_twi_io.h,0,,,,*,,,,,,,,,,,,,,,,,,,,,,,,,,,,,,,,,,,,,,,,,,,
src/kernel/dev/arch/arm7/at91sam7x/dev_at91sam7x_twi/dev_at91sam7x_twi.c,0,,,,*,,,,,,,,,,,,,,,,,,,,,,,,,,,,,,,,,,,,,,,,,,,
src/kernel/dev/arch/arm7/at91sam7x/dev_at91sam7x_uart_0/dev_at91sam7x_uart_0.c,0,,,,*,,,,,,,,,,,,,,,,,,,,,,,,,,,,,,,,,,,,,,,,,,,
src/kernel/dev/arch/arm7/at91sam7x/dev_at91sam7x_uart_1/dev_at91sam7x_uart_1.c,0,,,,*,,,,,,,,,,,,,,,,,,,,,,,,,,,,,,,,,,,,,,,,,,,
src/kernel/dev/arch/arm7/at91sam7x/dev_at91sam7x_uart_dbg/dev_at91sam7x_uart_dbg.c,0,,,,*,,,,,,,,,,,,,,,,,,,,,,,,,,,,,,,,,,,,,,,,,,,
src/kernel/dev/arch/arm7/at91sam7x/dev_at91sam7x_uart_x/dev_at91sam7x_uart_dbg_x.c,0,,,,*,,,,,,,,,,,,,,,,,,,,,,,,,,,,,,,,,,,,,,,,,,,
src/kernel/dev/arch/arm7/at91sam7x/dev_at91sam7x_uart_x/dev_at91sam7x_uart_x.c,0,,,,*,,,,,,,,,,,,,,,,,,,,,,,,,,,,,,,,,,,,,,,,,,,
src/kernel/dev/arch/arm7/at91sam7x/dev_at91sam7x_uart_x/dev_at91sam7x_uart_x.h,0,,,,*,,,,,,,,,,,,,,,,,,,,,,,,,,,,,,,,,,,,,,,,,,,
src/kernel/dev/arch/arm7/dev_at91/dev_at91.c,1,gelé,,,,,,,,,,,,,,,,,,*,*,lib-debug;tauon-kernel-arm926ejs-debug;tauon-kernel-arm926ejs-freertos-debug,lib-debug;tauon-kernel-arm926ejs-debug;tauon-kernel-arm926ejs-freertos-debug,lib-debug;tauon-kernel-arm926ejs-debug;tauon-kernel-arm926ejs-freertos-debug,lib-debug;tauon-kernel-arm926ejs-debug;tauon-kernel-arm926ejs-freertos-debug,lib-debug;tauon-kernel-arm926ejs-debug;tauon-kernel-arm926ejs-freertos-debug,,,,,,,,,,,,,,,,,,,,,,
src/kernel/dev/arch/arm7/dev_at91/dev_at91.h,1,gelé,,,,,,,,,,,,,,,,,,*,*,lib-debug;tauon-kernel-arm926ejs-debug;tauon-kernel-arm926ejs-freertos-debug,lib-debug;tauon-kernel-arm926ejs-debug;tauon-kernel-arm926ejs-freertos-debug,lib-debug;tauon-kernel-arm926ejs-debug;tauon-kernel-arm926ejs-freertos-debug,lib-debug;tauon-kernel-arm926ejs-debug;tauon-kernel-arm926ejs-freertos-debug,lib-debug;tauon-kernel-arm926ejs-debug;tauon-kernel-arm926ejs-freertos-debug,,,,,,,,,,,,,,,,,,,,,,
src/kernel/dev/arch/arm9/at91sam9261/common/dev_at91sam9261_common.h,1,gelé,,,,*,*,,,,,,,,,,,,,,,,,,,,,,,,,,,,,,,,,,,,,,,,,
src/kernel/dev/arch/arm9/at91sam9261/common/dev_at91sam9261_common_uart.h,1,gelé,,,,*,*,,,,,,,,,,,,,,,,,,,,,,,,,,,,,,,,,,,,,,,,,
src/kernel/dev/arch/arm9/at91sam9261/dev_at91sam9261_cpu/dev_at91sam9261_cpu.c,1,gelé,,,,*,*,,,,,,,,,,,,,,,,,,,,,,,,,,,,,,,,,,,,,,,,,
src/kernel/dev/arch/arm9/at91sam9261/dev_at91sam9261_cpu/dev_at91sam9261_cpu.h,1,gelé,,,,*,*,,,,,,,,,,,,,,,,,,,,,,,,,,,,,,,,,i:firmware;firmware_injector;freertos-firmware_injector,i:firmware;firmware_injector;freertos-firmware_injector,,,,,,,
src/kernel/dev/arch/arm9/at91sam9261/dev_at91sam9261_eth_dm9000a/dev_at91sam9261_eth_dm9000a.c,1,gelé,,,,*,*,,,,,,,,,,,,,,,,,,,,,,,,,,,,,,,,,,,,,,,,,
src/kernel/dev/arch/arm9/at91sam9261/dev_at91sam9261_eth_dm9000a/dev_at91sam9261_eth_dm9000a.h,1,gelé,,,,*,*,,,,,,,,,,,,,,,,,,,,,,,,,,,,,,,,,i:firmware;firmware_injector;freertos-firmware_injector,i:firmware;firmware_injector;freertos-firmware_injector,,,,,,,
src/kernel/dev/arch/arm9/at91sam9261/dev_at91sam9261_lcd/at91sam9261_lcd.c,1,gelé,,,,*,*,,,,,,,,,,,,,,,,,,,,,,,,,,,,,,,,,,,,,,,,,
src/kernel/dev/arch/arm9/at91sam9261/dev_at91sam9261_lcd/at91sam9261_lcd.h,1,gelé,,,,*,*,,,,,,,,,,,,,,,,,,,,,,,,,,,,,,,,,i:firmware;firmware_injector;freertos-firmware_injector,i:firmware;firmware_injector;freertos-firmware_injector,,,,,,,
src/kernel/dev/arch/arm9/at91sam9261/dev_at91sam9261_lcd/at91sam9261_lcd_lut.h,1,gelé,,,,*,*,,,,,,,,,,,,,,,,,,,,,,,,,,,,,,,,,i:firmware;firmware_injector;freertos-firmware_injector,i:firmware;firmware_injector;freertos-firmware_injector,,,,,,,
src/kernel/dev/arch/arm9/at91sam9261/dev_at91sam9261_lcd/dev_at91sam9261_lcd.c,1,gelé,,,,*,*,,,,,,,,,,,,,,,,,,,,,,,,,,,,,,,,,,,,,,,,,
src/kernel/dev/arch/arm9/at91sam9261/dev_at91sam9261_lcd/dev_at91sam9261_lcd.h,1,gelé,,,,,,,,,,,,,,,,,,,,,,,,,,,,,,,,,,,,,,i:firmware;firmware_injector;freertos-firmware_injector,i:firmware;firmware_injector;freertos-firmware_injector,,,,,,,
src/kernel/dev/arch/arm9/at91sam9261/dev_at91sam9261_rtt/dev_at91sam9261_rtt.c,1,gelé,,,,*,*,,,,,,,,,,,,,,,,,,,,,,,,,,,,,,,,,,,,,,,,,
src/kernel/dev/arch/arm9/at91sam9261/dev_at91sam9261_twi/at91sam9261_twi_io.c,1,gelé,,,,*,*,,,,,,,,,,,,,,,,,,,,,,,,,,,,,,,,,,,,,,,,,
src/kernel/dev/arch/arm9/at91sam9261/dev_at91sam9261_twi/at91sam9261_twi_io.h,1,gelé,,,,*,*,,,,,,,,,,,,,,,,,,,,,,,,,,,,,,,,,,,,,,,,,
src/kernel/dev/arch/arm9/at91sam9261/dev_at91sam9261_twi/dev_at91sam9261_twi.c,1,gelé,,,,*,*,,,,,,,,,,,,,,,,,,,,,,,,,,,,,,,,,,,,,,,,,
src/kernel/dev/arch/arm9/at91sam9261/dev_at91sam9261_uart_0/dev_at91sam9261_uart_0.c,1,gelé,,,,*,*,,,,,,,,,,,,,,,,,,,,,,,,,,,,,,,,,,,,,,,,,
src/kernel/dev/arch/arm9/at91sam9261/dev_at91sam9261_uart_0/dev_at91sam9261_uart_0.h,1,gelé,,,,i:*,i:*,,,,,,,,,,,,,,,,,,,,,,,,,,,,,,,,,,,,,,,,,
src/kernel/dev/arch/arm9/at91sam9261/dev_at91sam9261_uart_1/dev_at91sam9261_uart_1.c,1,gelé,,,,*,*,,,,,,,,,,,,,,,,,,,,,,,,,,,,,,,,,,,,,,,,,
src/kernel/dev/arch/arm9/at91sam9261/dev_at91sam9261_uart_1/dev_at91sam9261_uart_1.h,1,gelé,,,,i:*,i:*,,,,,,,,,,,,,,,,,,,,,,,,,,,,,,,,,,,,,,,,,
src/kernel/dev/arch/arm9/at91sam9261/dev_at91sam9261_uart_dbg/dev_at91sam9261_uart_dbg.c,1,gelé,,,,*,*,,,,,,,,,,,,,,,,,,,,,,,,,,,,,,,,,,,,,,,,,
src/kernel/dev/arch/arm9/at91sam9261/dev_at91sam9261_uart_x/dev_at91sam9261_uart_dbg_x.c,1,gelé,,,,*,*,,,,,,,,,,,,,,,,,,,,,,,,,,,,,,,,,,,,,,,,,
src/kernel/dev/arch/arm9/at91sam9261/dev_at91sam9261_uart_x/dev_at91sam9261_uart_x.c,1,gelé,,,,*,*,,,,,,,,,,,,,,,,,,,,,,,,,,,,,,,,,,,,,,,,,
src/kernel/dev/arch/arm9/at91sam9261/dev_at91sam9261_uart_x/dev_at91sam9261_uart_x.h,1,gelé,,,,*,*,,,,,,,,,,,,,,,,,,,,,,,,,,,,,,,,,,,,,,,,,
src/kernel/dev/arch/at91/asf/common/boards/board.h,1,différé,,,,,,,,,,,,,,,,,,,,,,,,,,,,i:Debug,,,,,,,,,,,,,,,,,,
src/kernel/dev/arch/at91/asf/common/utils/interrupt.h,1,différé,,,,,,i:Debug,,,,,,,,,,,,,,,,,,,,,,i:Debug,,,,,,,,,,,,i:Debug;freertos-debug,,,,,,
src/kernel/dev/arch/at91/asf/common/utils/interrupt/interrupt_sam_nvic.c,1,différé,,,,,,*,,,,,,,,,,,,,,,,,,,,,,,,,,,,,,,,,,,,,,,,
src/kernel/dev/arch/at91/asf/common/utils/interrupt/interrupt_sam_nvic.h,1,différé,,,,,,*,,,,,,,,,,,,,,,,,,,,,,i:Debug,,,,,,,,,,,,i:Debug;freertos-debug,,,,,,
src/kernel/dev/arch/at91/asf/common/utils/parts.h,1,différé,,,,,,i:Debug,,,,,,,,,,,,,,,,,,,,,,i:Debug,,,,,,,,,,,,i:Debug;freertos-debug,,,,,,
src/kernel/dev/arch/at91/asf/sam0/drivers/port/port.c,1,différé,,,,,,*,,,,,,,,,,,,,,,,,,,,,,,,,,,,,,,,,,,,,,,,
src/kernel/dev/arch/at91/asf/sam0/drivers/port/port.h,1,différé,,,,,,*,,,,,,,,,,,,,,,,,,,,,,i:Debug,,,,,,,,,,,,,,,,,,
src/kernel/dev/arch/at91/asf/sam0/drivers/sercom/sercom.c,1,différé,,,,,,*,,,,,,,,,,,,,,,,,,,,,,,,,,,,,,,,,,,,,,,,
src/kernel/dev/arch/at91/asf/sam0/drivers/sercom/sercom.h,1,différé,,,,,,*,,,,,,,,,,,,,,,,,,,,,,i:Debug,,,,,,,,,,,,,,,,,,
src/kernel/dev/arch/at91/asf/sam0/drivers/sercom/sercom_interrupt.c,1,différé,,,,,,*,,,,,,,,,,,,,,,,,,,,,,,,,,,,,,,,,,,,,,,,
src/kernel/dev/arch/at91/asf/sam0/drivers/sercom/sercom_interrupt.h,1,différé,,,,,,*,,,,,,,,,,,,,,,,,,,,,,i:Debug,,,,,,,,,,,,,,,,,,
src/kernel/dev/arch/at91/asf/sam0/drivers/sercom/sercom_pinout.h,1,différé,,,,,,*,,,,,,,,,,,,,,,,,,,,,,i:Debug,,,,,,,,,,,,,,,,,,
src/kernel/dev/arch/at91/asf/sam0/drivers/sercom/usart/usart.c,1,différé,,,,,,*,,,,,,,,,,,,,,,,,,,,,,,,,,,,,,,,,,,,,,,,
src/kernel/dev/arch/at91/asf/sam0/drivers/sercom/usart/usart.h,1,différé,,,,,,*,,,,,,,,,,,,,,,,,,,,,,i:Debug,,,,,,,,,,,,,,,,,,
src/kernel/dev/arch/at91/asf/sam0/drivers/sercom/usart/usart_interrupt.c,1,différé,,,,,,*,,,,,,,,,,,,,,,,,,,,,,,,,,,,,,,,,,,,,,,,
src/kernel/dev/arch/at91/asf/sam0/drivers/sercom/usart/usart_interrupt.h,1,différé,,,,,,*,,,,,,,,,,,,,,,,,,,,,,i:Debug,,,,,,,,,,,,,,,,,,
src/kernel/dev/arch/at91/asf/sam0/drivers/system/clock/clock.h,1,différé,,,,,,i:Debug,,,,,,,,,,,,,,,,,,,,,,i:Debug,,,,,,,,,,,,,,,,,,
src/kernel/dev/arch/at91/asf/sam0/drivers/system/clock/clock_samd20/clock.c,1,différé,,,,,,Release,,,,,,,,,,,,,,,,,,,,,,,,,,,,,,,,,,,,,,,,
src/kernel/dev/arch/at91/asf/sam0/drivers/system/clock/clock_samd20/clock_config_check.h,1,différé,,,,,,Release,,,,,,,,,,,,,,,,,,,,,,i:Debug,,,,,,,,,,,,,,,,,,
src/kernel/dev/arch/at91/asf/sam0/drivers/system/clock/clock_samd20/gclk.c,1,différé,,,,,,*,,,,,,,,,,,,,,,,,,,,,,,,,,,,,,,,,,,,,,,,
src/kernel/dev/arch/at91/asf/sam0/drivers/system/clock/clock_samd20/module_config/conf_clocks.h,0,,,,,,,Release,,,,,,,,,,,,,,,,,,,,,,,,,,,,,,,,,,,,,,,,
src/kernel/dev/arch/at91/asf/sam0/drivers/system/clock/gclk.h,1,différé,,,,,,i:Debug,,,,,,,,,,,,,,,,,,,,,,i:Debug,,,,,,,,,,,,,,,,,,
src/kernel/dev/arch/at91/asf/sam0/drivers/system/interrupt/system_interrupt.c,1,différé,,,,,,*,,,,,,,,,,,,,,,,,,,,,,,,,,,,,,,,,,,,,,,,
src/kernel/dev/arch/at91/asf/sam0/drivers/system/interrupt/system_interrupt.h,1,différé,,,,,,*,,,,,,,,,,,,,,,,,,,,,,i:Debug,,,,,,,,,,,,i:Debug;freertos-debug,,,,,,
src/kernel/dev/arch/at91/asf/sam0/drivers/system/interrupt/system_interrupt_samd20/system_interrupt_features.h,1,différé,,,,,,i:Debug,,,,,,,,,,,,,,,,,,,,,,i:Debug,,,,,,,,,,,,i:Debug;freertos-debug,,,,,,
src/kernel/dev/arch/at91/asf/sam0/drivers/system/pinmux/pinmux.c,1,différé,,,,,,*,,,,,,,,,,,,,,,,,,,,,,,,,,,,,,,,,,,,,,,,
src/kernel/dev/arch/at91/asf/sam0/drivers/system/pinmux/pinmux.h,1,différé,,,,,,*,,,,,,,,,,,,,,,,,,,,,,i:Debug,,,,,,,,,,,,,,,,,,
src/kernel/dev/arch/at91/asf/sam0/drivers/system/system.c,1,différé,,,,,,*,,,,,,,,,,,,,,,,,,,,,,,,,,,,,,,,,,,,,,,,
src/kernel/dev/arch/at91/asf/sam0/drivers/system/system.h,1,différé,,,,,,*,,,,,,,,,,,,,,,,,,,,,,i:Debug,,,,,,,,,,,,,,,,,,
src/kernel/dev/arch/at91/asf/sam0/utils/compiler.h,1,différé,,,,,,i:Debug,,,,,,,,,,,,,,,,,,,,,,i:Debug,,,,,,,,,,,,i:Debug;freertos-debug,,,,,,
src/kernel/dev/arch/at91/asf/sam0/utils/header_files/io.h,1,différé,,,,,,i:Debug,,,,,,,,,,,,,,,,,,,,,,i:Debug,,,,,,,,,,,,i:Debug;freertos-debug,,,,,,
src/kernel/dev/arch/at91/asf/sam0/utils/preprocessor/mrepeat.h,1,différé,,,,,,i:Debug,,,,,,,,,,,,,,,,,,,,,,i:Debug,,,,,,,,,,,,i:Debug;freertos-debug,,,,,,
src/kernel/dev/arch/at91/asf/sam0/utils/preprocessor/preprocessor.h,1,différé,,,,,,i:Debug,,,,,,,,,,,,,,,,,,,,,,i:Debug,,,,,,,,,,,,i:Debug;freertos-debug,,,,,,
src/kernel/dev/arch/at91/asf/sam0/utils/preprocessor/stringz.h,1,différé,,,,,,i:Debug,,,,,,,,,,,,,,,,,,,,,,i:Debug,,,,,,,,,,,,i:Debug;freertos-debug,,,,,,
src/kernel/dev/arch/at91/asf/sam0/utils/preprocessor/tpaste.h,1,différé,,,,,,i:Debug,,,,,,,,,,,,,,,,,,,,,,i:Debug,,,,,,,,,,,,i:Debug;freertos-debug,,,,,,
src/kernel/dev/arch/at91/asf/sam0/utils/status_codes.h,1,différé,,,,,,i:Debug,,,,,,,,,,,,,,,,,,,,,,i:Debug,,,,,,,,,,,,i:Debug;freertos-debug,,,,,,
src/kernel/dev/arch/at91/at91lib/boards/at91sam9261-ek/at91sam9261/AT91SAM9261.h,1,différé,,,,i:*,i:*,,,,,,,,,,,,,,,i:lib-debug;tauon-kernel-arm926ejs-freertos-debug,i:lib-debug;tauon-kernel-arm926ejs-freertos-debug,i:lib-debug;tauon-kernel-arm926ejs-freertos-debug,i:lib-debug;tauon-kernel-arm926ejs-freertos-debug,i:lib-debug;tauon-kernel-arm926ejs-freertos-debug,,,,,,,,,,,,,,i:freertos-firmware_injector,i:freertos-firmware_injector,,,,,,,
src/kernel/dev/arch/at91/at91lib/boards/at91sam9261-ek/at91sam9261/chip.h,1,différé,,,,i:*,i:*,,,,,,,,,,,,,,,i:lib-debug;tauon-kernel-arm926ejs-freertos-debug,i:lib-debug;tauon-kernel-arm926ejs-freertos-debug,i:lib-debug;tauon-kernel-arm926ejs-freertos-debug,i:lib-debug;tauon-kernel-arm926ejs-freertos-debug,i:lib-debug;tauon-kernel-arm926ejs-freertos-debug,,,,,,,,,,,,,,i:freertos-firmware_injector,i:freertos-firmware_injector,,,,,,,
src/kernel/dev/arch/at91/at91lib/boards/at91sam9261-ek/board.h,1,différé,,,,i:*,i:*,,,,,,,,,,,,,,,i:lib-debug;tauon-kernel-arm926ejs-freertos-debug,i:lib-debug;tauon-kernel-arm926ejs-freertos-debug,i:lib-debug;tauon-kernel-arm926ejs-freertos-debug,i:lib-debug;tauon-kernel-arm926ejs-freertos-debug,i:lib-debug;tauon-kernel-arm926ejs-freertos-debug,,,,,,,,,,,,,,i:freertos-firmware_injector,i:freertos-firmware_injector,,,,,,,
src/kernel/dev/arch/at91/at91lib/peripherals/aic/aic.c,1,gelé,,,,*,*,,,,,,,,,,,,,,,,,,,,,,,,,,,,,,,,,,,,,,,,,
src/kernel/dev/arch/at91/at91lib/peripherals/aic/aic.h,1,différé,,,,*,*,,,,,,,,,,,,,,,i:lib-debug;tauon-kernel-arm926ejs-freertos-debug,i:lib-debug;tauon-kernel-arm926ejs-freertos-debug,i:lib-debug;tauon-kernel-arm926ejs-freertos-debug,i:lib-debug;tauon-kernel-arm926ejs-freertos-debug,i:lib-debug;tauon-kernel-arm926ejs-freertos-debug,,,,,,,,,,,,,,,,,,,,,,
src/kernel/dev/arch/at91/at91lib/peripherals/dbgu/dbgu.h,1,gelé,,,,,,,,,,,,,,,,,,,,i:tauon-kernel-arm926ejs-freertos-debug,i:tauon-kernel-arm926ejs-freertos-debug,i:tauon-kernel-arm926ejs-freertos-debug,i:tauon-kernel-arm926ejs-freertos-debug,i:tauon-kernel-arm926ejs-freertos-debug,,,,,,,,,,,,,,,,,,,,,,
src/kernel/dev/arch/at91/at91lib/peripherals/pio/pio.h,1,différé,,,,,,,,,,,,,,,,,,,,i:lib-debug;tauon-kernel-arm926ejs-freertos-debug,i:lib-debug;tauon-kernel-arm926ejs-freertos-debug,i:lib-debug;tauon-kernel-arm926ejs-freertos-debug,i:lib-debug;tauon-kernel-arm926ejs-freertos-debug,i:lib-debug;tauon-kernel-arm926ejs-freertos-debug,,,,,,,,,,,,,,i:freertos-firmware_injector,i:freertos-firmware_injector,,,,,,,
src/kernel/dev/arch/at91/at91lib/peripherals/pio/pio_it.h,1,différé,,,,,,,,,,,,,,,,,,,,i:lib-debug;tauon-kernel-arm926ejs-freertos-debug,i:lib-debug;tauon-kernel-arm926ejs-freertos-debug,i:lib-debug;tauon-kernel-arm926ejs-freertos-debug,i:lib-debug;tauon-kernel-arm926ejs-freertos-debug,i:lib-debug;tauon-kernel-arm926ejs-freertos-debug,,,,,,,,,,,,,,,,,,,,,,
src/kernel/dev/arch/at91/at91lib/peripherals/pit/pit.c,1,gelé,,,,*,*,,,,,,,,,,,,,,,,,,,,,,,,,,,,,,,,,,,,,,,,,
src/kernel/dev/arch/at91/at91lib/peripherals/pit/pit.h,1,différé,,,,*,*,,,,,,,,,,,,,,,i:lib-debug;tauon-kernel-arm926ejs-freertos-debug,i:lib-debug;tauon-kernel-arm926ejs-freertos-debug,i:lib-debug;tauon-kernel-arm926ejs-freertos-debug,i:lib-debug;tauon-kernel-arm926ejs-freertos-debug,i:lib-debug;tauon-kernel-arm926ejs-freertos-debug,,,,,,,,,,,,,,,,,,,,,,
src/kernel/dev/arch/at91/at91lib/peripherals/pmc/pmc.h,1,gelé,,,,,,,,,,,,,,,,,,,,,,,,,,,,,,,,,,,,,,i:freertos-firmware_injector,i:freertos-firmware_injector,,,,,,,
src/kernel/dev/arch/at91/at91lib/peripherals/tc/tc.h,1,différé,,,,,,,,,,,,,,,,,,,,i:lib-debug;tauon-kernel-arm926ejs-freertos-debug,i:lib-debug;tauon-kernel-arm926ejs-freertos-debug,i:lib-debug;tauon-kernel-arm926ejs-freertos-debug,i:lib-debug;tauon-kernel-arm926ejs-freertos-debug,i:lib-debug;tauon-kernel-arm926ejs-freertos-debug,,,,,,,,,,,,,,,,,,,,,,
src/kernel/dev/arch/at91/at91lib/utility/assert.h,1,gelé,,,,,,,,,,,,,,,,,,,,,,,,,,,,,,,,,,,,,,i:freertos-firmware_injector,i:freertos-firmware_injector,,,,,,,
src/kernel/dev/arch/at91/at91lib/utility/led.h,1,différé,,,,,,,,,,,,,,,,,,,,i:lib-debug;tauon-kernel-arm926ejs-freertos-debug,i:lib-debug;tauon-kernel-arm926ejs-freertos-debug,i:lib-debug;tauon-kernel-arm926ejs-freertos-debug,i:lib-debug;tauon-kernel-arm926ejs-freertos-debug,i:lib-debug;tauon-kernel-arm926ejs-freertos-debug,,,,,,,,,,,,,,,,,,,,,,
src/kernel/dev/arch/at91/at91lib/utility/trace.h,1,différé,,,,,,,,,,,,,,,,,,,,i:lib-debug;tauon-kernel-arm926ejs-freertos-debug,i:lib-debug;tauon-kernel-arm926ejs-freertos-debug,i:lib-debug;tauon-kernel-arm926ejs-freertos-debug,i:lib-debug;tauon-kernel-arm926ejs-freertos-debug,i:lib-debug;tauon-kernel-arm926ejs-freertos-debug,,,,,,,,,,,,,,,,,,,,,,
src/kernel/dev/arch/at91/dev_at91_rtt/dev_at91_rtt.c,1,différé,,,,,,,,,,,,,,,,,,,,lib-debug;tauon-kernel-arm926ejs-debug;tauon-kernel-arm926ejs-freertos-debug,lib-debug;tauon-kernel-arm926ejs-debug;tauon-kernel-arm926ejs-freertos-debug,lib-debug;tauon-kernel-arm926ejs-debug;tauon-kernel-arm926ejs-freertos-debug,lib-debug;tauon-kernel-arm926ejs-debug;tauon-kernel-arm926ejs-freertos-debug,lib-debug;tauon-kernel-arm926ejs-debug;tauon-kernel-arm926ejs-freertos-debug,,,,,,,,,,,,,,,,,,,,,,
src/kernel/dev/arch/at91/dev_at91_rtt/dev_at91_rtt.h,1,différé,,,,i:*,i:*,,,,,,,,,,,,,,,lib-debug;tauon-kernel-arm926ejs-debug;tauon-kernel-arm926ejs-freertos-debug,lib-debug;tauon-kernel-arm926ejs-debug;tauon-kernel-arm926ejs-freertos-debug,lib-debug;tauon-kernel-arm926ejs-debug;tauon-kernel-arm926ejs-freertos-debug,lib-debug;tauon-kernel-arm926ejs-debug;tauon-kernel-arm926ejs-freertos-debug,lib-debug;tauon-kernel-arm926ejs-debug;tauon-kernel-arm926ejs-freertos-debug,,,,,,,,,,,,,,,,,,,,,,
src/kernel/dev/arch/at91/softpack-lib/samv71/libchip/chip.h,1,différé,,,,,,,i:Debug;samv71-freertos-debug,,,,,,,,,,,,,,,,,,,,,,i:freertos-debug,i:freertos-debug,,,,,,,,,,,,,,,,
src/kernel/dev/arch/at91/softpack-lib/samv71/libchip/compiler.h,1,différé,,,,,,,i:Debug;samv71-freertos-debug,,,,,,,,,,,,,,,,,,,,,,i:freertos-debug,i:freertos-debug,,,,,,,,,,,,,,,,
src/kernel/dev/arch/at91/softpack-lib/samv71/libchip/include/acc.h,1,différé,,,,,,,i:Debug;samv71-freertos-debug,,,,,,,,,,,,,,,,,,,,,,i:freertos-debug,i:freertos-debug,,,,,,,,,,,,,,,,
src/kernel/dev/arch/at91/softpack-lib/samv71/libchip/include/aes.h,1,différé,,,,,,,i:Debug;samv71-freertos-debug,,,,,,,,,,,,,,,,,,,,,,i:freertos-debug,i:freertos-debug,,,,,,,,,,,,,,,,
src/kernel/dev/arch/at91/softpack-lib/samv71/libchip/include/afe_dma.h,1,différé,,,,,,,i:Debug;samv71-freertos-debug,,,,,,,,,,,,,,,,,,,,,,i:freertos-debug,i:freertos-debug,,,,,,,,,,,,,,,,
src/kernel/dev/arch/at91/softpack-lib/samv71/libchip/include/afec.h,1,différé,,,,,,,i:Debug;samv71-freertos-debug,,,,,,,,,,,,,,,,,,,,,,i:freertos-debug,i:freertos-debug,,,,,,,,,,,,,,,,
src/kernel/dev/arch/at91/softpack-lib/samv71/libchip/include/dac_dma.h,1,différé,,,,,,,i:Debug;samv71-freertos-debug,,,,,,,,,,,,,,,,,,,,,,i:freertos-debug,i:freertos-debug,,,,,,,,,,,,,,,,
src/kernel/dev/arch/at91/softpack-lib/samv71/libchip/include/efc.h,1,différé,,,,,,,i:Debug;samv71-freertos-debug,,,,,,,,,,,,,,,,,,,,,,i:freertos-debug,i:freertos-debug,,,,,,,,,,,,,,,,
src/kernel/dev/arch/at91/softpack-lib/samv71/libchip/include/exceptions.h,1,différé,,,,,,,i:Debug;samv71-freertos-debug,,,,,,,,,,,,,,,,,,,,,,i:freertos-debug,i:freertos-debug,,,,,,,,,,,,,,,,
src/kernel/dev/arch/at91/softpack-lib/samv71/libchip/include/flashd.h,1,différé,,,,,,,i:Debug;samv71-freertos-debug,,,,,,,,,,,,,,,,,,,,,,i:freertos-debug,i:freertos-debug,,,,,,,,,,,,,,,,
src/kernel/dev/arch/at91/softpack-lib/samv71/libchip/include/gmac.h,1,différé,,,,,,,i:Debug;samv71-freertos-debug,,,,,,,,,,,,,,,,,,,,,,i:freertos-debug,i:freertos-debug,,,,,,,,,,,,,,,,
src/kernel/dev/arch/at91/softpack-lib/samv71/libchip/include/gmacd.h,1,différé,,,,,,,i:Debug;samv71-freertos-debug,,,,,,,,,,,,,,,,,,,,,,i:freertos-debug,i:freertos-debug,,,,,,,,,,,,,,,,
src/kernel/dev/arch/at91/softpack-lib/samv71/libchip/include/hsmci.h,1,différé,,,,,,,i:Debug;samv71-freertos-debug,,,,,,,,,,,,,,,,,,,,,,i:freertos-debug,i:freertos-debug,,,,,,,,,,,,,,,,
src/kernel/dev/arch/at91/softpack-lib/samv71/libchip/include/icm.h,1,différé,,,,,,,i:Debug;samv71-freertos-debug,,,,,,,,,,,,,,,,,,,,,,i:freertos-debug,i:freertos-debug,,,,,,,,,,,,,,,,
src/kernel/dev/arch/at91/softpack-lib/samv71/libchip/include/isi.h,1,différé,,,,,,,i:Debug;samv71-freertos-debug,,,,,,,,,,,,,,,,,,,,,,i:freertos-debug,i:freertos-debug,,,,,,,,,,,,,,,,
src/kernel/dev/arch/at91/softpack-lib/samv71/libchip/include/iso7816_4.h,1,différé,,,,,,,i:Debug;samv71-freertos-debug,,,,,,,,,,,,,,,,,,,,,,i:freertos-debug,i:freertos-debug,,,,,,,,,,,,,,,,
src/kernel/dev/arch/at91/softpack-lib/samv71/libchip/include/mcan.h,1,différé,,,,,,,i:Debug;samv71-freertos-debug,,,,,,,,,,,,,,,,,,,,,,i:freertos-debug,i:freertos-debug,,,,,,,,,,,,,,,,
src/kernel/dev/arch/at91/softpack-lib/samv71/libchip/include/mcid.h,1,différé,,,,,,,i:Debug;samv71-freertos-debug,,,,,,,,,,,,,,,,,,,,,,i:freertos-debug,i:freertos-debug,,,,,,,,,,,,,,,,
src/kernel/dev/arch/at91/softpack-lib/samv71/libchip/include/mpu.h,1,différé,,,,,,,i:Debug;samv71-freertos-debug,,,,,,,,,,,,,,,,,,,,,,i:freertos-debug,i:freertos-debug,,,,,,,,,,,,,,,,
src/kernel/dev/arch/at91/softpack-lib/samv71/libchip/include/pio.h,1,différé,,,,,,,i:Debug;samv71-freertos-debug,,,,,,,,,,,,,,,,,,,,,,i:freertos-debug,i:freertos-debug,,,,,,,,,,,,,,,,
src/kernel/dev/arch/at91/softpack-lib/samv71/libchip/include/pio_capture.h,1,différé,,,,,,,i:Debug;samv71-freertos-debug,,,,,,,,,,,,,,,,,,,,,,i:freertos-debug,i:freertos-debug,,,,,,,,,,,,,,,,
src/kernel/dev/arch/at91/softpack-lib/samv71/libchip/include/pio_it.h,1,différé,,,,,,,i:Debug;samv71-freertos-debug,,,,,,,,,,,,,,,,,,,,,,i:freertos-debug,i:freertos-debug,,,,,,,,,,,,,,,,
src/kernel/dev/arch/at91/softpack-lib/samv71/libchip/include/pmc.h,1,différé,,,,,,,i:Debug;samv71-freertos-debug,,,,,,,,,,,,,,,,,,,,,,i:freertos-debug,i:freertos-debug,,,,,,,,,,,,,,,,
src/kernel/dev/arch/at91/softpack-lib/samv71/libchip/include/pwmc.h,1,différé,,,,,,,i:Debug;samv71-freertos-debug,,,,,,,,,,,,,,,,,,,,,,i:freertos-debug,i:freertos-debug,,,,,,,,,,,,,,,,
src/kernel/dev/arch/at91/softpack-lib/samv71/libchip/include/qspi.h,1,différé,,,,,,,i:Debug;samv71-freertos-debug,,,,,,,,,,,,,,,,,,,,,,i:freertos-debug,i:freertos-debug,,,,,,,,,,,,,,,,
src/kernel/dev/arch/at91/softpack-lib/samv71/libchip/include/qspi_dma.h,1,différé,,,,,,,i:Debug;samv71-freertos-debug,,,,,,,,,,,,,,,,,,,,,,i:freertos-debug,i:freertos-debug,,,,,,,,,,,,,,,,
src/kernel/dev/arch/at91/softpack-lib/samv71/libchip/include/rstc.h,1,différé,,,,,,,i:Debug;samv71-freertos-debug,,,,,,,,,,,,,,,,,,,,,,i:freertos-debug,i:freertos-debug,,,,,,,,,,,,,,,,
src/kernel/dev/arch/at91/softpack-lib/samv71/libchip/include/rtc.h,1,différé,,,,,,,i:Debug;samv71-freertos-debug,,,,,,,,,,,,,,,,,,,,,,i:freertos-debug,i:freertos-debug,,,,,,,,,,,,,,,,
src/kernel/dev/arch/at91/softpack-lib/samv71/libchip/include/rtt.h,1,différé,,,,,,,i:Debug;samv71-freertos-debug,,,,,,,,,,,,,,,,,,,,,,i:freertos-debug,i:freertos-debug,,,,,,,,,,,,,,,,
src/kernel/dev/arch/at91/softpack-lib/samv71/libchip/include/same70/component/component_acc.h,1,différé,,,,,,,i:Debug;samv71-freertos-debug,,,,,,,,,,,,,,,,,,,,,,i:freertos-debug,i:freertos-debug,,,,,,,,,,,,,,,,
src/kernel/dev/arch/at91/softpack-lib/samv71/libchip/include/same70/component/component_aes.h,1,différé,,,,,,,i:Debug;samv71-freertos-debug,,,,,,,,,,,,,,,,,,,,,,i:freertos-debug,i:freertos-debug,,,,,,,,,,,,,,,,
src/kernel/dev/arch/at91/softpack-lib/samv71/libchip/include/same70/component/component_afec.h,1,différé,,,,,,,i:Debug;samv71-freertos-debug,,,,,,,,,,,,,,,,,,,,,,i:freertos-debug,i:freertos-debug,,,,,,,,,,,,,,,,
src/kernel/dev/arch/at91/softpack-lib/samv71/libchip/include/same70/component/component_chipid.h,1,différé,,,,,,,i:Debug;samv71-freertos-debug,,,,,,,,,,,,,,,,,,,,,,i:freertos-debug,i:freertos-debug,,,,,,,,,,,,,,,,
src/kernel/dev/arch/at91/softpack-lib/samv71/libchip/include/same70/component/component_dacc.h,1,différé,,,,,,,i:Debug;samv71-freertos-debug,,,,,,,,,,,,,,,,,,,,,,i:freertos-debug,i:freertos-debug,,,,,,,,,,,,,,,,
src/kernel/dev/arch/at91/softpack-lib/samv71/libchip/include/same70/component/component_efc.h,1,différé,,,,,,,i:Debug;samv71-freertos-debug,,,,,,,,,,,,,,,,,,,,,,i:freertos-debug,i:freertos-debug,,,,,,,,,,,,,,,,
src/kernel/dev/arch/at91/softpack-lib/samv71/libchip/include/same70/component/component_gmac.h,1,différé,,,,,,,i:Debug;samv71-freertos-debug,,,,,,,,,,,,,,,,,,,,,,i:freertos-debug,i:freertos-debug,,,,,,,,,,,,,,,,
src/kernel/dev/arch/at91/softpack-lib/samv71/libchip/include/same70/component/component_gpbr.h,1,différé,,,,,,,i:Debug;samv71-freertos-debug,,,,,,,,,,,,,,,,,,,,,,i:freertos-debug,i:freertos-debug,,,,,,,,,,,,,,,,
src/kernel/dev/arch/at91/softpack-lib/samv71/libchip/include/same70/component/component_hsmci.h,1,différé,,,,,,,i:Debug;samv71-freertos-debug,,,,,,,,,,,,,,,,,,,,,,i:freertos-debug,i:freertos-debug,,,,,,,,,,,,,,,,
src/kernel/dev/arch/at91/softpack-lib/samv71/libchip/include/same70/component/component_icm.h,1,différé,,,,,,,i:Debug;samv71-freertos-debug,,,,,,,,,,,,,,,,,,,,,,i:freertos-debug,i:freertos-debug,,,,,,,,,,,,,,,,
src/kernel/dev/arch/at91/softpack-lib/samv71/libchip/include/same70/component/component_isi.h,1,différé,,,,,,,i:Debug;samv71-freertos-debug,,,,,,,,,,,,,,,,,,,,,,i:freertos-debug,i:freertos-debug,,,,,,,,,,,,,,,,
src/kernel/dev/arch/at91/softpack-lib/samv71/libchip/include/same70/component/component_matrix.h,1,différé,,,,,,,i:Debug;samv71-freertos-debug,,,,,,,,,,,,,,,,,,,,,,i:freertos-debug,i:freertos-debug,,,,,,,,,,,,,,,,
src/kernel/dev/arch/at91/softpack-lib/samv71/libchip/include/same70/component/component_mcan.h,1,différé,,,,,,,i:Debug;samv71-freertos-debug,,,,,,,,,,,,,,,,,,,,,,i:freertos-debug,i:freertos-debug,,,,,,,,,,,,,,,,
src/kernel/dev/arch/at91/softpack-lib/samv71/libchip/include/same70/component/component_pio.h,1,différé,,,,,,,i:Debug;samv71-freertos-debug,,,,,,,,,,,,,,,,,,,,,,i:freertos-debug,i:freertos-debug,,,,,,,,,,,,,,,,
src/kernel/dev/arch/at91/softpack-lib/samv71/libchip/include/same70/component/component_pmc.h,1,différé,,,,,,,i:Debug;samv71-freertos-debug,,,,,,,,,,,,,,,,,,,,,,i:freertos-debug,i:freertos-debug,,,,,,,,,,,,,,,,
src/kernel/dev/arch/at91/softpack-lib/samv71/libchip/include/same70/component/component_pwm.h,1,différé,,,,,,,i:Debug;samv71-freertos-debug,,,,,,,,,,,,,,,,,,,,,,i:freertos-debug,i:freertos-debug,,,,,,,,,,,,,,,,
src/kernel/dev/arch/at91/softpack-lib/samv71/libchip/include/same70/component/component_qspi.h,1,différé,,,,,,,i:Debug;samv71-freertos-debug,,,,,,,,,,,,,,,,,,,,,,i:freertos-debug,i:freertos-debug,,,,,,,,,,,,,,,,
src/kernel/dev/arch/at91/softpack-lib/samv71/libchip/include/same70/component/component_rstc.h,1,différé,,,,,,,i:Debug;samv71-freertos-debug,,,,,,,,,,,,,,,,,,,,,,i:freertos-debug,i:freertos-debug,,,,,,,,,,,,,,,,
src/kernel/dev/arch/at91/softpack-lib/samv71/libchip/include/same70/component/component_rswdt.h,1,différé,,,,,,,i:Debug;samv71-freertos-debug,,,,,,,,,,,,,,,,,,,,,,i:freertos-debug,i:freertos-debug,,,,,,,,,,,,,,,,
src/kernel/dev/arch/at91/softpack-lib/samv71/libchip/include/same70/component/component_rtc.h,1,différé,,,,,,,i:Debug;samv71-freertos-debug,,,,,,,,,,,,,,,,,,,,,,i:freertos-debug,i:freertos-debug,,,,,,,,,,,,,,,,
src/kernel/dev/arch/at91/softpack-lib/samv71/libchip/include/same70/component/component_rtt.h,1,différé,,,,,,,i:Debug;samv71-freertos-debug,,,,,,,,,,,,,,,,,,,,,,i:freertos-debug,i:freertos-debug,,,,,,,,,,,,,,,,
src/kernel/dev/arch/at91/softpack-lib/samv71/libchip/include/same70/component/component_sdramc.h,1,différé,,,,,,,i:Debug;samv71-freertos-debug,,,,,,,,,,,,,,,,,,,,,,i:freertos-debug,i:freertos-debug,,,,,,,,,,,,,,,,
src/kernel/dev/arch/at91/softpack-lib/samv71/libchip/include/same70/component/component_smc.h,1,différé,,,,,,,i:Debug;samv71-freertos-debug,,,,,,,,,,,,,,,,,,,,,,i:freertos-debug,i:freertos-debug,,,,,,,,,,,,,,,,
src/kernel/dev/arch/at91/softpack-lib/samv71/libchip/include/same70/component/component_spi.h,1,différé,,,,,,,i:Debug;samv71-freertos-debug,,,,,,,,,,,,,,,,,,,,,,i:freertos-debug,i:freertos-debug,,,,,,,,,,,,,,,,
src/kernel/dev/arch/at91/softpack-lib/samv71/libchip/include/same70/component/component_ssc.h,1,différé,,,,,,,i:Debug;samv71-freertos-debug,,,,,,,,,,,,,,,,,,,,,,i:freertos-debug,i:freertos-debug,,,,,,,,,,,,,,,,
src/kernel/dev/arch/at91/softpack-lib/samv71/libchip/include/same70/component/component_supc.h,1,différé,,,,,,,i:Debug;samv71-freertos-debug,,,,,,,,,,,,,,,,,,,,,,i:freertos-debug,i:freertos-debug,,,,,,,,,,,,,,,,
src/kernel/dev/arch/at91/softpack-lib/samv71/libchip/include/same70/component/component_tc.h,1,différé,,,,,,,i:Debug;samv71-freertos-debug,,,,,,,,,,,,,,,,,,,,,,i:freertos-debug,i:freertos-debug,,,,,,,,,,,,,,,,
src/kernel/dev/arch/at91/softpack-lib/samv71/libchip/include/same70/component/component_trng.h,1,différé,,,,,,,i:Debug;samv71-freertos-debug,,,,,,,,,,,,,,,,,,,,,,i:freertos-debug,i:freertos-debug,,,,,,,,,,,,,,,,
src/kernel/dev/arch/at91/softpack-lib/samv71/libchip/include/same70/component/component_twihs.h,1,différé,,,,,,,i:Debug;samv71-freertos-debug,,,,,,,,,,,,,,,,,,,,,,i:freertos-debug,i:freertos-debug,,,,,,,,,,,,,,,,
src/kernel/dev/arch/at91/softpack-lib/samv71/libchip/include/same70/component/component_uart.h,1,différé,,,,,,,i:Debug;samv71-freertos-debug,,,,,,,,,,,,,,,,,,,,,,i:freertos-debug,i:freertos-debug,,,,,,,,,,,,,,,,
src/kernel/dev/arch/at91/softpack-lib/samv71/libchip/include/same70/component/component_usart.h,1,différé,,,,,,,i:Debug;samv71-freertos-debug,,,,,,,,,,,,,,,,,,,,,,i:freertos-debug,i:freertos-debug,,,,,,,,,,,,,,,,
src/kernel/dev/arch/at91/softpack-lib/samv71/libchip/include/same70/component/component_usbhs.h,1,différé,,,,,,,i:Debug;samv71-freertos-debug,,,,,,,,,,,,,,,,,,,,,,i:freertos-debug,i:freertos-debug,,,,,,,,,,,,,,,,
src/kernel/dev/arch/at91/softpack-lib/samv71/libchip/include/same70/component/component_utmi.h,1,différé,,,,,,,i:Debug;samv71-freertos-debug,,,,,,,,,,,,,,,,,,,,,,i:freertos-debug,i:freertos-debug,,,,,,,,,,,,,,,,
src/kernel/dev/arch/at91/softpack-lib/samv71/libchip/include/same70/component/component_wdt.h,1,différé,,,,,,,i:Debug;samv71-freertos-debug,,,,,,,,,,,,,,,,,,,,,,i:freertos-debug,i:freertos-debug,,,,,,,,,,,,,,,,
src/kernel/dev/arch/at91/softpack-lib/samv71/libchip/include/same70/component/component_xdmac.h,1,différé,,,,,,,i:Debug;samv71-freertos-debug,,,,,,,,,,,,,,,,,,,,,,i:freertos-debug,i:freertos-debug,,,,,,,,,,,,,,,,
src/kernel/dev/arch/at91/softpack-lib/samv71/libchip/include/same70/instance/instance_acc.h,1,différé,,,,,,,i:Debug;samv71-freertos-debug,,,,,,,,,,,,,,,,,,,,,,i:freertos-debug,i:freertos-debug,,,,,,,,,,,,,,,,
src/kernel/dev/arch/at91/softpack-lib/samv71/libchip/include/same70/instance/instance_aes.h,1,différé,,,,,,,i:Debug;samv71-freertos-debug,,,,,,,,,,,,,,,,,,,,,,i:freertos-debug,i:freertos-debug,,,,,,,,,,,,,,,,
src/kernel/dev/arch/at91/softpack-lib/samv71/libchip/include/same70/instance/instance_afec0.h,1,différé,,,,,,,i:Debug;samv71-freertos-debug,,,,,,,,,,,,,,,,,,,,,,i:freertos-debug,i:freertos-debug,,,,,,,,,,,,,,,,
src/kernel/dev/arch/at91/softpack-lib/samv71/libchip/include/same70/instance/instance_afec1.h,1,différé,,,,,,,i:Debug;samv71-freertos-debug,,,,,,,,,,,,,,,,,,,,,,i:freertos-debug,i:freertos-debug,,,,,,,,,,,,,,,,
src/kernel/dev/arch/at91/softpack-lib/samv71/libchip/include/same70/instance/instance_chipid.h,1,différé,,,,,,,i:Debug;samv71-freertos-debug,,,,,,,,,,,,,,,,,,,,,,i:freertos-debug,i:freertos-debug,,,,,,,,,,,,,,,,
src/kernel/dev/arch/at91/softpack-lib/samv71/libchip/include/same70/instance/instance_dacc.h,1,différé,,,,,,,i:Debug;samv71-freertos-debug,,,,,,,,,,,,,,,,,,,,,,i:freertos-debug,i:freertos-debug,,,,,,,,,,,,,,,,
src/kernel/dev/arch/at91/softpack-lib/samv71/libchip/include/same70/instance/instance_efc.h,1,différé,,,,,,,i:Debug;samv71-freertos-debug,,,,,,,,,,,,,,,,,,,,,,i:freertos-debug,i:freertos-debug,,,,,,,,,,,,,,,,
src/kernel/dev/arch/at91/softpack-lib/samv71/libchip/include/same70/instance/instance_gmac.h,1,différé,,,,,,,i:Debug;samv71-freertos-debug,,,,,,,,,,,,,,,,,,,,,,i:freertos-debug,i:freertos-debug,,,,,,,,,,,,,,,,
src/kernel/dev/arch/at91/softpack-lib/samv71/libchip/include/same70/instance/instance_gpbr.h,1,différé,,,,,,,i:Debug;samv71-freertos-debug,,,,,,,,,,,,,,,,,,,,,,i:freertos-debug,i:freertos-debug,,,,,,,,,,,,,,,,
src/kernel/dev/arch/at91/softpack-lib/samv71/libchip/include/same70/instance/instance_hsmci.h,1,différé,,,,,,,i:Debug;samv71-freertos-debug,,,,,,,,,,,,,,,,,,,,,,i:freertos-debug,i:freertos-debug,,,,,,,,,,,,,,,,
src/kernel/dev/arch/at91/softpack-lib/samv71/libchip/include/same70/instance/instance_icm.h,1,différé,,,,,,,i:Debug;samv71-freertos-debug,,,,,,,,,,,,,,,,,,,,,,i:freertos-debug,i:freertos-debug,,,,,,,,,,,,,,,,
src/kernel/dev/arch/at91/softpack-lib/samv71/libchip/include/same70/instance/instance_isi.h,1,différé,,,,,,,i:Debug;samv71-freertos-debug,,,,,,,,,,,,,,,,,,,,,,i:freertos-debug,i:freertos-debug,,,,,,,,,,,,,,,,
src/kernel/dev/arch/at91/softpack-lib/samv71/libchip/include/same70/instance/instance_matrix.h,1,différé,,,,,,,i:Debug;samv71-freertos-debug,,,,,,,,,,,,,,,,,,,,,,i:freertos-debug,i:freertos-debug,,,,,,,,,,,,,,,,
src/kernel/dev/arch/at91/softpack-lib/samv71/libchip/include/same70/instance/instance_mcan0.h,1,différé,,,,,,,i:Debug;samv71-freertos-debug,,,,,,,,,,,,,,,,,,,,,,i:freertos-debug,i:freertos-debug,,,,,,,,,,,,,,,,
src/kernel/dev/arch/at91/softpack-lib/samv71/libchip/include/same70/instance/instance_mcan1.h,1,différé,,,,,,,i:Debug;samv71-freertos-debug,,,,,,,,,,,,,,,,,,,,,,i:freertos-debug,i:freertos-debug,,,,,,,,,,,,,,,,
src/kernel/dev/arch/at91/softpack-lib/samv71/libchip/include/same70/instance/instance_pioa.h,1,différé,,,,,,,i:Debug;samv71-freertos-debug,,,,,,,,,,,,,,,,,,,,,,i:freertos-debug,i:freertos-debug,,,,,,,,,,,,,,,,
src/kernel/dev/arch/at91/softpack-lib/samv71/libchip/include/same70/instance/instance_piob.h,1,différé,,,,,,,i:Debug;samv71-freertos-debug,,,,,,,,,,,,,,,,,,,,,,i:freertos-debug,i:freertos-debug,,,,,,,,,,,,,,,,
src/kernel/dev/arch/at91/softpack-lib/samv71/libchip/include/same70/instance/instance_pioc.h,1,différé,,,,,,,i:Debug;samv71-freertos-debug,,,,,,,,,,,,,,,,,,,,,,i:freertos-debug,i:freertos-debug,,,,,,,,,,,,,,,,
src/kernel/dev/arch/at91/softpack-lib/samv71/libchip/include/same70/instance/instance_piod.h,1,différé,,,,,,,i:Debug;samv71-freertos-debug,,,,,,,,,,,,,,,,,,,,,,i:freertos-debug,i:freertos-debug,,,,,,,,,,,,,,,,
src/kernel/dev/arch/at91/softpack-lib/samv71/libchip/include/same70/instance/instance_pioe.h,1,différé,,,,,,,i:Debug;samv71-freertos-debug,,,,,,,,,,,,,,,,,,,,,,i:freertos-debug,i:freertos-debug,,,,,,,,,,,,,,,,
src/kernel/dev/arch/at91/softpack-lib/samv71/libchip/include/same70/instance/instance_pmc.h,1,différé,,,,,,,i:Debug;samv71-freertos-debug,,,,,,,,,,,,,,,,,,,,,,i:freertos-debug,i:freertos-debug,,,,,,,,,,,,,,,,
src/kernel/dev/arch/at91/softpack-lib/samv71/libchip/include/same70/instance/instance_pwm0.h,1,différé,,,,,,,i:Debug;samv71-freertos-debug,,,,,,,,,,,,,,,,,,,,,,i:freertos-debug,i:freertos-debug,,,,,,,,,,,,,,,,
src/kernel/dev/arch/at91/softpack-lib/samv71/libchip/include/same70/instance/instance_pwm1.h,1,différé,,,,,,,i:Debug;samv71-freertos-debug,,,,,,,,,,,,,,,,,,,,,,i:freertos-debug,i:freertos-debug,,,,,,,,,,,,,,,,
src/kernel/dev/arch/at91/softpack-lib/samv71/libchip/include/same70/instance/instance_qspi.h,1,différé,,,,,,,i:Debug;samv71-freertos-debug,,,,,,,,,,,,,,,,,,,,,,i:freertos-debug,i:freertos-debug,,,,,,,,,,,,,,,,
src/kernel/dev/arch/at91/softpack-lib/samv71/libchip/include/same70/instance/instance_rstc.h,1,différé,,,,,,,i:Debug;samv71-freertos-debug,,,,,,,,,,,,,,,,,,,,,,i:freertos-debug,i:freertos-debug,,,,,,,,,,,,,,,,
src/kernel/dev/arch/at91/softpack-lib/samv71/libchip/include/same70/instance/instance_rswdt.h,1,différé,,,,,,,i:Debug;samv71-freertos-debug,,,,,,,,,,,,,,,,,,,,,,i:freertos-debug,i:freertos-debug,,,,,,,,,,,,,,,,
src/kernel/dev/arch/at91/softpack-lib/samv71/libchip/include/same70/instance/instance_rtc.h,1,différé,,,,,,,i:Debug;samv71-freertos-debug,,,,,,,,,,,,,,,,,,,,,,i:freertos-debug,i:freertos-debug,,,,,,,,,,,,,,,,
src/kernel/dev/arch/at91/softpack-lib/samv71/libchip/include/same70/instance/instance_rtt.h,1,différé,,,,,,,i:Debug;samv71-freertos-debug,,,,,,,,,,,,,,,,,,,,,,i:freertos-debug,i:freertos-debug,,,,,,,,,,,,,,,,
src/kernel/dev/arch/at91/softpack-lib/samv71/libchip/include/same70/instance/instance_sdramc.h,1,différé,,,,,,,i:Debug;samv71-freertos-debug,,,,,,,,,,,,,,,,,,,,,,i:freertos-debug,i:freertos-debug,,,,,,,,,,,,,,,,
src/kernel/dev/arch/at91/softpack-lib/samv71/libchip/include/same70/instance/instance_smc.h,1,différé,,,,,,,i:Debug;samv71-freertos-debug,,,,,,,,,,,,,,,,,,,,,,i:freertos-debug,i:freertos-debug,,,,,,,,,,,,,,,,
src/kernel/dev/arch/at91/softpack-lib/samv71/libchip/include/same70/instance/instance_spi0.h,1,différé,,,,,,,i:Debug;samv71-freertos-debug,,,,,,,,,,,,,,,,,,,,,,i:freertos-debug,i:freertos-debug,,,,,,,,,,,,,,,,
src/kernel/dev/arch/at91/softpack-lib/samv71/libchip/include/same70/instance/instance_spi1.h,1,différé,,,,,,,i:Debug;samv71-freertos-debug,,,,,,,,,,,,,,,,,,,,,,i:freertos-debug,i:freertos-debug,,,,,,,,,,,,,,,,
src/kernel/dev/arch/at91/softpack-lib/samv71/libchip/include/same70/instance/instance_ssc.h,1,différé,,,,,,,i:Debug;samv71-freertos-debug,,,,,,,,,,,,,,,,,,,,,,i:freertos-debug,i:freertos-debug,,,,,,,,,,,,,,,,
src/kernel/dev/arch/at91/softpack-lib/samv71/libchip/include/same70/instance/instance_supc.h,1,différé,,,,,,,i:Debug;samv71-freertos-debug,,,,,,,,,,,,,,,,,,,,,,i:freertos-debug,i:freertos-debug,,,,,,,,,,,,,,,,
src/kernel/dev/arch/at91/softpack-lib/samv71/libchip/include/same70/instance/instance_tc0.h,1,différé,,,,,,,i:Debug;samv71-freertos-debug,,,,,,,,,,,,,,,,,,,,,,i:freertos-debug,i:freertos-debug,,,,,,,,,,,,,,,,
src/kernel/dev/arch/at91/softpack-lib/samv71/libchip/include/same70/instance/instance_tc1.h,1,différé,,,,,,,i:Debug;samv71-freertos-debug,,,,,,,,,,,,,,,,,,,,,,i:freertos-debug,i:freertos-debug,,,,,,,,,,,,,,,,
src/kernel/dev/arch/at91/softpack-lib/samv71/libchip/include/same70/instance/instance_tc2.h,1,différé,,,,,,,i:Debug;samv71-freertos-debug,,,,,,,,,,,,,,,,,,,,,,i:freertos-debug,i:freertos-debug,,,,,,,,,,,,,,,,
src/kernel/dev/arch/at91/softpack-lib/samv71/libchip/include/same70/instance/instance_tc3.h,1,différé,,,,,,,i:Debug;samv71-freertos-debug,,,,,,,,,,,,,,,,,,,,,,i:freertos-debug,i:freertos-debug,,,,,,,,,,,,,,,,
src/kernel/dev/arch/at91/softpack-lib/samv71/libchip/include/same70/instance/instance_trng.h,1,différé,,,,,,,i:Debug;samv71-freertos-debug,,,,,,,,,,,,,,,,,,,,,,i:freertos-debug,i:freertos-debug,,,,,,,,,,,,,,,,
src/kernel/dev/arch/at91/softpack-lib/samv71/libchip/include/same70/instance/instance_twihs0.h,1,différé,,,,,,,i:Debug;samv71-freertos-debug,,,,,,,,,,,,,,,,,,,,,,i:freertos-debug,i:freertos-debug,,,,,,,,,,,,,,,,
src/kernel/dev/arch/at91/softpack-lib/samv71/libchip/include/same70/instance/instance_twihs1.h,1,différé,,,,,,,i:Debug;samv71-freertos-debug,,,,,,,,,,,,,,,,,,,,,,i:freertos-debug,i:freertos-debug,,,,,,,,,,,,,,,,
src/kernel/dev/arch/at91/softpack-lib/samv71/libchip/include/same70/instance/instance_twihs2.h,1,différé,,,,,,,i:Debug;samv71-freertos-debug,,,,,,,,,,,,,,,,,,,,,,i:freertos-debug,i:freertos-debug,,,,,,,,,,,,,,,,
src/kernel/dev/arch/at91/softpack-lib/samv71/libchip/include/same70/instance/instance_uart0.h,1,différé,,,,,,,i:Debug;samv71-freertos-debug,,,,,,,,,,,,,,,,,,,,,,i:freertos-debug,i:freertos-debug,,,,,,,,,,,,,,,,
src/kernel/dev/arch/at91/softpack-lib/samv71/libchip/include/same70/instance/instance_uart1.h,1,différé,,,,,,,i:Debug;samv71-freertos-debug,,,,,,,,,,,,,,,,,,,,,,i:freertos-debug,i:freertos-debug,,,,,,,,,,,,,,,,
src/kernel/dev/arch/at91/softpack-lib/samv71/libchip/include/same70/instance/instance_uart2.h,1,différé,,,,,,,i:Debug;samv71-freertos-debug,,,,,,,,,,,,,,,,,,,,,,i:freertos-debug,i:freertos-debug,,,,,,,,,,,,,,,,
src/kernel/dev/arch/at91/softpack-lib/samv71/libchip/include/same70/instance/instance_uart3.h,1,différé,,,,,,,i:Debug;samv71-freertos-debug,,,,,,,,,,,,,,,,,,,,,,i:freertos-debug,i:freertos-debug,,,,,,,,,,,,,,,,
src/kernel/dev/arch/at91/softpack-lib/samv71/libchip/include/same70/instance/instance_uart4.h,1,différé,,,,,,,i:Debug;samv71-freertos-debug,,,,,,,,,,,,,,,,,,,,,,i:freertos-debug,i:freertos-debug,,,,,,,,,,,,,,,,
src/kernel/dev/arch/at91/softpack-lib/samv71/libchip/include/same70/instance/instance_usart0.h,1,différé,,,,,,,i:Debug;samv71-freertos-debug,,,,,,,,,,,,,,,,,,,,,,i:freertos-debug,i:freertos-debug,,,,,,,,,,,,,,,,
src/kernel/dev/arch/at91/softpack-lib/samv71/libchip/include/same70/instance/instance_usart1.h,1,différé,,,,,,,i:Debug;samv71-freertos-debug,,,,,,,,,,,,,,,,,,,,,,i:freertos-debug,i:freertos-debug,,,,,,,,,,,,,,,,
src/kernel/dev/arch/at91/softpack-lib/samv71/libchip/include/same70/instance/instance_usart2.h,1,différé,,,,,,,i:Debug;samv71-freertos-debug,,,,,,,,,,,,,,,,,,,,,,i:freertos-debug,i:freertos-debug,,,,,,,,,,,,,,,,
src/kernel/dev/arch/at91/softpack-lib/samv71/libchip/include/same70/instance/instance_usbhs.h,1,différé,,,,,,,i:Debug;samv71-freertos-debug,,,,,,,,,,,,,,,,,,,,,,i:freertos-debug,i:freertos-debug,,,,,,,,,,,,,,,,
src/kernel/dev/arch/at91/softpack-lib/samv71/libchip/include/same70/instance/instance_utmi.h,1,différé,,,,,,,i:Debug;samv71-freertos-debug,,,,,,,,,,,,,,,,,,,,,,i:freertos-debug,i:freertos-debug,,,,,,,,,,,,,,,,
src/kernel/dev/arch/at91/softpack-lib/samv71/libchip/include/same70/instance/instance_wdt.h,1,différé,,,,,,,i:Debug;samv71-freertos-debug,,,,,,,,,,,,,,,,,,,,,,i:freertos-debug,i:freertos-debug,,,,,,,,,,,,,,,,
src/kernel/dev/arch/at91/softpack-lib/samv71/libchip/include/same70/instance/instance_xdmac.h,1,différé,,,,,,,i:Debug;samv71-freertos-debug,,,,,,,,,,,,,,,,,,,,,,i:freertos-debug,i:freertos-debug,,,,,,,,,,,,,,,,
src/kernel/dev/arch/at91/softpack-lib/samv71/libchip/include/same70/pio/pio_same70j19.h,1,différé,,,,,,,i:Debug;samv71-freertos-debug,,,,,,,,,,,,,,,,,,,,,,i:freertos-debug,i:freertos-debug,,,,,,,,,,,,,,,,
src/kernel/dev/arch/at91/softpack-lib/samv71/libchip/include/same70/pio/pio_same70j20.h,1,différé,,,,,,,i:Debug;samv71-freertos-debug,,,,,,,,,,,,,,,,,,,,,,i:freertos-debug,i:freertos-debug,,,,,,,,,,,,,,,,
src/kernel/dev/arch/at91/softpack-lib/samv71/libchip/include/same70/pio/pio_same70j21.h,1,différé,,,,,,,i:Debug;samv71-freertos-debug,,,,,,,,,,,,,,,,,,,,,,i:freertos-debug,i:freertos-debug,,,,,,,,,,,,,,,,
src/kernel/dev/arch/at91/softpack-lib/samv71/libchip/include/same70/pio/pio_same70n19.h,1,différé,,,,,,,i:Debug;samv71-freertos-debug,,,,,,,,,,,,,,,,,,,,,,i:freertos-debug,i:freertos-debug,,,,,,,,,,,,,,,,
src/kernel/dev/arch/at91/softpack-lib/samv71/libchip/include/same70/pio/pio_same70n20.h,1,différé,,,,,,,i:Debug;samv71-freertos-debug,,,,,,,,,,,,,,,,,,,,,,i:freertos-debug,i:freertos-debug,,,,,,,,,,,,,,,,
src/kernel/dev/arch/at91/softpack-lib/samv71/libchip/include/same70/pio/pio_same70n21.h,1,différé,,,,,,,i:Debug;samv71-freertos-debug,,,,,,,,,,,,,,,,,,,,,,i:freertos-debug,i:freertos-debug,,,,,,,,,,,,,,,,
src/kernel/dev/arch/at91/softpack-lib/samv71/libchip/include/same70/pio/pio_same70q19.h,1,différé,,,,,,,i:Debug;samv71-freertos-debug,,,,,,,,,,,,,,,,,,,,,,i:freertos-debug,i:freertos-debug,,,,,,,,,,,,,,,,
src/kernel/dev/arch/at91/softpack-lib/samv71/libchip/include/same70/pio/pio_same70q20.h,1,différé,,,,,,,i:Debug;samv71-freertos-debug,,,,,,,,,,,,,,,,,,,,,,i:freertos-debug,i:freertos-debug,,,,,,,,,,,,,,,,
src/kernel/dev/arch/at91/softpack-lib/samv71/libchip/include/same70/pio/pio_same70q21.h,1,différé,,,,,,,i:Debug;samv71-freertos-debug,,,,,,,,,,,,,,,,,,,,,,i:freertos-debug,i:freertos-debug,,,,,,,,,,,,,,,,
src/kernel/dev/arch/at91/softpack-lib/samv71/libchip/include/same70/same70.h,1,différé,,,,,,,i:Debug;samv71-freertos-debug,,,,,,,,,,,,,,,,,,,,,,i:freertos-debug,i:freertos-debug,,,,,,,,,,,,,,,,
src/kernel/dev/arch/at91/softpack-lib/samv71/libchip/include/same70/same70j19.h,1,différé,,,,,,,i:Debug;samv71-freertos-debug,,,,,,,,,,,,,,,,,,,,,,i:freertos-debug,i:freertos-debug,,,,,,,,,,,,,,,,
src/kernel/dev/arch/at91/softpack-lib/samv71/libchip/include/same70/same70j20.h,1,différé,,,,,,,i:Debug;samv71-freertos-debug,,,,,,,,,,,,,,,,,,,,,,i:freertos-debug,i:freertos-debug,,,,,,,,,,,,,,,,
src/kernel/dev/arch/at91/softpack-lib/samv71/libchip/include/same70/same70j21.h,1,différé,,,,,,,i:Debug;samv71-freertos-debug,,,,,,,,,,,,,,,,,,,,,,i:freertos-debug,i:freertos-debug,,,,,,,,,,,,,,,,
src/kernel/dev/arch/at91/softpack-lib/samv71/libchip/include/same70/same70n19.h,1,différé,,,,,,,i:Debug;samv71-freertos-debug,,,,,,,,,,,,,,,,,,,,,,i:freertos-debug,i:freertos-debug,,,,,,,,,,,,,,,,
src/kernel/dev/arch/at91/softpack-lib/samv71/libchip/include/same70/same70n20.h,1,différé,,,,,,,i:Debug;samv71-freertos-debug,,,,,,,,,,,,,,,,,,,,,,i:freertos-debug,i:freertos-debug,,,,,,,,,,,,,,,,
src/kernel/dev/arch/at91/softpack-lib/samv71/libchip/include/same70/same70n21.h,1,différé,,,,,,,i:Debug;samv71-freertos-debug,,,,,,,,,,,,,,,,,,,,,,i:freertos-debug,i:freertos-debug,,,,,,,,,,,,,,,,
src/kernel/dev/arch/at91/softpack-lib/samv71/libchip/include/same70/same70q19.h,1,différé,,,,,,,i:Debug;samv71-freertos-debug,,,,,,,,,,,,,,,,,,,,,,i:freertos-debug,i:freertos-debug,,,,,,,,,,,,,,,,
src/kernel/dev/arch/at91/softpack-lib/samv71/libchip/include/same70/same70q20.h,1,différé,,,,,,,i:Debug;samv71-freertos-debug,,,,,,,,,,,,,,,,,,,,,,i:freertos-debug,i:freertos-debug,,,,,,,,,,,,,,,,
src/kernel/dev/arch/at91/softpack-lib/samv71/libchip/include/same70/same70q21.h,1,différé,,,,,,,i:Debug;samv71-freertos-debug,,,,,,,,,,,,,,,,,,,,,,i:freertos-debug,i:freertos-debug,,,,,,,,,,,,,,,,
src/kernel/dev/arch/at91/softpack-lib/samv71/libchip/include/same70/system_same70.h,1,différé,,,,,,,i:Debug;samv71-freertos-debug,,,,,,,,,,,,,,,,,,,,,,i:freertos-debug,i:freertos-debug,,,,,,,,,,,,,,,,
src/kernel/dev/arch/at91/softpack-lib/samv71/libchip/include/samv71/component/component_acc.h,1,différé,,,,,,,i:Debug;samv71-freertos-debug,,,,,,,,,,,,,,,,,,,,,,i:freertos-debug,i:freertos-debug,,,,,,,,,,,i:Debug;freertos-debug,,,,,
src/kernel/dev/arch/at91/softpack-lib/samv71/libchip/include/samv71/component/component_aes.h,1,différé,,,,,,,i:Debug;samv71-freertos-debug,,,,,,,,,,,,,,,,,,,,,,i:freertos-debug,i:freertos-debug,,,,,,,,,,,i:Debug;freertos-debug,,,,,
src/kernel/dev/arch/at91/softpack-lib/samv71/libchip/include/samv71/component/component_afec.h,1,différé,,,,,,,i:Debug;samv71-freertos-debug,,,,,,,,,,,,,,,,,,,,,,i:freertos-debug,i:freertos-debug,,,,,,,,,,,i:Debug;freertos-debug,,,,,
src/kernel/dev/arch/at91/softpack-lib/samv71/libchip/include/samv71/component/component_chipid.h,1,différé,,,,,,,i:Debug;samv71-freertos-debug,,,,,,,,,,,,,,,,,,,,,,i:freertos-debug,i:freertos-debug,,,,,,,,,,,i:Debug;freertos-debug,,,,,
src/kernel/dev/arch/at91/softpack-lib/samv71/libchip/include/samv71/component/component_dacc.h,1,différé,,,,,,,i:Debug;samv71-freertos-debug,,,,,,,,,,,,,,,,,,,,,,i:freertos-debug,i:freertos-debug,,,,,,,,,,,i:Debug;freertos-debug,,,,,
src/kernel/dev/arch/at91/softpack-lib/samv71/libchip/include/samv71/component/component_efc.h,1,différé,,,,,,,i:Debug;samv71-freertos-debug,,,,,,,,,,,,,,,,,,,,,,i:freertos-debug,i:freertos-debug,,,,,,,,,,,i:Debug;freertos-debug,,,,,
src/kernel/dev/arch/at91/softpack-lib/samv71/libchip/include/samv71/component/component_gmac.h,1,différé,,,,,,,i:Debug;samv71-freertos-debug,,,,,,,,,,,,,,,,,,,,,,i:freertos-debug,i:freertos-debug,,,,,,,,,,,i:Debug;freertos-debug,,,,,
src/kernel/dev/arch/at91/softpack-lib/samv71/libchip/include/samv71/component/component_gpbr.h,1,différé,,,,,,,i:Debug;samv71-freertos-debug,,,,,,,,,,,,,,,,,,,,,,i:freertos-debug,i:freertos-debug,,,,,,,,,,,i:Debug;freertos-debug,,,,,
src/kernel/dev/arch/at91/softpack-lib/samv71/libchip/include/samv71/component/component_hsmci.h,1,différé,,,,,,,i:Debug;samv71-freertos-debug,,,,,,,,,,,,,,,,,,,,,,i:freertos-debug,i:freertos-debug,,,,,,,,,,,i:Debug;freertos-debug,,,,,
src/kernel/dev/arch/at91/softpack-lib/samv71/libchip/include/samv71/component/component_icm.h,1,différé,,,,,,,i:Debug;samv71-freertos-debug,,,,,,,,,,,,,,,,,,,,,,i:freertos-debug,i:freertos-debug,,,,,,,,,,,i:Debug;freertos-debug,,,,,
src/kernel/dev/arch/at91/softpack-lib/samv71/libchip/include/samv71/component/component_isi.h,1,différé,,,,,,,i:Debug;samv71-freertos-debug,,,,,,,,,,,,,,,,,,,,,,i:freertos-debug,i:freertos-debug,,,,,,,,,,,i:Debug;freertos-debug,,,,,
src/kernel/dev/arch/at91/softpack-lib/samv71/libchip/include/samv71/component/component_matrix.h,1,différé,,,,,,,i:Debug;samv71-freertos-debug,,,,,,,,,,,,,,,,,,,,,,i:freertos-debug,i:freertos-debug,,,,,,,,,,,i:Debug;freertos-debug,,,,,
src/kernel/dev/arch/at91/softpack-lib/samv71/libchip/include/samv71/component/component_mcan.h,1,différé,,,,,,,i:Debug;samv71-freertos-debug,,,,,,,,,,,,,,,,,,,,,,i:freertos-debug,i:freertos-debug,,,,,,,,,,,i:Debug;freertos-debug,,,,,
src/kernel/dev/arch/at91/softpack-lib/samv71/libchip/include/samv71/component/component_mlb.h,1,différé,,,,,,,i:Debug;samv71-freertos-debug,,,,,,,,,,,,,,,,,,,,,,i:freertos-debug,i:freertos-debug,,,,,,,,,,,i:Debug;freertos-debug,,,,,
src/kernel/dev/arch/at91/softpack-lib/samv71/libchip/include/samv71/component/component_pio.h,1,différé,,,,,,,i:Debug;samv71-freertos-debug,,,,,,,,,,,,,,,,,,,,,,i:freertos-debug,i:freertos-debug,,,,,,,,,,,i:Debug;freertos-debug,,,,,
src/kernel/dev/arch/at91/softpack-lib/samv71/libchip/include/samv71/component/component_pmc.h,1,différé,,,,,,,i:Debug;samv71-freertos-debug,,,,,,,,,,,,,,,,,,,,,,i:freertos-debug,i:freertos-debug,,,,,,,,,,,i:Debug;freertos-debug,,,,,
src/kernel/dev/arch/at91/softpack-lib/samv71/libchip/include/samv71/component/component_pwm.h,1,différé,,,,,,,i:Debug;samv71-freertos-debug,,,,,,,,,,,,,,,,,,,,,,i:freertos-debug,i:freertos-debug,,,,,,,,,,,i:Debug;freertos-debug,,,,,
src/kernel/dev/arch/at91/softpack-lib/samv71/libchip/include/samv71/component/component_qspi.h,1,différé,,,,,,,i:Debug;samv71-freertos-debug,,,,,,,,,,,,,,,,,,,,,,i:freertos-debug,i:freertos-debug,,,,,,,,,,,i:Debug;freertos-debug,,,,,
src/kernel/dev/arch/at91/softpack-lib/samv71/libchip/include/samv71/component/component_rstc.h,1,différé,,,,,,,i:Debug;samv71-freertos-debug,,,,,,,,,,,,,,,,,,,,,,i:freertos-debug,i:freertos-debug,,,,,,,,,,,i:Debug;freertos-debug,,,,,
src/kernel/dev/arch/at91/softpack-lib/samv71/libchip/include/samv71/component/component_rswdt.h,1,différé,,,,,,,i:Debug;samv71-freertos-debug,,,,,,,,,,,,,,,,,,,,,,i:freertos-debug,i:freertos-debug,,,,,,,,,,,i:Debug;freertos-debug,,,,,
src/kernel/dev/arch/at91/softpack-lib/samv71/libchip/include/samv71/component/component_rtc.h,1,différé,,,,,,,i:Debug;samv71-freertos-debug,,,,,,,,,,,,,,,,,,,,,,i:freertos-debug,i:freertos-debug,,,,,,,,,,,i:Debug;freertos-debug,,,,,
src/kernel/dev/arch/at91/softpack-lib/samv71/libchip/include/samv71/component/component_rtt.h,1,différé,,,,,,,i:Debug;samv71-freertos-debug,,,,,,,,,,,,,,,,,,,,,,i:freertos-debug,i:freertos-debug,,,,,,,,,,,i:Debug;freertos-debug,,,,,
src/kernel/dev/arch/at91/softpack-lib/samv71/libchip/include/samv71/component/component_sdramc.h,1,différé,,,,,,,i:Debug;samv71-freertos-debug,,,,,,,,,,,,,,,,,,,,,,i:freertos-debug,i:freertos-debug,,,,,,,,,,,i:Debug;freertos-debug,,,,,
src/kernel/dev/arch/at91/softpack-lib/samv71/libchip/include/samv71/component/component_smc.h,1,différé,,,,,,,i:Debug;samv71-freertos-debug,,,,,,,,,,,,,,,,,,,,,,i:freertos-debug,i:freertos-debug,,,,,,,,,,,i:Debug;freertos-debug,,,,,
src/kernel/dev/arch/at91/softpack-lib/samv71/libchip/include/samv71/component/component_spi.h,1,différé,,,,,,,i:Debug;samv71-freertos-debug,,,,,,,,,,,,,,,,,,,,,,i:freertos-debug,i:freertos-debug,,,,,,,,,,,i:Debug;freertos-debug,,,,,
src/kernel/dev/arch/at91/softpack-lib/samv71/libchip/include/samv71/component/component_ssc.h,1,différé,,,,,,,i:Debug;samv71-freertos-debug,,,,,,,,,,,,,,,,,,,,,,i:freertos-debug,i:freertos-debug,,,,,,,,,,,i:Debug;freertos-debug,,,,,
src/kernel/dev/arch/at91/softpack-lib/samv71/libchip/include/samv71/component/component_supc.h,1,différé,,,,,,,i:Debug;samv71-freertos-debug,,,,,,,,,,,,,,,,,,,,,,i:freertos-debug,i:freertos-debug,,,,,,,,,,,i:Debug;freertos-debug,,,,,
src/kernel/dev/arch/at91/softpack-lib/samv71/libchip/include/samv71/component/component_tc.h,1,différé,,,,,,,i:Debug;samv71-freertos-debug,,,,,,,,,,,,,,,,,,,,,,i:freertos-debug,i:freertos-debug,,,,,,,,,,,i:Debug;freertos-debug,,,,,
src/kernel/dev/arch/at91/softpack-lib/samv71/libchip/include/samv71/component/component_trng.h,1,différé,,,,,,,i:Debug;samv71-freertos-debug,,,,,,,,,,,,,,,,,,,,,,i:freertos-debug,i:freertos-debug,,,,,,,,,,,i:Debug;freertos-debug,,,,,
src/kernel/dev/arch/at91/softpack-lib/samv71/libchip/include/samv71/component/component_twihs.h,1,différé,,,,,,,i:Debug;samv71-freertos-debug,,,,,,,,,,,,,,,,,,,,,,i:freertos-debug,i:freertos-debug,,,,,,,,,,,i:Debug;freertos-debug,,,,,
src/kernel/dev/arch/at91/softpack-lib/samv71/libchip/include/samv71/component/component_uart.h,1,différé,,,,,,,i:Debug;samv71-freertos-debug,,,,,,,,,,,,,,,,,,,,,,i:freertos-debug,i:freertos-debug,,,,,,,,,,,i:Debug;freertos-debug,,,,,
src/kernel/dev/arch/at91/softpack-lib/samv71/libchip/include/samv71/component/component_usart.h,1,différé,,,,,,,i:Debug;samv71-freertos-debug,,,,,,,,,,,,,,,,,,,,,,i:freertos-debug,i:freertos-debug,,,,,,,,,,,i:Debug;freertos-debug,,,,,
src/kernel/dev/arch/at91/softpack-lib/samv71/libchip/include/samv71/component/component_usbhs.h,1,différé,,,,,,,i:Debug;samv71-freertos-debug,,,,,,,,,,,,,,,,,,,,,,i:freertos-debug,i:freertos-debug,,,,,,,,,,,i:Debug;freertos-debug,,,,,
src/kernel/dev/arch/at91/softpack-lib/samv71/libchip/include/samv71/component/component_utmi.h,1,différé,,,,,,,i:Debug;samv71-freertos-debug,,,,,,,,,,,,,,,,,,,,,,i:freertos-debug,i:freertos-debug,,,,,,,,,,,i:Debug;freertos-debug,,,,,
src/kernel/dev/arch/at91/softpack-lib/samv71/libchip/include/samv71/component/component_wdt.h,1,différé,,,,,,,i:Debug;samv71-freertos-debug,,,,,,,,,,,,,,,,,,,,,,i:freertos-debug,i:freertos-debug,,,,,,,,,,,i:Debug;freertos-debug,,,,,
src/kernel/dev/arch/at91/softpack-lib/samv71/libchip/include/samv71/component/component_xdmac.h,1,différé,,,,,,,i:Debug;samv71-freertos-debug,,,,,,,,,,,,,,,,,,,,,,i:freertos-debug,i:freertos-debug,,,,,,,,,,,i:Debug;freertos-debug,,,,,
src/kernel/dev/arch/at91/softpack-lib/samv71/libchip/include/samv71/instance/instance_acc.h,1,différé,,,,,,,i:Debug;samv71-freertos-debug,,,,,,,,,,,,,,,,,,,,,,i:freertos-debug,i:freertos-debug,,,,,,,,,,,i:Debug;freertos-debug,,,,,
src/kernel/dev/arch/at91/softpack-lib/samv71/libchip/include/samv71/instance/instance_aes.h,1,différé,,,,,,,i:Debug;samv71-freertos-debug,,,,,,,,,,,,,,,,,,,,,,i:freertos-debug,i:freertos-debug,,,,,,,,,,,i:Debug;freertos-debug,,,,,
src/kernel/dev/arch/at91/softpack-lib/samv71/libchip/include/samv71/instance/instance_afec0.h,1,différé,,,,,,,i:Debug;samv71-freertos-debug,,,,,,,,,,,,,,,,,,,,,,i:freertos-debug,i:freertos-debug,,,,,,,,,,,i:Debug;freertos-debug,,,,,
src/kernel/dev/arch/at91/softpack-lib/samv71/libchip/include/samv71/instance/instance_afec1.h,1,différé,,,,,,,i:Debug;samv71-freertos-debug,,,,,,,,,,,,,,,,,,,,,,i:freertos-debug,i:freertos-debug,,,,,,,,,,,i:Debug;freertos-debug,,,,,
src/kernel/dev/arch/at91/softpack-lib/samv71/libchip/include/samv71/instance/instance_chipid.h,1,différé,,,,,,,i:Debug;samv71-freertos-debug,,,,,,,,,,,,,,,,,,,,,,i:freertos-debug,i:freertos-debug,,,,,,,,,,,i:Debug;freertos-debug,,,,,
src/kernel/dev/arch/at91/softpack-lib/samv71/libchip/include/samv71/instance/instance_dacc.h,1,différé,,,,,,,i:Debug;samv71-freertos-debug,,,,,,,,,,,,,,,,,,,,,,i:freertos-debug,i:freertos-debug,,,,,,,,,,,i:Debug;freertos-debug,,,,,
src/kernel/dev/arch/at91/softpack-lib/samv71/libchip/include/samv71/instance/instance_efc.h,1,différé,,,,,,,i:Debug;samv71-freertos-debug,,,,,,,,,,,,,,,,,,,,,,i:freertos-debug,i:freertos-debug,,,,,,,,,,,i:Debug;freertos-debug,,,,,
src/kernel/dev/arch/at91/softpack-lib/samv71/libchip/include/samv71/instance/instance_gmac.h,1,différé,,,,,,,i:Debug;samv71-freertos-debug,,,,,,,,,,,,,,,,,,,,,,i:freertos-debug,i:freertos-debug,,,,,,,,,,,i:Debug;freertos-debug,,,,,
src/kernel/dev/arch/at91/softpack-lib/samv71/libchip/include/samv71/instance/instance_gpbr.h,1,différé,,,,,,,i:Debug;samv71-freertos-debug,,,,,,,,,,,,,,,,,,,,,,i:freertos-debug,i:freertos-debug,,,,,,,,,,,i:Debug;freertos-debug,,,,,
src/kernel/dev/arch/at91/softpack-lib/samv71/libchip/include/samv71/instance/instance_hsmci.h,1,différé,,,,,,,i:Debug;samv71-freertos-debug,,,,,,,,,,,,,,,,,,,,,,i:freertos-debug,i:freertos-debug,,,,,,,,,,,i:Debug;freertos-debug,,,,,
src/kernel/dev/arch/at91/softpack-lib/samv71/libchip/include/samv71/instance/instance_icm.h,1,différé,,,,,,,i:Debug;samv71-freertos-debug,,,,,,,,,,,,,,,,,,,,,,i:freertos-debug,i:freertos-debug,,,,,,,,,,,i:Debug;freertos-debug,,,,,
src/kernel/dev/arch/at91/softpack-lib/samv71/libchip/include/samv71/instance/instance_isi.h,1,différé,,,,,,,i:Debug;samv71-freertos-debug,,,,,,,,,,,,,,,,,,,,,,i:freertos-debug,i:freertos-debug,,,,,,,,,,,i:Debug;freertos-debug,,,,,
src/kernel/dev/arch/at91/softpack-lib/samv71/libchip/include/samv71/instance/instance_matrix.h,1,différé,,,,,,,i:Debug;samv71-freertos-debug,,,,,,,,,,,,,,,,,,,,,,i:freertos-debug,i:freertos-debug,,,,,,,,,,,i:Debug;freertos-debug,,,,,
src/kernel/dev/arch/at91/softpack-lib/samv71/libchip/include/samv71/instance/instance_mcan0.h,1,différé,,,,,,,i:Debug;samv71-freertos-debug,,,,,,,,,,,,,,,,,,,,,,i:freertos-debug,i:freertos-debug,,,,,,,,,,,i:Debug;freertos-debug,,,,,
src/kernel/dev/arch/at91/softpack-lib/samv71/libchip/include/samv71/instance/instance_mcan1.h,1,différé,,,,,,,i:Debug;samv71-freertos-debug,,,,,,,,,,,,,,,,,,,,,,i:freertos-debug,i:freertos-debug,,,,,,,,,,,i:Debug;freertos-debug,,,,,
src/kernel/dev/arch/at91/softpack-lib/samv71/libchip/include/samv71/instance/instance_mlb.h,1,différé,,,,,,,i:Debug;samv71-freertos-debug,,,,,,,,,,,,,,,,,,,,,,i:freertos-debug,i:freertos-debug,,,,,,,,,,,i:Debug;freertos-debug,,,,,
src/kernel/dev/arch/at91/softpack-lib/samv71/libchip/include/samv71/instance/instance_pioa.h,1,différé,,,,,,,i:Debug;samv71-freertos-debug,,,,,,,,,,,,,,,,,,,,,,i:freertos-debug,i:freertos-debug,,,,,,,,,,,i:Debug;freertos-debug,,,,,
src/kernel/dev/arch/at91/softpack-lib/samv71/libchip/include/samv71/instance/instance_piob.h,1,différé,,,,,,,i:Debug;samv71-freertos-debug,,,,,,,,,,,,,,,,,,,,,,i:freertos-debug,i:freertos-debug,,,,,,,,,,,i:Debug;freertos-debug,,,,,
src/kernel/dev/arch/at91/softpack-lib/samv71/libchip/include/samv71/instance/instance_pioc.h,1,différé,,,,,,,i:Debug;samv71-freertos-debug,,,,,,,,,,,,,,,,,,,,,,i:freertos-debug,i:freertos-debug,,,,,,,,,,,i:Debug;freertos-debug,,,,,
src/kernel/dev/arch/at91/softpack-lib/samv71/libchip/include/samv71/instance/instance_piod.h,1,différé,,,,,,,i:Debug;samv71-freertos-debug,,,,,,,,,,,,,,,,,,,,,,i:freertos-debug,i:freertos-debug,,,,,,,,,,,i:Debug;freertos-debug,,,,,
src/kernel/dev/arch/at91/softpack-lib/samv71/libchip/include/samv71/instance/instance_pioe.h,1,différé,,,,,,,i:Debug;samv71-freertos-debug,,,,,,,,,,,,,,,,,,,,,,i:freertos-debug,i:freertos-debug,,,,,,,,,,,i:Debug;freertos-debug,,,,,
src/kernel/dev/arch/at91/softpack-lib/samv71/libchip/include/samv71/instance/instance_pmc.h,1,différé,,,,,,,i:Debug;samv71-freertos-debug,,,,,,,,,,,,,,,,,,,,,,i:freertos-debug,i:freertos-debug,,,,,,,,,,,i:Debug;freertos-debug,,,,,
src/kernel/dev/arch/at91/softpack-lib/samv71/libchip/include/samv71/instance/instance_pwm0.h,1,différé,,,,,,,i:Debug;samv71-freertos-debug,,,,,,,,,,,,,,,,,,,,,,i:freertos-debug,i:freertos-debug,,,,,,,,,,,i:Debug;freertos-debug,,,,,
src/kernel/dev/arch/at91/softpack-lib/samv71/libchip/include/samv71/instance/instance_pwm1.h,1,différé,,,,,,,i:Debug;samv71-freertos-debug,,,,,,,,,,,,,,,,,,,,,,i:freertos-debug,i:freertos-debug,,,,,,,,,,,i:Debug;freertos-debug,,,,,
src/kernel/dev/arch/at91/softpack-lib/samv71/libchip/include/samv71/instance/instance_qspi.h,1,différé,,,,,,,i:Debug;samv71-freertos-debug,,,,,,,,,,,,,,,,,,,,,,i:freertos-debug,i:freertos-debug,,,,,,,,,,,i:Debug;freertos-debug,,,,,
src/kernel/dev/arch/at91/softpack-lib/samv71/libchip/include/samv71/instance/instance_rstc.h,1,différé,,,,,,,i:Debug;samv71-freertos-debug,,,,,,,,,,,,,,,,,,,,,,i:freertos-debug,i:freertos-debug,,,,,,,,,,,i:Debug;freertos-debug,,,,,
src/kernel/dev/arch/at91/softpack-lib/samv71/libchip/include/samv71/instance/instance_rswdt.h,1,différé,,,,,,,i:Debug;samv71-freertos-debug,,,,,,,,,,,,,,,,,,,,,,i:freertos-debug,i:freertos-debug,,,,,,,,,,,i:Debug;freertos-debug,,,,,
src/kernel/dev/arch/at91/softpack-lib/samv71/libchip/include/samv71/instance/instance_rtc.h,1,différé,,,,,,,i:Debug;samv71-freertos-debug,,,,,,,,,,,,,,,,,,,,,,i:freertos-debug,i:freertos-debug,,,,,,,,,,,i:Debug;freertos-debug,,,,,
src/kernel/dev/arch/at91/softpack-lib/samv71/libchip/include/samv71/instance/instance_rtt.h,1,différé,,,,,,,i:Debug;samv71-freertos-debug,,,,,,,,,,,,,,,,,,,,,,i:freertos-debug,i:freertos-debug,,,,,,,,,,,i:Debug;freertos-debug,,,,,
src/kernel/dev/arch/at91/softpack-lib/samv71/libchip/include/samv71/instance/instance_sdramc.h,1,différé,,,,,,,i:Debug;samv71-freertos-debug,,,,,,,,,,,,,,,,,,,,,,i:freertos-debug,i:freertos-debug,,,,,,,,,,,i:Debug;freertos-debug,,,,,
src/kernel/dev/arch/at91/softpack-lib/samv71/libchip/include/samv71/instance/instance_smc.h,1,différé,,,,,,,i:Debug;samv71-freertos-debug,,,,,,,,,,,,,,,,,,,,,,i:freertos-debug,i:freertos-debug,,,,,,,,,,,i:Debug;freertos-debug,,,,,
src/kernel/dev/arch/at91/softpack-lib/samv71/libchip/include/samv71/instance/instance_spi0.h,1,différé,,,,,,,i:Debug;samv71-freertos-debug,,,,,,,,,,,,,,,,,,,,,,i:freertos-debug,i:freertos-debug,,,,,,,,,,,i:Debug;freertos-debug,,,,,
src/kernel/dev/arch/at91/softpack-lib/samv71/libchip/include/samv71/instance/instance_spi1.h,1,différé,,,,,,,i:Debug;samv71-freertos-debug,,,,,,,,,,,,,,,,,,,,,,i:freertos-debug,i:freertos-debug,,,,,,,,,,,i:Debug;freertos-debug,,,,,
src/kernel/dev/arch/at91/softpack-lib/samv71/libchip/include/samv71/instance/instance_ssc.h,1,différé,,,,,,,i:Debug;samv71-freertos-debug,,,,,,,,,,,,,,,,,,,,,,i:freertos-debug,i:freertos-debug,,,,,,,,,,,i:Debug;freertos-debug,,,,,
src/kernel/dev/arch/at91/softpack-lib/samv71/libchip/include/samv71/instance/instance_supc.h,1,différé,,,,,,,i:Debug;samv71-freertos-debug,,,,,,,,,,,,,,,,,,,,,,i:freertos-debug,i:freertos-debug,,,,,,,,,,,i:Debug;freertos-debug,,,,,
src/kernel/dev/arch/at91/softpack-lib/samv71/libchip/include/samv71/instance/instance_tc0.h,1,différé,,,,,,,i:Debug;samv71-freertos-debug,,,,,,,,,,,,,,,,,,,,,,i:freertos-debug,i:freertos-debug,,,,,,,,,,,i:Debug;freertos-debug,,,,,
src/kernel/dev/arch/at91/softpack-lib/samv71/libchip/include/samv71/instance/instance_tc1.h,1,différé,,,,,,,i:Debug;samv71-freertos-debug,,,,,,,,,,,,,,,,,,,,,,i:freertos-debug,i:freertos-debug,,,,,,,,,,,i:Debug;freertos-debug,,,,,
src/kernel/dev/arch/at91/softpack-lib/samv71/libchip/include/samv71/instance/instance_tc2.h,1,différé,,,,,,,i:Debug;samv71-freertos-debug,,,,,,,,,,,,,,,,,,,,,,i:freertos-debug,i:freertos-debug,,,,,,,,,,,i:Debug;freertos-debug,,,,,
src/kernel/dev/arch/at91/softpack-lib/samv71/libchip/include/samv71/instance/instance_tc3.h,1,différé,,,,,,,i:Debug;samv71-freertos-debug,,,,,,,,,,,,,,,,,,,,,,i:freertos-debug,i:freertos-debug,,,,,,,,,,,i:Debug;freertos-debug,,,,,
src/kernel/dev/arch/at91/softpack-lib/samv71/libchip/include/samv71/instance/instance_trng.h,1,différé,,,,,,,i:Debug;samv71-freertos-debug,,,,,,,,,,,,,,,,,,,,,,i:freertos-debug,i:freertos-debug,,,,,,,,,,,i:Debug;freertos-debug,,,,,
src/kernel/dev/arch/at91/softpack-lib/samv71/libchip/include/samv71/instance/instance_twihs0.h,1,différé,,,,,,,i:Debug;samv71-freertos-debug,,,,,,,,,,,,,,,,,,,,,,i:freertos-debug,i:freertos-debug,,,,,,,,,,,i:Debug;freertos-debug,,,,,
src/kernel/dev/arch/at91/softpack-lib/samv71/libchip/include/samv71/instance/instance_twihs1.h,1,différé,,,,,,,i:Debug;samv71-freertos-debug,,,,,,,,,,,,,,,,,,,,,,i:freertos-debug,i:freertos-debug,,,,,,,,,,,i:Debug;freertos-debug,,,,,
src/kernel/dev/arch/at91/softpack-lib/samv71/libchip/include/samv71/instance/instance_twihs2.h,1,différé,,,,,,,i:Debug;samv71-freertos-debug,,,,,,,,,,,,,,,,,,,,,,i:freertos-debug,i:freertos-debug,,,,,,,,,,,i:Debug;freertos-debug,,,,,
src/kernel/dev/arch/at91/softpack-lib/samv71/libchip/include/samv71/instance/instance_uart0.h,1,différé,,,,,,,i:Debug;samv71-freertos-debug,,,,,,,,,,,,,,,,,,,,,,i:freertos-debug,i:freertos-debug,,,,,,,,,,,i:Debug;freertos-debug,,,,,
src/kernel/dev/arch/at91/softpack-lib/samv71/libchip/include/samv71/instance/instance_uart1.h,1,différé,,,,,,,i:Debug;samv71-freertos-debug,,,,,,,,,,,,,,,,,,,,,,i:freertos-debug,i:freertos-debug,,,,,,,,,,,i:Debug;freertos-debug,,,,,
src/kernel/dev/arch/at91/softpack-lib/samv71/libchip/include/samv71/instance/instance_uart2.h,1,différé,,,,,,,i:Debug;samv71-freertos-debug,,,,,,,,,,,,,,,,,,,,,,i:freertos-debug,i:freertos-debug,,,,,,,,,,,i:Debug;freertos-debug,,,,,
src/kernel/dev/arch/at91/softpack-lib/samv71/libchip/include/samv71/instance/instance_uart3.h,1,différé,,,,,,,i:Debug;samv71-freertos-debug,,,,,,,,,,,,,,,,,,,,,,i:freertos-debug,i:freertos-debug,,,,,,,,,,,i:Debug;freertos-debug,,,,,
src/kernel/dev/arch/at91/softpack-lib/samv71/libchip/include/samv71/instance/instance_uart4.h,1,différé,,,,,,,i:Debug;samv71-freertos-debug,,,,,,,,,,,,,,,,,,,,,,i:freertos-debug,i:freertos-debug,,,,,,,,,,,i:Debug;freertos-debug,,,,,
src/kernel/dev/arch/at91/softpack-lib/samv71/libchip/include/samv71/instance/instance_usart0.h,1,différé,,,,,,,i:Debug;samv71-freertos-debug,,,,,,,,,,,,,,,,,,,,,,i:freertos-debug,i:freertos-debug,,,,,,,,,,,i:Debug;freertos-debug,,,,,
src/kernel/dev/arch/at91/softpack-lib/samv71/libchip/include/samv71/instance/instance_usart1.h,1,différé,,,,,,,i:Debug;samv71-freertos-debug,,,,,,,,,,,,,,,,,,,,,,i:freertos-debug,i:freertos-debug,,,,,,,,,,,i:Debug;freertos-debug,,,,,
src/kernel/dev/arch/at91/softpack-lib/samv71/libchip/include/samv71/instance/instance_usart2.h,1,différé,,,,,,,i:Debug;samv71-freertos-debug,,,,,,,,,,,,,,,,,,,,,,i:freertos-debug,i:freertos-debug,,,,,,,,,,,i:Debug;freertos-debug,,,,,
src/kernel/dev/arch/at91/softpack-lib/samv71/libchip/include/samv71/instance/instance_usbhs.h,1,différé,,,,,,,i:Debug;samv71-freertos-debug,,,,,,,,,,,,,,,,,,,,,,i:freertos-debug,i:freertos-debug,,,,,,,,,,,i:Debug;freertos-debug,,,,,
src/kernel/dev/arch/at91/softpack-lib/samv71/libchip/include/samv71/instance/instance_utmi.h,1,différé,,,,,,,i:Debug;samv71-freertos-debug,,,,,,,,,,,,,,,,,,,,,,i:freertos-debug,i:freertos-debug,,,,,,,,,,,i:Debug;freertos-debug,,,,,
src/kernel/dev/arch/at91/softpack-lib/samv71/libchip/include/samv71/instance/instance_wdt.h,1,différé,,,,,,,i:Debug;samv71-freertos-debug,,,,,,,,,,,,,,,,,,,,,,i:freertos-debug,i:freertos-debug,,,,,,,,,,,i:Debug;freertos-debug,,,,,
src/kernel/dev/arch/at91/softpack-lib/samv71/libchip/include/samv71/instance/instance_xdmac.h,1,différé,,,,,,,i:Debug;samv71-freertos-debug,,,,,,,,,,,,,,,,,,,,,,i:freertos-debug,i:freertos-debug,,,,,,,,,,,i:Debug;freertos-debug,,,,,
src/kernel/dev/arch/at91/softpack-lib/samv71/libchip/include/samv71/pio/pio_samv71j19.h,1,différé,,,,,,,i:Debug;samv71-freertos-debug,,,,,,,,,,,,,,,,,,,,,,i:freertos-debug,i:freertos-debug,,,,,,,,,,,i:Debug;freertos-debug,,,,,
src/kernel/dev/arch/at91/softpack-lib/samv71/libchip/include/samv71/pio/pio_samv71j20.h,1,différé,,,,,,,i:Debug;samv71-freertos-debug,,,,,,,,,,,,,,,,,,,,,,i:freertos-debug,i:freertos-debug,,,,,,,,,,,i:Debug;freertos-debug,,,,,
src/kernel/dev/arch/at91/softpack-lib/samv71/libchip/include/samv71/pio/pio_samv71j21.h,1,différé,,,,,,,i:Debug;samv71-freertos-debug,,,,,,,,,,,,,,,,,,,,,,i:freertos-debug,i:freertos-debug,,,,,,,,,,,i:Debug;freertos-debug,,,,,
src/kernel/dev/arch/at91/softpack-lib/samv71/libchip/include/samv71/pio/pio_samv71n19.h,1,différé,,,,,,,i:Debug;samv71-freertos-debug,,,,,,,,,,,,,,,,,,,,,,i:freertos-debug,i:freertos-debug,,,,,,,,,,,i:Debug;freertos-debug,,,,,
src/kernel/dev/arch/at91/softpack-lib/samv71/libchip/include/samv71/pio/pio_samv71n20.h,1,différé,,,,,,,i:Debug;samv71-freertos-debug,,,,,,,,,,,,,,,,,,,,,,i:freertos-debug,i:freertos-debug,,,,,,,,,,,i:Debug;freertos-debug,,,,,
src/kernel/dev/arch/at91/softpack-lib/samv71/libchip/include/samv71/pio/pio_samv71n21.h,1,différé,,,,,,,i:Debug;samv71-freertos-debug,,,,,,,,,,,,,,,,,,,,,,i:freertos-debug,i:freertos-debug,,,,,,,,,,,i:Debug;freertos-debug,,,,,
src/kernel/dev/arch/at91/softpack-lib/samv71/libchip/include/samv71/pio/pio_samv71q19.h,1,différé,,,,,,,i:Debug;samv71-freertos-debug,,,,,,,,,,,,,,,,,,,,,,i:freertos-debug,i:freertos-debug,,,,,,,,,,,i:Debug;freertos-debug,,,,,
src/kernel/dev/arch/at91/softpack-lib/samv71/libchip/include/samv71/pio/pio_samv71q20.h,1,différé,,,,,,,i:Debug;samv71-freertos-debug,,,,,,,,,,,,,,,,,,,,,,i:freertos-debug,i:freertos-debug,,,,,,,,,,,i:Debug;freertos-debug,,,,,
src/kernel/dev/arch/at91/softpack-lib/samv71/libchip/include/samv71/pio/pio_samv71q21.h,1,différé,,,,,,,i:Debug;samv71-freertos-debug,,,,,,,,,,,,,,,,,,,,,,i:freertos-debug,i:freertos-debug,,,,,,,,,,,i:Debug;freertos-debug,,,,,
src/kernel/dev/arch/at91/softpack-lib/samv71/libchip/include/samv71/samv71.h,1,différé,,,,,,,i:Debug;samv71-freertos-debug,,,,,,,,,,,,,,,,,,,,,,i:freertos-debug,i:freertos-debug,,,,,,,,,,,i:Debug;freertos-debug,,,,,
src/kernel/dev/arch/at91/softpack-lib/samv71/libchip/include/samv71/samv71j19.h,1,différé,,,,,,,i:Debug;samv71-freertos-debug,,,,,,,,,,,,,,,,,,,,,,i:freertos-debug,i:freertos-debug,,,,,,,,,,,i:Debug;freertos-debug,,,,,
src/kernel/dev/arch/at91/softpack-lib/samv71/libchip/include/samv71/samv71j20.h,1,différé,,,,,,,i:Debug;samv71-freertos-debug,,,,,,,,,,,,,,,,,,,,,,i:freertos-debug,i:freertos-debug,,,,,,,,,,,i:Debug;freertos-debug,,,,,
src/kernel/dev/arch/at91/softpack-lib/samv71/libchip/include/samv71/samv71j21.h,1,différé,,,,,,,i:Debug;samv71-freertos-debug,,,,,,,,,,,,,,,,,,,,,,i:freertos-debug,i:freertos-debug,,,,,,,,,,,i:Debug;freertos-debug,,,,,
src/kernel/dev/arch/at91/softpack-lib/samv71/libchip/include/samv71/samv71n19.h,1,différé,,,,,,,i:Debug;samv71-freertos-debug,,,,,,,,,,,,,,,,,,,,,,i:freertos-debug,i:freertos-debug,,,,,,,,,,,i:Debug;freertos-debug,,,,,
src/kernel/dev/arch/at91/softpack-lib/samv71/libchip/include/samv71/samv71n20.h,1,différé,,,,,,,i:Debug;samv71-freertos-debug,,,,,,,,,,,,,,,,,,,,,,i:freertos-debug,i:freertos-debug,,,,,,,,,,,i:Debug;freertos-debug,,,,,
src/kernel/dev/arch/at91/softpack-lib/samv71/libchip/include/samv71/samv71n21.h,1,différé,,,,,,,i:Debug;samv71-freertos-debug,,,,,,,,,,,,,,,,,,,,,,i:freertos-debug,i:freertos-debug,,,,,,,,,,,i:Debug;freertos-debug,,,,,
src/kernel/dev/arch/at91/softpack-lib/samv71/libchip/include/samv71/samv71q19.h,1,différé,,,,,,,i:Debug;samv71-freertos-debug,,,,,,,,,,,,,,,,,,,,,,i:freertos-debug,i:freertos-debug,,,,,,,,,,,i:Debug;freertos-debug,,,,,
src/kernel/dev/arch/at91/softpack-lib/samv71/libchip/include/samv71/samv71q20.h,1,différé,,,,,,,i:Debug;samv71-freertos-debug,,,,,,,,,,,,,,,,,,,,,,i:freertos-debug,i:freertos-debug,,,,,,,,,,,i:Debug;freertos-debug,,,,,
src/kernel/dev/arch/at91/softpack-lib/samv71/libchip/include/samv71/samv71q21.h,1,différé,,,,,,,i:Debug;samv71-freertos-debug,,,,,,,,,,,,,,,,,,,,,,i:freertos-debug,i:freertos-debug,,,,,,,,,,,i:Debug;freertos-debug,,,,,
src/kernel/dev/arch/at91/softpack-lib/samv71/libchip/include/samv71/system_samv71.h,1,différé,,,,,,,i:Debug;samv71-freertos-debug,,,,,,,,,,,,,,,,,,,,,,i:freertos-debug,i:freertos-debug,,,,,,,,,,,i:Debug;freertos-debug,,,,,
src/kernel/dev/arch/at91/softpack-lib/samv71/libchip/include/sdramc.h,1,différé,,,,,,,i:Debug;samv71-freertos-debug,,,,,,,,,,,,,,,,,,,,,,,,,,,,,,,,,,,,,,,
src/kernel/dev/arch/at91/softpack-lib/samv71/libchip/include/spi.h,1,différé,,,,,,,i:Debug;samv71-freertos-debug,,,,,,,,,,,,,,,,,,,,,,i:freertos-debug,i:freertos-debug,,,,,,,,,,,,,,,,
src/kernel/dev/arch/at91/softpack-lib/samv71/libchip/include/spi_dma.h,1,différé,,,,,,,i:Debug;samv71-freertos-debug,,,,,,,,,,,,,,,,,,,,,,i:freertos-debug,i:freertos-debug,,,,,,,,,,,,,,,,
src/kernel/dev/arch/at91/softpack-lib/samv71/libchip/include/ssc.h,1,différé,,,,,,,i:Debug;samv71-freertos-debug,,,,,,,,,,,,,,,,,,,,,,i:freertos-debug,i:freertos-debug,,,,,,,,,,,,,,,,
src/kernel/dev/arch/at91/softpack-lib/samv71/libchip/include/supc.h,1,différé,,,,,,,i:Debug;samv71-freertos-debug,,,,,,,,,,,,,,,,,,,,,,i:freertos-debug,i:freertos-debug,,,,,,,,,,,,,,,,
src/kernel/dev/arch/at91/softpack-lib/samv71/libchip/include/tc.h,1,différé,,,,,,,i:Debug;samv71-freertos-debug,,,,,,,,,,,,,,,,,,,,,,i:freertos-debug,i:freertos-debug,,,,,,,,,,,,,,,,
src/kernel/dev/arch/at91/softpack-lib/samv71/libchip/include/timetick.h,1,différé,,,,,,,i:Debug;samv71-freertos-debug,,,,,,,,,,,,,,,,,,,,,,i:freertos-debug,i:freertos-debug,,,,,,,,,,,,,,,,
src/kernel/dev/arch/at91/softpack-lib/samv71/libchip/include/trace.h,1,différé,,,,,,,i:Debug;samv71-freertos-debug,,,,,,,,,,,,,,,,,,,,,,i:freertos-debug,i:freertos-debug,,,,,,,,,,,,,,,,
src/kernel/dev/arch/at91/softpack-lib/samv71/libchip/include/trng.h,1,différé,,,,,,,i:Debug;samv71-freertos-debug,,,,,,,,,,,,,,,,,,,,,,i:freertos-debug,i:freertos-debug,,,,,,,,,,,,,,,,
src/kernel/dev/arch/at91/softpack-lib/samv71/libchip/include/twi.h,1,différé,,,,,,,i:Debug;samv71-freertos-debug,,,,,,,,,,,,,,,,,,,,,,i:freertos-debug,i:freertos-debug,,,,,,,,,,,,,,,,
src/kernel/dev/arch/at91/softpack-lib/samv71/libchip/include/twid.h,1,différé,,,,,,,i:Debug;samv71-freertos-debug,,,,,,,,,,,,,,,,,,,,,,i:freertos-debug,i:freertos-debug,,,,,,,,,,,,,,,,
src/kernel/dev/arch/at91/softpack-lib/samv71/libchip/include/uart.h,1,différé,,,,,,,i:Debug;samv71-freertos-debug,,,,,,,,,,,,,,,,,,,,,,i:freertos-debug,i:freertos-debug,,,,,,,,,,,,,,,,
src/kernel/dev/arch/at91/softpack-lib/samv71/libchip/include/uart_dma.h,1,différé,,,,,,,i:Debug;samv71-freertos-debug,,,,,,,,,,,,,,,,,,,,,,i:freertos-debug,i:freertos-debug,,,,,,,,,,,,,,,,
src/kernel/dev/arch/at91/softpack-lib/samv71/libchip/include/usart.h,1,différé,,,,,,,i:Debug;samv71-freertos-debug,,,,,,,,,,,,,,,,,,,,,,i:freertos-debug,i:freertos-debug,,,,,,,,,,,,,,,,
src/kernel/dev/arch/at91/softpack-lib/samv71/libchip/include/usart_dma.h,1,différé,,,,,,,i:Debug;samv71-freertos-debug,,,,,,,,,,,,,,,,,,,,,,i:freertos-debug,i:freertos-debug,,,,,,,,,,,,,,,,
src/kernel/dev/arch/at91/softpack-lib/samv71/libchip/include/usbhs.h,1,différé,,,,,,,i:Debug;samv71-freertos-debug,,,,,,,,,,,,,,,,,,,,,,i:freertos-debug,i:freertos-debug,,,,,,,,,,,,,,,,
src/kernel/dev/arch/at91/softpack-lib/samv71/libchip/include/video.h,1,différé,,,,,,,i:Debug;samv71-freertos-debug,,,,,,,,,,,,,,,,,,,,,,i:freertos-debug,i:freertos-debug,,,,,,,,,,,,,,,,
src/kernel/dev/arch/at91/softpack-lib/samv71/libchip/include/wdt.h,1,différé,,,,,,,i:Debug;samv71-freertos-debug,,,,,,,,,,,,,,,,,,,,,,i:freertos-debug,i:freertos-debug,,,,,,,,,,,,,,,,
src/kernel/dev/arch/at91/softpack-lib/samv71/libchip/include/xdma_hardware_interface.h,1,différé,,,,,,,i:Debug;samv71-freertos-debug,,,,,,,,,,,,,,,,,,,,,,i:freertos-debug,i:freertos-debug,,,,,,,,,,,,,,,,
src/kernel/dev/arch/at91/softpack-lib/samv71/libchip/include/xdmac.h,1,différé,,,,,,,i:Debug;samv71-freertos-debug,,,,,,,,,,,,,,,,,,,,,,i:freertos-debug,i:freertos-debug,,,,,,,,,,,,,,,,
src/kernel/dev/arch/at91/softpack-lib/samv71/libchip/include/xdmad.h,1,différé,,,,,,,i:Debug;samv71-freertos-debug,,,,,,,,,,,,,,,,,,,,,,i:freertos-debug,i:freertos-debug,,,,,,,,,,,,,,,,
src/kernel/dev/arch/at91/softpack-lib/samv71/libchip/source/acc.c,1,différé,,,,,,,*,,,,,,,,,,,,,,,,,,,,,,,,,,,,,,,,,,,,,,,
src/kernel/dev/arch/at91/softpack-lib/samv71/libchip/source/aes.c,1,différé,,,,,,,*,,,,,,,,,,,,,,,,,,,,,,,,,,,,,,,,,,,,,,,
src/kernel/dev/arch/at91/softpack-lib/samv71/libchip/source/afe_dma.c,1,différé,,,,,,,*,,,,,,,,,,,,,,,,,,,,,,,,,,,,,,,,,,,,,,,
src/kernel/dev/arch/at91/softpack-lib/samv71/libchip/source/afec.c,1,différé,,,,,,,*,,,,,,,,,,,,,,,,,,,,,,,,,,,,,,,,,,,,,,,
src/kernel/dev/arch/at91/softpack-lib/samv71/libchip/source/dac_dma.c,1,différé,,,,,,,*,,,,,,,,,,,,,,,,,,,,,,,,,,,,,,,,,,,,,,,
src/kernel/dev/arch/at91/softpack-lib/samv71/libchip/source/efc.c,1,différé,,,,,,,*,,,,,,,,,,,,,,,,,,,,,,,,,,,,,,,,,,,,,,,
src/kernel/dev/arch/at91/softpack-lib/samv71/libchip/source/exceptions.c,1,différé,,,,,,,*,,,,,,,,,,,,,,,,,,,,,,,,,,,,,,,,,,,,,,,
src/kernel/dev/arch/at91/softpack-lib/samv71/libchip/source/flashd.c,1,différé,,,,,,,*,,,,,,,,,,,,,,,,,,,,,,,,,,,,,,,,,,,,,,,
src/kernel/dev/arch/at91/softpack-lib/samv71/libchip/source/gmac.c,1,différé,,,,,,,*,,,,,,,,,,,,,,,,,,,,,,,,,,,,,,,,,,,,,,,
src/kernel/dev/arch/at91/softpack-lib/samv71/libchip/source/gmacd.c,1,différé,,,,,,,*,,,,,,,,,,,,,,,,,,,,,,,,,,,,,,,,,,,,,,,
src/kernel/dev/arch/at91/softpack-lib/samv71/libchip/source/hsmci.c,1,différé,,,,,,,*,,,,,,,,,,,,,,,,,,,,,,,,,,,,,,,,,,,,,,,
src/kernel/dev/arch/at91/softpack-lib/samv71/libchip/source/icm.c,1,différé,,,,,,,*,,,,,,,,,,,,,,,,,,,,,,,,,,,,,,,,,,,,,,,
src/kernel/dev/arch/at91/softpack-lib/samv71/libchip/source/isi.c,1,différé,,,,,,,*,,,,,,,,,,,,,,,,,,,,,,,,,,,,,,,,,,,,,,,
src/kernel/dev/arch/at91/softpack-lib/samv71/libchip/source/iso7816_4.c,1,différé,,,,,,,*,,,,,,,,,,,,,,,,,,,,,,,,,,,,,,,,,,,,,,,
src/kernel/dev/arch/at91/softpack-lib/samv71/libchip/source/mcan.c,1,différé,,,,,,,*,,,,,,,,,,,,,,,,,,,,,,,,,,,,,,,,,,,,,,,
src/kernel/dev/arch/at91/softpack-lib/samv71/libchip/source/mcid_dma.c,1,différé,,,,,,,*,,,,,,,,,,,,,,,,,,,,,,,,,,,,,,,,,,,,,,,
src/kernel/dev/arch/at91/softpack-lib/samv71/libchip/source/mediaLB.c,1,différé,,,,,,,*,,,,,,,,,,,,,,,,,,,,,,,,,,,,,,,,,,,,,,,
src/kernel/dev/arch/at91/softpack-lib/samv71/libchip/source/mpu.c,1,différé,,,,,,,*,,,,,,,,,,,,,,,,,,,,,,,,,,,,,,,,,,,,,,,
src/kernel/dev/arch/at91/softpack-lib/samv71/libchip/source/pio.c,1,différé,,,,,,,*,,,,,,,,,,,,,,,,,,,,,,,,,,,,,,,,,,,,,,,
src/kernel/dev/arch/at91/softpack-lib/samv71/libchip/source/pio_capture.c,1,différé,,,,,,,*,,,,,,,,,,,,,,,,,,,,,,,,,,,,,,,,,,,,,,,
src/kernel/dev/arch/at91/softpack-lib/samv71/libchip/source/pio_it.c,1,différé,,,,,,,*,,,,,,,,,,,,,,,,,,,,,,,,,,,,,,,,,,,,,,,
src/kernel/dev/arch/at91/softpack-lib/samv71/libchip/source/pmc.c,1,différé,,,,,,,*,,,,,,,,,,,,,,,,,,,,,,,,,,,,,,,,,,,,,,,
src/kernel/dev/arch/at91/softpack-lib/samv71/libchip/source/pwmc.c,1,différé,,,,,,,*,,,,,,,,,,,,,,,,,,,,,,,,,,,,,,,,,,,,,,,
src/kernel/dev/arch/at91/softpack-lib/samv71/libchip/source/qspi.c,1,différé,,,,,,,*,,,,,,,,,,,,,,,,,,,,,,,,,,,,,,,,,,,,,,,
src/kernel/dev/arch/at91/softpack-lib/samv71/libchip/source/qspi_dma.c,1,différé,,,,,,,*,,,,,,,,,,,,,,,,,,,,,,,,,,,,,,,,,,,,,,,
src/kernel/dev/arch/at91/softpack-lib/samv71/libchip/source/rstc.c,1,différé,,,,,,,*,,,,,,,,,,,,,,,,,,,,,,,,,,,,,,,,,,,,,,,
src/kernel/dev/arch/at91/softpack-lib/samv71/libchip/source/rtc.c,1,différé,,,,,,,*,,,,,,,,,,,,,,,,,,,,,,,,,,,,,,,,,,,,,,,
src/kernel/dev/arch/at91/softpack-lib/samv71/libchip/source/rtt.c,1,différé,,,,,,,*,,,,,,,,,,,,,,,,,,,,,,,,,,,,,,,,,,,,,,,
src/kernel/dev/arch/at91/softpack-lib/samv71/libchip/source/sdramc.c,1,différé,,,,,,,*,,,,,,,,,,,,,,,,,,,,,,,,,,,,,,,,,,,,,,,
src/kernel/dev/arch/at91/softpack-lib/samv71/libchip/source/smc.c,1,différé,,,,,,,Debug;Release,,,,,,,,,,,,,,,,,,,,,,,,,,,,,,,,,,,,,,,
src/kernel/dev/arch/at91/softpack-lib/samv71/libchip/source/spi.c,1,différé,,,,,,,*,,,,,,,,,,,,,,,,,,,,,,,,,,,,,,,,,,,,,,,
src/kernel/dev/arch/at91/softpack-lib/samv71/libchip/source/spi_dma.c,1,différé,,,,,,,*,,,,,,,,,,,,,,,,,,,,,,,,,,,,,,,,,,,,,,,
src/kernel/dev/arch/at91/softpack-lib/samv71/libchip/source/ssc.c,1,différé,,,,,,,Debug;Release,,,,,,,,,,,,,,,,,,,,,,,,,,,,,,,,,,,,,,,
src/kernel/dev/arch/at91/softpack-lib/samv71/libchip/source/supc.c,1,différé,,,,,,,*,,,,,,,,,,,,,,,,,,,,,,,,,,,,,,,,,,,,,,,
src/kernel/dev/arch/at91/softpack-lib/samv71/libchip/source/tc.c,1,différé,,,,,,,*,,,,,,,,,,,,,,,,,,,,,,,,,,,,,,,,,,,,,,,
src/kernel/dev/arch/at91/softpack-lib/samv71/libchip/source/timetick.c,1,différé,,,,,,,Debug;Release,,,,,,,,,,,,,,,,,,,,,,,,,,,,,,,,,,,,,,,
src/kernel/dev/arch/at91/softpack-lib/samv71/libchip/source/trng.c,1,différé,,,,,,,*,,,,,,,,,,,,,,,,,,,,,,,,,,,,,,,,,,,,,,,
src/kernel/dev/arch/at91/softpack-lib/samv71/libchip/source/twi.c,1,différé,,,,,,,*,,,,,,,,,,,,,,,,,,,,,,,,,,,,,,,,,,,,,,,
src/kernel/dev/arch/at91/softpack-lib/samv71/libchip/source/twid.c,1,différé,,,,,,,*,,,,,,,,,,,,,,,,,,,,,,,,,,,,,,,,,,,,,,,
src/kernel/dev/arch/at91/softpack-lib/samv71/libchip/source/uart.c,1,différé,,,,,,,*,,,,,,,,,,,,,,,,,,,,,,,,,,,,,,,,,,,,,,,
src/kernel/dev/arch/at91/softpack-lib/samv71/libchip/source/uart_dma.c,1,différé,,,,,,,*,,,,,,,,,,,,,,,,,,,,,,,,,,,,,,,,,,,,,,,
src/kernel/dev/arch/at91/softpack-lib/samv71/libchip/source/usart.c,1,différé,,,,,,,*,,,,,,,,,,,,,,,,,,,,,,,,,,,,,,,,,,,,,,,
src/kernel/dev/arch/at91/softpack-lib/samv71/libchip/source/usart_dma.c,1,différé,,,,,,,*,,,,,,,,,,,,,,,,,,,,,,,,,,,,,,,,,,,,,,,
src/kernel/dev/arch/at91/softpack-lib/samv71/libchip/source/wdt.c,1,différé,,,,,,,*,,,,,,,,,,,,,,,,,,,,,,,,,,,,,,,,,,,,,,,
src/kernel/dev/arch/at91/softpack-lib/samv71/libchip/source/xdma_hardware_interface.c,1,différé,,,,,,,*,,,,,,,,,,,,,,,,,,,,,,,,,,,,,,,,,,,,,,,
src/kernel/dev/arch/at91/softpack-lib/samv71/libchip/source/xdmac.c,1,différé,,,,,,,*,,,,,,,,,,,,,,,,,,,,,,,,,,,,,,,,,,,,,,,
src/kernel/dev/arch/at91/softpack-lib/samv71/libchip/source/xdmad.c,1,différé,,,,,,,*,,,,,,,,,,,,,,,,,,,,,,,,,,,,,,,,,,,,,,,
src/kernel/dev/arch/at91/softpack-lib/samv71/libstoragemedia/include/MEDSdcard.h,1,différé,,,,,,,i:samv71-freertos-debug,,,,,,,,,,,,,,,,,,,,,,,i:freertos-debug,,,,,,,,,,,,,,,,
src/kernel/dev/arch/at91/softpack-lib/samv71/libstoragemedia/include/Media.h,1,différé,,,,,,,i:samv71-freertos-debug,,,,,,,,,,,,,,,,,,,,,,,i:freertos-debug,,,,,,,,,,,,,,,,
src/kernel/dev/arch/at91/softpack-lib/samv71/libstoragemedia/include/sdmmc/libsdmmc.h,1,différé,,,,,,,i:samv71-freertos-debug,,,,,,,,,,,,,,,,,,,,,,,i:freertos-debug,,,,,,,,,,,,,,,,
src/kernel/dev/arch/at91/softpack-lib/samv71/libstoragemedia/include/sdmmc/sdio.h,1,différé,,,,,,,i:samv71-freertos-debug,,,,,,,,,,,,,,,,,,,,,,,i:freertos-debug,,,,,,,,,,,,,,,,
src/kernel/dev/arch/at91/softpack-lib/samv71/libstoragemedia/include/sdmmc/sdmmc.h,1,différé,,,,,,,i:samv71-freertos-debug,,,,,,,,,,,,,,,,,,,,,,,i:freertos-debug,,,,,,,,,,,,,,,,
src/kernel/dev/arch/at91/softpack-lib/samv71/libstoragemedia/include/sdmmc/sdmmc_cmd.h,1,différé,,,,,,,i:samv71-freertos-debug,,,,,,,,,,,,,,,,,,,,,,,i:freertos-debug,,,,,,,,,,,,,,,,
src/kernel/dev/arch/at91/softpack-lib/samv71/libstoragemedia/include/sdmmc/sdmmc_hal.h,1,différé,,,,,,,i:samv71-freertos-debug,,,,,,,,,,,,,,,,,,,,,,,i:freertos-debug,,,,,,,,,,,,,,,,
src/kernel/dev/arch/at91/softpack-lib/samv71/libstoragemedia/include/sdmmc/sdmmc_trace.h,1,différé,,,,,,,i:samv71-freertos-debug,,,,,,,,,,,,,,,,,,,,,,,,,,,,,,,,,,,,,,,
src/kernel/dev/arch/at91/softpack-lib/samv71/libstoragemedia/source/MEDSdcard.c,1,différé,,,,,,,*,,,,,,,,,,,,,,,,,,,,,,,,,,,,,,,,,,,,,,,
src/kernel/dev/arch/at91/softpack-lib/samv71/libstoragemedia/source/Media.c,1,différé,,,,,,,*,,,,,,,,,,,,,,,,,,,,,,,,,,,,,,,,,,,,,,,
src/kernel/dev/arch/at91/softpack-lib/samv71/libstoragemedia/source/sdmmc/sdmmc.c,1,différé,,,,,,,*,,,,,,,,,,,,,,,,,,,,,,,,,,,,,,,,,,,,,,,
src/kernel/dev/arch/at91/softpack-lib/samv71/samv71-xplained-ultra/libboard/board.h,1,différé,,,,,,,i:Debug;samv71-freertos-debug,,,,,,,,,,,,,,,,,,,,,,i:freertos-debug,i:freertos-debug,,,,,,,,,,,,,,,,
src/kernel/dev/arch/at91/softpack-lib/samv71/samv71-xplained-ultra/libboard/board_v71_xult.h,1,différé,,,,,,,i:Debug;samv71-freertos-debug,,,,,,,,,,,,,,,,,,,,,,i:freertos-debug,i:freertos-debug,,,,,,,,,,,,,,,,
src/kernel/dev/arch/at91/softpack-lib/samv71/samv71-xplained-ultra/libboard/include/bmp.h,1,différé,,,,,,,i:Debug;samv71-freertos-debug,,,,,,,,,,,,,,,,,,,,,,i:freertos-debug,i:freertos-debug,,,,,,,,,,,,,,,,
src/kernel/dev/arch/at91/softpack-lib/samv71/samv71-xplained-ultra/libboard/include/board_lowlevel.h,1,différé,,,,,,,i:Debug;samv71-freertos-debug,,,,,,,,,,,,,,,,,,,,,,i:freertos-debug,i:freertos-debug,,,,,,,,,,,,,,,,
src/kernel/dev/arch/at91/softpack-lib/samv71/samv71-xplained-ultra/libboard/include/board_memories.h,1,différé,,,,,,,i:Debug;samv71-freertos-debug,,,,,,,,,,,,,,,,,,,,,,i:freertos-debug,i:freertos-debug,,,,,,,,,,,,,,,,
src/kernel/dev/arch/at91/softpack-lib/samv71/samv71-xplained-ultra/libboard/include/cs2100.h,1,différé,,,,,,,i:Debug;samv71-freertos-debug,,,,,,,,,,,,,,,,,,,,,,i:freertos-debug,i:freertos-debug,,,,,,,,,,,,,,,,
src/kernel/dev/arch/at91/softpack-lib/samv71/samv71-xplained-ultra/libboard/include/dbg_console.h,1,différé,,,,,,,i:Debug;samv71-freertos-debug,,,,,,,,,,,,,,,,,,,,,,i:freertos-debug,i:freertos-debug,,,,,,,,,,,,,,,,
src/kernel/dev/arch/at91/softpack-lib/samv71/samv71-xplained-ultra/libboard/include/frame_buffer.h,1,différé,,,,,,,i:Debug;samv71-freertos-debug,,,,,,,,,,,,,,,,,,,,,,i:freertos-debug,i:freertos-debug,,,,,,,,,,,,,,,,
src/kernel/dev/arch/at91/softpack-lib/samv71/samv71-xplained-ultra/libboard/include/gmacb_phy.h,1,différé,,,,,,,i:Debug;samv71-freertos-debug,,,,,,,,,,,,,,,,,,,,,,i:freertos-debug,i:freertos-debug,,,,,,,,,,,,,,,,
src/kernel/dev/arch/at91/softpack-lib/samv71/samv71-xplained-ultra/libboard/include/gmii.h,1,différé,,,,,,,i:Debug;samv71-freertos-debug,,,,,,,,,,,,,,,,,,,,,,i:freertos-debug,i:freertos-debug,,,,,,,,,,,,,,,,
src/kernel/dev/arch/at91/softpack-lib/samv71/samv71-xplained-ultra/libboard/include/ili9488.h,1,différé,,,,,,,i:Debug;samv71-freertos-debug,,,,,,,,,,,,,,,,,,,,,,i:freertos-debug,i:freertos-debug,,,,,,,,,,,,,,,,
src/kernel/dev/arch/at91/softpack-lib/samv71/samv71-xplained-ultra/libboard/include/ili9488_dma.h,1,différé,,,,,,,i:Debug;samv71-freertos-debug,,,,,,,,,,,,,,,,,,,,,,i:freertos-debug,i:freertos-debug,,,,,,,,,,,,,,,,
src/kernel/dev/arch/at91/softpack-lib/samv71/samv71-xplained-ultra/libboard/include/ili9488_ebi.h,1,différé,,,,,,,i:Debug;samv71-freertos-debug,,,,,,,,,,,,,,,,,,,,,,i:freertos-debug,i:freertos-debug,,,,,,,,,,,,,,,,
src/kernel/dev/arch/at91/softpack-lib/samv71/samv71-xplained-ultra/libboard/include/ili9488_ebi_dma.h,1,différé,,,,,,,i:Debug;samv71-freertos-debug,,,,,,,,,,,,,,,,,,,,,,i:freertos-debug,i:freertos-debug,,,,,,,,,,,,,,,,
src/kernel/dev/arch/at91/softpack-lib/samv71/samv71-xplained-ultra/libboard/include/ili9488_reg.h,1,différé,,,,,,,i:Debug;samv71-freertos-debug,,,,,,,,,,,,,,,,,,,,,,i:freertos-debug,i:freertos-debug,,,,,,,,,,,,,,,,
src/kernel/dev/arch/at91/softpack-lib/samv71/samv71-xplained-ultra/libboard/include/ili9488_spi.h,1,différé,,,,,,,i:Debug;samv71-freertos-debug,,,,,,,,,,,,,,,,,,,,,,i:freertos-debug,i:freertos-debug,,,,,,,,,,,,,,,,
src/kernel/dev/arch/at91/softpack-lib/samv71/samv71-xplained-ultra/libboard/include/ili9488_spi_dma.h,1,différé,,,,,,,i:Debug;samv71-freertos-debug,,,,,,,,,,,,,,,,,,,,,,i:freertos-debug,i:freertos-debug,,,,,,,,,,,,,,,,
src/kernel/dev/arch/at91/softpack-lib/samv71/samv71-xplained-ultra/libboard/include/image_sensor_inf.h,1,différé,,,,,,,i:Debug;samv71-freertos-debug,,,,,,,,,,,,,,,,,,,,,,i:freertos-debug,i:freertos-debug,,,,,,,,,,,,,,,,
src/kernel/dev/arch/at91/softpack-lib/samv71/samv71-xplained-ultra/libboard/include/lcd_color.h,1,différé,,,,,,,i:Debug;samv71-freertos-debug,,,,,,,,,,,,,,,,,,,,,,i:freertos-debug,i:freertos-debug,,,,,,,,,,,,,,,,
src/kernel/dev/arch/at91/softpack-lib/samv71/samv71-xplained-ultra/libboard/include/lcd_draw.h,1,différé,,,,,,,i:Debug;samv71-freertos-debug,,,,,,,,,,,,,,,,,,,,,,i:freertos-debug,i:freertos-debug,,,,,,,,,,,,,,,,
src/kernel/dev/arch/at91/softpack-lib/samv71/samv71-xplained-ultra/libboard/include/lcd_font.h,1,différé,,,,,,,i:Debug;samv71-freertos-debug,,,,,,,,,,,,,,,,,,,,,,i:freertos-debug,i:freertos-debug,,,,,,,,,,,,,,,,
src/kernel/dev/arch/at91/softpack-lib/samv71/samv71-xplained-ultra/libboard/include/lcd_font10x14.h,1,différé,,,,,,,i:Debug;samv71-freertos-debug,,,,,,,,,,,,,,,,,,,,,,i:freertos-debug,i:freertos-debug,,,,,,,,,,,,,,,,
src/kernel/dev/arch/at91/softpack-lib/samv71/samv71-xplained-ultra/libboard/include/lcd_gimp_image.h,1,différé,,,,,,,i:Debug;samv71-freertos-debug,,,,,,,,,,,,,,,,,,,,,,i:freertos-debug,i:freertos-debug,,,,,,,,,,,,,,,,
src/kernel/dev/arch/at91/softpack-lib/samv71/samv71-xplained-ultra/libboard/include/lcdd.h,1,différé,,,,,,,i:Debug;samv71-freertos-debug,,,,,,,,,,,,,,,,,,,,,,i:freertos-debug,i:freertos-debug,,,,,,,,,,,,,,,,
src/kernel/dev/arch/at91/softpack-lib/samv71/samv71-xplained-ultra/libboard/include/led.h,1,différé,,,,,,,i:Debug;samv71-freertos-debug,,,,,,,,,,,,,,,,,,,,,,i:freertos-debug,i:freertos-debug,,,,,,,,,,,,,,,,
src/kernel/dev/arch/at91/softpack-lib/samv71/samv71-xplained-ultra/libboard/include/mcan_config.h,1,différé,,,,,,,i:Debug;samv71-freertos-debug,,,,,,,,,,,,,,,,,,,,,,,,,,,,,,,,,,,,,,,
src/kernel/dev/arch/at91/softpack-lib/samv71/samv71-xplained-ultra/libboard/include/rtc_calib.h,1,différé,,,,,,,i:Debug;samv71-freertos-debug,,,,,,,,,,,,,,,,,,,,,,i:freertos-debug,i:freertos-debug,,,,,,,,,,,,,,,,
src/kernel/dev/arch/at91/softpack-lib/samv71/samv71-xplained-ultra/libboard/include/s25fl1.h,1,différé,,,,,,,i:Debug;samv71-freertos-debug,,,,,,,,,,,,,,,,,,,,,,i:freertos-debug,i:freertos-debug,,,,,,,,,,,,,,,,
src/kernel/dev/arch/at91/softpack-lib/samv71/samv71-xplained-ultra/libboard/include/syscalls.h,1,différé,,,,,,,i:Debug;samv71-freertos-debug,,,,,,,,,,,,,,,,,,,,,,i:freertos-debug,i:freertos-debug,,,,,,,,,,,,,,,,
src/kernel/dev/arch/at91/softpack-lib/samv71/samv71-xplained-ultra/libboard/include/wm8904.h,1,différé,,,,,,,i:Debug;samv71-freertos-debug,,,,,,,,,,,,,,,,,,,,,,i:freertos-debug,i:freertos-debug,,,,,,,,,,,,,,,,
src/kernel/dev/arch/at91/softpack-lib/samv71/samv71-xplained-ultra/libboard/source/board_lowlevel.c,1,différé,,,,,,,,,,,,,,,,,,,,,,,,,,,,,Debug;Release,*,,,,,,,,,,,,,,,,
src/kernel/dev/arch/at91/softpack-lib/samv71/samv71-xplained-ultra/libboard/source/gmacb_phy.c,1,différé,,,,,,,,,,,,,,,,,,,,,,,,,,,,,Debug;Release,*,,,,,,,,,,,,,,,,
src/kernel/dev/arch/at91/softpack-lib/utils/utility.h,1,différé,,,,,,,i:Debug;samv71-freertos-debug,,,,,,,,,,,,,,,,,,,,,,i:freertos-debug,i:freertos-debug,,,,,,,,,,,,,,,,
src/kernel/dev/arch/cmsis/dev_cmsis_cpu/dev_cmsis_cpu.c,1,actif,,,,,,,,,,,,,,,,,,,,*,*,*,*,*,,,,,,,,,,,,,,,,,,,,,,
src/kernel/dev/arch/cmsis/dev_cmsis_cpu/dev_cmsis_cpu.h,1,actif,,,,,,,,,,,,,,,,,,,,*,*,*,*,*,,,,,,,,,,,,,,,,,,,,,,
src/kernel/dev/arch/cmsis/dev_cmsis_itm/dev_cmsis_itm.c,1,actif,,,,,,,,,,,,,,,,,,,,*,*,*,*,*,,,,,,,,,,,,,,,,,,,,,,
src/kernel/dev/arch/cmsis/dev_cmsis_itm/dev_cmsis_itm.h,1,actif,,,,,,,,,,,,,,,,,,,,*,*,*,*,*,,,,,,,,,,,,,,,,,,,,,,
src/kernel/dev/arch/cmsis/dev_cmsis_itm/dev_cmsis_itm_0.c,1,actif,,,,,,,,,,,,,,,,,,,,*,*,*,*,*,,,,,,,,,,,,,,,,,,,,,,
src/kernel/dev/arch/cortexm/at91samd20/at91samd20_uart/dev_at91samd20_uart_x.c,1,différé,,,,,,*,,,,,,,,,,,,,,,,,,,,,,,,,,,,,,,,,,,,,,,,
src/kernel/dev/arch/cortexm/at91samd20/at91samd20_uart/dev_at91samd20_uart_x.h,1,différé,,,,,,*,,,,,,,,,,,,,,,,,,,,,,i:Debug,,,,,,,,,,,,,,,,,,
src/kernel/dev/arch/cortexm/at91samv7x/dev_samv7x/dev_samv7x_adc0.c,1,différé,,,,,,,*,,,,,,,,,,,,,,,,,,,,,,,,,,,,,,,,,,,,,,,
src/kernel/dev/arch/cortexm/at91samv7x/dev_samv7x/dev_samv7x_adc0.h,1,différé,,,,,,,*,,,,,,,,,,,,,,,,,,,,,,,,,,,,,,,,,,,,,,,
src/kernel/dev/arch/cortexm/at91samv7x/dev_samv7x/dev_samv7x_cpu_x.c,1,différé,,,,,,,*,,,,,,,,,,,,,,,,,,,,,,,,,,,,,,,,,,,,,,,
src/kernel/dev/arch/cortexm/at91samv7x/dev_samv7x/dev_samv7x_cpu_x.h,1,différé,,,,,,,*,,,,,,,,,,,,,,,,,,,,,,i:freertos-debug,i:freertos-debug,,,,,,,,,,,,,,,,
src/kernel/dev/arch/cortexm/at91samv7x/dev_samv7x/dev_samv7x_eth.c,1,différé,,,,,,,*,,,,,,,,,,,,,,,,,,,,,,,,,,,,,,,,,,,,,,,
src/kernel/dev/arch/cortexm/at91samv7x/dev_samv7x/dev_samv7x_hsmci_x.c,1,différé,,,,,,,*,,,,,,,,,,,,,,,,,,,,,,,,,,,,,,,,,,,,,,,
src/kernel/dev/arch/cortexm/at91samv7x/dev_samv7x/dev_samv7x_hsmci_x.h,1,différé,,,,,,,*,,,,,,,,,,,,,,,,,,,,,,,i:freertos-debug,,,,,,,,,,,,,,,,
src/kernel/dev/arch/cortexm/at91samv7x/dev_samv7x/dev_samv7x_i2c_x.c,1,différé,,,,,,,*,,,,,,,,,,,,,,,,,,,,,,,,,,,,,,,,,,,,,,,
src/kernel/dev/arch/cortexm/at91samv7x/dev_samv7x/dev_samv7x_i2c_x.h,1,différé,,,,,,,*,,,,,,,,,,,,,,,,,,,,,,i:freertos-debug,,,,,,,,,,,,,,,,,
src/kernel/dev/arch/cortexm/at91samv7x/dev_samv7x/dev_samv7x_uart_x.c,1,différé,,,,,,,*,,,,,,,,,,,,,,,,,,,,,,,,,,,,,,,,,,,,,,,
src/kernel/dev/arch/cortexm/at91samv7x/dev_samv7x/dev_samv7x_uart_x.h,1,différé,,,,,,,*,,,,,,,,,,,,,,,,,,,,,,,i:freertos-debug,,,,,,,,,,,,,,,,
src/kernel/dev/arch/cortexm/at91samv7x/dev_samv7x/dev_samv7x_usart_x.c,1,différé,,,,,,,*,,,,,,,,,,,,,,,,,,,,,,,,,,,,,,,,,,,,,,,
src/kernel/dev/arch/cortexm/at91samv7x/dev_samv7x/dev_samv7x_usart_x.h,1,différé,,,,,,,*,,,,,,,,,,,,,,,,,,,,,,,i:freertos-debug,,,,,,,,,,,,,,,,
src/kernel/dev/arch/cortexm/stellaris/driverlib/adc.c,1,différé,,,,,,,,*,,,,,,,,,,,,,,,,,,,,,,,,,,,*,,,,,,,,,,,
src/kernel/dev/arch/cortexm/stellaris/driverlib/adc.h,1,différé,,,,,,,,i:*,,,,,,,,,,,,,,,,,,,,,,,,,,,i:*,,,,,,,,,,,
src/kernel/dev/arch/cortexm/stellaris/driverlib/can.c,1,différé,,,,,,,,*,,,,,,,,,,,,,,,,,,,,,,,,,,,*,,,,,,,,,,,
src/kernel/dev/arch/cortexm/stellaris/driverlib/can.h,1,différé,,,,,,,,i:*,,,,,,,,,,,,,,,,,,,,,,,,,,,i:*,,,,,,,,,,,
src/kernel/dev/arch/cortexm/stellaris/driverlib/comp.c,1,différé,,,,,,,,*,,,,,,,,,,,,,,,,,,,,,,,,,,,*,,,,,,,,,,,
src/kernel/dev/arch/cortexm/stellaris/driverlib/comp.h,1,différé,,,,,,,,i:*,,,,,,,,,,,,,,,,,,,,,,,,,,,i:*,,,,,,,,,,,
src/kernel/dev/arch/cortexm/stellaris/driverlib/cpu.c,1,différé,,,,,,,,*,,,,,,,,,,,,,,,,,,,,,,,,,,,*,,,,,,,,,,,
src/kernel/dev/arch/cortexm/stellaris/driverlib/cpu.h,1,différé,,,,,,,,i:*,,,,,,,,,,,,,,,,,,,,,,,,,,,i:*,,,,,,,,,,,
src/kernel/dev/arch/cortexm/stellaris/driverlib/debug.h,1,différé,,,,,,,,i:*,,,,,,,,,,,,,,,,,,,,,,,,,,,i:*,,,,,,,,,,,
src/kernel/dev/arch/cortexm/stellaris/driverlib/eeprom.c,1,différé,,,,,,,,*,,,,,,,,,,,,,,,,,,,,,,,,,,,,,,,,,,,,,,
src/kernel/dev/arch/cortexm/stellaris/driverlib/eeprom.h,1,différé,,,,,,,,i:*,,,,,,,,,,,,,,,,,,,,,,,,,,,,,,,,,,,,,,
src/kernel/dev/arch/cortexm/stellaris/driverlib/epi.c,1,différé,,,,,,,,*,,,,,,,,,,,,,,,,,,,,,,,,,,,*,,,,,,,,,,,
src/kernel/dev/arch/cortexm/stellaris/driverlib/epi.h,1,différé,,,,,,,,i:*,,,,,,,,,,,,,,,,,,,,,,,,,,,i:*,,,,,,,,,,,
src/kernel/dev/arch/cortexm/stellaris/driverlib/ethernet.c,1,différé,,,,,,,,*,,,,,,,,,,,,,,,,,,,,,,,,,,,*,,,,,,,,,,,
src/kernel/dev/arch/cortexm/stellaris/driverlib/ethernet.h,1,différé,,,,,,,,i:*,,,,,,,,,,,,,,,,,,,,,,,,,,,i:*,,,,,,,,,,,
src/kernel/dev/arch/cortexm/stellaris/driverlib/fan.c,1,différé,,,,,,,,*,,,,,,,,,,,,,,,,,,,,,,,,,,,,,,,,,,,,,,
src/kernel/dev/arch/cortexm/stellaris/driverlib/fan.h,1,différé,,,,,,,,i:*,,,,,,,,,,,,,,,,,,,,,,,,,,,,,,,,,,,,,,
src/kernel/dev/arch/cortexm/stellaris/driverlib/flash.c,1,différé,,,,,,,,*,,,,,,,,,,,,,,,,,,,,,,,,,,,*,,,,,,,,,,,
src/kernel/dev/arch/cortexm/stellaris/driverlib/flash.h,1,différé,,,,,,,,i:*,,,,,,,,,,,,,,,,,,,,,,,,,,,i:*,,,,,,,,,,,
src/kernel/dev/arch/cortexm/stellaris/driverlib/fpu.c,1,différé,,,,,,,,*,,,,,,,,,,,,,,,,,,,,,,,,,,,,,,,,,,,,,,
src/kernel/dev/arch/cortexm/stellaris/driverlib/fpu.h,1,différé,,,,,,,,i:*,,,,,,,,,,,,,,,,,,,,,,,,,,,,,,,,,,,,,,
src/kernel/dev/arch/cortexm/stellaris/driverlib/gpio.c,1,différé,,,,,,,,*,,,,,,,,,,,,,,,,,,,,,,,,,,,*,,,,,,,,,,,
src/kernel/dev/arch/cortexm/stellaris/driverlib/gpio.h,1,différé,,,,,,,,i:*,,,,,,,,,,,,,,,,,,,,,,,,,,,i:*,,,,,,,,,,,
src/kernel/dev/arch/cortexm/stellaris/driverlib/hibernate.c,1,différé,,,,,,,,*,,,,,,,,,,,,,,,,,,,,,,,,,,,*,,,,,,,,,,,
src/kernel/dev/arch/cortexm/stellaris/driverlib/hibernate.h,1,différé,,,,,,,,i:*,,,,,,,,,,,,,,,,,,,,,,,,,,,i:*,,,,,,,,,,,
src/kernel/dev/arch/cortexm/stellaris/driverlib/i2c.c,1,différé,,,,,,,,*,,,,,,,,,,,,,,,,,,,,,,,,,,,*,,,,,,,,,,,
src/kernel/dev/arch/cortexm/stellaris/driverlib/i2c.h,1,différé,,,,,,,,i:*,,,,,,,,,,,,,,,,,,,,,,,,,,,i:*,,,,,,,,,,,
src/kernel/dev/arch/cortexm/stellaris/driverlib/i2s.c,1,différé,,,,,,,,*,,,,,,,,,,,,,,,,,,,,,,,,,,,*,,,,,,,,,,,
src/kernel/dev/arch/cortexm/stellaris/driverlib/i2s.h,1,différé,,,,,,,,i:*,,,,,,,,,,,,,,,,,,,,,,,,,,,i:*,,,,,,,,,,,
src/kernel/dev/arch/cortexm/stellaris/driverlib/interrupt.c,1,différé,,,,,,,,*,,,,,,,,,,,,,,,,,,,,,,,,,,,*,,,,,,,,,,,
src/kernel/dev/arch/cortexm/stellaris/driverlib/interrupt.h,1,différé,,,,,,,,i:*,,,,,,,,,,,,,,,,,,,,,,,,,,,i:*,,,,,,,,,,,
src/kernel/dev/arch/cortexm/stellaris/driverlib/lpc.c,1,différé,,,,,,,,*,,,,,,,,,,,,,,,,,,,,,,,,,,,,,,,,,,,,,,
src/kernel/dev/arch/cortexm/stellaris/driverlib/lpc.h,1,différé,,,,,,,,i:*,,,,,,,,,,,,,,,,,,,,,,,,,,,,,,,,,,,,,,
src/kernel/dev/arch/cortexm/stellaris/driverlib/mpu.c,1,différé,,,,,,,,*,,,,,,,,,,,,,,,,,,,,,,,,,,,*,,,,,,,,,,,
src/kernel/dev/arch/cortexm/stellaris/driverlib/mpu.h,1,différé,,,,,,,,i:*,,,,,,,,,,,,,,,,,,,,,,,,,,,i:*,,,,,,,,,,,
src/kernel/dev/arch/cortexm/stellaris/driverlib/peci.c,1,différé,,,,,,,,*,,,,,,,,,,,,,,,,,,,,,,,,,,,,,,,,,,,,,,
src/kernel/dev/arch/cortexm/stellaris/driverlib/peci.h,1,différé,,,,,,,,i:*,,,,,,,,,,,,,,,,,,,,,,,,,,,,,,,,,,,,,,
src/kernel/dev/arch/cortexm/stellaris/driverlib/pin_map.h,1,différé,,,,,,,,i:*,,,,,,,,,,,,,,,,,,,,,,,,,,,i:*,,,,,,,,,,,
src/kernel/dev/arch/cortexm/stellaris/driverlib/pwm.c,1,différé,,,,,,,,*,,,,,,,,,,,,,,,,,,,,,,,,,,,*,,,,,,,,,,,
src/kernel/dev/arch/cortexm/stellaris/driverlib/pwm.h,1,différé,,,,,,,,i:*,,,,,,,,,,,,,,,,,,,,,,,,,,,i:*,,,,,,,,,,,
src/kernel/dev/arch/cortexm/stellaris/driverlib/qei.c,1,différé,,,,,,,,*,,,,,,,,,,,,,,,,,,,,,,,,,,,*,,,,,,,,,,,
src/kernel/dev/arch/cortexm/stellaris/driverlib/qei.h,1,différé,,,,,,,,i:*,,,,,,,,,,,,,,,,,,,,,,,,,,,i:*,,,,,,,,,,,
src/kernel/dev/arch/cortexm/stellaris/driverlib/rom.h,1,différé,,,,,,,,i:*,,,,,,,,,,,,,,,,,,,,,,,,,,,,,,,,,,,,,,
src/kernel/dev/arch/cortexm/stellaris/driverlib/ssi.c,1,différé,,,,,,,,*,,,,,,,,,,,,,,,,,,,,,,,,,,,*,,,,,,,,,,,
src/kernel/dev/arch/cortexm/stellaris/driverlib/ssi.h,1,différé,,,,,,,,i:*,,,,,,,,,,,,,,,,,,,,,,,,,,,i:*,,,,,,,,,,,
src/kernel/dev/arch/cortexm/stellaris/driverlib/sysctl.c,1,différé,,,,,,,,*,,,,,,,,,,,,,,,,,,,,,,,,,,,*,,,,,,,,,,,
src/kernel/dev/arch/cortexm/stellaris/driverlib/sysctl.h,1,différé,,,,,,,,i:*,,,,,,,,,,,,,,,,,,,,,,,,,,,i:*,,,,,,,,,,,
src/kernel/dev/arch/cortexm/stellaris/driverlib/sysexc.c,1,différé,,,,,,,,*,,,,,,,,,,,,,,,,,,,,,,,,,,,,,,,,,,,,,,
src/kernel/dev/arch/cortexm/stellaris/driverlib/systick.c,1,différé,,,,,,,,*,,,,,,,,,,,,,,,,,,,,,,,,,,,*,,,,,,,,,,,
src/kernel/dev/arch/cortexm/stellaris/driverlib/systick.h,1,différé,,,,,,,,i:*,,,,,,,,,,,,,,,,,,,,,,,,,,,i:*,,,,,,,,,,,
src/kernel/dev/arch/cortexm/stellaris/driverlib/timer.c,1,différé,,,,,,,,*,,,,,,,,,,,,,,,,,,,,,,,,,,,*,,,,,,,,,,,
src/kernel/dev/arch/cortexm/stellaris/driverlib/timer.h,1,différé,,,,,,,,i:*,,,,,,,,,,,,,,,,,,,,,,,,,,,i:*,,,,,,,,,,,
src/kernel/dev/arch/cortexm/stellaris/driverlib/uart.c,1,différé,,,,,,,,*,,,,,,,,,,,,,,,,,,,,,,,,,,,*,,,,,,,,,,,
src/kernel/dev/arch/cortexm/stellaris/driverlib/uart.h,1,différé,,,,,,,,i:*,,,,,,,,,,,,,,,,,,,,,,,,,,,i:*,,,,,,,,,,,
src/kernel/dev/arch/cortexm/stellaris/driverlib/udma.c,1,différé,,,,,,,,*,,,,,,,,,,,,,,,,,,,,,,,,,,,*,,,,,,,,,,,
src/kernel/dev/arch/cortexm/stellaris/driverlib/udma.h,1,différé,,,,,,,,i:*,,,,,,,,,,,,,,,,,,,,,,,,,,,i:*,,,,,,,,,,,
src/kernel/dev/arch/cortexm/stellaris/driverlib/usb.c,1,différé,,,,,,,,*,,,,,,,,,,,,,,,,,,,,,,,,,,,*,,,,,,,,,,,
src/kernel/dev/arch/cortexm/stellaris/driverlib/usb.h,1,différé,,,,,,,,i:*,,,,,,,,,,,,,,,,,,,,,,,,,,,i:*,,,,,,,,,,,
src/kernel/dev/arch/cortexm/stellaris/driverlib/watchdog.c,1,différé,,,,,,,,*,,,,,,,,,,,,,,,,,,,,,,,,,,,*,,,,,,,,,,,
src/kernel/dev/arch/cortexm/stellaris/driverlib/watchdog.h,1,différé,,,,,,,,i:*,,,,,,,,,,,,,,,,,,,,,,,,,,,i:*,,,,,,,,,,,
src/kernel/dev/arch/cortexm/stellaris/drivers/dev_lm3s_cpu/dev_lm3s_cpu.c,1,actif,,,,,,,,,,,,,,,,,,,,*,*,*,*,*,,,,,,,,,,,,,,,,,,,,,,
src/kernel/dev/arch/cortexm/stellaris/drivers/dev_lm3s_cpu/dev_lm3s_cpu.h,1,actif,,,,,,,,,,,,,,,,,,,,*,*,*,*,*,,,,,,,,,,,,,,,,,,,,,,
src/kernel/dev/arch/cortexm/stellaris/drivers/dev_lm3s_uart/dev_lm3s_uart.c,1,différé,,,,,,,,*,,,,,,,,,,,,,,,,,,,,,,,,,,,,,,,,,,,,,,
src/kernel/dev/arch/cortexm/stellaris/drivers/dev_lm3s_uart/dev_lm3s_uart.h,1,différé,,,,,,,,*,,,,,,,,,,,,,,,,,,,,,,,,,,,,,,,,,,,,,,
src/kernel/dev/arch/cortexm/stellaris/drivers/dev_lm3s_uart/dev_lm3s_uart_0.c,1,différé,,,,,,,,*,,,,,,,,,,,,,,,,,,,,,,,,,,,,,,,,,,,,,,
src/kernel/dev/arch/cortexm/stellaris/drivers/lm3s_reset.c,1,différé,,,,,,,,*,,,,,,,,,,,,,,,,,,,,,,,,,,,,,,,,,,,,,,
src/kernel/dev/arch/cortexm/stellaris/drivers/lm3s_sdram.c,1,différé,,,,,,,,*,,,,,,,,,,,,,,,,,,,,,,,,,,,,,,,,,,,,,,
src/kernel/dev/arch/cortexm/stellaris/inc/hw_adc.h,1,différé,,,,,,,,i:*,,,,,,,,,,,,,,,,,,,,,,,,,,,i:*,,,,,,,,,,,
src/kernel/dev/arch/cortexm/stellaris/inc/hw_can.h,1,différé,,,,,,,,i:*,,,,,,,,,,,,,,,,,,,,,,,,,,,i:*,,,,,,,,,,,
src/kernel/dev/arch/cortexm/stellaris/inc/hw_comp.h,1,différé,,,,,,,,i:*,,,,,,,,,,,,,,,,,,,,,,,,,,,i:*,,,,,,,,,,,
src/kernel/dev/arch/cortexm/stellaris/inc/hw_eeprom.h,1,différé,,,,,,,,i:*,,,,,,,,,,,,,,,,,,,,,,,,,,,,,,,,,,,,,,
src/kernel/dev/arch/cortexm/stellaris/inc/hw_epi.h,1,différé,,,,,,,,i:*,,,,,,,,,,,,,,,,,,,,,,,,,,,i:*,,,,,,,,,,,
src/kernel/dev/arch/cortexm/stellaris/inc/hw_ethernet.h,1,différé,,,,,,,,i:*,,,,,,,,,,,,,,,,,,,,,,,,,,,i:*,,,,,,,,,,,
src/kernel/dev/arch/cortexm/stellaris/inc/hw_fan.h,1,différé,,,,,,,,i:*,,,,,,,,,,,,,,,,,,,,,,,,,,,,,,,,,,,,,,
src/kernel/dev/arch/cortexm/stellaris/inc/hw_flash.h,1,différé,,,,,,,,i:*,,,,,,,,,,,,,,,,,,,,,,,,,,,i:*,,,,,,,,,,,
src/kernel/dev/arch/cortexm/stellaris/inc/hw_gpio.h,1,différé,,,,,,,,i:*,,,,,,,,,,,,,,,,,,,,,,,,,,,i:*,,,,,,,,,,,
src/kernel/dev/arch/cortexm/stellaris/inc/hw_hibernate.h,1,différé,,,,,,,,i:*,,,,,,,,,,,,,,,,,,,,,,,,,,,i:*,,,,,,,,,,,
src/kernel/dev/arch/cortexm/stellaris/inc/hw_i2c.h,1,différé,,,,,,,,i:*,,,,,,,,,,,,,,,,,,,,,,,,,,,i:*,,,,,,,,,,,
src/kernel/dev/arch/cortexm/stellaris/inc/hw_i2s.h,1,différé,,,,,,,,i:*,,,,,,,,,,,,,,,,,,,,,,,,,,,i:*,,,,,,,,,,,
src/kernel/dev/arch/cortexm/stellaris/inc/hw_ints.h,1,différé,,,,,,,,i:*,,,,,,,,,,,,,,,,,,,,,,,,,,,i:*,,,,,,,,,,,
src/kernel/dev/arch/cortexm/stellaris/inc/hw_lpc.h,1,différé,,,,,,,,i:*,,,,,,,,,,,,,,,,,,,,,,,,,,,,,,,,,,,,,,
src/kernel/dev/arch/cortexm/stellaris/inc/hw_memmap.h,1,différé,,,,,,,,i:*,,,,,,,,,,,,,,,,,,,,,,,,,,,i:*,,,,,,,,,,,
src/kernel/dev/arch/cortexm/stellaris/inc/hw_nvic.h,1,différé,,,,,,,,i:*,,,,,,,,,,,,,,,,,,,,,,,,,,,i:*,,,,,,,,,,,
src/kernel/dev/arch/cortexm/stellaris/inc/hw_peci.h,1,différé,,,,,,,,i:*,,,,,,,,,,,,,,,,,,,,,,,,,,,,,,,,,,,,,,
src/kernel/dev/arch/cortexm/stellaris/inc/hw_pwm.h,1,différé,,,,,,,,i:*,,,,,,,,,,,,,,,,,,,,,,,,,,,i:*,,,,,,,,,,,
src/kernel/dev/arch/cortexm/stellaris/inc/hw_qei.h,1,différé,,,,,,,,i:*,,,,,,,,,,,,,,,,,,,,,,,,,,,i:*,,,,,,,,,,,
src/kernel/dev/arch/cortexm/stellaris/inc/hw_ssi.h,1,différé,,,,,,,,i:*,,,,,,,,,,,,,,,,,,,,,,,,,,,i:*,,,,,,,,,,,
src/kernel/dev/arch/cortexm/stellaris/inc/hw_sysctl.h,1,différé,,,,,,,,i:*,,,,,,,,,,,,,,,,,,,,,,,,,,,i:*,,,,,,,,,,,
src/kernel/dev/arch/cortexm/stellaris/inc/hw_sysexc.h,1,différé,,,,,,,,i:*,,,,,,,,,,,,,,,,,,,,,,,,,,,,,,,,,,,,,,
src/kernel/dev/arch/cortexm/stellaris/inc/hw_timer.h,1,différé,,,,,,,,i:*,,,,,,,,,,,,,,,,,,,,,,,,,,,i:*,,,,,,,,,,,
src/kernel/dev/arch/cortexm/stellaris/inc/hw_types.h,1,différé,,,,,,,,i:*,,,,,,,,,,,,,,,,,,,,,,,,,,,i:*,,,,,,,,,,,
src/kernel/dev/arch/cortexm/stellaris/inc/hw_uart.h,1,différé,,,,,,,,i:*,,,,,,,,,,,,,,,,,,,,,,,,,,,i:*,,,,,,,,,,,
src/kernel/dev/arch/cortexm/stellaris/inc/hw_udma.h,1,différé,,,,,,,,i:*,,,,,,,,,,,,,,,,,,,,,,,,,,,i:*,,,,,,,,,,,
src/kernel/dev/arch/cortexm/stellaris/inc/hw_usb.h,1,différé,,,,,,,,i:*,,,,,,,,,,,,,,,,,,,,,,,,,,,i:*,,,,,,,,,,,
src/kernel/dev/arch/cortexm/stellaris/inc/hw_watchdog.h,1,différé,,,,,,,,i:*,,,,,,,,,,,,,,,,,,,,,,,,,,,i:*,,,,,,,,,,,
src/kernel/dev/arch/cortexm/stm32f1xx/073a_target.c,1,différé,,,,,,,,,*,,,,,,,,,,,,,,,,,,,,,,,,,,,,,,,,,,,,,
src/kernel/dev/arch/cortexm/stm32f1xx/073a_target.h,1,différé,,,,,,,,,*,,,,,,,,,,,,,,,,,,,,,,,,,,,,,,,,,,,,,
src/kernel/dev/arch/cortexm/stm32f1xx/adc.h,1,différé,,,,,,,,,i:*,,,,,,,,,,,,,,,,,,,,,,,,,,,,,,,,,,,,,
src/kernel/dev/arch/cortexm/stm32f1xx/dev_stm32f1xx/dev_stm32f1xx_ijinus_073_board.c,1,différé,,,,,,,,,*,,,,,,,,,,,,,,,,,,,,,,,,,,,,,,,,,,,,,
src/kernel/dev/arch/cortexm/stm32f1xx/dev_stm32f1xx/dev_stm32f1xx_spi_1.c,1,différé,,,,,,,,,*,,,,,,,,,,,,,,,,,,,,,,,,,,,,,,,,,,,,,
src/kernel/dev/arch/cortexm/stm32f1xx/dev_stm32f1xx/dev_stm32f1xx_spi_x.c,1,différé,,,,,,,,,*,,,,,,,,,,,,,,,,,,,,,,,,,,,,,,,,,,,,,
src/kernel/dev/arch/cortexm/stm32f1xx/dev_stm32f1xx/dev_stm32f1xx_spi_x.h,1,différé,,,,,,,,,*,,,,,,,,,,,,,,,,,,,,,,,,,,,,,,,,,,,,,
src/kernel/dev/arch/cortexm/stm32f1xx/dev_stm32f1xx/dev_stm32f1xx_uart_1.c,1,différé,,,,,,,,,*,,,,,,,,,,,,,,,,,,,,,,,,,,,,,,,,,,,,,
src/kernel/dev/arch/cortexm/stm32f1xx/dev_stm32f1xx/dev_stm32f1xx_uart_2.c,1,différé,,,,,,,,,*,,,,,,,,,,,,,,,,,,,,,,,,,,,,,,,,,,,,,
src/kernel/dev/arch/cortexm/stm32f1xx/dev_stm32f1xx/dev_stm32f1xx_uart_3.c,1,différé,,,,,,,,,*,,,,,,,,,,,,,,,,,,,,,,,,,,,,,,,,,,,,,
src/kernel/dev/arch/cortexm/stm32f1xx/dev_stm32f1xx/dev_stm32f1xx_uart_x.c,1,différé,,,,,,,,,*,,,,,,,,,,,,,,,,,,,,,,,,,,,,,,,,,,,,,
src/kernel/dev/arch/cortexm/stm32f1xx/dev_stm32f1xx/dev_stm32f1xx_uart_x.h,1,différé,,,,,,,,,*,,,,,,,,,,,,,,,,,,,,,,,,,,,,,,,,,,,,,
src/kernel/dev/arch/cortexm/stm32f1xx/dma.h,1,différé,,,,,,,,,*,,,,,,,,,,,,,,,,,,,,,,,,,,,,,,,,,,,,,
src/kernel/dev/arch/cortexm/stm32f1xx/driverlib/stm32f10x_adc.c,1,différé,,,,,,,,,*,,,,,,,,,,,,,,,,,,,,,,,,,,,,,,,,,,,,,
src/kernel/dev/arch/cortexm/stm32f1xx/driverlib/stm32f10x_adc.h,1,différé,,,,,,,,,*,,,,,,,,,,,,,,,,,,,,,,,,,,,,,,,,,,,,,
src/kernel/dev/arch/cortexm/stm32f1xx/driverlib/stm32f10x_bkp.c,1,différé,,,,,,,,,*,,,,,,,,,,,,,,,,,,,,,,,,,,,,,,,,,,,,,
src/kernel/dev/arch/cortexm/stm32f1xx/driverlib/stm32f10x_bkp.h,1,différé,,,,,,,,,*,,,,,,,,,,,,,,,,,,,,,,,,,,,,,,,,,,,,,
src/kernel/dev/arch/cortexm/stm32f1xx/driverlib/stm32f10x_can.c,1,différé,,,,,,,,,*,,,,,,,,,,,,,,,,,,,,,,,,,,,,,,,,,,,,,
src/kernel/dev/arch/cortexm/stm32f1xx/driverlib/stm32f10x_can.h,1,différé,,,,,,,,,*,,,,,,,,,,,,,,,,,,,,,,,,,,,,,,,,,,,,,
src/kernel/dev/arch/cortexm/stm32f1xx/driverlib/stm32f10x_cec.c,1,différé,,,,,,,,,*,,,,,,,,,,,,,,,,,,,,,,,,,,,,,,,,,,,,,
src/kernel/dev/arch/cortexm/stm32f1xx/driverlib/stm32f10x_cec.h,1,différé,,,,,,,,,*,,,,,,,,,,,,,,,,,,,,,,,,,,,,,,,,,,,,,
src/kernel/dev/arch/cortexm/stm32f1xx/driverlib/stm32f10x_crc.c,1,différé,,,,,,,,,*,,,,,,,,,,,,,,,,,,,,,,,,,,,,,,,,,,,,,
src/kernel/dev/arch/cortexm/stm32f1xx/driverlib/stm32f10x_crc.h,1,différé,,,,,,,,,*,,,,,,,,,,,,,,,,,,,,,,,,,,,,,,,,,,,,,
src/kernel/dev/arch/cortexm/stm32f1xx/driverlib/stm32f10x_dac.c,1,différé,,,,,,,,,*,,,,,,,,,,,,,,,,,,,,,,,,,,,,,,,,,,,,,
src/kernel/dev/arch/cortexm/stm32f1xx/driverlib/stm32f10x_dac.h,1,différé,,,,,,,,,*,,,,,,,,,,,,,,,,,,,,,,,,,,,,,,,,,,,,,
src/kernel/dev/arch/cortexm/stm32f1xx/driverlib/stm32f10x_dbgmcu.c,1,différé,,,,,,,,,*,,,,,,,,,,,,,,,,,,,,,,,,,,,,,,,,,,,,,
src/kernel/dev/arch/cortexm/stm32f1xx/driverlib/stm32f10x_dbgmcu.h,1,différé,,,,,,,,,*,,,,,,,,,,,,,,,,,,,,,,,,,,,,,,,,,,,,,
src/kernel/dev/arch/cortexm/stm32f1xx/driverlib/stm32f10x_dma.c,1,différé,,,,,,,,,*,,,,,,,,,,,,,,,,,,,,,,,,,,,,,,,,,,,,,
src/kernel/dev/arch/cortexm/stm32f1xx/driverlib/stm32f10x_dma.h,1,différé,,,,,,,,,*,,,,,,,,,,,,,,,,,,,,,,,,,,,,,,,,,,,,,
src/kernel/dev/arch/cortexm/stm32f1xx/driverlib/stm32f10x_exti.c,1,différé,,,,,,,,,*,,,,,,,,,,,,,,,,,,,,,,,,,,,,,,,,,,,,,
src/kernel/dev/arch/cortexm/stm32f1xx/driverlib/stm32f10x_exti.h,1,différé,,,,,,,,,*,,,,,,,,,,,,,,,,,,,,,,,,,,,,,,,,,,,,,
src/kernel/dev/arch/cortexm/stm32f1xx/driverlib/stm32f10x_flash.c,1,différé,,,,,,,,,*,,,,,,,,,,,,,,,,,,,,,,,,,,,,,,,,,,,,,
src/kernel/dev/arch/cortexm/stm32f1xx/driverlib/stm32f10x_flash.h,1,différé,,,,,,,,,*,,,,,,,,,,,,,,,,,,,,,,,,,,,,,,,,,,,,,
src/kernel/dev/arch/cortexm/stm32f1xx/driverlib/stm32f10x_fsmc.c,1,différé,,,,,,,,,*,,,,,,,,,,,,,,,,,,,,,,,,,,,,,,,,,,,,,
src/kernel/dev/arch/cortexm/stm32f1xx/driverlib/stm32f10x_fsmc.h,1,différé,,,,,,,,,*,,,,,,,,,,,,,,,,,,,,,,,,,,,,,,,,,,,,,
src/kernel/dev/arch/cortexm/stm32f1xx/driverlib/stm32f10x_gpio.c,1,différé,,,,,,,,,*,,,,,,,,,,,,,,,,,,,,,,,,,,,,,,,,,,,,,
src/kernel/dev/arch/cortexm/stm32f1xx/driverlib/stm32f10x_gpio.h,1,différé,,,,,,,,,*,,,,,,,,,,,,,,,,,,,,,,,,,,,,,,,,,,,,,
src/kernel/dev/arch/cortexm/stm32f1xx/driverlib/stm32f10x_i2c.c,1,différé,,,,,,,,,*,,,,,,,,,,,,,,,,,,,,,,,,,,,,,,,,,,,,,
src/kernel/dev/arch/cortexm/stm32f1xx/driverlib/stm32f10x_i2c.h,1,différé,,,,,,,,,*,,,,,,,,,,,,,,,,,,,,,,,,,,,,,,,,,,,,,
src/kernel/dev/arch/cortexm/stm32f1xx/driverlib/stm32f10x_iwdg.c,1,différé,,,,,,,,,*,,,,,,,,,,,,,,,,,,,,,,,,,,,,,,,,,,,,,
src/kernel/dev/arch/cortexm/stm32f1xx/driverlib/stm32f10x_iwdg.h,1,différé,,,,,,,,,*,,,,,,,,,,,,,,,,,,,,,,,,,,,,,,,,,,,,,
src/kernel/dev/arch/cortexm/stm32f1xx/driverlib/stm32f10x_pwr.c,1,différé,,,,,,,,,*,,,,,,,,,,,,,,,,,,,,,,,,,,,,,,,,,,,,,
src/kernel/dev/arch/cortexm/stm32f1xx/driverlib/stm32f10x_pwr.h,1,différé,,,,,,,,,*,,,,,,,,,,,,,,,,,,,,,,,,,,,,,,,,,,,,,
src/kernel/dev/arch/cortexm/stm32f1xx/driverlib/stm32f10x_rcc.c,1,différé,,,,,,,,,*,,,,,,,,,,,,,,,,,,,,,,,,,,,,,,,,,,,,,
src/kernel/dev/arch/cortexm/stm32f1xx/driverlib/stm32f10x_rcc.h,1,différé,,,,,,,,,*,,,,,,,,,,,,,,,,,,,,,,,,,,,,,,,,,,,,,
src/kernel/dev/arch/cortexm/stm32f1xx/driverlib/stm32f10x_rtc.c,1,différé,,,,,,,,,*,,,,,,,,,,,,,,,,,,,,,,,,,,,,,,,,,,,,,
src/kernel/dev/arch/cortexm/stm32f1xx/driverlib/stm32f10x_rtc.h,1,différé,,,,,,,,,*,,,,,,,,,,,,,,,,,,,,,,,,,,,,,,,,,,,,,
src/kernel/dev/arch/cortexm/stm32f1xx/driverlib/stm32f10x_sdio.c,1,différé,,,,,,,,,*,,,,,,,,,,,,,,,,,,,,,,,,,,,,,,,,,,,,,
src/kernel/dev/arch/cortexm/stm32f1xx/driverlib/stm32f10x_sdio.h,1,différé,,,,,,,,,*,,,,,,,,,,,,,,,,,,,,,,,,,,,,,,,,,,,,,
src/kernel/dev/arch/cortexm/stm32f1xx/driverlib/stm32f10x_spi.c,1,différé,,,,,,,,,*,,,,,,,,,,,,,,,,,,,,,,,,,,,,,,,,,,,,,
src/kernel/dev/arch/cortexm/stm32f1xx/driverlib/stm32f10x_spi.h,1,différé,,,,,,,,,*,,,,,,,,,,,,,,,,,,,,,,,,,,,,,,,,,,,,,
src/kernel/dev/arch/cortexm/stm32f1xx/driverlib/stm32f10x_tim.c,1,différé,,,,,,,,,*,,,,,,,,,,,,,,,,,,,,,,,,,,,,,,,,,,,,,
src/kernel/dev/arch/cortexm/stm32f1xx/driverlib/stm32f10x_tim.h,1,différé,,,,,,,,,*,,,,,,,,,,,,,,,,,,,,,,,,,,,,,,,,,,,,,
src/kernel/dev/arch/cortexm/stm32f1xx/driverlib/stm32f10x_usart.c,1,différé,,,,,,,,,*,,,,,,,,,,,,,,,,,,,,,,,,,,,,,,,,,,,,,
src/kernel/dev/arch/cortexm/stm32f1xx/driverlib/stm32f10x_usart.h,1,différé,,,,,,,,,*,,,,,,,,,,,,,,,,,,,,,,,,,,,,,,,,,,,,,
src/kernel/dev/arch/cortexm/stm32f1xx/driverlib/stm32f10x_wwdg.c,1,différé,,,,,,,,,*,,,,,,,,,,,,,,,,,,,,,,,,,,,,,,,,,,,,,
src/kernel/dev/arch/cortexm/stm32f1xx/driverlib/stm32f10x_wwdg.h,1,différé,,,,,,,,,*,,,,,,,,,,,,,,,,,,,,,,,,,,,,,,,,,,,,,
src/kernel/dev/arch/cortexm/stm32f1xx/eeprom.c,1,différé,,,,,,,,,*,,,,,,,,,,,,,,,,,,,,,,,,,,,,,,,,,,,,,
src/kernel/dev/arch/cortexm/stm32f1xx/eeprom.h,1,différé,,,,,,,,,*,,,,,,,,,,,,,,,,,,,,,,,,,,,,,,,,,,,,,
src/kernel/dev/arch/cortexm/stm32f1xx/gpio.c,1,différé,,,,,,,,,*,,,,,,,,,,,,,,,,,,,,,,,,,,,,,,,,,,,,,
src/kernel/dev/arch/cortexm/stm32f1xx/gpio.h,1,différé,,,,,,,,,*,,,,,,,,,,,,,,,,,,,,,,,,,,,,,,,,,,,,,
src/kernel/dev/arch/cortexm/stm32f1xx/i2c.c,1,différé,,,,,,,,,*,,,,,,,,,,,,,,,,,,,,,,,,,,,,,,,,,,,,,
src/kernel/dev/arch/cortexm/stm32f1xx/i2c.h,1,différé,,,,,,,,,*,,,,,,,,,,,,,,,,,,,,,,,,,,,,,,,,,,,,,
src/kernel/dev/arch/cortexm/stm32f1xx/i2cio.c,1,différé,,,,,,,,,*,,,,,,,,,,,,,,,,,,,,,,,,,,,,,,,,,,,,,
src/kernel/dev/arch/cortexm/stm32f1xx/i2cio.h,1,différé,,,,,,,,,*,,,,,,,,,,,,,,,,,,,,,,,,,,,,,,,,,,,,,
src/kernel/dev/arch/cortexm/stm32f1xx/spi.c,1,différé,,,,,,,,,*,,,,,,,,,,,,,,,,,,,,,,,,,,,,,,,,,,,,,
src/kernel/dev/arch/cortexm/stm32f1xx/spi.h,1,différé,,,,,,,,,*,,,,,,,,,,,,,,,,,,,,,,,,,,,,,,,,,,,,,
src/kernel/dev/arch/cortexm/stm32f1xx/sys_types.h,1,différé,,,,,,,,,*,,,,,,,,,,,,,,,,,,,,,,,,,,,,,,,,,,,,,
src/kernel/dev/arch/cortexm/stm32f1xx/target.h,1,différé,,,,,,,,,*,,,,,,,,,,,,,,,,,,,,,,,,,,,,,,,,,,,,,
src/kernel/dev/arch/cortexm/stm32f1xx/tmr.h,1,différé,,,,,,,,,i:*,,,,,,,,,,,,,,,,,,,,,,,,,,,,,,,,,,,,,
src/kernel/dev/arch/cortexm/stm32f1xx/uart.c,1,différé,,,,,,,,,*,,,,,,,,,,,,,,,,,,,,,,,,,,,,,,,,,,,,,
src/kernel/dev/arch/cortexm/stm32f1xx/uart.h,1,différé,,,,,,,,,*,,,,,,,,,,,,,,,,,,,,,,,,,,,,,,,,,,,,,
src/kernel/dev/arch/cortexm/stm32f4xx/cubemx_hal_driver/inc/legacy/stm32_hal_legacy.h,1,actif,,,,,,,,,,,i:*,i:*,,,i:Debug,i:Debug,i:Debug,,,,,,,,i:Debug,,,,,,,,,,,,,,,,,,,,,
src/kernel/dev/arch/cortexm/stm32f4xx/cubemx_hal_driver/inc/legacy/stm32f4xx_hal_conf.h,1,actif,,,,,,,,,,,i:*,i:*,,,i:Debug,i:Debug,i:Debug,,,,,,,,i:Debug,,,,,,,,,,,,,,,,,,,,,
src/kernel/dev/arch/cortexm/stm32f4xx/cubemx_hal_driver/inc/stm32f407xx.h,1,actif,,,,,,,,,,,i:*,i:*,,,i:Debug,i:Debug,i:Debug,,,,,,,,i:Debug,,,,,,,,,,,,,,,,,,,,,
src/kernel/dev/arch/cortexm/stm32f4xx/cubemx_hal_driver/inc/stm32f429xx.h,1,actif,,,,,,,,,,,i:*,i:*,,,i:Debug,i:Debug,i:Debug,,,,,,,,i:Debug,,,,,,,,,,,,,,,,,,,,,
src/kernel/dev/arch/cortexm/stm32f4xx/cubemx_hal_driver/inc/stm32f469xx.h,1,actif,,,,,,,,,,,i:*,i:*,,,i:Debug,i:Debug,i:Debug,,,,,,,,i:Debug,,,,,,,,,,,,,,,,,,,,,
src/kernel/dev/arch/cortexm/stm32f4xx/cubemx_hal_driver/inc/stm32f4xx.h,1,actif,,,,,,,,,,,i:*,i:*,,,i:Debug,i:Debug,i:Debug,,,,,,,,i:Debug,,,,,,,,,,,,,,,,,,,,,
src/kernel/dev/arch/cortexm/stm32f4xx/cubemx_hal_driver/inc/stm32f4xx_hal.h,1,actif,,,,,,,,,,,i:*,i:*,,,i:Debug,i:Debug,i:Debug,,,,,,,,i:Debug,,,,,,,,,,,,,,,,,,,,,
src/kernel/dev/arch/cortexm/stm32f4xx/cubemx_hal_driver/inc/stm32f4xx_hal_adc.h,1,actif,,,,,,,,,,,i:*,i:*,,,i:Debug,i:Debug,i:Debug,,,,,,,,i:Debug,,,,,,,,,,,,,,,,,,,,,
src/kernel/dev/arch/cortexm/stm32f4xx/cubemx_hal_driver/inc/stm32f4xx_hal_adc_ex.h,1,actif,,,,,,,,,,,i:*,i:*,,,i:Debug,i:Debug,i:Debug,,,,,,,,i:Debug,,,,,,,,,,,,,,,,,,,,,
src/kernel/dev/arch/cortexm/stm32f4xx/cubemx_hal_driver/inc/stm32f4xx_hal_can.h,1,actif,,,,,,,,,,,i:*,i:*,,,i:Debug,i:Debug,i:Debug,,,,,,,,i:Debug,,,,,,,,,,,,,,,,,,,,,
src/kernel/dev/arch/cortexm/stm32f4xx/cubemx_hal_driver/inc/stm32f4xx_hal_cec.h,1,actif,,,,,,,,,,,i:*,i:*,,,i:Debug,i:Debug,i:Debug,,,,,,,,i:Debug,,,,,,,,,,,,,,,,,,,,,
src/kernel/dev/arch/cortexm/stm32f4xx/cubemx_hal_driver/inc/stm32f4xx_hal_cortex.h,1,actif,,,,,,,,,,,i:*,i:*,,,i:Debug,i:Debug,i:Debug,,,,,,,,i:Debug,,,,,,,,,,,,,,,,,,,,,
src/kernel/dev/arch/cortexm/stm32f4xx/cubemx_hal_driver/inc/stm32f4xx_hal_crc.h,1,actif,,,,,,,,,,,i:*,i:*,,,i:Debug,i:Debug,i:Debug,,,,,,,,i:Debug,,,,,,,,,,,,,,,,,,,,,
src/kernel/dev/arch/cortexm/stm32f4xx/cubemx_hal_driver/inc/stm32f4xx_hal_cryp.h,1,actif,,,,,,,,,,,i:*,i:*,,,i:Debug,i:Debug,i:Debug,,,,,,,,i:Debug,,,,,,,,,,,,,,,,,,,,,
src/kernel/dev/arch/cortexm/stm32f4xx/cubemx_hal_driver/inc/stm32f4xx_hal_cryp_ex.h,1,actif,,,,,,,,,,,i:*,i:*,,,i:Debug,i:Debug,i:Debug,,,,,,,,i:Debug,,,,,,,,,,,,,,,,,,,,,
src/kernel/dev/arch/cortexm/stm32f4xx/cubemx_hal_driver/inc/stm32f4xx_hal_dac.h,1,actif,,,,,,,,,,,i:*,i:*,,,i:Debug,i:Debug,i:Debug,,,,,,,,i:Debug,,,,,,,,,,,,,,,,,,,,,
src/kernel/dev/arch/cortexm/stm32f4xx/cubemx_hal_driver/inc/stm32f4xx_hal_dac_ex.h,1,actif,,,,,,,,,,,i:*,i:*,,,i:Debug,i:Debug,i:Debug,,,,,,,,i:Debug,,,,,,,,,,,,,,,,,,,,,
src/kernel/dev/arch/cortexm/stm32f4xx/cubemx_hal_driver/inc/stm32f4xx_hal_dcmi.h,1,actif,,,,,,,,,,,i:*,i:*,,,i:Debug,i:Debug,i:Debug,,,,,,,,i:Debug,,,,,,,,,,,,,,,,,,,,,
src/kernel/dev/arch/cortexm/stm32f4xx/cubemx_hal_driver/inc/stm32f4xx_hal_dcmi_ex.h,1,actif,,,,,,,,,,,i:*,i:*,,,i:Debug,i:Debug,i:Debug,,,,,,,,i:Debug,,,,,,,,,,,,,,,,,,,,,
src/kernel/dev/arch/cortexm/stm32f4xx/cubemx_hal_driver/inc/stm32f4xx_hal_def.h,1,actif,,,,,,,,,,,i:*,i:*,,,i:Debug,i:Debug,i:Debug,,,,,,,,i:Debug,,,,,,,,,,,,,,,,,,,,,
src/kernel/dev/arch/cortexm/stm32f4xx/cubemx_hal_driver/inc/stm32f4xx_hal_dfsdm.h,1,actif,,,,,,,,,,,i:*,i:*,,,i:Debug,i:Debug,i:Debug,,,,,,,,i:Debug,,,,,,,,,,,,,,,,,,,,,
src/kernel/dev/arch/cortexm/stm32f4xx/cubemx_hal_driver/inc/stm32f4xx_hal_dma.h,1,actif,,,,,,,,,,,i:*,i:*,,,i:Debug,i:Debug,i:Debug,,,,,,,,i:Debug,,,,,,,,,,,,,,,,,,,,,
src/kernel/dev/arch/cortexm/stm32f4xx/cubemx_hal_driver/inc/stm32f4xx_hal_dma2d.h,1,actif,,,,,,,,,,,i:*,i:*,,,i:Debug,i:Debug,i:Debug,,,,,,,,i:Debug,,,,,,,,,,,,,,,,,,,,,
src/kernel/dev/arch/cortexm/stm32f4xx/cubemx_hal_driver/inc/stm32f4xx_hal_dma_ex.h,1,actif,,,,,,,,,,,i:*,i:*,,,i:Debug,i:Debug,i:Debug,,,,,,,,i:Debug,,,,,,,,,,,,,,,,,,,,,
src/kernel/dev/arch/cortexm/stm32f4xx/cubemx_hal_driver/inc/stm32f4xx_hal_dsi.h,1,actif,,,,,,,,,,,i:*,i:*,,,i:Debug,i:Debug,i:Debug,,,,,,,,i:Debug,,,,,,,,,,,,,,,,,,,,,
src/kernel/dev/arch/cortexm/stm32f4xx/cubemx_hal_driver/inc/stm32f4xx_hal_eth.h,1,actif,,,,,,,,,,,i:*,i:*,,,i:Debug,i:Debug,i:Debug,,,,,,,,i:Debug,,,,,,,,,,,,,,,,,,,,,
src/kernel/dev/arch/cortexm/stm32f4xx/cubemx_hal_driver/inc/stm32f4xx_hal_flash.h,1,actif,,,,,,,,,,,i:*,i:*,,,i:Debug,i:Debug,i:Debug,,,,,,,,i:Debug,,,,,,,,,,,,,,,,,,,,,
src/kernel/dev/arch/cortexm/stm32f4xx/cubemx_hal_driver/inc/stm32f4xx_hal_flash_ex.h,1,actif,,,,,,,,,,,i:*,i:*,,,i:Debug,i:Debug,i:Debug,,,,,,,,i:Debug,,,,,,,,,,,,,,,,,,,,,
src/kernel/dev/arch/cortexm/stm32f4xx/cubemx_hal_driver/inc/stm32f4xx_hal_flash_ramfunc.h,1,actif,,,,,,,,,,,i:*,i:*,,,i:Debug,i:Debug,i:Debug,,,,,,,,i:Debug,,,,,,,,,,,,,,,,,,,,,
src/kernel/dev/arch/cortexm/stm32f4xx/cubemx_hal_driver/inc/stm32f4xx_hal_fmpi2c.h,1,actif,,,,,,,,,,,i:*,i:*,,,i:Debug,i:Debug,i:Debug,,,,,,,,i:Debug,,,,,,,,,,,,,,,,,,,,,
src/kernel/dev/arch/cortexm/stm32f4xx/cubemx_hal_driver/inc/stm32f4xx_hal_fmpi2c_ex.h,1,actif,,,,,,,,,,,i:*,i:*,,,i:Debug,i:Debug,i:Debug,,,,,,,,i:Debug,,,,,,,,,,,,,,,,,,,,,
src/kernel/dev/arch/cortexm/stm32f4xx/cubemx_hal_driver/inc/stm32f4xx_hal_gpio.h,1,actif,,,,,,,,,,,i:*,i:*,,,i:Debug,i:Debug,i:Debug,,,,,,,,i:Debug,,,,,,,,,,,,,,,,,,,,,
src/kernel/dev/arch/cortexm/stm32f4xx/cubemx_hal_driver/inc/stm32f4xx_hal_gpio_ex.h,1,actif,,,,,,,,,,,i:*,i:*,,,i:Debug,i:Debug,i:Debug,,,,,,,,i:Debug,,,,,,,,,,,,,,,,,,,,,
src/kernel/dev/arch/cortexm/stm32f4xx/cubemx_hal_driver/inc/stm32f4xx_hal_hash.h,1,actif,,,,,,,,,,,i:*,i:*,,,i:Debug,i:Debug,i:Debug,,,,,,,,i:Debug,,,,,,,,,,,,,,,,,,,,,
src/kernel/dev/arch/cortexm/stm32f4xx/cubemx_hal_driver/inc/stm32f4xx_hal_hash_ex.h,1,actif,,,,,,,,,,,i:*,i:*,,,i:Debug,i:Debug,i:Debug,,,,,,,,i:Debug,,,,,,,,,,,,,,,,,,,,,
src/kernel/dev/arch/cortexm/stm32f4xx/cubemx_hal_driver/inc/stm32f4xx_hal_hcd.h,1,actif,,,,,,,,,,,i:*,i:*,,,i:Debug,i:Debug,i:Debug,,,,,,,,i:Debug,,,,,,,,,,,,,,,,,,,,,
src/kernel/dev/arch/cortexm/stm32f4xx/cubemx_hal_driver/inc/stm32f4xx_hal_i2c.h,1,actif,,,,,,,,,,,i:*,i:*,,,i:Debug,i:Debug,i:Debug,,,,,,,,i:Debug,,,,,,,,,,,,,,,,,,,,,
src/kernel/dev/arch/cortexm/stm32f4xx/cubemx_hal_driver/inc/stm32f4xx_hal_i2c_ex.h,1,actif,,,,,,,,,,,i:*,i:*,,,i:Debug,i:Debug,i:Debug,,,,,,,,i:Debug,,,,,,,,,,,,,,,,,,,,,
src/kernel/dev/arch/cortexm/stm32f4xx/cubemx_hal_driver/inc/stm32f4xx_hal_i2s.h,1,actif,,,,,,,,,,,i:*,i:*,,,i:Debug,i:Debug,i:Debug,,,,,,,,i:Debug,,,,,,,,,,,,,,,,,,,,,
src/kernel/dev/arch/cortexm/stm32f4xx/cubemx_hal_driver/inc/stm32f4xx_hal_i2s_ex.h,1,actif,,,,,,,,,,,i:*,i:*,,,i:Debug,i:Debug,i:Debug,,,,,,,,i:Debug,,,,,,,,,,,,,,,,,,,,,
src/kernel/dev/arch/cortexm/stm32f4xx/cubemx_hal_driver/inc/stm32f4xx_hal_irda.h,1,actif,,,,,,,,,,,i:*,i:*,,,i:Debug,i:Debug,i:Debug,,,,,,,,i:Debug,,,,,,,,,,,,,,,,,,,,,
src/kernel/dev/arch/cortexm/stm32f4xx/cubemx_hal_driver/inc/stm32f4xx_hal_iwdg.h,1,actif,,,,,,,,,,,i:*,i:*,,,i:Debug,i:Debug,i:Debug,,,,,,,,i:Debug,,,,,,,,,,,,,,,,,,,,,
src/kernel/dev/arch/cortexm/stm32f4xx/cubemx_hal_driver/inc/stm32f4xx_hal_lptim.h,1,actif,,,,,,,,,,,i:*,i:*,,,i:Debug,i:Debug,i:Debug,,,,,,,,i:Debug,,,,,,,,,,,,,,,,,,,,,
src/kernel/dev/arch/cortexm/stm32f4xx/cubemx_hal_driver/inc/stm32f4xx_hal_ltdc.h,1,actif,,,,,,,,,,,i:*,i:*,,,i:Debug,i:Debug,i:Debug,,,,,,,,i:Debug,,,,,,,,,,,,,,,,,,,,,
src/kernel/dev/arch/cortexm/stm32f4xx/cubemx_hal_driver/inc/stm32f4xx_hal_ltdc_ex.h,1,actif,,,,,,,,,,,i:*,i:*,,,i:Debug,i:Debug,i:Debug,,,,,,,,i:Debug,,,,,,,,,,,,,,,,,,,,,
src/kernel/dev/arch/cortexm/stm32f4xx/cubemx_hal_driver/inc/stm32f4xx_hal_mmc.h,1,actif,,,,,,,,,,,i:*,i:*,,,i:Debug,i:Debug,i:Debug,,,,,,,,i:Debug,,,,,,,,,,,,,,,,,,,,,
src/kernel/dev/arch/cortexm/stm32f4xx/cubemx_hal_driver/inc/stm32f4xx_hal_nand.h,1,actif,,,,,,,,,,,i:*,i:*,,,i:Debug,i:Debug,i:Debug,,,,,,,,i:Debug,,,,,,,,,,,,,,,,,,,,,
src/kernel/dev/arch/cortexm/stm32f4xx/cubemx_hal_driver/inc/stm32f4xx_hal_nor.h,1,actif,,,,,,,,,,,i:*,i:*,,,i:Debug,i:Debug,i:Debug,,,,,,,,i:Debug,,,,,,,,,,,,,,,,,,,,,
src/kernel/dev/arch/cortexm/stm32f4xx/cubemx_hal_driver/inc/stm32f4xx_hal_pccard.h,1,actif,,,,,,,,,,,i:*,i:*,,,i:Debug,i:Debug,i:Debug,,,,,,,,i:Debug,,,,,,,,,,,,,,,,,,,,,
src/kernel/dev/arch/cortexm/stm32f4xx/cubemx_hal_driver/inc/stm32f4xx_hal_pcd.h,1,actif,,,,,,,,,,,i:*,i:*,,,i:Debug,i:Debug,i:Debug,,,,,,,,i:Debug,,,,,,,,,,,,,,,,,,,,,
src/kernel/dev/arch/cortexm/stm32f4xx/cubemx_hal_driver/inc/stm32f4xx_hal_pcd_ex.h,1,actif,,,,,,,,,,,i:*,i:*,,,i:Debug,i:Debug,i:Debug,,,,,,,,i:Debug,,,,,,,,,,,,,,,,,,,,,
src/kernel/dev/arch/cortexm/stm32f4xx/cubemx_hal_driver/inc/stm32f4xx_hal_pwr.h,1,actif,,,,,,,,,,,i:*,i:*,,,i:Debug,i:Debug,i:Debug,,,,,,,,i:Debug,,,,,,,,,,,,,,,,,,,,,
src/kernel/dev/arch/cortexm/stm32f4xx/cubemx_hal_driver/inc/stm32f4xx_hal_pwr_ex.h,1,actif,,,,,,,,,,,i:*,i:*,,,i:Debug,i:Debug,i:Debug,,,,,,,,i:Debug,,,,,,,,,,,,,,,,,,,,,
src/kernel/dev/arch/cortexm/stm32f4xx/cubemx_hal_driver/inc/stm32f4xx_hal_qspi.h,1,actif,,,,,,,,,,,i:*,i:*,,,i:Debug,i:Debug,i:Debug,,,,,,,,i:Debug,,,,,,,,,,,,,,,,,,,,,
src/kernel/dev/arch/cortexm/stm32f4xx/cubemx_hal_driver/inc/stm32f4xx_hal_rcc.h,1,actif,,,,,,,,,,,i:*,i:*,,,i:Debug,i:Debug,i:Debug,,,,,,,,i:Debug,,,,,,,,,,,,,,,,,,,,,
src/kernel/dev/arch/cortexm/stm32f4xx/cubemx_hal_driver/inc/stm32f4xx_hal_rcc_ex.h,1,actif,,,,,,,,,,,i:*,i:*,,,i:Debug,i:Debug,i:Debug,,,,,,,,i:Debug,,,,,,,,,,,,,,,,,,,,,
src/kernel/dev/arch/cortexm/stm32f4xx/cubemx_hal_driver/inc/stm32f4xx_hal_rng.h,1,actif,,,,,,,,,,,i:*,i:*,,,i:Debug,i:Debug,i:Debug,,,,,,,,i:Debug,,,,,,,,,,,,,,,,,,,,,
src/kernel/dev/arch/cortexm/stm32f4xx/cubemx_hal_driver/inc/stm32f4xx_hal_rtc.h,1,actif,,,,,,,,,,,i:*,i:*,,,i:Debug,i:Debug,i:Debug,,,,,,,,i:Debug,,,,,,,,,,,,,,,,,,,,,
src/kernel/dev/arch/cortexm/stm32f4xx/cubemx_hal_driver/inc/stm32f4xx_hal_rtc_ex.h,1,actif,,,,,,,,,,,i:*,i:*,,,i:Debug,i:Debug,i:Debug,,,,,,,,i:Debug,,,,,,,,,,,,,,,,,,,,,
src/kernel/dev/arch/cortexm/stm32f4xx/cubemx_hal_driver/inc/stm32f4xx_hal_sai.h,1,actif,,,,,,,,,,,i:*,i:*,,,i:Debug,i:Debug,i:Debug,,,,,,,,i:Debug,,,,,,,,,,,,,,,,,,,,,
src/kernel/dev/arch/cortexm/stm32f4xx/cubemx_hal_driver/inc/stm32f4xx_hal_sai_ex.h,1,actif,,,,,,,,,,,i:*,i:*,,,i:Debug,i:Debug,i:Debug,,,,,,,,i:Debug,,,,,,,,,,,,,,,,,,,,,
src/kernel/dev/arch/cortexm/stm32f4xx/cubemx_hal_driver/inc/stm32f4xx_hal_sd.h,1,actif,,,,,,,,,,,i:*,i:*,,,i:Debug,i:Debug,i:Debug,,,,,,,,i:Debug,,,,,,,,,,,,,,,,,,,,,
src/kernel/dev/arch/cortexm/stm32f4xx/cubemx_hal_driver/inc/stm32f4xx_hal_sdram.h,1,actif,,,,,,,,,,,i:*,i:*,,,i:Debug,i:Debug,i:Debug,,,,,,,,i:Debug,,,,,,,,,,,,,,,,,,,,,
src/kernel/dev/arch/cortexm/stm32f4xx/cubemx_hal_driver/inc/stm32f4xx_hal_smartcard.h,1,actif,,,,,,,,,,,i:*,i:*,,,i:Debug,i:Debug,i:Debug,,,,,,,,i:Debug,,,,,,,,,,,,,,,,,,,,,
src/kernel/dev/arch/cortexm/stm32f4xx/cubemx_hal_driver/inc/stm32f4xx_hal_spdifrx.h,1,actif,,,,,,,,,,,i:*,i:*,,,i:Debug,i:Debug,i:Debug,,,,,,,,i:Debug,,,,,,,,,,,,,,,,,,,,,
src/kernel/dev/arch/cortexm/stm32f4xx/cubemx_hal_driver/inc/stm32f4xx_hal_spi.h,1,actif,,,,,,,,,,,i:*,i:*,,,i:Debug,i:Debug,i:Debug,,,,,,,,i:Debug,,,,,,,,,,,,,,,,,,,,,
src/kernel/dev/arch/cortexm/stm32f4xx/cubemx_hal_driver/inc/stm32f4xx_hal_sram.h,1,actif,,,,,,,,,,,i:*,i:*,,,i:Debug,i:Debug,i:Debug,,,,,,,,i:Debug,,,,,,,,,,,,,,,,,,,,,
src/kernel/dev/arch/cortexm/stm32f4xx/cubemx_hal_driver/inc/stm32f4xx_hal_tim.h,1,actif,,,,,,,,,,,i:*,i:*,,,i:Debug,i:Debug,i:Debug,,,,,,,,i:Debug,,,,,,,,,,,,,,,,,,,,,
src/kernel/dev/arch/cortexm/stm32f4xx/cubemx_hal_driver/inc/stm32f4xx_hal_tim_ex.h,1,actif,,,,,,,,,,,i:*,i:*,,,i:Debug,i:Debug,i:Debug,,,,,,,,i:Debug,,,,,,,,,,,,,,,,,,,,,
src/kernel/dev/arch/cortexm/stm32f4xx/cubemx_hal_driver/inc/stm32f4xx_hal_uart.h,1,actif,,,,,,,,,,,i:*,i:*,,,i:Debug,i:Debug,i:Debug,,,,,,,,i:Debug,,,,,,,,,,,,,,,,,,,,,
src/kernel/dev/arch/cortexm/stm32f4xx/cubemx_hal_driver/inc/stm32f4xx_hal_usart.h,1,actif,,,,,,,,,,,i:*,i:*,,,i:Debug,i:Debug,i:Debug,,,,,,,,i:Debug,,,,,,,,,,,,,,,,,,,,,
src/kernel/dev/arch/cortexm/stm32f4xx/cubemx_hal_driver/inc/stm32f4xx_hal_wwdg.h,1,actif,,,,,,,,,,,i:*,i:*,,,i:Debug,i:Debug,i:Debug,,,,,,,,i:Debug,,,,,,,,,,,,,,,,,,,,,
src/kernel/dev/arch/cortexm/stm32f4xx/cubemx_hal_driver/inc/stm32f4xx_ll_fmc.h,1,actif,,,,,,,,,,,i:*,i:*,,,i:Debug,i:Debug,i:Debug,,,,,,,,i:Debug,,,,,,,,,,,,,,,,,,,,,
src/kernel/dev/arch/cortexm/stm32f4xx/cubemx_hal_driver/inc/stm32f4xx_ll_fsmc.h,1,actif,,,,,,,,,,,i:*,i:*,,,i:Debug,i:Debug,i:Debug,,,,,,,,i:Debug,,,,,,,,,,,,,,,,,,,,,
src/kernel/dev/arch/cortexm/stm32f4xx/cubemx_hal_driver/inc/stm32f4xx_ll_rcc.h,1,actif,,,,,,,,,,,i:*,i:*,,,,,,,,,,,,,,,,,,,,,,,,,,,,,,,,,,
src/kernel/dev/arch/cortexm/stm32f4xx/cubemx_hal_driver/inc/stm32f4xx_ll_sdmmc.h,1,actif,,,,,,,,,,,i:*,i:*,,,i:Debug,i:Debug,i:Debug,,,,,,,,i:Debug,,,,,,,,,,,,,,,,,,,,,
src/kernel/dev/arch/cortexm/stm32f4xx/cubemx_hal_driver/inc/stm32f4xx_ll_usb.h,1,actif,,,,,,,,,,,i:*,i:*,,,i:Debug,i:Debug,i:Debug,,,,,,,,i:Debug,,,,,,,,,,,,,,,,,,,,,
src/kernel/dev/arch/cortexm/stm32f4xx/cubemx_hal_driver/inc/system_stm32f4xx.h,1,actif,,,,,,,,,,,i:*,i:*,,,i:Debug,i:Debug,i:Debug,,,,,,,,i:Debug,,,,,,,,,,,,,,,,,,,,,
src/kernel/dev/arch/cortexm/stm32f4xx/cubemx_hal_driver/src/stm32f4xx_hal.c,1,actif,,,,,,,,,,,*,*,,,,,,,,,,,,,,,,,,,,,,,,,,,,,,,,,,
src/kernel/dev/arch/cortexm/stm32f4xx/cubemx_hal_driver/src/stm32f4xx_hal_adc.c,1,actif,,,,,,,,,,,*,*,,,,,,,,,,,,,,,,,,,,,,,,,,,,,,,,,,
src/kernel/dev/arch/cortexm/stm32f4xx/cubemx_hal_driver/src/stm32f4xx_hal_adc_ex.c,1,actif,,,,,,,,,,,*,*,,,,,,,,,,,,,,,,,,,,,,,,,,,,,,,,,,
src/kernel/dev/arch/cortexm/stm32f4xx/cubemx_hal_driver/src/stm32f4xx_hal_can.c,1,actif,,,,,,,,,,,*,*,,,,,,,,,,,,,,,,,,,,,,,,,,,,,,,,,,
src/kernel/dev/arch/cortexm/stm32f4xx/cubemx_hal_driver/src/stm32f4xx_hal_cec.c,1,actif,,,,,,,,,,,*,*,,,,,,,,,,,,,,,,,,,,,,,,,,,,,,,,,,
src/kernel/dev/arch/cortexm/stm32f4xx/cubemx_hal_driver/src/stm32f4xx_hal_cortex.c,1,actif,,,,,,,,,,,*,*,,,,,,,,,,,,,,,,,,,,,,,,,,,,,,,,,,
src/kernel/dev/arch/cortexm/stm32f4xx/cubemx_hal_driver/src/stm32f4xx_hal_crc.c,1,actif,,,,,,,,,,,*,*,,,,,,,,,,,,,,,,,,,,,,,,,,,,,,,,,,
src/kernel/dev/arch/cortexm/stm32f4xx/cubemx_hal_driver/src/stm32f4xx_hal_cryp.c,1,actif,,,,,,,,,,,*,*,,,,,,,,,,,,,,,,,,,,,,,,,,,,,,,,,,
src/kernel/dev/arch/cortexm/stm32f4xx/cubemx_hal_driver/src/stm32f4xx_hal_cryp_ex.c,1,actif,,,,,,,,,,,*,*,,,,,,,,,,,,,,,,,,,,,,,,,,,,,,,,,,
src/kernel/dev/arch/cortexm/stm32f4xx/cubemx_hal_driver/src/stm32f4xx_hal_dac.c,1,actif,,,,,,,,,,,*,*,,,,,,,,,,,,,,,,,,,,,,,,,,,,,,,,,,
src/kernel/dev/arch/cortexm/stm32f4xx/cubemx_hal_driver/src/stm32f4xx_hal_dac_ex.c,1,actif,,,,,,,,,,,*,*,,,,,,,,,,,,,,,,,,,,,,,,,,,,,,,,,,
src/kernel/dev/arch/cortexm/stm32f4xx/cubemx_hal_driver/src/stm32f4xx_hal_dcmi.c,1,actif,,,,,,,,,,,*,*,,,,,,,,,,,,,,,,,,,,,,,,,,,,,,,,,,
src/kernel/dev/arch/cortexm/stm32f4xx/cubemx_hal_driver/src/stm32f4xx_hal_dcmi_ex.c,1,actif,,,,,,,,,,,*,*,,,,,,,,,,,,,,,,,,,,,,,,,,,,,,,,,,
src/kernel/dev/arch/cortexm/stm32f4xx/cubemx_hal_driver/src/stm32f4xx_hal_dma.c,1,actif,,,,,,,,,,,*,*,,,,,,,,,,,,,,,,,,,,,,,,,,,,,,,,,,
src/kernel/dev/arch/cortexm/stm32f4xx/cubemx_hal_driver/src/stm32f4xx_hal_dma2d.c,1,actif,,,,,,,,,,,*,*,,,,,,,,,,,,,,,,,,,,,,,,,,,,,,,,,,
src/kernel/dev/arch/cortexm/stm32f4xx/cubemx_hal_driver/src/stm32f4xx_hal_dma_ex.c,1,actif,,,,,,,,,,,*,*,,,,,,,,,,,,,,,,,,,,,,,,,,,,,,,,,,
src/kernel/dev/arch/cortexm/stm32f4xx/cubemx_hal_driver/src/stm32f4xx_hal_eth.c,1,actif,,,,,,,,,,,*,*,,,,,,,,,,,,,,,,,,,,,,,,,,,,,,,,,,
src/kernel/dev/arch/cortexm/stm32f4xx/cubemx_hal_driver/src/stm32f4xx_hal_flash.c,1,actif,,,,,,,,,,,*,*,,,,,,,,,,,,,,,,,,,,,,,,,,,,,,,,,,
src/kernel/dev/arch/cortexm/stm32f4xx/cubemx_hal_driver/src/stm32f4xx_hal_flash_ex.c,1,actif,,,,,,,,,,,*,*,,,,,,,,,,,,,,,,,,,,,,,,,,,,,,,,,,
src/kernel/dev/arch/cortexm/stm32f4xx/cubemx_hal_driver/src/stm32f4xx_hal_flash_ramfunc.c,1,actif,,,,,,,,,,,*,*,,,,,,,,,,,,,,,,,,,,,,,,,,,,,,,,,,
src/kernel/dev/arch/cortexm/stm32f4xx/cubemx_hal_driver/src/stm32f4xx_hal_fmpi2c.c,1,actif,,,,,,,,,,,*,*,,,,,,,,,,,,,,,,,,,,,,,,,,,,,,,,,,
src/kernel/dev/arch/cortexm/stm32f4xx/cubemx_hal_driver/src/stm32f4xx_hal_fmpi2c_ex.c,1,actif,,,,,,,,,,,*,*,,,,,,,,,,,,,,,,,,,,,,,,,,,,,,,,,,
src/kernel/dev/arch/cortexm/stm32f4xx/cubemx_hal_driver/src/stm32f4xx_hal_gpio.c,1,actif,,,,,,,,,,,*,*,,,,,,,,,,,,,,,,,,,,,,,,,,,,,,,,,,
src/kernel/dev/arch/cortexm/stm32f4xx/cubemx_hal_driver/src/stm32f4xx_hal_hash.c,1,actif,,,,,,,,,,,*,*,,,,,,,,,,,,,,,,,,,,,,,,,,,,,,,,,,
src/kernel/dev/arch/cortexm/stm32f4xx/cubemx_hal_driver/src/stm32f4xx_hal_hash_ex.c,1,actif,,,,,,,,,,,*,*,,,,,,,,,,,,,,,,,,,,,,,,,,,,,,,,,,
src/kernel/dev/arch/cortexm/stm32f4xx/cubemx_hal_driver/src/stm32f4xx_hal_hcd.c,1,actif,,,,,,,,,,,*,*,,,,,,,,,,,,,,,,,,,,,,,,,,,,,,,,,,
src/kernel/dev/arch/cortexm/stm32f4xx/cubemx_hal_driver/src/stm32f4xx_hal_i2c.c,1,actif,,,,,,,,,,,*,*,,,,,,,,,,,,,,,,,,,,,,,,,,,,,,,,,,
src/kernel/dev/arch/cortexm/stm32f4xx/cubemx_hal_driver/src/stm32f4xx_hal_i2c_ex.c,1,actif,,,,,,,,,,,*,*,,,,,,,,,,,,,,,,,,,,,,,,,,,,,,,,,,
src/kernel/dev/arch/cortexm/stm32f4xx/cubemx_hal_driver/src/stm32f4xx_hal_i2s.c,1,actif,,,,,,,,,,,*,*,,,,,,,,,,,,,,,,,,,,,,,,,,,,,,,,,,
src/kernel/dev/arch/cortexm/stm32f4xx/cubemx_hal_driver/src/stm32f4xx_hal_i2s_ex.c,1,actif,,,,,,,,,,,*,*,,,,,,,,,,,,,,,,,,,,,,,,,,,,,,,,,,
src/kernel/dev/arch/cortexm/stm32f4xx/cubemx_hal_driver/src/stm32f4xx_hal_irda.c,1,actif,,,,,,,,,,,*,*,,,,,,,,,,,,,,,,,,,,,,,,,,,,,,,,,,
src/kernel/dev/arch/cortexm/stm32f4xx/cubemx_hal_driver/src/stm32f4xx_hal_iwdg.c,1,actif,,,,,,,,,,,*,*,,,,,,,,,,,,,,,,,,,,,,,,,,,,,,,,,,
src/kernel/dev/arch/cortexm/stm32f4xx/cubemx_hal_driver/src/stm32f4xx_hal_ltdc.c,1,actif,,,,,,,,,,,*,*,,,,,,,,,,,,,,,,,,,,,,,,,,,,,,,,,,
src/kernel/dev/arch/cortexm/stm32f4xx/cubemx_hal_driver/src/stm32f4xx_hal_msp_template.c,1,actif,,,,,,,,,,,*,*,,,,,,,,,,,,,,,,,,,,,,,,,,,,,,,,,,
src/kernel/dev/arch/cortexm/stm32f4xx/cubemx_hal_driver/src/stm32f4xx_hal_nand.c,1,actif,,,,,,,,,,,*,*,,,,,,,,,,,,,,,,,,,,,,,,,,,,,,,,,,
src/kernel/dev/arch/cortexm/stm32f4xx/cubemx_hal_driver/src/stm32f4xx_hal_nor.c,1,actif,,,,,,,,,,,*,*,,,,,,,,,,,,,,,,,,,,,,,,,,,,,,,,,,
src/kernel/dev/arch/cortexm/stm32f4xx/cubemx_hal_driver/src/stm32f4xx_hal_pccard.c,1,actif,,,,,,,,,,,*,*,,,,,,,,,,,,,,,,,,,,,,,,,,,,,,,,,,
src/kernel/dev/arch/cortexm/stm32f4xx/cubemx_hal_driver/src/stm32f4xx_hal_pcd.c,1,actif,,,,,,,,,,,*,*,,,,,,,,,,,,,,,,,,,,,,,,,,,,,,,,,,
src/kernel/dev/arch/cortexm/stm32f4xx/cubemx_hal_driver/src/stm32f4xx_hal_pcd_ex.c,1,actif,,,,,,,,,,,*,*,,,,,,,,,,,,,,,,,,,,,,,,,,,,,,,,,,
src/kernel/dev/arch/cortexm/stm32f4xx/cubemx_hal_driver/src/stm32f4xx_hal_pwr.c,1,actif,,,,,,,,,,,*,*,,,,,,,,,,,,,,,,,,,,,,,,,,,,,,,,,,
src/kernel/dev/arch/cortexm/stm32f4xx/cubemx_hal_driver/src/stm32f4xx_hal_pwr_ex.c,1,actif,,,,,,,,,,,*,*,,,,,,,,,,,,,,,,,,,,,,,,,,,,,,,,,,
src/kernel/dev/arch/cortexm/stm32f4xx/cubemx_hal_driver/src/stm32f4xx_hal_qspi.c,1,actif,,,,,,,,,,,*,*,,,,,,,,,,,,,,,,,,,,,,,,,,,,,,,,,,
src/kernel/dev/arch/cortexm/stm32f4xx/cubemx_hal_driver/src/stm32f4xx_hal_rcc.c,1,actif,,,,,,,,,,,*,*,,,,,,,,,,,,,,,,,,,,,,,,,,,,,,,,,,
src/kernel/dev/arch/cortexm/stm32f4xx/cubemx_hal_driver/src/stm32f4xx_hal_rcc_ex.c,1,actif,,,,,,,,,,,*,*,,,,,,,,,,,,,,,,,,,,,,,,,,,,,,,,,,
src/kernel/dev/arch/cortexm/stm32f4xx/cubemx_hal_driver/src/stm32f4xx_hal_rng.c,1,actif,,,,,,,,,,,*,*,,,,,,,,,,,,,,,,,,,,,,,,,,,,,,,,,,
src/kernel/dev/arch/cortexm/stm32f4xx/cubemx_hal_driver/src/stm32f4xx_hal_rtc.c,1,actif,,,,,,,,,,,*,*,,,,,,,,,,,,,,,,,,,,,,,,,,,,,,,,,,
src/kernel/dev/arch/cortexm/stm32f4xx/cubemx_hal_driver/src/stm32f4xx_hal_rtc_ex.c,1,actif,,,,,,,,,,,*,*,,,,,,,,,,,,,,,,,,,,,,,,,,,,,,,,,,
src/kernel/dev/arch/cortexm/stm32f4xx/cubemx_hal_driver/src/stm32f4xx_hal_sai.c,1,actif,,,,,,,,,,,*,*,,,,,,,,,,,,,,,,,,,,,,,,,,,,,,,,,,
src/kernel/dev/arch/cortexm/stm32f4xx/cubemx_hal_driver/src/stm32f4xx_hal_sai_ex.c,1,actif,,,,,,,,,,,*,*,,,,,,,,,,,,,,,,,,,,,,,,,,,,,,,,,,
src/kernel/dev/arch/cortexm/stm32f4xx/cubemx_hal_driver/src/stm32f4xx_hal_sd.c,1,actif,,,,,,,,,,,*,*,,,,,,,,,,,,,,,,,,,,,,,,,,,,,,,,,,
src/kernel/dev/arch/cortexm/stm32f4xx/cubemx_hal_driver/src/stm32f4xx_hal_sdram.c,1,actif,,,,,,,,,,,*,*,,,,,,,,,,,,,,,,,,,,,,,,,,,,,,,,,,
src/kernel/dev/arch/cortexm/stm32f4xx/cubemx_hal_driver/src/stm32f4xx_hal_smartcard.c,1,actif,,,,,,,,,,,*,*,,,,,,,,,,,,,,,,,,,,,,,,,,,,,,,,,,
src/kernel/dev/arch/cortexm/stm32f4xx/cubemx_hal_driver/src/stm32f4xx_hal_spdifrx.c,1,actif,,,,,,,,,,,*,*,,,,,,,,,,,,,,,,,,,,,,,,,,,,,,,,,,
src/kernel/dev/arch/cortexm/stm32f4xx/cubemx_hal_driver/src/stm32f4xx_hal_spi.c,1,actif,,,,,,,,,,,*,*,,,,,,,,,,,,,,,,,,,,,,,,,,,,,,,,,,
src/kernel/dev/arch/cortexm/stm32f4xx/cubemx_hal_driver/src/stm32f4xx_hal_sram.c,1,actif,,,,,,,,,,,*,*,,,,,,,,,,,,,,,,,,,,,,,,,,,,,,,,,,
src/kernel/dev/arch/cortexm/stm32f4xx/cubemx_hal_driver/src/stm32f4xx_hal_tim.c,1,actif,,,,,,,,,,,*,*,,,,,,,,,,,,,,,,,,,,,,,,,,,,,,,,,,
src/kernel/dev/arch/cortexm/stm32f4xx/cubemx_hal_driver/src/stm32f4xx_hal_tim_ex.c,1,actif,,,,,,,,,,,*,*,,,,,,,,,,,,,,,,,,,,,,,,,,,,,,,,,,
src/kernel/dev/arch/cortexm/stm32f4xx/cubemx_hal_driver/src/stm32f4xx_hal_uart.c,1,actif,,,,,,,,,,,*,*,,,,,,,,,,,,,,,,,,,,,,,,,,,,,,,,,,
src/kernel/dev/arch/cortexm/stm32f4xx/cubemx_hal_driver/src/stm32f4xx_hal_usart.c,1,actif,,,,,,,,,,,*,*,,,,,,,,,,,,,,,,,,,,,,,,,,,,,,,,,,
src/kernel/dev/arch/cortexm/stm32f4xx/cubemx_hal_driver/src/stm32f4xx_hal_wwdg.c,1,actif,,,,,,,,,,,*,*,,,,,,,,,,,,,,,,,,,,,,,,,,,,,,,,,,
src/kernel/dev/arch/cortexm/stm32f4xx/cubemx_hal_driver/src/stm32f4xx_ll_fmc.c,1,actif,,,,,,,,,,,*,*,,,,,,,,,,,,,,,,,,,,,,,,,,,,,,,,,,
src/kernel/dev/arch/cortexm/stm32f4xx/cubemx_hal_driver/src/stm32f4xx_ll_fsmc.c,1,actif,,,,,,,,,,,*,*,,,,,,,,,,,,,,,,,,,,,,,,,,,,,,,,,,
src/kernel/dev/arch/cortexm/stm32f4xx/cubemx_hal_driver/src/stm32f4xx_ll_rcc.c,1,actif,,,,,,,,,,,*,*,,,,,,,,,,,,,,,,,,,,,,,,,,,,,,,,,,
src/kernel/dev/arch/cortexm/stm32f4xx/cubemx_hal_driver/src/stm32f4xx_ll_sdmmc.c,1,actif,,,,,,,,,,,*,*,,,,,,,,,,,,,,,,,,,,,,,,,,,,,,,,,,
src/kernel/dev/arch/cortexm/stm32f4xx/cubemx_hal_driver/src/stm32f4xx_ll_usb.c,1,actif,,,,,,,,,,,*,*,,,,,,,,,,,,,,,,,,,,,,,,,,,,,,,,,,
src/kernel/dev/arch/cortexm/stm32f4xx/dev_stm32f4xx/dev_stm32f4xx_cpu_x.c,1,actif,,,,,,,,,,,*,*,,,,,,,,,,,,,,,,,,,,,,,,,,,,,,,,,,
src/kernel/dev/arch/cortexm/stm32f4xx/dev_stm32f4xx/dev_stm32f4xx_cubemx_eth.c,1,actif,,,,,,,,,,,*,*,,,,,,,,,,,,,,,,,,,,,,,,,,,,,,,,,,
src/kernel/dev/arch/cortexm/stm32f4xx/dev_stm32f4xx/dev_stm32f4xx_dac_x.c,1,actif,,,,,,,,,,,*,*,,,,,,,,,,,,,,,,,,,,,,,,,,,,,,,,,,
src/kernel/dev/arch/cortexm/stm32f4xx/dev_stm32f4xx/dev_stm32f4xx_dac_x.h,1,actif,,,,,,,,,,,*,*,,,,,,,,,,,,,,,,,,,,,,,,,,,,,,,,,,
src/kernel/dev/arch/cortexm/stm32f4xx/dev_stm32f4xx/dev_stm32f4xx_eth.c,1,actif,,,,,,,,,,*,*,*,,,,,,,,,,,,,,,,,,,,,,,,,,,,,,,,,,
src/kernel/dev/arch/cortexm/stm32f4xx/dev_stm32f4xx/dev_stm32f4xx_flash.c,1,actif,,,,,,,,,,,*,*,,,,,,,,,,,,,,,,,,,,,,,,,,,,,,,,,,
src/kernel/dev/arch/cortexm/stm32f4xx/dev_stm32f4xx/dev_stm32f4xx_flash.h,1,actif,,,,,,,,,,,*,*,,,,,,,,,,,,,,,,,,,,,,,,,,,,,,,,,,
src/kernel/dev/arch/cortexm/stm32f4xx/dev_stm32f4xx/dev_stm32f4xx_i2c_x.c,1,actif,,,,,,,,,,,*,*,,,,,,,,,,,,,,,,,,,,,,,,,,,,,,,,,,
src/kernel/dev/arch/cortexm/stm32f4xx/dev_stm32f4xx/dev_stm32f4xx_i2c_x.h,1,actif,,,,,,,,,,,*,*,,,,,,,,,,,,,i:Debug,,,,,,,,,,,,,,,,,,,,,
src/kernel/dev/arch/cortexm/stm32f4xx/dev_stm32f4xx/dev_stm32f4xx_olimex_board.c,0,,,,,,,,,,,*,,,,,,,,,,,,,,,,,,,,,,,,,,,,,,,,,,,,
src/kernel/dev/arch/cortexm/stm32f4xx/dev_stm32f4xx/dev_stm32f4xx_sdio.c,1,actif,,,,,,,,,,,*,*,,,,,,,,,,,,,,,,,,,,,,,,,,,,,,,,,,
src/kernel/dev/arch/cortexm/stm32f4xx/dev_stm32f4xx/dev_stm32f4xx_sdio.h,1,actif,,,,,,,,,,,*,*,,,,,,,,,,,,,i:Debug,,,,,,,,,,,,,,,,,,,,,
src/kernel/dev/arch/cortexm/stm32f4xx/dev_stm32f4xx/dev_stm32f4xx_spi_3.c,0,,,,,,,,,,,*,,,,,,,,,,,,,,,,,,,,,,,,,,,,,,,,,,,,
src/kernel/dev/arch/cortexm/stm32f4xx/dev_stm32f4xx/dev_stm32f4xx_spi_x.c,1,actif,,,,,,,,,,*,*,*,,,,,,,,,,,,,,,,,,,,,,,,,,,,,,,,,,
src/kernel/dev/arch/cortexm/stm32f4xx/dev_stm32f4xx/dev_stm32f4xx_spi_x.h,1,actif,,,,,,,,,,*,*,*,,,,,,,,,,,,,i:Debug,i:Debug,i:Debug,,,,i:Debug,,,,,,,,,,,,,,,
src/kernel/dev/arch/cortexm/stm32f4xx/dev_stm32f4xx/dev_stm32f4xx_uart_1.c,0,,,,,,,,,,,*,,,,,,,,,,,,,,,,,,,,,,,,,,,,,,,,,,,,
src/kernel/dev/arch/cortexm/stm32f4xx/dev_stm32f4xx/dev_stm32f4xx_uart_x.c,1,actif,,,,,,,,,,*,*,*,,,,,,,,,,,,,,,,,,,,,,,,,,,,,,,,,,
src/kernel/dev/arch/cortexm/stm32f4xx/dev_stm32f4xx/dev_stm32f4xx_uart_x.h,1,actif,,,,,,,,,,*,*,*,,,,,,,,,,,,,i:Debug,i:Debug,i:Debug,,,,i:Debug,,,,,,,,,,,,,,,
src/kernel/dev/arch/cortexm/stm32f4xx/dma.h,1,actif,,,,,,,,,,*,*,*,,,,,,,,,,,,,i:Debug,i:Debug,i:Debug,,,,i:Debug,,,,,,,,,,,,,,,
src/kernel/dev/arch/cortexm/stm32f4xx/driverlib/misc.c,1,actif,,,,,,,,,,*,*,*,,,,,,,,,,,,,,,,,,,,,,,,,,,,,,,,,,
src/kernel/dev/arch/cortexm/stm32f4xx/driverlib/misc.h,1,actif,,,,,,,,,,*,*,*,,,,,,,,,,,,,i:Debug,i:Debug,i:Debug,,,,i:Debug,,,,,i:freertos-debug,i:freertos-debug,,,,,,,i:freertos-debug,i:freertos-debug,i:freertos-debug
src/kernel/dev/arch/cortexm/stm32f4xx/driverlib/stm32f407xx.h,1,actif,,,,,,,,,,i:*,i:*,i:*,,,,,,,,,,,,,i:Debug,i:Debug,i:Debug,,,,i:Debug,,,,,i:freertos-debug,i:freertos-debug,,,,,,,i:freertos-debug,i:freertos-debug,i:freertos-debug
src/kernel/dev/arch/cortexm/stm32f4xx/driverlib/stm32f429xx.h,1,actif,,,,,,,,,,i:*,*,*,,,,,,,,,,,,,i:Debug,i:Debug,i:Debug,,,,i:Debug,,,,,i:freertos-debug,i:freertos-debug,,,,,,,i:freertos-debug,i:freertos-debug,i:freertos-debug
src/kernel/dev/arch/cortexm/stm32f4xx/driverlib/stm32f469xx.h,1,actif,,,,,,,,,,i:*,i:*,i:*,,,,,,,,,,,,,i:Debug,i:Debug,i:Debug,,,,i:Debug,,,,,i:freertos-debug,i:freertos-debug,,,,,,,i:freertos-debug,i:freertos-debug,i:freertos-debug
src/kernel/dev/arch/cortexm/stm32f4xx/driverlib/stm32f4x7_eth.c,1,actif,,,,,,,,,,*,*,*,,,,,,,,,,,,,,,,,,,,,,,,,,,,,,,,,,
src/kernel/dev/arch/cortexm/stm32f4xx/driverlib/stm32f4x7_eth.h,1,actif,,,,,,,,,,*,*,*,,,,,,,,,,,,,,,,,,,,,,,,,,,,,,,,,,
src/kernel/dev/arch/cortexm/stm32f4xx/driverlib/stm32f4x7_eth_conf_template.h,1,actif,,,,,,,,,,*,*,*,,,,,,,,,,,,,,,,,,,,,,,,,,,,,,,,,,
src/kernel/dev/arch/cortexm/stm32f4xx/driverlib/stm32f4xx.h,1,actif,,,,,,,,,,*,*,*,,,,,,,,,,,,,i:Debug,i:Debug,i:Debug,,,,i:Debug,,,,,i:freertos-debug,i:freertos-debug,,,,,,,i:freertos-debug,i:freertos-debug,i:freertos-debug
src/kernel/dev/arch/cortexm/stm32f4xx/driverlib/stm32f4xx_adc.c,1,actif,,,,,,,,,,*,*,*,,,,,,,,,,,,,,,,,,,,,,,,,,,,,,,,,,
src/kernel/dev/arch/cortexm/stm32f4xx/driverlib/stm32f4xx_adc.h,1,actif,,,,,,,,,,*,*,*,,,,,,,,,,,,,i:Debug,i:Debug,i:Debug,,,,i:Debug,,,,,i:freertos-debug,i:freertos-debug,,,,,,,i:freertos-debug,i:freertos-debug,i:freertos-debug
src/kernel/dev/arch/cortexm/stm32f4xx/driverlib/stm32f4xx_can.c,1,actif,,,,,,,,,,*,*,*,,,,,,,,,,,,,,,,,,,,,,,,,,,,,,,,,,
src/kernel/dev/arch/cortexm/stm32f4xx/driverlib/stm32f4xx_can.h,1,actif,,,,,,,,,,*,*,*,,,,,,,,,,,,,i:Debug,i:Debug,i:Debug,,,,i:Debug,,,,,i:freertos-debug,i:freertos-debug,,,,,,,i:freertos-debug,i:freertos-debug,i:freertos-debug
src/kernel/dev/arch/cortexm/stm32f4xx/driverlib/stm32f4xx_conf.h,1,actif,,,,,,,,,,*,*,*,,,,,,,,,,,,,i:Debug,i:Debug,i:Debug,,,,i:Debug,,,,,i:freertos-debug,i:freertos-debug,,,,,,,i:freertos-debug,i:freertos-debug,i:freertos-debug
src/kernel/dev/arch/cortexm/stm32f4xx/driverlib/stm32f4xx_crc.c,1,actif,,,,,,,,,,*,*,*,,,,,,,,,,,,,,,,,,,,,,,,,,,,,,,,,,
src/kernel/dev/arch/cortexm/stm32f4xx/driverlib/stm32f4xx_crc.h,1,actif,,,,,,,,,,*,*,*,,,,,,,,,,,,,i:Debug,i:Debug,i:Debug,,,,i:Debug,,,,,i:freertos-debug,i:freertos-debug,,,,,,,i:freertos-debug,i:freertos-debug,i:freertos-debug
src/kernel/dev/arch/cortexm/stm32f4xx/driverlib/stm32f4xx_cryp.c,1,différé,,,,,,,,,,*,,,,,,,,,,,,,,,,,,,,,,,,,,,,,,,,,,,,
src/kernel/dev/arch/cortexm/stm32f4xx/driverlib/stm32f4xx_cryp.h,1,actif,,,,,,,,,,*,*,*,,,,,,,,,,,,,i:Debug,i:Debug,i:Debug,,,,i:Debug,,,,,i:freertos-debug,i:freertos-debug,,,,,,,i:freertos-debug,i:freertos-debug,i:freertos-debug
src/kernel/dev/arch/cortexm/stm32f4xx/driverlib/stm32f4xx_cryp_aes.c,1,actif,,,,,,,,,,*,*,*,,,,,,,,,,,,,,,,,,,,,,,,,,,,,,,,,,
src/kernel/dev/arch/cortexm/stm32f4xx/driverlib/stm32f4xx_cryp_des.c,1,actif,,,,,,,,,,*,*,*,,,,,,,,,,,,,,,,,,,,,,,,,,,,,,,,,,
src/kernel/dev/arch/cortexm/stm32f4xx/driverlib/stm32f4xx_cryp_tdes.c,1,actif,,,,,,,,,,*,*,*,,,,,,,,,,,,,,,,,,,,,,,,,,,,,,,,,,
src/kernel/dev/arch/cortexm/stm32f4xx/driverlib/stm32f4xx_dac.c,1,actif,,,,,,,,,,*,*,*,,,,,,,,,,,,,,,,,,,,,,,,,,,,,,,,,,
src/kernel/dev/arch/cortexm/stm32f4xx/driverlib/stm32f4xx_dac.h,1,actif,,,,,,,,,,*,*,*,,,,,,,,,,,,,i:Debug,i:Debug,i:Debug,,,,i:Debug,,,,,i:freertos-debug,i:freertos-debug,,,,,,,i:freertos-debug,i:freertos-debug,i:freertos-debug
src/kernel/dev/arch/cortexm/stm32f4xx/driverlib/stm32f4xx_dbgmcu.c,1,actif,,,,,,,,,,*,*,*,,,,,,,,,,,,,,,,,,,,,,,,,,,,,,,,,,
src/kernel/dev/arch/cortexm/stm32f4xx/driverlib/stm32f4xx_dbgmcu.h,1,actif,,,,,,,,,,*,*,*,,,,,,,,,,,,,i:Debug,i:Debug,i:Debug,,,,i:Debug,,,,,i:freertos-debug,i:freertos-debug,,,,,,,i:freertos-debug,i:freertos-debug,i:freertos-debug
src/kernel/dev/arch/cortexm/stm32f4xx/driverlib/stm32f4xx_dcmi.c,1,actif,,,,,,,,,,*,*,*,,,,,,,,,,,,,,,,,,,,,,,,,,,,,,,,,,
src/kernel/dev/arch/cortexm/stm32f4xx/driverlib/stm32f4xx_dcmi.h,1,actif,,,,,,,,,,*,*,*,,,,,,,,,,,,,i:Debug,i:Debug,i:Debug,,,,i:Debug,,,,,i:freertos-debug,i:freertos-debug,,,,,,,i:freertos-debug,i:freertos-debug,i:freertos-debug
src/kernel/dev/arch/cortexm/stm32f4xx/driverlib/stm32f4xx_dma.c,1,actif,,,,,,,,,,*,*,*,,,,,,,,,,,,,,,,,,,,,,,,,,,,,,,,,,
src/kernel/dev/arch/cortexm/stm32f4xx/driverlib/stm32f4xx_dma.h,1,actif,,,,,,,,,,*,*,*,,,,,,,,,,,,,i:Debug,i:Debug,i:Debug,,,,i:Debug,,,,,i:freertos-debug,i:freertos-debug,,,,,,,i:freertos-debug,i:freertos-debug,i:freertos-debug
src/kernel/dev/arch/cortexm/stm32f4xx/driverlib/stm32f4xx_eth.h,0,,,,,,,,,,,*,*,*,,,,,,,,,,,,,,,,,,,,,,,,,,,,,,,,,,
src/kernel/dev/arch/cortexm/stm32f4xx/driverlib/stm32f4xx_exti.c,1,actif,,,,,,,,,,*,*,*,,,,,,,,,,,,,,,,,,,,,,,,,,,,,,,,,,
src/kernel/dev/arch/cortexm/stm32f4xx/driverlib/stm32f4xx_exti.h,1,actif,,,,,,,,,,*,*,*,,,,,,,,,,,,,i:Debug,i:Debug,i:Debug,,,,i:Debug,,,,,i:freertos-debug,i:freertos-debug,,,,,,,i:freertos-debug,i:freertos-debug,i:freertos-debug
src/kernel/dev/arch/cortexm/stm32f4xx/driverlib/stm32f4xx_flash.c,1,actif,,,,,,,,,,*,*,*,,,,,,,,,,,,,,,,,,,,,,,,,,,,,,,,,,
src/kernel/dev/arch/cortexm/stm32f4xx/driverlib/stm32f4xx_flash.h,1,actif,,,,,,,,,,*,*,*,,,,,,,,,,,,,i:Debug,i:Debug,i:Debug,,,,i:Debug,,,,,i:freertos-debug,i:freertos-debug,,,,,,,i:freertos-debug,i:freertos-debug,i:freertos-debug
src/kernel/dev/arch/cortexm/stm32f4xx/driverlib/stm32f4xx_fsmc.c,1,différé,,,,,,,,,,*,,,,,,,,,,,,,,,,,,,,,,,,,,,,,,,,,,,,
src/kernel/dev/arch/cortexm/stm32f4xx/driverlib/stm32f4xx_fsmc.h,1,actif,,,,,,,,,,*,*,*,,,,,,,,,,,,,i:Debug,i:Debug,i:Debug,,,,i:Debug,,,,,i:freertos-debug,i:freertos-debug,,,,,,,i:freertos-debug,i:freertos-debug,i:freertos-debug
src/kernel/dev/arch/cortexm/stm32f4xx/driverlib/stm32f4xx_gpio.c,1,actif,,,,,,,,,,*,*,*,,,,,,,,,,,,,,,,,,,,,,,,,,,,,,,,,,
src/kernel/dev/arch/cortexm/stm32f4xx/driverlib/stm32f4xx_gpio.h,1,actif,,,,,,,,,,*,*,*,,,,,,,,,,,,,i:Debug,i:Debug,i:Debug,,,,i:Debug,,,,,i:freertos-debug,i:freertos-debug,,,,,,,i:freertos-debug,i:freertos-debug,i:freertos-debug
src/kernel/dev/arch/cortexm/stm32f4xx/driverlib/stm32f4xx_hal_def.h,1,actif,,,,,,,,,,,,,,,,,,,,,,,,,i:Debug,,,,,,i:Debug,,,,,,,,,,,,,,,
src/kernel/dev/arch/cortexm/stm32f4xx/driverlib/stm32f4xx_hal_gpio_ex.h,1,actif,,,,,,,,,,,,,,,,,,,,,,,,,i:Debug,,,,,,i:Debug,,,,,,,,,,,,,,,
src/kernel/dev/arch/cortexm/stm32f4xx/driverlib/stm32f4xx_hash.c,1,différé,,,,,,,,,,*,,,,,,,,,,,,,,,,,,,,,,,,,,,,,,,,,,,,
src/kernel/dev/arch/cortexm/stm32f4xx/driverlib/stm32f4xx_hash.h,1,actif,,,,,,,,,,*,*,*,,,,,,,,,,,,,i:Debug,i:Debug,i:Debug,,,,i:Debug,,,,,i:freertos-debug,i:freertos-debug,,,,,,,i:freertos-debug,i:freertos-debug,i:freertos-debug
src/kernel/dev/arch/cortexm/stm32f4xx/driverlib/stm32f4xx_hash_md5.c,1,actif,,,,,,,,,,*,*,*,,,,,,,,,,,,,,,,,,,,,,,,,,,,,,,,,,
src/kernel/dev/arch/cortexm/stm32f4xx/driverlib/stm32f4xx_hash_sha1.c,1,actif,,,,,,,,,,*,*,*,,,,,,,,,,,,,,,,,,,,,,,,,,,,,,,,,,
src/kernel/dev/arch/cortexm/stm32f4xx/driverlib/stm32f4xx_i2c.c,1,actif,,,,,,,,,,*,*,*,,,,,,,,,,,,,,,,,,,,,,,,,,,,,,,,,,
src/kernel/dev/arch/cortexm/stm32f4xx/driverlib/stm32f4xx_i2c.h,1,actif,,,,,,,,,,*,*,*,,,,,,,,,,,,,i:Debug,i:Debug,i:Debug,,,,i:Debug,,,,,i:freertos-debug,i:freertos-debug,,,,,,,i:freertos-debug,i:freertos-debug,i:freertos-debug
src/kernel/dev/arch/cortexm/stm32f4xx/driverlib/stm32f4xx_iwdg.c,1,actif,,,,,,,,,,*,*,*,,,,,,,,,,,,,,,,,,,,,,,,,,,,,,,,,,
src/kernel/dev/arch/cortexm/stm32f4xx/driverlib/stm32f4xx_iwdg.h,1,actif,,,,,,,,,,*,*,*,,,,,,,,,,,,,i:Debug,i:Debug,i:Debug,,,,i:Debug,,,,,i:freertos-debug,i:freertos-debug,,,,,,,i:freertos-debug,i:freertos-debug,i:freertos-debug
src/kernel/dev/arch/cortexm/stm32f4xx/driverlib/stm32f4xx_legacy.h,1,actif,,,,,,,,,,i:*,*,*,,,,,,,,,,,,,i:Debug,i:Debug,i:Debug,,,,i:Debug,,,,,i:freertos-debug,i:freertos-debug,,,,,,,i:freertos-debug,i:freertos-debug,i:freertos-debug
src/kernel/dev/arch/cortexm/stm32f4xx/driverlib/stm32f4xx_pwr.c,1,actif,,,,,,,,,,*,*,*,,,,,,,,,,,,,,,,,,,,,,,,,,,,,,,,,,
src/kernel/dev/arch/cortexm/stm32f4xx/driverlib/stm32f4xx_pwr.h,1,actif,,,,,,,,,,*,*,*,,,,,,,,,,,,,i:Debug,i:Debug,i:Debug,,,,i:Debug,,,,,i:freertos-debug,i:freertos-debug,,,,,,,i:freertos-debug,i:freertos-debug,i:freertos-debug
src/kernel/dev/arch/cortexm/stm32f4xx/driverlib/stm32f4xx_rcc.c,1,actif,,,,,,,,,,*,*,*,,,,,,,,,,,,,,,,,,,,,,,,,,,,,,,,,,
src/kernel/dev/arch/cortexm/stm32f4xx/driverlib/stm32f4xx_rcc.h,1,actif,,,,,,,,,,*,*,*,,,,,,,,,,,,,i:Debug,i:Debug,i:Debug,,,,i:Debug,,,,,i:freertos-debug,i:freertos-debug,,,,,,,i:freertos-debug,i:freertos-debug,i:freertos-debug
src/kernel/dev/arch/cortexm/stm32f4xx/driverlib/stm32f4xx_rng.c,1,actif,,,,,,,,,,*,*,*,,,,,,,,,,,,,,,,,,,,,,,,,,,,,,,,,,
src/kernel/dev/arch/cortexm/stm32f4xx/driverlib/stm32f4xx_rng.h,1,actif,,,,,,,,,,*,*,*,,,,,,,,,,,,,i:Debug,i:Debug,i:Debug,,,,i:Debug,,,,,i:freertos-debug,i:freertos-debug,,,,,,,i:freertos-debug,i:freertos-debug,i:freertos-debug
src/kernel/dev/arch/cortexm/stm32f4xx/driverlib/stm32f4xx_rtc.c,1,actif,,,,,,,,,,*,*,*,,,,,,,,,,,,,,,,,,,,,,,,,,,,,,,,,,
src/kernel/dev/arch/cortexm/stm32f4xx/driverlib/stm32f4xx_rtc.h,1,actif,,,,,,,,,,*,*,*,,,,,,,,,,,,,i:Debug,i:Debug,i:Debug,,,,i:Debug,,,,,i:freertos-debug,i:freertos-debug,,,,,,,i:freertos-debug,i:freertos-debug,i:freertos-debug
src/kernel/dev/arch/cortexm/stm32f4xx/driverlib/stm32f4xx_sdio.c,1,différé,,,,,,,,,,*,,,,,,,,,,,,,,,,,,,,,,,,,,,,,,,,,,,,
src/kernel/dev/arch/cortexm/stm32f4xx/driverlib/stm32f4xx_sdio.h,1,actif,,,,,,,,,,*,*,*,,,,,,,,,,,,,i:Debug,i:Debug,i:Debug,,,,i:Debug,,,,,i:freertos-debug,i:freertos-debug,,,,,,,i:freertos-debug,i:freertos-debug,i:freertos-debug
src/kernel/dev/arch/cortexm/stm32f4xx/driverlib/stm32f4xx_spi.c,1,actif,,,,,,,,,,*,*,*,,,,,,,,,,,,,,,,,,,,,,,,,,,,,,,,,,
src/kernel/dev/arch/cortexm/stm32f4xx/driverlib/stm32f4xx_spi.h,1,actif,,,,,,,,,,*,*,*,,,,,,,,,,,,,i:Debug,i:Debug,i:Debug,,,,i:Debug,,,,,i:freertos-debug,i:freertos-debug,,,,,,,i:freertos-debug,i:freertos-debug,i:freertos-debug
src/kernel/dev/arch/cortexm/stm32f4xx/driverlib/stm32f4xx_syscfg.c,1,actif,,,,,,,,,,*,*,*,,,,,,,,,,,,,,,,,,,,,,,,,,,,,,,,,,
src/kernel/dev/arch/cortexm/stm32f4xx/driverlib/stm32f4xx_syscfg.h,1,actif,,,,,,,,,,*,*,*,,,,,,,,,,,,,i:Debug,i:Debug,i:Debug,,,,i:Debug,,,,,i:freertos-debug,i:freertos-debug,,,,,,,i:freertos-debug,i:freertos-debug,i:freertos-debug
src/kernel/dev/arch/cortexm/stm32f4xx/driverlib/stm32f4xx_tim.c,1,actif,,,,,,,,,,*,*,*,,,,,,,,,,,,,,,,,,,,,,,,,,,,,,,,,,
src/kernel/dev/arch/cortexm/stm32f4xx/driverlib/stm32f4xx_tim.h,1,actif,,,,,,,,,,*,*,*,,,,,,,,,,,,,i:Debug,i:Debug,i:Debug,,,,i:Debug,,,,,i:freertos-debug,i:freertos-debug,,,,,,,i:freertos-debug,i:freertos-debug,i:freertos-debug
src/kernel/dev/arch/cortexm/stm32f4xx/driverlib/stm32f4xx_usart.c,1,actif,,,,,,,,,,*,*,*,,,,,,,,,,,,,,,,,,,,,,,,,,,,,,,,,,
src/kernel/dev/arch/cortexm/stm32f4xx/driverlib/stm32f4xx_usart.h,1,actif,,,,,,,,,,*,*,*,,,,,,,,,,,,,i:Debug,i:Debug,i:Debug,,,,i:Debug,,,,,i:freertos-debug,i:freertos-debug,,,,,,,i:freertos-debug,i:freertos-debug,i:freertos-debug
src/kernel/dev/arch/cortexm/stm32f4xx/driverlib/stm32f4xx_wwdg.c,1,actif,,,,,,,,,,*,*,*,,,,,,,,,,,,,,,,,,,,,,,,,,,,,,,,,,
src/kernel/dev/arch/cortexm/stm32f4xx/driverlib/stm32f4xx_wwdg.h,1,actif,,,,,,,,,,*,*,*,,,,,,,,,,,,,i:Debug,i:Debug,i:Debug,,,,i:Debug,,,,,i:freertos-debug,i:freertos-debug,,,,,,,i:freertos-debug,i:freertos-debug,i:freertos-debug
src/kernel/dev/arch/cortexm/stm32f4xx/driverlib/system_stm32f4xx.h,1,actif,,,,,,,,,,*,*,*,,,,,,,,,,,,,i:Debug,i:Debug,i:Debug,,,,i:Debug,,,,,i:freertos-debug,i:freertos-debug,,,,,,,i:freertos-debug,i:freertos-debug,i:freertos-debug
src/kernel/dev/arch/cortexm/stm32f4xx/eth.c,1,actif,,,,,,,,,,*,*,*,,,,,,,,,,,,,,,,,,,,,,,,,,,,,,,,,,
src/kernel/dev/arch/cortexm/stm32f4xx/eth.h,1,actif,,,,,,,,,,*,*,*,,,,,,,,,,,,,,,,,,,,,,,,,,,,,,,,,,
src/kernel/dev/arch/cortexm/stm32f4xx/flash_if.c,1,actif,,,,,,,,,,,*,*,,,,,,,,,,,,,,,,,,,,,,,,,,,,,,,,,,
src/kernel/dev/arch/cortexm/stm32f4xx/flash_if.h,1,actif,,,,,,,,,,,*,*,,,,,,,,,,,,,,,,,,,,,,,,,,,,,,,,,,
src/kernel/dev/arch/cortexm/stm32f4xx/gpio.c,1,actif,,,,,,,,,,*,*,*,,,,,,,,,,,,,,,,,,,,,,,,,,,,,,,,,,
src/kernel/dev/arch/cortexm/stm32f4xx/gpio.h,1,actif,,,,,,,,,,*,*,*,,,,,,,,,,,,,i:Debug,i:Debug,i:Debug,,,,i:Debug,,,,,,,,,,,,,,,
src/kernel/dev/arch/cortexm/stm32f4xx/spi.c,1,actif,,,,,,,,,,*,*,*,,,,,,,,,,,,,,,,,,,,,,,,,,,,,,,,,,
src/kernel/dev/arch/cortexm/stm32f4xx/spi.h,1,actif,,,,,,,,,,*,*,*,,,,,,,,,,,,,i:Debug,i:Debug,i:Debug,,,,i:Debug,,,,,,,,,,,,,,,
src/kernel/dev/arch/cortexm/stm32f4xx/stm32f4x7_eth_conf.h,1,actif,,,,,,,,,,*,*,*,,,,,,,,,,,,,,,,,,,,,,,,,,,,,,,,,,
src/kernel/dev/arch/cortexm/stm32f4xx/target.c,0,,,,,,,,,,,*,,,,,,,,,,,,,,,,,,,,,,,,,,,,,,,,,,,,
src/kernel/dev/arch/cortexm/stm32f4xx/target.h,0,,,,,,,,,,,*,,,,,,,,,,,,,,,,,,,,,,,,,,,,,,,,,,,,
src/kernel/dev/arch/cortexm/stm32f4xx/types.h,1,actif,,,,,,,,,,*,*,*,,,,,,,,,,,,,i:Debug,i:Debug,i:Debug,,,,i:Debug,,,,,,,,,,,,,,,
src/kernel/dev/arch/cortexm/stm32f4xx/uart.c,1,actif,,,,,,,,,,*,*,*,,,,,,,,,,,,,,,,,,,,,,,,,,,,,,,,,,
src/kernel/dev/arch/cortexm/stm32f4xx/uart.h,1,actif,,,,,,,,,,*,*,*,,,,,,,,,,,,,i:Debug,i:Debug,i:Debug,,,,i:Debug,,,,,,,,,,,,,,,
src/kernel/dev/arch/cortexm/stm32wlxx/Utilities/misc/stm32_mem.c,1,différé,,,,,,,,,,,,,*,*,,,,,,,,,,,,,,,,,,,,,,,,,,,,,,,,
src/kernel/dev/arch/cortexm/stm32wlxx/Utilities/misc/stm32_mem.h,1,différé,,,,,,,,,,,,,*,*,,,,,,,,,,,,,,,,,,,,,,,,,,,,,,,,
src/kernel/dev/arch/cortexm/stm32wlxx/Utilities/misc/stm32_tiny_vsnprintf.h,1,différé,,,,,,,,,,,,,i:Debug,i:Debug,,,,,,,,,,,,,,,,,,,,,,,,,,,,,,,,
src/kernel/dev/arch/cortexm/stm32wlxx/Utilities/timer/stm32_timer.h,1,différé,,,,,,,,,,,,,i:Debug,i:Debug,,,,,,,,,,,,,,,,,,,,,,,,,,,,,,,,
src/kernel/dev/arch/cortexm/stm32wlxx/Utilities/trace/adv_trace/stm32_adv_trace.h,1,différé,,,,,,,,,,,,,i:Debug,i:Debug,,,,,,,,,,,,,,,,,,,,,,,,,,,,,,,,
src/kernel/dev/arch/cortexm/stm32wlxx/cubemx_hal_driver/inc/Legacy/stm32_hal_legacy.h,1,différé,,,,,,,,,,,,,i:Debug,i:Debug,,,,,,,,,,,,,,,,,,i:Debug,i:Debug,,,,i:Debug,,,,,,,,,
src/kernel/dev/arch/cortexm/stm32wlxx/cubemx_hal_driver/inc/stm32wlxx_hal.h,1,différé,,,,,,,,,,,,,i:Debug,i:Debug,,,,,,,,,,,,,,,,,,i:Debug,i:Debug,,,,i:Debug,,,,,,,,,
src/kernel/dev/arch/cortexm/stm32wlxx/cubemx_hal_driver/inc/stm32wlxx_hal_adc.h,1,différé,,,,,,,,,,,,,i:Debug,i:Debug,,,,,,,,,,,,,,,,,,i:Debug,i:Debug,,,,i:Debug,,,,,,,,,
src/kernel/dev/arch/cortexm/stm32wlxx/cubemx_hal_driver/inc/stm32wlxx_hal_adc_ex.h,1,différé,,,,,,,,,,,,,i:Debug,i:Debug,,,,,,,,,,,,,,,,,,i:Debug,i:Debug,,,,i:Debug,,,,,,,,,
src/kernel/dev/arch/cortexm/stm32wlxx/cubemx_hal_driver/inc/stm32wlxx_hal_comp.h,1,différé,,,,,,,,,,,,,i:Debug,i:Debug,,,,,,,,,,,,,,,,,,i:Debug,i:Debug,,,,i:Debug,,,,,,,,,
src/kernel/dev/arch/cortexm/stm32wlxx/cubemx_hal_driver/inc/stm32wlxx_hal_cortex.h,1,différé,,,,,,,,,,,,,i:Debug,i:Debug,,,,,,,,,,,,,,,,,,i:Debug,i:Debug,,,,i:Debug,,,,,,,,,
src/kernel/dev/arch/cortexm/stm32wlxx/cubemx_hal_driver/inc/stm32wlxx_hal_crc.h,1,différé,,,,,,,,,,,,,i:Debug,i:Debug,,,,,,,,,,,,,,,,,,i:Debug,i:Debug,,,,i:Debug,,,,,,,,,
src/kernel/dev/arch/cortexm/stm32wlxx/cubemx_hal_driver/inc/stm32wlxx_hal_crc_ex.h,1,différé,,,,,,,,,,,,,i:Debug,i:Debug,,,,,,,,,,,,,,,,,,i:Debug,i:Debug,,,,i:Debug,,,,,,,,,
src/kernel/dev/arch/cortexm/stm32wlxx/cubemx_hal_driver/inc/stm32wlxx_hal_cryp.h,1,différé,,,,,,,,,,,,,i:Debug,i:Debug,,,,,,,,,,,,,,,,,,i:Debug,i:Debug,,,,i:Debug,,,,,,,,,
src/kernel/dev/arch/cortexm/stm32wlxx/cubemx_hal_driver/inc/stm32wlxx_hal_cryp_ex.h,1,différé,,,,,,,,,,,,,i:Debug,i:Debug,,,,,,,,,,,,,,,,,,i:Debug,i:Debug,,,,i:Debug,,,,,,,,,
src/kernel/dev/arch/cortexm/stm32wlxx/cubemx_hal_driver/inc/stm32wlxx_hal_dac.h,1,différé,,,,,,,,,,,,,i:Debug,i:Debug,,,,,,,,,,,,,,,,,,i:Debug,i:Debug,,,,i:Debug,,,,,,,,,
src/kernel/dev/arch/cortexm/stm32wlxx/cubemx_hal_driver/inc/stm32wlxx_hal_dac_ex.h,1,différé,,,,,,,,,,,,,i:Debug,i:Debug,,,,,,,,,,,,,,,,,,i:Debug,i:Debug,,,,i:Debug,,,,,,,,,
src/kernel/dev/arch/cortexm/stm32wlxx/cubemx_hal_driver/inc/stm32wlxx_hal_def.h,1,différé,,,,,,,,,,,,,i:Debug,i:Debug,,,,,,,,,,,,,,,,,,i:Debug,i:Debug,,,,i:Debug,,,,,,,,,
src/kernel/dev/arch/cortexm/stm32wlxx/cubemx_hal_driver/inc/stm32wlxx_hal_dma.h,1,différé,,,,,,,,,,,,,i:Debug,i:Debug,,,,,,,,,,,,,,,,,,i:Debug,i:Debug,,,,i:Debug,,,,,,,,,
src/kernel/dev/arch/cortexm/stm32wlxx/cubemx_hal_driver/inc/stm32wlxx_hal_dma_ex.h,1,différé,,,,,,,,,,,,,i:Debug,i:Debug,,,,,,,,,,,,,,,,,,i:Debug,i:Debug,,,,i:Debug,,,,,,,,,
src/kernel/dev/arch/cortexm/stm32wlxx/cubemx_hal_driver/inc/stm32wlxx_hal_exti.h,1,différé,,,,,,,,,,,,,i:Debug,i:Debug,,,,,,,,,,,,,,,,,,i:Debug,i:Debug,,,,i:Debug,,,,,,,,,
src/kernel/dev/arch/cortexm/stm32wlxx/cubemx_hal_driver/inc/stm32wlxx_hal_flash.h,1,différé,,,,,,,,,,,,,i:Debug,i:Debug,,,,,,,,,,,,,,,,,,i:Debug,i:Debug,,,,i:Debug,,,,,,,,,
src/kernel/dev/arch/cortexm/stm32wlxx/cubemx_hal_driver/inc/stm32wlxx_hal_flash_ex.h,1,différé,,,,,,,,,,,,,i:Debug,i:Debug,,,,,,,,,,,,,,,,,,i:Debug,i:Debug,,,,i:Debug,,,,,,,,,
src/kernel/dev/arch/cortexm/stm32wlxx/cubemx_hal_driver/inc/stm32wlxx_hal_gpio.h,1,différé,,,,,,,,,,,,,i:Debug,i:Debug,,,,,,,,,,,,,,,,,,i:Debug,i:Debug,,,,i:Debug,,,,,,,,,
src/kernel/dev/arch/cortexm/stm32wlxx/cubemx_hal_driver/inc/stm32wlxx_hal_gpio_ex.h,1,différé,,,,,,,,,,,,,i:Debug,i:Debug,,,,,,,,,,,,,,,,,,i:Debug,i:Debug,,,,i:Debug,,,,,,,,,
src/kernel/dev/arch/cortexm/stm32wlxx/cubemx_hal_driver/inc/stm32wlxx_hal_gtzc.h,1,différé,,,,,,,,,,,,,i:Debug,i:Debug,,,,,,,,,,,,,,,,,,i:Debug,i:Debug,,,,i:Debug,,,,,,,,,
src/kernel/dev/arch/cortexm/stm32wlxx/cubemx_hal_driver/inc/stm32wlxx_hal_hsem.h,1,différé,,,,,,,,,,,,,i:Debug,i:Debug,,,,,,,,,,,,,,,,,,i:Debug,i:Debug,,,,i:Debug,,,,,,,,,
src/kernel/dev/arch/cortexm/stm32wlxx/cubemx_hal_driver/inc/stm32wlxx_hal_i2c.h,1,différé,,,,,,,,,,,,,i:Debug,i:Debug,,,,,,,,,,,,,,,,,,i:Debug,i:Debug,,,,i:Debug,,,,,,,,,
src/kernel/dev/arch/cortexm/stm32wlxx/cubemx_hal_driver/inc/stm32wlxx_hal_i2c_ex.h,1,différé,,,,,,,,,,,,,i:Debug,i:Debug,,,,,,,,,,,,,,,,,,i:Debug,i:Debug,,,,i:Debug,,,,,,,,,
src/kernel/dev/arch/cortexm/stm32wlxx/cubemx_hal_driver/inc/stm32wlxx_hal_i2s.h,1,différé,,,,,,,,,,,,,i:Debug,i:Debug,,,,,,,,,,,,,,,,,,i:Debug,i:Debug,,,,i:Debug,,,,,,,,,
src/kernel/dev/arch/cortexm/stm32wlxx/cubemx_hal_driver/inc/stm32wlxx_hal_ipcc.h,1,différé,,,,,,,,,,,,,i:Debug,i:Debug,,,,,,,,,,,,,,,,,,i:Debug,i:Debug,,,,i:Debug,,,,,,,,,
src/kernel/dev/arch/cortexm/stm32wlxx/cubemx_hal_driver/inc/stm32wlxx_hal_irda.h,1,différé,,,,,,,,,,,,,i:Debug,i:Debug,,,,,,,,,,,,,,,,,,i:Debug,i:Debug,,,,i:Debug,,,,,,,,,
src/kernel/dev/arch/cortexm/stm32wlxx/cubemx_hal_driver/inc/stm32wlxx_hal_irda_ex.h,1,différé,,,,,,,,,,,,,i:Debug,i:Debug,,,,,,,,,,,,,,,,,,i:Debug,i:Debug,,,,i:Debug,,,,,,,,,
src/kernel/dev/arch/cortexm/stm32wlxx/cubemx_hal_driver/inc/stm32wlxx_hal_iwdg.h,1,différé,,,,,,,,,,,,,i:Debug,i:Debug,,,,,,,,,,,,,,,,,,i:Debug,i:Debug,,,,i:Debug,,,,,,,,,
src/kernel/dev/arch/cortexm/stm32wlxx/cubemx_hal_driver/inc/stm32wlxx_hal_lptim.h,1,différé,,,,,,,,,,,,,i:Debug,i:Debug,,,,,,,,,,,,,,,,,,i:Debug,i:Debug,,,,i:Debug,,,,,,,,,
src/kernel/dev/arch/cortexm/stm32wlxx/cubemx_hal_driver/inc/stm32wlxx_hal_pka.h,1,différé,,,,,,,,,,,,,i:Debug,i:Debug,,,,,,,,,,,,,,,,,,i:Debug,i:Debug,,,,i:Debug,,,,,,,,,
src/kernel/dev/arch/cortexm/stm32wlxx/cubemx_hal_driver/inc/stm32wlxx_hal_pwr.h,1,différé,,,,,,,,,,,,,i:Debug,i:Debug,,,,,,,,,,,,,,,,,,i:Debug,i:Debug,,,,i:Debug,,,,,,,,,
src/kernel/dev/arch/cortexm/stm32wlxx/cubemx_hal_driver/inc/stm32wlxx_hal_pwr_ex.h,1,différé,,,,,,,,,,,,,i:Debug,i:Debug,,,,,,,,,,,,,,,,,,i:Debug,i:Debug,,,,i:Debug,,,,,,,,,
src/kernel/dev/arch/cortexm/stm32wlxx/cubemx_hal_driver/inc/stm32wlxx_hal_rcc.h,1,différé,,,,,,,,,,,,,i:Debug,i:Debug,,,,,,,,,,,,,,,,,,i:Debug,i:Debug,,,,i:Debug,,,,,,,,,
src/kernel/dev/arch/cortexm/stm32wlxx/cubemx_hal_driver/inc/stm32wlxx_hal_rcc_ex.h,1,différé,,,,,,,,,,,,,i:Debug,i:Debug,,,,,,,,,,,,,,,,,,i:Debug,i:Debug,,,,i:Debug,,,,,,,,,
src/kernel/dev/arch/cortexm/stm32wlxx/cubemx_hal_driver/inc/stm32wlxx_hal_rng.h,1,différé,,,,,,,,,,,,,i:Debug,i:Debug,,,,,,,,,,,,,,,,,,i:Debug,i:Debug,,,,i:Debug,,,,,,,,,
src/kernel/dev/arch/cortexm/stm32wlxx/cubemx_hal_driver/inc/stm32wlxx_hal_rng_ex.h,1,différé,,,,,,,,,,,,,i:Debug,i:Debug,,,,,,,,,,,,,,,,,,i:Debug,i:Debug,,,,i:Debug,,,,,,,,,
src/kernel/dev/arch/cortexm/stm32wlxx/cubemx_hal_driver/inc/stm32wlxx_hal_rtc.h,1,différé,,,,,,,,,,,,,i:Debug,i:Debug,,,,,,,,,,,,,,,,,,i:Debug,i:Debug,,,,i:Debug,,,,,,,,,
src/kernel/dev/arch/cortexm/stm32wlxx/cubemx_hal_driver/inc/stm32wlxx_hal_rtc_ex.h,1,différé,,,,,,,,,,,,,i:Debug,i:Debug,,,,,,,,,,,,,,,,,,i:Debug,i:Debug,,,,i:Debug,,,,,,,,,
src/kernel/dev/arch/cortexm/stm32wlxx/cubemx_hal_driver/inc/stm32wlxx_hal_smartcard.h,1,différé,,,,,,,,,,,,,i:Debug,i:Debug,,,,,,,,,,,,,,,,,,i:Debug,i:Debug,,,,i:Debug,,,,,,,,,
src/kernel/dev/arch/cortexm/stm32wlxx/cubemx_hal_driver/inc/stm32wlxx_hal_smartcard_ex.h,1,différé,,,,,,,,,,,,,i:Debug,i:Debug,,,,,,,,,,,,,,,,,,i:Debug,i:Debug,,,,i:Debug,,,,,,,,,
src/kernel/dev/arch/cortexm/stm32wlxx/cubemx_hal_driver/inc/stm32wlxx_hal_smbus.h,1,différé,,,,,,,,,,,,,i:Debug,i:Debug,,,,,,,,,,,,,,,,,,i:Debug,i:Debug,,,,i:Debug,,,,,,,,,
src/kernel/dev/arch/cortexm/stm32wlxx/cubemx_hal_driver/inc/stm32wlxx_hal_smbus_ex.h,1,différé,,,,,,,,,,,,,i:Debug,i:Debug,,,,,,,,,,,,,,,,,,i:Debug,i:Debug,,,,i:Debug,,,,,,,,,
src/kernel/dev/arch/cortexm/stm32wlxx/cubemx_hal_driver/inc/stm32wlxx_hal_spi.h,1,différé,,,,,,,,,,,,,i:Debug,i:Debug,,,,,,,,,,,,,,,,,,i:Debug,i:Debug,,,,i:Debug,,,,,,,,,
src/kernel/dev/arch/cortexm/stm32wlxx/cubemx_hal_driver/inc/stm32wlxx_hal_spi_ex.h,1,différé,,,,,,,,,,,,,i:Debug,i:Debug,,,,,,,,,,,,,,,,,,i:Debug,i:Debug,,,,i:Debug,,,,,,,,,
src/kernel/dev/arch/cortexm/stm32wlxx/cubemx_hal_driver/inc/stm32wlxx_hal_subghz.h,1,différé,,,,,,,,,,,,,i:Debug,i:Debug,,,,,,,,,,,,,,,,,,i:Debug,i:Debug,,,,i:Debug,,,,,,,,,
src/kernel/dev/arch/cortexm/stm32wlxx/cubemx_hal_driver/inc/stm32wlxx_hal_tim.h,1,différé,,,,,,,,,,,,,i:Debug,i:Debug,,,,,,,,,,,,,,,,,,i:Debug,i:Debug,,,,i:Debug,,,,,,,,,
src/kernel/dev/arch/cortexm/stm32wlxx/cubemx_hal_driver/inc/stm32wlxx_hal_tim_ex.h,1,différé,,,,,,,,,,,,,i:Debug,i:Debug,,,,,,,,,,,,,,,,,,i:Debug,i:Debug,,,,i:Debug,,,,,,,,,
src/kernel/dev/arch/cortexm/stm32wlxx/cubemx_hal_driver/inc/stm32wlxx_hal_uart.h,1,différé,,,,,,,,,,,,,i:Debug,i:Debug,,,,,,,,,,,,,,,,,,i:Debug,i:Debug,,,,i:Debug,,,,,,,,,
src/kernel/dev/arch/cortexm/stm32wlxx/cubemx_hal_driver/inc/stm32wlxx_hal_uart_ex.h,1,différé,,,,,,,,,,,,,i:Debug,i:Debug,,,,,,,,,,,,,,,,,,i:Debug,i:Debug,,,,i:Debug,,,,,,,,,
src/kernel/dev/arch/cortexm/stm32wlxx/cubemx_hal_driver/inc/stm32wlxx_hal_usart.h,1,différé,,,,,,,,,,,,,i:Debug,i:Debug,,,,,,,,,,,,,,,,,,i:Debug,i:Debug,,,,i:Debug,,,,,,,,,
src/kernel/dev/arch/cortexm/stm32wlxx/cubemx_hal_driver/inc/stm32wlxx_hal_usart_ex.h,1,différé,,,,,,,,,,,,,i:Debug,i:Debug,,,,,,,,,,,,,,,,,,i:Debug,i:Debug,,,,i:Debug,,,,,,,,,
src/kernel/dev/arch/cortexm/stm32wlxx/cubemx_hal_driver/inc/stm32wlxx_hal_wwdg.h,1,différé,,,,,,,,,,,,,i:Debug,i:Debug,,,,,,,,,,,,,,,,,,i:Debug,i:Debug,,,,i:Debug,,,,,,,,,
src/kernel/dev/arch/cortexm/stm32wlxx/cubemx_hal_driver/inc/stm32wlxx_ll_adc.h,1,différé,,,,,,,,,,,,,i:Debug,i:Debug,,,,,,,,,,,,,,,,,,i:Debug,i:Debug,,,,i:Debug,,,,,,,,,
src/kernel/dev/arch/cortexm/stm32wlxx/cubemx_hal_driver/inc/stm32wlxx_ll_bus.h,1,différé,,,,,,,,,,,,,i:Debug,i:Debug,,,,,,,,,,,,,,,,,,i:Debug,i:Debug,,,,i:Debug,,,,,,,,,
src/kernel/dev/arch/cortexm/stm32wlxx/cubemx_hal_driver/inc/stm32wlxx_ll_dma.h,1,différé,,,,,,,,,,,,,i:Debug,i:Debug,,,,,,,,,,,,,,,,,,i:Debug,i:Debug,,,,i:Debug,,,,,,,,,
src/kernel/dev/arch/cortexm/stm32wlxx/cubemx_hal_driver/inc/stm32wlxx_ll_dmamux.h,1,différé,,,,,,,,,,,,,i:Debug,i:Debug,,,,,,,,,,,,,,,,,,i:Debug,i:Debug,,,,i:Debug,,,,,,,,,
src/kernel/dev/arch/cortexm/stm32wlxx/cubemx_hal_driver/inc/stm32wlxx_ll_exti.h,1,différé,,,,,,,,,,,,,i:Debug,i:Debug,,,,,,,,,,,,,,,,,,i:Debug,i:Debug,,,,i:Debug,,,,,,,,,
src/kernel/dev/arch/cortexm/stm32wlxx/cubemx_hal_driver/inc/stm32wlxx_ll_pwr.h,1,différé,,,,,,,,,,,,,i:Debug,i:Debug,,,,,,,,,,,,,,,,,,i:Debug,i:Debug,,,,i:Debug,,,,,,,,,
src/kernel/dev/arch/cortexm/stm32wlxx/cubemx_hal_driver/inc/stm32wlxx_ll_rcc.h,1,différé,,,,,,,,,,,,,i:Debug,i:Debug,,,,,,,,,,,,,,,,,,i:Debug,i:Debug,,,,i:Debug,,,,,,,,,
src/kernel/dev/arch/cortexm/stm32wlxx/cubemx_hal_driver/inc/stm32wlxx_ll_spi.h,1,différé,,,,,,,,,,,,,i:Debug,i:Debug,,,,,,,,,,,,,,,,,,i:Debug,i:Debug,,,,i:Debug,,,,,,,,,
src/kernel/dev/arch/cortexm/stm32wlxx/cubemx_hal_driver/inc/stm32wlxx_ll_system.h,1,différé,,,,,,,,,,,,,i:Debug,i:Debug,,,,,,,,,,,,,,,,,,i:Debug,i:Debug,,,,i:Debug,,,,,,,,,
src/kernel/dev/arch/cortexm/stm32wlxx/cubemx_hal_driver/src/stm32wlxx_hal.c,1,différé,,,,,,,,,,,,,*,*,,,,,,,,,,,,,,,,,,,,,,,,,,,,,,,,
src/kernel/dev/arch/cortexm/stm32wlxx/cubemx_hal_driver/src/stm32wlxx_hal_adc.c,1,différé,,,,,,,,,,,,,*,*,,,,,,,,,,,,,,,,,,,,,,,,,,,,,,,,
src/kernel/dev/arch/cortexm/stm32wlxx/cubemx_hal_driver/src/stm32wlxx_hal_adc_ex.c,1,différé,,,,,,,,,,,,,*,*,,,,,,,,,,,,,,,,,,,,,,,,,,,,,,,,
src/kernel/dev/arch/cortexm/stm32wlxx/cubemx_hal_driver/src/stm32wlxx_hal_comp.c,1,différé,,,,,,,,,,,,,*,*,,,,,,,,,,,,,,,,,,,,,,,,,,,,,,,,
src/kernel/dev/arch/cortexm/stm32wlxx/cubemx_hal_driver/src/stm32wlxx_hal_cortex.c,1,différé,,,,,,,,,,,,,*,*,,,,,,,,,,,,,,,,,,,,,,,,,,,,,,,,
src/kernel/dev/arch/cortexm/stm32wlxx/cubemx_hal_driver/src/stm32wlxx_hal_crc.c,1,différé,,,,,,,,,,,,,*,*,,,,,,,,,,,,,,,,,,,,,,,,,,,,,,,,
src/kernel/dev/arch/cortexm/stm32wlxx/cubemx_hal_driver/src/stm32wlxx_hal_crc_ex.c,1,différé,,,,,,,,,,,,,*,*,,,,,,,,,,,,,,,,,,,,,,,,,,,,,,,,
src/kernel/dev/arch/cortexm/stm32wlxx/cubemx_hal_driver/src/stm32wlxx_hal_cryp.c,1,différé,,,,,,,,,,,,,*,*,,,,,,,,,,,,,,,,,,,,,,,,,,,,,,,,
src/kernel/dev/arch/cortexm/stm32wlxx/cubemx_hal_driver/src/stm32wlxx_hal_cryp_ex.c,1,différé,,,,,,,,,,,,,*,*,,,,,,,,,,,,,,,,,,,,,,,,,,,,,,,,
src/kernel/dev/arch/cortexm/stm32wlxx/cubemx_hal_driver/src/stm32wlxx_hal_dac.c,1,différé,,,,,,,,,,,,,*,*,,,,,,,,,,,,,,,,,,,,,,,,,,,,,,,,
src/kernel/dev/arch/cortexm/stm32wlxx/cubemx_hal_driver/src/stm32wlxx_hal_dac_ex.c,1,différé,,,,,,,,,,,,,*,*,,,,,,,,,,,,,,,,,,,,,,,,,,,,,,,,
src/kernel/dev/arch/cortexm/stm32wlxx/cubemx_hal_driver/src/stm32wlxx_hal_dma.c,1,différé,,,,,,,,,,,,,*,*,,,,,,,,,,,,,,,,,,,,,,,,,,,,,,,,
src/kernel/dev/arch/cortexm/stm32wlxx/cubemx_hal_driver/src/stm32wlxx_hal_dma_ex.c,1,différé,,,,,,,,,,,,,*,*,,,,,,,,,,,,,,,,,,,,,,,,,,,,,,,,
src/kernel/dev/arch/cortexm/stm32wlxx/cubemx_hal_driver/src/stm32wlxx_hal_exti.c,1,différé,,,,,,,,,,,,,*,*,,,,,,,,,,,,,,,,,,,,,,,,,,,,,,,,
src/kernel/dev/arch/cortexm/stm32wlxx/cubemx_hal_driver/src/stm32wlxx_hal_flash.c,1,différé,,,,,,,,,,,,,*,*,,,,,,,,,,,,,,,,,,,,,,,,,,,,,,,,
src/kernel/dev/arch/cortexm/stm32wlxx/cubemx_hal_driver/src/stm32wlxx_hal_flash_ex.c,1,différé,,,,,,,,,,,,,*,*,,,,,,,,,,,,,,,,,,,,,,,,,,,,,,,,
src/kernel/dev/arch/cortexm/stm32wlxx/cubemx_hal_driver/src/stm32wlxx_hal_gpio.c,1,différé,,,,,,,,,,,,,*,*,,,,,,,,,,,,,,,,,,,,,,,,,,,,,,,,
src/kernel/dev/arch/cortexm/stm32wlxx/cubemx_hal_driver/src/stm32wlxx_hal_gtzc.c,1,différé,,,,,,,,,,,,,*,*,,,,,,,,,,,,,,,,,,,,,,,,,,,,,,,,
src/kernel/dev/arch/cortexm/stm32wlxx/cubemx_hal_driver/src/stm32wlxx_hal_hsem.c,1,différé,,,,,,,,,,,,,*,*,,,,,,,,,,,,,,,,,,,,,,,,,,,,,,,,
src/kernel/dev/arch/cortexm/stm32wlxx/cubemx_hal_driver/src/stm32wlxx_hal_i2c.c,1,différé,,,,,,,,,,,,,*,*,,,,,,,,,,,,,,,,,,,,,,,,,,,,,,,,
src/kernel/dev/arch/cortexm/stm32wlxx/cubemx_hal_driver/src/stm32wlxx_hal_i2c_ex.c,1,différé,,,,,,,,,,,,,*,*,,,,,,,,,,,,,,,,,,,,,,,,,,,,,,,,
src/kernel/dev/arch/cortexm/stm32wlxx/cubemx_hal_driver/src/stm32wlxx_hal_i2s.c,1,différé,,,,,,,,,,,,,*,*,,,,,,,,,,,,,,,,,,,,,,,,,,,,,,,,
src/kernel/dev/arch/cortexm/stm32wlxx/cubemx_hal_driver/src/stm32wlxx_hal_ipcc.c,1,différé,,,,,,,,,,,,,*,*,,,,,,,,,,,,,,,,,,,,,,,,,,,,,,,,
src/kernel/dev/arch/cortexm/stm32wlxx/cubemx_hal_driver/src/stm32wlxx_hal_irda.c,1,différé,,,,,,,,,,,,,*,*,,,,,,,,,,,,,,,,,,,,,,,,,,,,,,,,
src/kernel/dev/arch/cortexm/stm32wlxx/cubemx_hal_driver/src/stm32wlxx_hal_iwdg.c,1,différé,,,,,,,,,,,,,*,*,,,,,,,,,,,,,,,,,,,,,,,,,,,,,,,,
src/kernel/dev/arch/cortexm/stm32wlxx/cubemx_hal_driver/src/stm32wlxx_hal_lptim.c,1,différé,,,,,,,,,,,,,*,*,,,,,,,,,,,,,,,,,,,,,,,,,,,,,,,,
src/kernel/dev/arch/cortexm/stm32wlxx/cubemx_hal_driver/src/stm32wlxx_hal_msp_template.c,1,différé,,,,,,,,,,,,,*,*,,,,,,,,,,,,,,,,,,,,,,,,,,,,,,,,
src/kernel/dev/arch/cortexm/stm32wlxx/cubemx_hal_driver/src/stm32wlxx_hal_pka.c,1,différé,,,,,,,,,,,,,*,*,,,,,,,,,,,,,,,,,,,,,,,,,,,,,,,,
src/kernel/dev/arch/cortexm/stm32wlxx/cubemx_hal_driver/src/stm32wlxx_hal_pwr.c,1,différé,,,,,,,,,,,,,*,*,,,,,,,,,,,,,,,,,,,,,,,,,,,,,,,,
src/kernel/dev/arch/cortexm/stm32wlxx/cubemx_hal_driver/src/stm32wlxx_hal_pwr_ex.c,1,différé,,,,,,,,,,,,,*,*,,,,,,,,,,,,,,,,,,,,,,,,,,,,,,,,
src/kernel/dev/arch/cortexm/stm32wlxx/cubemx_hal_driver/src/stm32wlxx_hal_rcc.c,1,différé,,,,,,,,,,,,,*,*,,,,,,,,,,,,,,,,,,,,,,,,,,,,,,,,
src/kernel/dev/arch/cortexm/stm32wlxx/cubemx_hal_driver/src/stm32wlxx_hal_rcc_ex.c,1,différé,,,,,,,,,,,,,*,*,,,,,,,,,,,,,,,,,,,,,,,,,,,,,,,,
src/kernel/dev/arch/cortexm/stm32wlxx/cubemx_hal_driver/src/stm32wlxx_hal_rng.c,1,différé,,,,,,,,,,,,,*,*,,,,,,,,,,,,,,,,,,,,,,,,,,,,,,,,
src/kernel/dev/arch/cortexm/stm32wlxx/cubemx_hal_driver/src/stm32wlxx_hal_rng_ex.c,1,différé,,,,,,,,,,,,,*,*,,,,,,,,,,,,,,,,,,,,,,,,,,,,,,,,
src/kernel/dev/arch/cortexm/stm32wlxx/cubemx_hal_driver/src/stm32wlxx_hal_rtc.c,1,différé,,,,,,,,,,,,,*,*,,,,,,,,,,,,,,,,,,,,,,,,,,,,,,,,
src/kernel/dev/arch/cortexm/stm32wlxx/cubemx_hal_driver/src/stm32wlxx_hal_rtc_ex.c,1,différé,,,,,,,,,,,,,*,*,,,,,,,,,,,,,,,,,,,,,,,,,,,,,,,,
src/kernel/dev/arch/cortexm/stm32wlxx/cubemx_hal_driver/src/stm32wlxx_hal_smartcard.c,1,différé,,,,,,,,,,,,,*,*,,,,,,,,,,,,,,,,,,,,,,,,,,,,,,,,
src/kernel/dev/arch/cortexm/stm32wlxx/cubemx_hal_driver/src/stm32wlxx_hal_smartcard_ex.c,1,différé,,,,,,,,,,,,,*,*,,,,,,,,,,,,,,,,,,,,,,,,,,,,,,,,
src/kernel/dev/arch/cortexm/stm32wlxx/cubemx_hal_driver/src/stm32wlxx_hal_smbus.c,1,différé,,,,,,,,,,,,,*,*,,,,,,,,,,,,,,,,,,,,,,,,,,,,,,,,
src/kernel/dev/arch/cortexm/stm32wlxx/cubemx_hal_driver/src/stm32wlxx_hal_smbus_ex.c,1,différé,,,,,,,,,,,,,*,*,,,,,,,,,,,,,,,,,,,,,,,,,,,,,,,,
src/kernel/dev/arch/cortexm/stm32wlxx/cubemx_hal_driver/src/stm32wlxx_hal_spi.c,1,différé,,,,,,,,,,,,,*,*,,,,,,,,,,,,,,,,,,,,,,,,,,,,,,,,
src/kernel/dev/arch/cortexm/stm32wlxx/cubemx_hal_driver/src/stm32wlxx_hal_spi_ex.c,1,différé,,,,,,,,,,,,,*,*,,,,,,,,,,,,,,,,,,,,,,,,,,,,,,,,
src/kernel/dev/arch/cortexm/stm32wlxx/cubemx_hal_driver/src/stm32wlxx_hal_subghz.c,1,différé,,,,,,,,,,,,,*,*,,,,,,,,,,,,,,,,,,,,,,,,,,,,,,,,
src/kernel/dev/arch/cortexm/stm32wlxx/cubemx_hal_driver/src/stm32wlxx_hal_tim.c,1,différé,,,,,,,,,,,,,*,*,,,,,,,,,,,,,,,,,,,,,,,,,,,,,,,,
src/kernel/dev/arch/cortexm/stm32wlxx/cubemx_hal_driver/src/stm32wlxx_hal_tim_ex.c,1,différé,,,,,,,,,,,,,*,*,,,,,,,,,,,,,,,,,,,,,,,,,,,,,,,,
src/kernel/dev/arch/cortexm/stm32wlxx/cubemx_hal_driver/src/stm32wlxx_hal_timebase_rtc_alarm_template.c,1,différé,,,,,,,,,,,,,Release,Release,,,,,,,,,,,,,,,,,,,,,,,,,,,,,,,,
src/kernel/dev/arch/cortexm/stm32wlxx/cubemx_hal_driver/src/stm32wlxx_hal_timebase_rtc_wakeup_template.c,1,différé,,,,,,,,,,,,,Release,Release,,,,,,,,,,,,,,,,,,,,,,,,,,,,,,,,
src/kernel/dev/arch/cortexm/stm32wlxx/cubemx_hal_driver/src/stm32wlxx_hal_timebase_tim_template.c,1,différé,,,,,,,,,,,,,Release,Release,,,,,,,,,,,,,,,,,,,,,,,,,,,,,,,,
src/kernel/dev/arch/cortexm/stm32wlxx/cubemx_hal_driver/src/stm32wlxx_hal_uart.c,1,différé,,,,,,,,,,,,,*,*,,,,,,,,,,,,,,,,,,,,,,,,,,,,,,,,
src/kernel/dev/arch/cortexm/stm32wlxx/cubemx_hal_driver/src/stm32wlxx_hal_uart_ex.c,1,différé,,,,,,,,,,,,,*,*,,,,,,,,,,,,,,,,,,,,,,,,,,,,,,,,
src/kernel/dev/arch/cortexm/stm32wlxx/cubemx_hal_driver/src/stm32wlxx_hal_usart.c,1,différé,,,,,,,,,,,,,*,*,,,,,,,,,,,,,,,,,,,,,,,,,,,,,,,,
src/kernel/dev/arch/cortexm/stm32wlxx/cubemx_hal_driver/src/stm32wlxx_hal_usart_ex.c,1,différé,,,,,,,,,,,,,*,*,,,,,,,,,,,,,,,,,,,,,,,,,,,,,,,,
src/kernel/dev/arch/cortexm/stm32wlxx/cubemx_hal_driver/src/stm32wlxx_hal_wwdg.c,1,différé,,,,,,,,,,,,,*,*,,,,,,,,,,,,,,,,,,,,,,,,,,,,,,,,
src/kernel/dev/arch/cortexm/stm32wlxx/dev_stm32wlxx/dev_stm32wlxx_bsp_radio_if.c,1,différé,,,,,,,,,,,,,*,*,,,,,,,,,,,,,,,,,,,,,,,,,,,,,,,,
src/kernel/dev/arch/cortexm/stm32wlxx/dev_stm32wlxx/dev_stm32wlxx_bsp_radio_if.h,1,différé,,,,,,,,,,,,,*,*,,,,,,,,,,,,,,,,,,i:Debug,i:Debug,,,,,,,,,,,,,
src/kernel/dev/arch/cortexm/stm32wlxx/dev_stm32wlxx/dev_stm32wlxx_cpu_x.c,1,différé,,,,,,,,,,,,,*,*,,,,,,,,,,,,,,,,,,,,,,,,,,,,,,,,
src/kernel/dev/arch/cortexm/stm32wlxx/dev_stm32wlxx/dev_stm32wlxx_definitions.h,1,différé,,,,,,,,,,,,,*,*,,,,,,,,,,,,,,,,,,i:Debug,i:Debug,,,,,,,,,,,,,
src/kernel/dev/arch/cortexm/stm32wlxx/dev_stm32wlxx/dev_stm32wlxx_uart_x.c,1,différé,,,,,,,,,,,,,*,*,,,,,,,,,,,,,,,,,,,,,,,,,,,,,,,,
src/kernel/dev/arch/cortexm/stm32wlxx/dev_stm32wlxx/dev_stm32wlxx_uart_x.h,1,différé,,,,,,,,,,,,,*,*,,,,,,,,,,,,,,,,,,i:Debug,i:Debug,,,,,,,,,,,,,
src/kernel/dev/arch/cortexm/stm32wlxx/dev_stm32wlxx/stm32wlxx_hal_conf.h,1,différé,,,,,,,,,,,,,i:Debug,i:Debug,,,,,,,,,,,,,,,,,,i:Debug,i:Debug,,,,i:Debug,,,,,,,,,
src/kernel/dev/arch/cortexm/stm32wlxx/radio_subghz_phy/lr_fhss_v1_base_types.h,1,différé,,,,,,,,,,,,,*,*,,,,,,,,,,,,,,,,,,,,,,,,,,,,,,,,
src/kernel/dev/arch/cortexm/stm32wlxx/radio_subghz_phy/radio.h,1,différé,,,,,,,,,,,,,*,*,,,,,,,,,,,,,,,,,,,,,,,,,,,,,,,,
src/kernel/dev/arch/cortexm/stm32wlxx/radio_subghz_phy/radio_def.h,1,différé,,,,,,,,,,,,,*,*,,,,,,,,,,,,,,,,,,,,,,,,,,,,,,,,
src/kernel/dev/arch/cortexm/stm32wlxx/radio_subghz_phy/radio_ex.h,1,différé,,,,,,,,,,,,,*,*,,,,,,,,,,,,,,,,,,,,,,,,,,,,,,,,
src/kernel/dev/arch/cortexm/stm32wlxx/radio_subghz_phy/stm32_radio_core_inc/subghz.h,1,différé,,,,,,,,,,,,,i:Debug,i:Debug,,,,,,,,,,,,,,,,,,,,,,,,,,,,,,,,
src/kernel/dev/arch/cortexm/stm32wlxx/radio_subghz_phy/stm32_radio_core_inc/utilities_conf.h,1,différé,,,,,,,,,,,,,i:Debug,i:Debug,,,,,,,,,,,,,,,,,,,,,,,,,,,,,,,,
src/kernel/dev/arch/cortexm/stm32wlxx/radio_subghz_phy/stm32_radio_core_inc/utilities_def.h,1,différé,,,,,,,,,,,,,i:Debug,i:Debug,,,,,,,,,,,,,,,,,,,,,,,,,,,,,,,,
src/kernel/dev/arch/cortexm/stm32wlxx/radio_subghz_phy/stm32_radio_driver/lr_fhss_mac.c,1,différé,,,,,,,,,,,,,*,*,,,,,,,,,,,,,,,,,,,,,,,,,,,,,,,,
src/kernel/dev/arch/cortexm/stm32wlxx/radio_subghz_phy/stm32_radio_driver/lr_fhss_mac.h,1,différé,,,,,,,,,,,,,*,*,,,,,,,,,,,,,,,,,,,,,,,,,,,,,,,,
src/kernel/dev/arch/cortexm/stm32wlxx/radio_subghz_phy/stm32_radio_driver/radio.c,1,différé,,,,,,,,,,,,,*,*,,,,,,,,,,,,,,,,,,,,,,,,,,,,,,,,
src/kernel/dev/arch/cortexm/stm32wlxx/radio_subghz_phy/stm32_radio_driver/radio_driver.c,1,différé,,,,,,,,,,,,,*,*,,,,,,,,,,,,,,,,,,,,,,,,,,,,,,,,
src/kernel/dev/arch/cortexm/stm32wlxx/radio_subghz_phy/stm32_radio_driver/radio_driver.h,1,différé,,,,,,,,,,,,,*,*,,,,,,,,,,,,,,,,,,,,,,,,,,,,,,,,
src/kernel/dev/arch/cortexm/stm32wlxx/radio_subghz_phy/stm32_radio_driver/radio_fw.c,1,différé,,,,,,,,,,,,,*,*,,,,,,,,,,,,,,,,,,,,,,,,,,,,,,,,
src/kernel/dev/arch/cortexm/stm32wlxx/radio_subghz_phy/stm32_radio_driver/radio_fw.h,1,différé,,,,,,,,,,,,,*,*,,,,,,,,,,,,,,,,,,,,,,,,,,,,,,,,
src/kernel/dev/arch/cortexm/stm32wlxx/radio_subghz_phy/stm32_radio_driver/subghz_phy_version.h,1,différé,,,,,,,,,,,,,*,*,,,,,,,,,,,,,,,,,,,,,,,,,,,,,,,,
src/kernel/dev/arch/cortexm/stm32wlxx/radio_subghz_phy/stm32_radio_driver/wl_lr_fhss.c,1,différé,,,,,,,,,,,,,*,*,,,,,,,,,,,,,,,,,,,,,,,,,,,,,,,,
src/kernel/dev/arch/cortexm/stm32wlxx/radio_subghz_phy/stm32_radio_driver/wl_lr_fhss.h,1,différé,,,,,,,,,,,,,*,*,,,,,,,,,,,,,,,,,,,,,,,,,,,,,,,,
src/kernel/dev/arch/cortexm/stm32wlxx/radio_subghz_phy/stm32_radio_target/mw_log_conf.h,1,différé,,,,,,,,,,,,,*,*,,,,,,,,,,,,,,,,,,,,,,,,,,,,,,,,
src/kernel/dev/arch/cortexm/stm32wlxx/radio_subghz_phy/stm32_radio_target/radio_board_if.c,1,différé,,,,,,,,,,,,,*,*,,,,,,,,,,,,,,,,,,,,,,,,,,,,,,,,
src/kernel/dev/arch/cortexm/stm32wlxx/radio_subghz_phy/stm32_radio_target/radio_board_if.h,1,différé,,,,,,,,,,,,,*,*,,,,,,,,,,,,,,,,,,i:Debug,i:Debug,,,,,,,,,,,,,
src/kernel/dev/arch/cortexm/stm32wlxx/radio_subghz_phy/stm32_radio_target/radio_conf.h,1,différé,,,,,,,,,,,,,*,*,,,,,,,,,,,,,,,,,,,,,,,,,,,,,,,,
src/kernel/dev/arch/cortexm/stm32wlxx/radio_subghz_phy/stm32_radio_target/timer.h,1,différé,,,,,,,,,,,,,*,*,,,,,,,,,,,,,,,,,,,,,,,,,,,,,,,,
src/kernel/dev/arch/gnu32/common/linux_hdwr_ops.h,1,gelé,,,,,,,,,,,,,,,,,,,,i:*,i:*,i:*,i:*,i:*,,,,,,,,,,,,,,,,,,,,,,
src/kernel/dev/arch/gnu32/dev_linux_screen/_screen_linux.h,1,gelé,,,,,,,,,,,,,,,,,,,,i:*,i:*,i:*,i:*,i:*,,,,,,,,,,,,,,,,,,,,,,
src/kernel/dev/bsp/discovery_f4-baseboard-modem/dev_discovery_f4_board/dev_discovery_f4_board.c,1,différé,,,,,,,,,,,,,,,,,,,,,,,,,*,,,,,,,,,,,,,,,,,,,,,
src/kernel/dev/bsp/discovery_f4-baseboard-modem/dev_discovery_f4_board/dev_discovery_f4_board.h,1,différé,,,,,,,,,,,,,,,,,,,,,,,,,*,,,,,,,,,,,,,,,,,,,,,
src/kernel/dev/bsp/discovery_f4-baseboard-modem/dev_discovery_f4_peripherals/dev_aedr8300_encoder_1.c,1,différé,,,,,,,,,,,,,,,,,,,,,,,,,*,,,,,,,,,,,,,,,,,,,,,
src/kernel/dev/bsp/discovery_f4-baseboard-modem/dev_discovery_f4_peripherals/dev_aedr8300_encoder_2.c,1,différé,,,,,,,,,,,,,,,,,,,,,,,,,*,,,,,,,,,,,,,,,,,,,,,
src/kernel/dev/bsp/discovery_f4-baseboard-modem/dev_discovery_f4_peripherals/dev_discovery_click_420r_io.c,1,différé,,,,,,,,,,,,,,,,,,,,,,,,,*,,,,,,,,,,,,,,,,,,,,,
src/kernel/dev/bsp/discovery_f4-baseboard-modem/dev_discovery_f4_peripherals/dev_discovery_click_420r_io.h,1,différé,,,,,,,,,,,,,,,,,,,,,,,,,*,,,,,,,,,,,,,,,,,,,,,
src/kernel/dev/bsp/discovery_f4-baseboard-modem/dev_discovery_f4_peripherals/dev_discovery_f4_i2c_1.c,1,différé,,,,,,,,,,,,,,,,,,,,,,,,,*,,,,,,,,,,,,,,,,,,,,,
src/kernel/dev/bsp/discovery_f4-baseboard-modem/dev_discovery_f4_peripherals/dev_discovery_f4_nfc_pn7150.c,1,différé,,,,,,,,,,,,,,,,,,,,,,,,,*,,,,,,,,,,,,,,,,,,,,,
src/kernel/dev/bsp/discovery_f4-baseboard-modem/dev_discovery_f4_peripherals/dev_discovery_f4_sdio.c,1,différé,,,,,,,,,,,,,,,,,,,,,,,,,*,,,,,,,,,,,,,,,,,,,,,
src/kernel/dev/bsp/discovery_f4-baseboard-modem/dev_discovery_f4_peripherals/dev_discovery_f4_uart_3.c,1,différé,,,,,,,,,,,,,,,,,,,,,,,,,*,,,,,,,,,,,,,,,,,,,,,
src/kernel/dev/bsp/discovery_f4-baseboard-modem/dev_discovery_f4_peripherals/dev_discovery_f4_uart_6.c,1,différé,,,,,,,,,,,,,,,,,,,,,,,,,*,,,,,,,,,,,,,,,,,,,,,
src/kernel/dev/bsp/discovery_f4-baseboard-modem/dev_discovery_f4_peripherals/dev_discovery_oled_io.c,1,différé,,,,,,,,,,,,,,,,,,,,,,,,,*,,,,,,,,,,,,,,,,,,,,,
src/kernel/dev/bsp/discovery_f4-baseboard-modem/dev_discovery_f4_peripherals/dev_discovery_spi_1.c,1,différé,,,,,,,,,,,,,,,,,,,,,,,,,*,,,,,,,,,,,,,,,,,,,,,
src/kernel/dev/bsp/discovery_f4-baseboard-modem/dev_discovery_f4_peripherals/dev_discovery_spi_2.c,1,différé,,,,,,,,,,,,,,,,,,,,,,,,,*,,,,,,,,,,,,,,,,,,,,,
src/kernel/dev/bsp/discovery_f4-baseboard-modem/dev_discovery_f4_peripherals/dev_rotary_encoder_x.c,1,différé,,,,,,,,,,,,,,,,,,,,,,,,,*,,,,,,,,,,,,,,,,,,,,,
src/kernel/dev/bsp/discovery_f4-baseboard-modem/dev_discovery_f4_peripherals/dev_rotary_encoder_x.h,1,différé,,,,,,,,,,,,,,,,,,,,,,,,,*,,,,,,,,,,,,,,,,,,,,,
src/kernel/dev/bsp/discovery_f4-baseboard-modem/dev_discovery_f4_peripherals/dev_te86bsd_sensor.c,1,différé,,,,,,,,,,,,,,,,,,,,,,,,,*,,,,,,,,,,,,,,,,,,,,,
src/kernel/dev/bsp/discovery_f4-baseboard-modem/dev_discovery_f4_peripherals/dev_te86bsd_sensor.h,1,différé,,,,,,,,,,,,,,,,,,,,,,,,,*,,,,,,,,,,,,,,,,,,,,,
src/kernel/dev/bsp/discovery_f4-baseboard-modem/dev_discovery_f4_peripherals/ioctl_rotary_encoder.h,1,différé,,,,,,,,,,,,,,,,,,,,,,,,,i:Debug,,,,,,,,,,,,,,,,,,,,,
src/kernel/dev/bsp/discovery_f4/dev_discovery_f4_board/dev_discovery_f4_board.c,1,actif,,,,,,,,,,,,,,,,,,,,,,,,,,*,,,,,,,,,,,,,,,,,,,,
src/kernel/dev/bsp/discovery_f4/dev_discovery_f4_board/dev_discovery_f4_board.h,1,actif,,,,,,,,,,,,,,,,,,,,,,,,,,*,,,,,,,,,,,,,,,,,,,,
src/kernel/dev/bsp/discovery_f4/dev_discovery_f4_peripherals/dev_discovery_f4_uart_6.c,1,actif,,,,,,,,,,,,,,,,,,,,,,,,,,*,,,,,,,,,,,,,,,,,,,,
src/kernel/dev/bsp/olimex_p407/dev_olimex_p407_board/dev_olimex_p407_board.c,1,actif,,,,,,,,,,,,,,,,,,,,,,,,,,,*,,,,,,,,,,,,,,,,,,,
src/kernel/dev/bsp/olimex_p407/dev_olimex_p407_board/dev_olimex_p407_board.h,1,actif,,,,,,,,,,,,,,,,,,,,,,,,,,,*,,,,,,,,,,,,,,,,,,,
src/kernel/dev/bsp/olimex_p407/dev_olimex_p407_peripherals/dev_olimex_p407_spi_3.c,1,actif,,,,,,,,,,,,,,,,,,,,,,,,,,,*,,,,,,,,,,,,,,,,,,,
src/kernel/dev/bsp/olimex_p407/dev_olimex_p407_peripherals/dev_olimex_p407_uart_3.c,1,actif,,,,,,,,,,,,,,,,,,,,,,,,,,,*,,,,,,,,,,,,,,,,,,,
src/kernel/dev/bsp/samd20xplained_pro/dev_samd20xplained_pro_board/dev_samd20xplained_pro_board.c,1,différé,,,,,,,,,,,,,,,,,,,,,,,,,,,,*,,,,,,,,,,,,,,,,,,
src/kernel/dev/bsp/samd20xplained_pro/dev_samd20xplained_pro_board/dev_samd20xplained_pro_board.h,1,différé,,,,,,,,,,,,,,,,,,,,,,,,,,,,*,,,,,,,,,,,,,,,,,,
src/kernel/dev/bsp/samd20xplained_pro/dev_samd20xplained_pro_board/samd20_xplained_pro_board_clock.c,1,différé,,,,,,,,,,,,,,,,,,,,,,,,,,,,*,,,,,,,,,,,,,,,,,,
src/kernel/dev/bsp/samd20xplained_pro/dev_samd20xplained_pro_board/samd20_xplained_pro_board_conf_clocks.h,1,différé,,,,,,,,,,,,,,,,,,,,,,,,,,,,*,,,,,,,,,,,,,,,,,,
src/kernel/dev/bsp/samd20xplained_pro/dev_samd20xplained_pro_board/samd20_xplained_pro_board_init.c,1,différé,,,,,,,,,,,,,,,,,,,,,,,,,,,,*,,,,,,,,,,,,,,,,,,
src/kernel/dev/bsp/samd20xplained_pro/dev_samd20xplained_pro_peripherals/dev_samd20xplained_pro_uart_3.c,1,différé,,,,,,,,,,,,,,,,,,,,,,,,,,,,*,,,,,,,,,,,,,,,,,,
src/kernel/dev/bsp/same70xplained/dev_same70xplained_board/dev_same70xplained_board.c,1,différé,,,,,,,,,,,,,,,,,,,,,,,,,,,,,*,,,,,,,,,,,,,,,,,
src/kernel/dev/bsp/same70xplained/dev_same70xplained_board/dev_same70xplained_board.h,1,différé,,,,,,,,,,,,,,,,,,,,,,,,,,,,,*,,,,,,,,,,,,,,,,,
src/kernel/dev/bsp/same70xplained/dev_same70xplained_peripherals/dev_same70xplained_i2c_0.c,1,différé,,,,,,,,,,,,,,,,,,,,,,,,,,,,,*,,,,,,,,,,,,,,,,,
src/kernel/dev/bsp/samv71xplained_ultra/dev_samdv71xplained_ultra_board/dev_samv71xplained_ultra_board.c,1,différé,,,,,,,,,,,,,,,,,,,,,,,,,,,,,,*,,,,,,,,,,,,,,,,
src/kernel/dev/bsp/samv71xplained_ultra/dev_samdv71xplained_ultra_board/dev_samv71xplained_ultra_board.h,1,différé,,,,,,,,,,,,,,,,,,,,,,,,,,,,,,*,,,,,,,,,,,,,,,,
src/kernel/dev/bsp/samv71xplained_ultra/dev_samdv71xplained_ultra_peripherals/dev_samv71xplained_ultra_sdio.c,1,différé,,,,,,,,,,,,,,,,,,,,,,,,,,,,,,*,,,,,,,,,,,,,,,,
src/kernel/dev/bsp/samv71xplained_ultra/dev_samdv71xplained_ultra_peripherals/dev_samv71xplained_ultra_uart_4.c,1,différé,,,,,,,,,,,,,,,,,,,,,,,,,,,,,,*,,,,,,,,,,,,,,,,
src/kernel/dev/bsp/samv71xplained_ultra/dev_samdv71xplained_ultra_peripherals/dev_samv71xplained_ultra_usart_1.c,1,différé,,,,,,,,,,,,,,,,,,,,,,,,,,,,,,*,,,,,,,,,,,,,,,,
src/kernel/dev/bsp/stm32f469i-eval/dev_stm32f469i_eval_board/dev_stm32f469i_eval_board.c,1,actif,,,,,,,,,,,,,,,,,,,,,,,,,,,,,,,*,,,,,,,,,,,,,,,
src/kernel/dev/bsp/stm32f469i-eval/dev_stm32f469i_eval_board/dev_stm32f469i_eval_board.h,1,actif,,,,,,,,,,,,,,,,,,,,,,,,,,,,,,,*,,,,,,,,,,,,,,,
src/kernel/dev/bsp/stm32f469i-eval/dev_stm32f469i_eval_peripherals/dev_stm32f469i_eval_i2c_1.c,1,différé,,,,,,,,,,,,,,,,,,,,,,,,,,,,,,,Release,,,,,,,,,,,,,,,
src/kernel/dev/bsp/stm32f469i-eval/dev_stm32f469i_eval_peripherals/dev_stm32f469i_eval_spi_1.c,1,différé,,,,,,,,,,,,,,,,,,,,,,,,,,,,,,,Release,,,,,,,,,,,,,,,
src/kernel/dev/bsp/stm32f469i-eval/dev_stm32f469i_eval_peripherals/dev_stm32f469i_eval_spi_2.c,1,différé,,,,,,,,,,,,,,,,,,,,,,,,,,,,,,,Release,,,,,,,,,,,,,,,
src/kernel/dev/bsp/stm32f469i-eval/dev_stm32f469i_eval_peripherals/dev_stm32f469i_eval_usart_1.c,1,actif,,,,,,,,,,,,,,,,,,,,,,,,,,,,,,,*,,,,,,,,,,,,,,,
src/kernel/dev/bsp/stm32wl55jci_nucleo/dev_stm32wl55jci_nucleo_board/dev_stm32wl55jci_nucleo_board.c,1,différé,,,,,,,,,,,,,,,,,,,,,,,,,,,,,,,,*,*,,,,,,,,,,,,,
src/kernel/dev/bsp/stm32wl55jci_nucleo/dev_stm32wl55jci_nucleo_board/dev_stm32wl55jci_nucleo_board.h,1,différé,,,,,,,,,,,,,,,,,,,,,,,,,,,,,,,,*,*,,,,,,,,,,,,,
src/kernel/dev/bsp/stm32wl55jci_nucleo/dev_stm32wl55jci_nucleo_peripherals/dev_stm32wl55jci_nucleo_usart_2.c,1,différé,,,,,,,,,,,,,,,,,,,,,,,,,,,,,,,,*,*,,,,,,,,,,,,,
src/kernel/dev/bsp/stm32wl55jci_nucleo/dev_stm32wl55jci_nucleo_radio/dev_stm32wl55jci_nucleo_radio.c,1,différé,,,,,,,,,,,,,,,,,,,,,,,,,,,,,,,,*,*,,,,,,,,,,,,,
src/kernel/dev/bsp/stm32wl55jci_nucleo/dev_stm32wl55jci_nucleo_radio/stm32wlxx_nucleo_conf.h,1,différé,,,,,,,,,,,,,i:Debug,i:Debug,,,,,,,,,,,,,,,,,,*,*,,,,,,,,,,,,,
src/kernel/dev/bsp/stm32wl55jci_nucleo/dev_stm32wl55jci_nucleo_radio/stm32wlxx_nucleo_errno.h,1,différé,,,,,,,,,,,,,i:Debug,i:Debug,,,,,,,,,,,,,,,,,,*,*,,,,,,,,,,,,,
src/kernel/dev/bsp/stm32wl55jci_nucleo/dev_stm32wl55jci_nucleo_radio/stm32wlxx_nucleo_radio.c,1,différé,,,,,,,,,,,,,,,,,,,,,,,,,,,,,,,,*,*,,,,,,,,,,,,,
src/kernel/dev/bsp/stm32wl55jci_nucleo/dev_stm32wl55jci_nucleo_radio/stm32wlxx_nucleo_radio.h,1,différé,,,,,,,,,,,,,i:Debug,i:Debug,,,,,,,,,,,,,,,,,,*,*,,,,,,,,,,,,,
src/kernel/dev/dev_cpufs/dev_cpufs.c,1,actif,,,,,,,,,,,,,,,,,,*,*,*,*,*,*,*,,,,,,,,,,,,,,,,,,,,,,
src/kernel/dev/dev_cpufs/dev_cpufs.h,1,actif,,,,,,,,,,,,,,,,,,*,*,*,*,*,*,*,,,,,,,,,,,,,,,,,,,,,,
src/kernel/dev/dev_fb/dev_fb.c,1,actif,,,,,,,,,,,,,,,,,,,,*,*,*,*,*,,,,,,,,,,,,,,,,,,,,,,
src/kernel/dev/dev_fb/dev_fb.h,1,actif,,,,,,,,,,,,,,,,,,,,*,*,*,*,*,,,,,,,,,,,,,,,,,,,,,,
src/kernel/dev/dev_head/dev_head.c,1,actif,,,,,,,,,,,,,,,,,,*,*,*,*,*,*,*,,,,,,,,,,,,,,,,,,,,,,
src/kernel/dev/dev_mem/dev_mem.c,1,actif,,,,,,,,,,,,,,,,,,*,*,*,*,*,*,*,,,,,,,,,,,,,,,,,,,,,,
src/kernel/dev/dev_mem/dev_mem.h,1,actif,,,,,,,,,,,,,,,,,,*,*,*,*,*,*,*,,,,,,,,,,,,,,,,,,,,,,
src/kernel/dev/dev_null/dev_null.c,1,actif,,,,,,,,,,,,,,,,,,*,*,*,*,*,*,*,,,,,,,,,,,,,,,,,,,,,,
src/kernel/dev/dev_null/dev_null.h,0,,,,,,,,,,,,,,,,,,,*,*,*,*,*,*,*,,,,,,,,,,,,,,,,,,,,,,
src/kernel/dev/dev_proc/dev_proc.c,1,actif,,,,,,,,,,,,,,,,,,*,*,*,*,*,*,*,,,,,,,,,,,,,,,,,,,,,,
src/kernel/dev/dev_proc/dev_proc.h,1,actif,,,,,,,,,,,,,,,,,,*,*,*,*,*,*,*,,,,,,,,,,,,,,,,,,,,,,
src/kernel/dev/dev_tty/dev_tty.c,1,actif,,,,,,,,,,,,,,,,,,*,*,*,*,*,*,*,,,,,,,,,,,,,,,,,,,,,,
src/kernel/dev/dev_tty/tty_font-8x16.c,1,actif,,,,,,,,,,,,,,,,,,*,*,*,*,*,*,*,,,,,,,,,,,,,,,,,,,,,,
src/kernel/dev/dev_tty/tty_font-8x8.c,1,actif,,,,,,,,,,,,,,,,,,,,,*,*,*,*,,,,,,,,,,,,,,,,,,,,,,
src/kernel/dev/dev_tty/tty_font.h,1,actif,,,,,,,,,,,,,,,,,,i:*,i:*,i:*,*,*,*,*,,,,,,,,,,,,,,,,,,,,,,
src/kernel/fs/fat/fat16.c,1,actif,,,,,,,,,,,,,,,,,,,*,*,*,*,*,*,,,,,,,,,,,,,,,,,,,,,,
src/kernel/fs/fat/fat16.h,1,actif,,,,,,,,,,,,,,,,,,i:*,*,*,*,*,*,*,,,,,,,,,,,,,,,,,,,,,,
src/kernel/fs/fat/fat16_msdos.c,1,actif,,,,,,,,,,,,,,,,,,,*,*,*,*,*,*,,,,,,,,,,,,,,,,,,,,,,
src/kernel/fs/fat/fat16_vfat.c,1,actif,,,,,,,,,,,,,,,,,,,*,*,*,*,*,*,,,,,,,,,,,,,,,,,,,,,,
src/kernel/fs/fat/fatcore.c,1,actif,,,,,,,,,,,,,,,,,,,*,*,*,*,*,*,,,,,,,,,,,,,,,,,,,,,,
src/kernel/fs/fat/fatcore.h,1,actif,,,,,,,,,,,,,,,,,,,*,*,*,*,*,*,,,,,,,,,,,,,,,,,,,,,,
src/kernel/fs/fat/fatcore_msdos.c,1,actif,,,,,,,,,,,,,,,,,,,*,*,*,*,*,*,,,,,,,,,,,,,,,,,,,,,,
src/kernel/fs/fat/fatcore_msdos.h,1,actif,,,,,,,,,,,,,,,,,,,*,*,*,*,*,*,,,,,,,,,,,,,,,,,,,,,,
src/kernel/fs/fat/fatcore_vfat.c,1,actif,,,,,,,,,,,,,,,,,,,*,*,*,*,*,*,,,,,,,,,,,,,,,,,,,,,,
src/kernel/fs/fat/fatcore_vfat.h,1,actif,,,,,,,,,,,,,,,,,,,*,*,*,*,*,*,,,,,,,,,,,,,,,,,,,,,,
src/kernel/fs/fat/fatinfo.h,1,actif,i:*,i:*,,i:*,i:*,i:Debug,i:Debug;samv71-freertos-debug,,i:*,i:*,i:*,i:*,i:Debug,i:Debug,i:Debug,i:Debug,i:Debug,i:*,*,*,*,*,*,*,i:Debug,i:Debug,i:Debug,i:Debug,i:freertos-debug,i:freertos-debug,i:Debug,i:Debug,i:Debug,i:*,,,,i:firmware;firmware_injector;freertos-firmware_injector,i:firmware;firmware_injector;freertos-firmware_injector,,,,,i:Debug;freertos-debug,i:Debug;freertos-debug,
src/kernel/fs/fatfs/core/diskio.c,1,actif,,,,,,,,,,,,,,,,,,,,,*,*,*,*,,,,,,,,,,,,,,,,,,,,,,
src/kernel/fs/fatfs/core/diskio.h,1,actif,,,,,,,,,,,,,,,,,,,,,*,*,*,*,,,,,,,,,,,,,,,,,,,,,,
src/kernel/fs/fatfs/core/drivers/sd_diskio.c,1,actif,,,,,,,,,,,,,,,,,,,,,*,*,*,*,,,,,,,,,,,,,,,,,,,,,,
src/kernel/fs/fatfs/core/drivers/sd_diskio.h,1,actif,,,,,,,,,,,,,,,,,,,,,*,*,*,*,,,,,,,,,,,,,,,,,,,,,,
src/kernel/fs/fatfs/core/ff.c,1,actif,,,,,,,,,,,,,,,,,,,,,*,*,*,*,,,,,,,,,,,,,,,,,,,,,,
src/kernel/fs/fatfs/core/ff.h,1,actif,,,,,,,,,,,,,,,,,,,,,*,*,*,*,,,,,,,,,,,,,,,,,,,,,,
src/kernel/fs/fatfs/core/ff_gen_drv.c,1,actif,,,,,,,,,,,,,,,,,,,,,*,*,*,*,,,,,,,,,,,,,,,,,,,,,,
src/kernel/fs/fatfs/core/ff_gen_drv.h,1,actif,,,,,,,,,,,,,,,,,,,,,*,*,*,*,,,,,,,,,,,,,,,,,,,,,,
src/kernel/fs/fatfs/core/ffconf.h,1,actif,,,,,,,,,,,,,,,,,,,,,*,*,*,*,,,,,,,,,,,,,,,,,,,,,,
src/kernel/fs/fatfs/core/ffconf_template.h,1,actif,,,,,,,,,,,,,,,,,,,,,,*,*,*,,,,,,,,,,,,,,,,,,,,,,
src/kernel/fs/fatfs/core/integer.h,1,actif,,,,,,,,,,,,,,,,,,,,,*,*,*,*,,,,,,,,,,,,,,,,,,,,,,
src/kernel/fs/fatfs/fatfs.c,1,actif,,,,,,,,,,,,,,,,,,,,,*,*,*,*,,,,,,,,,,,,,,,,,,,,,,
src/kernel/fs/fatfs/fatfs.h,1,actif,,,,,,,,,,,,,,,,,,i:*,i:*,i:*,*,*,*,*,,,,,,,,,,,,,,,,,,,,,,
src/kernel/fs/fatfs/fatfscore.c,1,actif,,,,,,,,,,,,,,,,,,,,,*,*,*,*,,,,,,,,,,,,,,,,,,,,,,
src/kernel/fs/fatfs/fatfscore.h,1,actif,,,,,,,,,,,,,,,,,,,,,*,*,*,*,,,,,,,,,,,,,,,,,,,,,,
src/kernel/fs/kofs/kofs.c,1,actif,,,,,,,,,,,,,,,,,,*,*,*,*,*,*,*,,,,,,,,,,,,,,,,,,,,,,
src/kernel/fs/kofs/kofs.h,1,actif,,,,,,,,,,,,,,,,,,*,*,*,*,*,*,*,,,,,,,,,,,,,,,,,,,,,,
src/kernel/fs/rootfs/rootfs.c,1,actif,,,,,,,,,,,,,,,,,,*,*,*,*,*,*,*,,,,,,,,,,,,,,,,,,,,,,
src/kernel/fs/rootfs/rootfs.h,1,actif,,,,,,,,,,,,,,,,,,*,*,*,*,*,*,*,,,,,,,,,,,,,,,,,,,,,,
src/kernel/fs/rootfs/rootfscore.c,1,actif,,,,,,,,,,,,,,,,,,*,*,*,*,*,*,*,,,,,,,,,,,,,,,,,,,,,,
src/kernel/fs/rootfs/rootfscore.h,1,actif,,,,,,,,,,,,,,,,,,*,*,*,*,*,*,*,,,,,,,,,,,,,,,,,,,,,,
src/kernel/fs/ufs/ufs.c,1,actif,,,,,,,,,,,,,,,,,,*,*,*,*,*,*,*,,,,,,,,,,,,,,,,,,,,,,
src/kernel/fs/ufs/ufs.h,1,actif,,,,,,,,,,,,,,,,,,*,*,*,*,*,*,*,,,,,,,,,,,,,,,,,,,,,,
src/kernel/fs/ufs/ufscore.c,1,actif,,,,,,,,,,,,,,,,,,*,*,*,*,*,*,*,,,,,,,,,,,,,,,,,,,,,,
src/kernel/fs/ufs/ufscore.h,1,actif,,,,,,,,,,,,,,,,,,*,*,*,*,*,*,*,,,,,,,,,,,,,,,,,,,,,,
src/kernel/fs/ufs/ufsdriver.c,1,actif,,,,,,,,,,,,,,,,,,*,*,*,*,*,*,*,,,,,,,,,,,,,,,,,,,,,,
src/kernel/fs/ufs/ufsdriver.h,1,actif,,,,,,,,,,,,,,,,,,*,*,*,*,*,*,*,,,,,,,,,,,,,,,,,,,,,,
src/kernel/fs/ufs/ufsdriver_1_3.c,1,actif,,,,,,,,,,,,,,,,,,*,*,*,*,*,*,*,,,,,,,,,,,,,,,,,,,,,,
src/kernel/fs/ufs/ufsdriver_1_3.h,1,actif,,,,,,,,,,,,,,,,,,*,*,*,*,*,*,*,,,,,,,,,,,,,,,,,,,,,,
src/kernel/fs/ufs/ufsdriver_1_4.c,1,actif,,,,,,,,,,,,,,,,,,*,*,*,*,*,*,*,,,,,,,,,,,,,,,,,,,,,,
src/kernel/fs/ufs/ufsdriver_1_4.h,1,actif,,,,,,,,,,,,,,,,,,*,*,*,*,*,*,*,,,,,,,,,,,,,,,,,,,,,,
src/kernel/fs/ufs/ufsdriver_1_5.c,1,actif,,,,,,,,,,,,,,,,,,*,*,*,*,*,*,*,,,,,,,,,,,,,,,,,,,,,,
src/kernel/fs/ufs/ufsdriver_1_5.h,1,actif,,,,,,,,,,,,,,,,,,*,*,*,*,*,*,*,,,,,,,,,,,,,,,,,,,,,,
src/kernel/fs/ufs/ufsinfo.h,1,actif,i:*,i:*,,i:*,i:*,i:Debug,i:Debug;samv71-freertos-debug,,i:*,i:*,i:*,i:*,i:Debug,i:Debug,i:Debug,i:Debug,i:Debug,*,*,*,*,*,*,*,i:Debug,i:Debug,i:Debug,i:Debug,i:freertos-debug,i:freertos-debug,i:Debug,i:Debug,i:Debug,i:*,,,,i:firmware;firmware_injector;freertos-firmware_injector,i:firmware;firmware_injector;freertos-firmware_injector,,,,,i:Debug;freertos-debug,i:Debug;freertos-debug,
src/kernel/fs/ufs/ufsx.c,1,actif,,,,,,,,,,,,,,,,,,*,*,*,*,*,*,*,,,,,,,,,,,,,,,,,,,,,,
src/kernel/fs/ufs/ufsx.h,1,actif,,,,,,,,,,,,,,,,,,*,*,*,*,*,*,*,,,,,,,,,,,,,,,,,,,,,,
src/kernel/fs/vfs/vfs.c,1,actif,,,,,,,,,,,,,,,,,,*,*,*,*,*,*,*,,,,,,,,,,,,,,,,,,,,,,
src/kernel/fs/vfs/vfs.h,1,actif,,,,,,,,,,,,,,,,,,*,*,*,*,*,*,*,,,,,,,,,,,,,,,,,,,,,,
src/kernel/fs/vfs/vfscore.c,1,actif,,,,,,,,,,,,,,,,,,*,*,*,*,*,*,*,,,,,,,,,,,,,,,,,,,,,,
src/kernel/fs/vfs/vfscore.h,1,actif,,,,,,,,,,,,,,,,,,*,*,*,*,*,*,*,,,,,,,,,,,,,,,,,,,,,,
src/kernel/fs/vfs/vfsdev.c,1,actif,,,,,,,,,,,,,,,,,,*,*,*,*,*,*,*,,,,,,,,,,,,,,,,,,,,,,
src/kernel/fs/vfs/vfsdev.h,1,actif,i:*,i:*,,i:*,i:*,i:Debug,i:Debug;samv71-freertos-debug,,i:*,i:*,i:*,i:*,i:Debug,i:Debug,i:Debug,i:Debug,i:Debug,*,*,*,*,*,*,*,i:Debug,i:Debug,i:Debug,i:Debug,i:freertos-debug,i:freertos-debug,i:Debug,i:Debug,i:Debug,i:*,,,,i:firmware;firmware_injector;freertos-firmware_injector,i:firmware;firmware_injector;freertos-firmware_injector,,,,,i:Debug;freertos-debug,i:Debug;freertos-debug,
src/kernel/fs/vfs/vfskernel.c,1,actif,,,,,,,,,,,,,,,,,,*,*,*,*,*,*,*,,,,,,,,,,,,,,,,,,,,,,
src/kernel/fs/vfs/vfskernel.h,1,actif,,,,,,,,,,,,,,,i:Debug,i:Debug,i:Debug,*,*,*,*,*,*,*,,,,,,,,,,,,,,,,,,,,,,
src/kernel/fs/vfs/vfstypes.h,1,actif,i:*,i:*,,i:*,i:*,i:Debug,i:Debug;samv71-freertos-debug,,i:*,i:*,i:*,i:*,i:Debug,i:Debug,i:Debug,i:Debug,i:Debug,*,*,*,*,*,*,*,i:Debug,i:Debug,i:Debug,i:Debug,i:freertos-debug,i:freertos-debug,i:Debug,i:Debug,i:Debug,i:*,,,,i:firmware;firmware_injector;freertos-firmware_injector,i:firmware;firmware_injector;freertos-firmware_injector,,,,,i:Debug;freertos-debug,i:Debug;freertos-debug,
src/kernel/fs/yaffs/yaffsinfo.h,1,actif,i:*,i:*,,i:*,i:*,i:Debug,i:Debug;samv71-freertos-debug,,i:*,i:*,i:*,i:*,i:Debug,i:Debug,i:Debug,i:Debug,i:Debug,i:*,i:*,i:*,i:*,i:*,i:*,i:*,i:Debug,i:Debug,i:Debug,i:Debug,i:freertos-debug,i:freertos-debug,i:Debug,i:Debug,i:Debug,i:*,,,,i:firmware;firmware_injector;freertos-firmware_injector,i:firmware;firmware_injector;freertos-firmware_injector,,,,,i:Debug;freertos-debug,i:Debug;freertos-debug,
src/kernel/net/lwip/api/api_lib.c,1,actif,,,,,,,,,,,,,,,,,,*,,lib-debug;tauon-kernel-arm926ejs-debug;tauon-kernel-arm926ejs-freertos-debug;tauon-kernel-cortex-m4-debug,lib-debug;tauon-kernel-arm926ejs-debug;tauon-kernel-arm926ejs-freertos-debug;tauon-kernel-cortex-m0+-freertos-debug;tauon-kernel-cortex-m4-debug;tauon-kernel-cortex-m4f-freertos-debug,lib-debug;tauon-kernel-arm926ejs-debug;tauon-kernel-arm926ejs-freertos-debug;tauon-kernel-cortex-m0+-freertos-debug;tauon-kernel-cortex-m4-debug;tauon-kernel-cortex-m4f-freertos-debug;tauon-kernel-cortex-m4m7-freertosv9-debug;tauon-kernel-cortex-m7-debug,lib-debug;tauon-kernel-arm926ejs-debug;tauon-kernel-arm926ejs-freertos-debug;tauon-kernel-cortex-m0+-freertos-debug;tauon-kernel-cortex-m4-debug;tauon-kernel-cortex-m4f-freertos-debug;tauon-kernel-cortex-m4m7-freertosv9-debug;tauon-kernel-cortex-m7-debug,lib-debug;tauon-kernel-arm926ejs-debug;tauon-kernel-arm926ejs-freertos-debug;tauon-kernel-cortex-m0+-freertos-debug;tauon-kernel-cortex-m4-debug;tauon-kernel-cortex-m4f-freertos-debug;tauon-kernel-cortex-m4m7-freertosv9-debug;tauon-kernel-cortex-m7-debug,,,,,,,,,,,,,,,,,,,,,,
src/kernel/net/lwip/api/api_msg.c,1,actif,,,,,,,,,,,,,,,,,,*,,lib-debug;tauon-kernel-arm926ejs-debug;tauon-kernel-arm926ejs-freertos-debug;tauon-kernel-cortex-m4-debug,lib-debug;tauon-kernel-arm926ejs-debug;tauon-kernel-arm926ejs-freertos-debug;tauon-kernel-cortex-m0+-freertos-debug;tauon-kernel-cortex-m4-debug;tauon-kernel-cortex-m4f-freertos-debug,lib-debug;tauon-kernel-arm926ejs-debug;tauon-kernel-arm926ejs-freertos-debug;tauon-kernel-cortex-m0+-freertos-debug;tauon-kernel-cortex-m4-debug;tauon-kernel-cortex-m4f-freertos-debug;tauon-kernel-cortex-m4m7-freertosv9-debug;tauon-kernel-cortex-m7-debug,lib-debug;tauon-kernel-arm926ejs-debug;tauon-kernel-arm926ejs-freertos-debug;tauon-kernel-cortex-m0+-freertos-debug;tauon-kernel-cortex-m4-debug;tauon-kernel-cortex-m4f-freertos-debug;tauon-kernel-cortex-m4m7-freertosv9-debug;tauon-kernel-cortex-m7-debug,lib-debug;tauon-kernel-arm926ejs-debug;tauon-kernel-arm926ejs-freertos-debug;tauon-kernel-cortex-m0+-freertos-debug;tauon-kernel-cortex-m4-debug;tauon-kernel-cortex-m4f-freertos-debug;tauon-kernel-cortex-m4m7-freertosv9-debug;tauon-kernel-cortex-m7-debug,,,,,,,,,,,,,,,,,,,,,,
src/kernel/net/lwip/api/err.c,1,actif,,,,,,,,,,,,,,,,,,*,,lib-debug;tauon-kernel-arm926ejs-debug;tauon-kernel-arm926ejs-freertos-debug;tauon-kernel-cortex-m4-debug,lib-debug;tauon-kernel-arm926ejs-debug;tauon-kernel-arm926ejs-freertos-debug;tauon-kernel-cortex-m0+-freertos-debug;tauon-kernel-cortex-m4-debug;tauon-kernel-cortex-m4f-freertos-debug,lib-debug;tauon-kernel-arm926ejs-debug;tauon-kernel-arm926ejs-freertos-debug;tauon-kernel-cortex-m0+-freertos-debug;tauon-kernel-cortex-m4-debug;tauon-kernel-cortex-m4f-freertos-debug;tauon-kernel-cortex-m4m7-freertosv9-debug;tauon-kernel-cortex-m7-debug,lib-debug;tauon-kernel-arm926ejs-debug;tauon-kernel-arm926ejs-freertos-debug;tauon-kernel-cortex-m0+-freertos-debug;tauon-kernel-cortex-m4-debug;tauon-kernel-cortex-m4f-freertos-debug;tauon-kernel-cortex-m4m7-freertosv9-debug;tauon-kernel-cortex-m7-debug,lib-debug;tauon-kernel-arm926ejs-debug;tauon-kernel-arm926ejs-freertos-debug;tauon-kernel-cortex-m0+-freertos-debug;tauon-kernel-cortex-m4-debug;tauon-kernel-cortex-m4f-freertos-debug;tauon-kernel-cortex-m4m7-freertosv9-debug;tauon-kernel-cortex-m7-debug,,,,,,,,,,,,,,,,,,,,,,
src/kernel/net/lwip/api/netbuf.c,1,actif,,,,,,,,,,,,,,,,,,*,,lib-debug;tauon-kernel-arm926ejs-debug;tauon-kernel-arm926ejs-freertos-debug;tauon-kernel-cortex-m4-debug,lib-debug;tauon-kernel-arm926ejs-debug;tauon-kernel-arm926ejs-freertos-debug;tauon-kernel-cortex-m0+-freertos-debug;tauon-kernel-cortex-m4-debug;tauon-kernel-cortex-m4f-freertos-debug,lib-debug;tauon-kernel-arm926ejs-debug;tauon-kernel-arm926ejs-freertos-debug;tauon-kernel-cortex-m0+-freertos-debug;tauon-kernel-cortex-m4-debug;tauon-kernel-cortex-m4f-freertos-debug;tauon-kernel-cortex-m4m7-freertosv9-debug;tauon-kernel-cortex-m7-debug,lib-debug;tauon-kernel-arm926ejs-debug;tauon-kernel-arm926ejs-freertos-debug;tauon-kernel-cortex-m0+-freertos-debug;tauon-kernel-cortex-m4-debug;tauon-kernel-cortex-m4f-freertos-debug;tauon-kernel-cortex-m4m7-freertosv9-debug;tauon-kernel-cortex-m7-debug,lib-debug;tauon-kernel-arm926ejs-debug;tauon-kernel-arm926ejs-freertos-debug;tauon-kernel-cortex-m0+-freertos-debug;tauon-kernel-cortex-m4-debug;tauon-kernel-cortex-m4f-freertos-debug;tauon-kernel-cortex-m4m7-freertosv9-debug;tauon-kernel-cortex-m7-debug,,,,,,,,,,,,,,,,,,,,,,
src/kernel/net/lwip/api/netdb.c,1,actif,,,,,,,,,,,,,,,,,,*,,lib-debug;tauon-kernel-arm926ejs-debug;tauon-kernel-arm926ejs-freertos-debug;tauon-kernel-cortex-m4-debug,lib-debug;tauon-kernel-arm926ejs-debug;tauon-kernel-arm926ejs-freertos-debug;tauon-kernel-cortex-m0+-freertos-debug;tauon-kernel-cortex-m4-debug;tauon-kernel-cortex-m4f-freertos-debug,lib-debug;tauon-kernel-arm926ejs-debug;tauon-kernel-arm926ejs-freertos-debug;tauon-kernel-cortex-m0+-freertos-debug;tauon-kernel-cortex-m4-debug;tauon-kernel-cortex-m4f-freertos-debug;tauon-kernel-cortex-m4m7-freertosv9-debug;tauon-kernel-cortex-m7-debug,lib-debug;tauon-kernel-arm926ejs-debug;tauon-kernel-arm926ejs-freertos-debug;tauon-kernel-cortex-m0+-freertos-debug;tauon-kernel-cortex-m4-debug;tauon-kernel-cortex-m4f-freertos-debug;tauon-kernel-cortex-m4m7-freertosv9-debug;tauon-kernel-cortex-m7-debug,lib-debug;tauon-kernel-arm926ejs-debug;tauon-kernel-arm926ejs-freertos-debug;tauon-kernel-cortex-m0+-freertos-debug;tauon-kernel-cortex-m4-debug;tauon-kernel-cortex-m4f-freertos-debug;tauon-kernel-cortex-m4m7-freertosv9-debug;tauon-kernel-cortex-m7-debug,,,,,,,,,,,,,,,,,,,,,,
src/kernel/net/lwip/api/netifapi.c,1,actif,,,,,,,,,,,,,,,,,,*,,lib-debug;tauon-kernel-arm926ejs-debug;tauon-kernel-arm926ejs-freertos-debug;tauon-kernel-cortex-m4-debug,lib-debug;tauon-kernel-arm926ejs-debug;tauon-kernel-arm926ejs-freertos-debug;tauon-kernel-cortex-m0+-freertos-debug;tauon-kernel-cortex-m4-debug;tauon-kernel-cortex-m4f-freertos-debug,lib-debug;tauon-kernel-arm926ejs-debug;tauon-kernel-arm926ejs-freertos-debug;tauon-kernel-cortex-m0+-freertos-debug;tauon-kernel-cortex-m4-debug;tauon-kernel-cortex-m4f-freertos-debug;tauon-kernel-cortex-m4m7-freertosv9-debug;tauon-kernel-cortex-m7-debug,lib-debug;tauon-kernel-arm926ejs-debug;tauon-kernel-arm926ejs-freertos-debug;tauon-kernel-cortex-m0+-freertos-debug;tauon-kernel-cortex-m4-debug;tauon-kernel-cortex-m4f-freertos-debug;tauon-kernel-cortex-m4m7-freertosv9-debug;tauon-kernel-cortex-m7-debug,lib-debug;tauon-kernel-arm926ejs-debug;tauon-kernel-arm926ejs-freertos-debug;tauon-kernel-cortex-m0+-freertos-debug;tauon-kernel-cortex-m4-debug;tauon-kernel-cortex-m4f-freertos-debug;tauon-kernel-cortex-m4m7-freertosv9-debug;tauon-kernel-cortex-m7-debug,,,,,,,,,,,,,,,,,,,,,,
src/kernel/net/lwip/api/sockets.c,1,actif,,,,,,,,,,,,,,,,,,,,,,lib-debug;tauon-kernel-arm926ejs-debug;tauon-kernel-arm926ejs-freertos-debug;tauon-kernel-cortex-m0+-freertos-debug;tauon-kernel-cortex-m4-debug;tauon-kernel-cortex-m4f-freertos-debug;tauon-kernel-cortex-m4m7-freertosv9-debug;tauon-kernel-cortex-m7-debug,lib-debug;tauon-kernel-arm926ejs-debug;tauon-kernel-arm926ejs-freertos-debug;tauon-kernel-cortex-m0+-freertos-debug;tauon-kernel-cortex-m4-debug;tauon-kernel-cortex-m4f-freertos-debug;tauon-kernel-cortex-m4m7-freertosv9-debug;tauon-kernel-cortex-m7-debug,lib-debug;tauon-kernel-arm926ejs-debug;tauon-kernel-arm926ejs-freertos-debug;tauon-kernel-cortex-m0+-freertos-debug;tauon-kernel-cortex-m4-debug;tauon-kernel-cortex-m4f-freertos-debug;tauon-kernel-cortex-m4m7-freertosv9-debug;tauon-kernel-cortex-m7-debug,,,,,,,,,,,,,,,,,,,,,,
src/kernel/net/lwip/api/tcpip.c,1,actif,,,,,,,,,,,,,,,,,,*,,lib-debug;tauon-kernel-arm926ejs-debug;tauon-kernel-arm926ejs-freertos-debug;tauon-kernel-cortex-m4-debug,lib-debug;tauon-kernel-arm926ejs-debug;tauon-kernel-arm926ejs-freertos-debug;tauon-kernel-cortex-m0+-freertos-debug;tauon-kernel-cortex-m4-debug;tauon-kernel-cortex-m4f-freertos-debug,lib-debug;tauon-kernel-arm926ejs-debug;tauon-kernel-arm926ejs-freertos-debug;tauon-kernel-cortex-m0+-freertos-debug;tauon-kernel-cortex-m4-debug;tauon-kernel-cortex-m4f-freertos-debug;tauon-kernel-cortex-m4m7-freertosv9-debug;tauon-kernel-cortex-m7-debug,lib-debug;tauon-kernel-arm926ejs-debug;tauon-kernel-arm926ejs-freertos-debug;tauon-kernel-cortex-m0+-freertos-debug;tauon-kernel-cortex-m4-debug;tauon-kernel-cortex-m4f-freertos-debug;tauon-kernel-cortex-m4m7-freertosv9-debug;tauon-kernel-cortex-m7-debug,lib-debug;tauon-kernel-arm926ejs-debug;tauon-kernel-arm926ejs-freertos-debug;tauon-kernel-cortex-m0+-freertos-debug;tauon-kernel-cortex-m4-debug;tauon-kernel-cortex-m4f-freertos-debug;tauon-kernel-cortex-m4m7-freertosv9-debug;tauon-kernel-cortex-m7-debug,,,,,,,,,,,,,,,,,,,,,,
src/kernel/net/lwip/core/def.c,1,actif,,,,,,,,,,,,,,,,,,,,,,lib-debug;tauon-kernel-arm926ejs-debug;tauon-kernel-arm926ejs-freertos-debug;tauon-kernel-cortex-m0+-freertos-debug;tauon-kernel-cortex-m4-debug;tauon-kernel-cortex-m4f-freertos-debug;tauon-kernel-cortex-m4m7-freertosv9-debug;tauon-kernel-cortex-m7-debug,lib-debug;tauon-kernel-arm926ejs-debug;tauon-kernel-arm926ejs-freertos-debug;tauon-kernel-cortex-m0+-freertos-debug;tauon-kernel-cortex-m4-debug;tauon-kernel-cortex-m4f-freertos-debug;tauon-kernel-cortex-m4m7-freertosv9-debug;tauon-kernel-cortex-m7-debug,lib-debug;tauon-kernel-arm926ejs-debug;tauon-kernel-arm926ejs-freertos-debug;tauon-kernel-cortex-m0+-freertos-debug;tauon-kernel-cortex-m4-debug;tauon-kernel-cortex-m4f-freertos-debug;tauon-kernel-cortex-m4m7-freertosv9-debug;tauon-kernel-cortex-m7-debug,,,,,,,,,,,,,,,,,,,,,,
src/kernel/net/lwip/core/dhcp.c,0,,,,,,,,,,,,,,,,,,,*,,lib-debug;tauon-kernel-arm926ejs-debug;tauon-kernel-arm926ejs-freertos-debug;tauon-kernel-cortex-m4-debug,lib-debug;tauon-kernel-arm926ejs-debug;tauon-kernel-arm926ejs-freertos-debug;tauon-kernel-cortex-m0+-freertos-debug;tauon-kernel-cortex-m4-debug;tauon-kernel-cortex-m4f-freertos-debug,,,,,,,,,,,,,,,,,,,,,,,,,
src/kernel/net/lwip/core/dns.c,1,actif,,,,,,,,,,,,,,,,,,*,,lib-debug;tauon-kernel-arm926ejs-debug;tauon-kernel-arm926ejs-freertos-debug;tauon-kernel-cortex-m4-debug,lib-debug;tauon-kernel-arm926ejs-debug;tauon-kernel-arm926ejs-freertos-debug;tauon-kernel-cortex-m0+-freertos-debug;tauon-kernel-cortex-m4-debug;tauon-kernel-cortex-m4f-freertos-debug,lib-debug;tauon-kernel-arm926ejs-debug;tauon-kernel-arm926ejs-freertos-debug;tauon-kernel-cortex-m0+-freertos-debug;tauon-kernel-cortex-m4-debug;tauon-kernel-cortex-m4f-freertos-debug;tauon-kernel-cortex-m4m7-freertosv9-debug;tauon-kernel-cortex-m7-debug,lib-debug;tauon-kernel-arm926ejs-debug;tauon-kernel-arm926ejs-freertos-debug;tauon-kernel-cortex-m0+-freertos-debug;tauon-kernel-cortex-m4-debug;tauon-kernel-cortex-m4f-freertos-debug;tauon-kernel-cortex-m4m7-freertosv9-debug;tauon-kernel-cortex-m7-debug,lib-debug;tauon-kernel-arm926ejs-debug;tauon-kernel-arm926ejs-freertos-debug;tauon-kernel-cortex-m0+-freertos-debug;tauon-kernel-cortex-m4-debug;tauon-kernel-cortex-m4f-freertos-debug;tauon-kernel-cortex-m4m7-freertosv9-debug;tauon-kernel-cortex-m7-debug,,,,,,,,,,,,,,,,,,,,,,
src/kernel/net/lwip/core/inet_chksum.c,1,actif,,,,,,,,,,,,,,,,,,,,,,lib-debug;tauon-kernel-arm926ejs-debug;tauon-kernel-arm926ejs-freertos-debug;tauon-kernel-cortex-m0+-freertos-debug;tauon-kernel-cortex-m4-debug;tauon-kernel-cortex-m4f-freertos-debug;tauon-kernel-cortex-m4m7-freertosv9-debug;tauon-kernel-cortex-m7-debug,lib-debug;tauon-kernel-arm926ejs-debug;tauon-kernel-arm926ejs-freertos-debug;tauon-kernel-cortex-m0+-freertos-debug;tauon-kernel-cortex-m4-debug;tauon-kernel-cortex-m4f-freertos-debug;tauon-kernel-cortex-m4m7-freertosv9-debug;tauon-kernel-cortex-m7-debug,lib-debug;tauon-kernel-arm926ejs-debug;tauon-kernel-arm926ejs-freertos-debug;tauon-kernel-cortex-m0+-freertos-debug;tauon-kernel-cortex-m4-debug;tauon-kernel-cortex-m4f-freertos-debug;tauon-kernel-cortex-m4m7-freertosv9-debug;tauon-kernel-cortex-m7-debug,,,,,,,,,,,,,,,,,,,,,,
src/kernel/net/lwip/core/init.c,1,actif,,,,,,,,,,,,,,,,,,*,,lib-debug;tauon-kernel-arm926ejs-debug;tauon-kernel-arm926ejs-freertos-debug;tauon-kernel-cortex-m4-debug,lib-debug;tauon-kernel-arm926ejs-debug;tauon-kernel-arm926ejs-freertos-debug;tauon-kernel-cortex-m0+-freertos-debug;tauon-kernel-cortex-m4-debug;tauon-kernel-cortex-m4f-freertos-debug,lib-debug;tauon-kernel-arm926ejs-debug;tauon-kernel-arm926ejs-freertos-debug;tauon-kernel-cortex-m0+-freertos-debug;tauon-kernel-cortex-m4-debug;tauon-kernel-cortex-m4f-freertos-debug;tauon-kernel-cortex-m4m7-freertosv9-debug;tauon-kernel-cortex-m7-debug,lib-debug;tauon-kernel-arm926ejs-debug;tauon-kernel-arm926ejs-freertos-debug;tauon-kernel-cortex-m0+-freertos-debug;tauon-kernel-cortex-m4-debug;tauon-kernel-cortex-m4f-freertos-debug;tauon-kernel-cortex-m4m7-freertosv9-debug;tauon-kernel-cortex-m7-debug,lib-debug;tauon-kernel-arm926ejs-debug;tauon-kernel-arm926ejs-freertos-debug;tauon-kernel-cortex-m0+-freertos-debug;tauon-kernel-cortex-m4-debug;tauon-kernel-cortex-m4f-freertos-debug;tauon-kernel-cortex-m4m7-freertosv9-debug;tauon-kernel-cortex-m7-debug,,,,,,,,,,,,,,,,,,,,,,
src/kernel/net/lwip/core/ip.c,1,actif,,,,,,,,,,,,,,,,,,,,,,lib-debug;tauon-kernel-arm926ejs-debug;tauon-kernel-arm926ejs-freertos-debug;tauon-kernel-cortex-m0+-freertos-debug;tauon-kernel-cortex-m4-debug;tauon-kernel-cortex-m4f-freertos-debug;tauon-kernel-cortex-m4m7-freertosv9-debug;tauon-kernel-cortex-m7-debug,lib-debug;tauon-kernel-arm926ejs-debug;tauon-kernel-arm926ejs-freertos-debug;tauon-kernel-cortex-m0+-freertos-debug;tauon-kernel-cortex-m4-debug;tauon-kernel-cortex-m4f-freertos-debug;tauon-kernel-cortex-m4m7-freertosv9-debug;tauon-kernel-cortex-m7-debug,lib-debug;tauon-kernel-arm926ejs-debug;tauon-kernel-arm926ejs-freertos-debug;tauon-kernel-cortex-m0+-freertos-debug;tauon-kernel-cortex-m4-debug;tauon-kernel-cortex-m4f-freertos-debug;tauon-kernel-cortex-m4m7-freertosv9-debug;tauon-kernel-cortex-m7-debug,,,,,,,,,,,,,,,,,,,,,,
src/kernel/net/lwip/core/ipv4/autoip.c,1,actif,,,,,,,,,,,,,,,,,,*,,lib-debug;tauon-kernel-arm926ejs-debug;tauon-kernel-arm926ejs-freertos-debug;tauon-kernel-cortex-m4-debug,lib-debug;tauon-kernel-arm926ejs-debug;tauon-kernel-arm926ejs-freertos-debug;tauon-kernel-cortex-m0+-freertos-debug;tauon-kernel-cortex-m4-debug;tauon-kernel-cortex-m4f-freertos-debug,lib-debug;tauon-kernel-arm926ejs-debug;tauon-kernel-arm926ejs-freertos-debug;tauon-kernel-cortex-m0+-freertos-debug;tauon-kernel-cortex-m4-debug;tauon-kernel-cortex-m4f-freertos-debug;tauon-kernel-cortex-m4m7-freertosv9-debug;tauon-kernel-cortex-m7-debug,lib-debug;tauon-kernel-arm926ejs-debug;tauon-kernel-arm926ejs-freertos-debug;tauon-kernel-cortex-m0+-freertos-debug;tauon-kernel-cortex-m4-debug;tauon-kernel-cortex-m4f-freertos-debug;tauon-kernel-cortex-m4m7-freertosv9-debug;tauon-kernel-cortex-m7-debug,lib-debug;tauon-kernel-arm926ejs-debug;tauon-kernel-arm926ejs-freertos-debug;tauon-kernel-cortex-m0+-freertos-debug;tauon-kernel-cortex-m4-debug;tauon-kernel-cortex-m4f-freertos-debug;tauon-kernel-cortex-m4m7-freertosv9-debug;tauon-kernel-cortex-m7-debug,,,,,,,,,,,,,,,,,,,,,,
src/kernel/net/lwip/core/ipv4/dhcp.c,1,actif,,,,,,,,,,,,,,,,,,,,,,lib-debug;tauon-kernel-arm926ejs-debug;tauon-kernel-arm926ejs-freertos-debug;tauon-kernel-cortex-m0+-freertos-debug;tauon-kernel-cortex-m4-debug;tauon-kernel-cortex-m4f-freertos-debug;tauon-kernel-cortex-m4m7-freertosv9-debug;tauon-kernel-cortex-m7-debug,lib-debug;tauon-kernel-arm926ejs-debug;tauon-kernel-arm926ejs-freertos-debug;tauon-kernel-cortex-m0+-freertos-debug;tauon-kernel-cortex-m4-debug;tauon-kernel-cortex-m4f-freertos-debug;tauon-kernel-cortex-m4m7-freertosv9-debug;tauon-kernel-cortex-m7-debug,lib-debug;tauon-kernel-arm926ejs-debug;tauon-kernel-arm926ejs-freertos-debug;tauon-kernel-cortex-m0+-freertos-debug;tauon-kernel-cortex-m4-debug;tauon-kernel-cortex-m4f-freertos-debug;tauon-kernel-cortex-m4m7-freertosv9-debug;tauon-kernel-cortex-m7-debug,,,,,,,,,,,,,,,,,,,,,,
src/kernel/net/lwip/core/ipv4/etharp.c,1,actif,,,,,,,,,,,,,,,,,,,,,,lib-debug;tauon-kernel-arm926ejs-debug;tauon-kernel-arm926ejs-freertos-debug;tauon-kernel-cortex-m0+-freertos-debug;tauon-kernel-cortex-m4-debug;tauon-kernel-cortex-m4f-freertos-debug;tauon-kernel-cortex-m4m7-freertosv9-debug;tauon-kernel-cortex-m7-debug,lib-debug;tauon-kernel-arm926ejs-debug;tauon-kernel-arm926ejs-freertos-debug;tauon-kernel-cortex-m0+-freertos-debug;tauon-kernel-cortex-m4-debug;tauon-kernel-cortex-m4f-freertos-debug;tauon-kernel-cortex-m4m7-freertosv9-debug;tauon-kernel-cortex-m7-debug,lib-debug;tauon-kernel-arm926ejs-debug;tauon-kernel-arm926ejs-freertos-debug;tauon-kernel-cortex-m0+-freertos-debug;tauon-kernel-cortex-m4-debug;tauon-kernel-cortex-m4f-freertos-debug;tauon-kernel-cortex-m4m7-freertosv9-debug;tauon-kernel-cortex-m7-debug,,,,,,,,,,,,,,,,,,,,,,
src/kernel/net/lwip/core/ipv4/icmp.c,1,actif,,,,,,,,,,,,,,,,,,*,,lib-debug;tauon-kernel-arm926ejs-debug;tauon-kernel-arm926ejs-freertos-debug;tauon-kernel-cortex-m4-debug,lib-debug;tauon-kernel-arm926ejs-debug;tauon-kernel-arm926ejs-freertos-debug;tauon-kernel-cortex-m0+-freertos-debug;tauon-kernel-cortex-m4-debug;tauon-kernel-cortex-m4f-freertos-debug,lib-debug;tauon-kernel-arm926ejs-debug;tauon-kernel-arm926ejs-freertos-debug;tauon-kernel-cortex-m0+-freertos-debug;tauon-kernel-cortex-m4-debug;tauon-kernel-cortex-m4f-freertos-debug;tauon-kernel-cortex-m4m7-freertosv9-debug;tauon-kernel-cortex-m7-debug,lib-debug;tauon-kernel-arm926ejs-debug;tauon-kernel-arm926ejs-freertos-debug;tauon-kernel-cortex-m0+-freertos-debug;tauon-kernel-cortex-m4-debug;tauon-kernel-cortex-m4f-freertos-debug;tauon-kernel-cortex-m4m7-freertosv9-debug;tauon-kernel-cortex-m7-debug,lib-debug;tauon-kernel-arm926ejs-debug;tauon-kernel-arm926ejs-freertos-debug;tauon-kernel-cortex-m0+-freertos-debug;tauon-kernel-cortex-m4-debug;tauon-kernel-cortex-m4f-freertos-debug;tauon-kernel-cortex-m4m7-freertosv9-debug;tauon-kernel-cortex-m7-debug,,,,,,,,,,,,,,,,,,,,,,
src/kernel/net/lwip/core/ipv4/igmp.c,1,actif,,,,,,,,,,,,,,,,,,*,,lib-debug;tauon-kernel-arm926ejs-debug;tauon-kernel-arm926ejs-freertos-debug;tauon-kernel-cortex-m4-debug,lib-debug;tauon-kernel-arm926ejs-debug;tauon-kernel-arm926ejs-freertos-debug;tauon-kernel-cortex-m0+-freertos-debug;tauon-kernel-cortex-m4-debug;tauon-kernel-cortex-m4f-freertos-debug,lib-debug;tauon-kernel-arm926ejs-debug;tauon-kernel-arm926ejs-freertos-debug;tauon-kernel-cortex-m0+-freertos-debug;tauon-kernel-cortex-m4-debug;tauon-kernel-cortex-m4f-freertos-debug;tauon-kernel-cortex-m4m7-freertosv9-debug;tauon-kernel-cortex-m7-debug,lib-debug;tauon-kernel-arm926ejs-debug;tauon-kernel-arm926ejs-freertos-debug;tauon-kernel-cortex-m0+-freertos-debug;tauon-kernel-cortex-m4-debug;tauon-kernel-cortex-m4f-freertos-debug;tauon-kernel-cortex-m4m7-freertosv9-debug;tauon-kernel-cortex-m7-debug,lib-debug;tauon-kernel-arm926ejs-debug;tauon-kernel-arm926ejs-freertos-debug;tauon-kernel-cortex-m0+-freertos-debug;tauon-kernel-cortex-m4-debug;tauon-kernel-cortex-m4f-freertos-debug;tauon-kernel-cortex-m4m7-freertosv9-debug;tauon-kernel-cortex-m7-debug,,,,,,,,,,,,,,,,,,,,,,
src/kernel/net/lwip/core/ipv4/inet.c,0,,,,,,,,,,,,,,,,,,,*,,lib-debug;tauon-kernel-arm926ejs-debug;tauon-kernel-arm926ejs-freertos-debug;tauon-kernel-cortex-m4-debug,lib-debug;tauon-kernel-arm926ejs-debug;tauon-kernel-arm926ejs-freertos-debug;tauon-kernel-cortex-m0+-freertos-debug;tauon-kernel-cortex-m4-debug;tauon-kernel-cortex-m4f-freertos-debug,,,,,,,,,,,,,,,,,,,,,,,,,
src/kernel/net/lwip/core/ipv4/inet_chksum.c,0,,,,,,,,,,,,,,,,,,,*,,lib-debug;tauon-kernel-arm926ejs-debug;tauon-kernel-arm926ejs-freertos-debug;tauon-kernel-cortex-m4-debug,lib-debug;tauon-kernel-arm926ejs-debug;tauon-kernel-arm926ejs-freertos-debug;tauon-kernel-cortex-m0+-freertos-debug;tauon-kernel-cortex-m4-debug;tauon-kernel-cortex-m4f-freertos-debug,,,,,,,,,,,,,,,,,,,,,,,,,
src/kernel/net/lwip/core/ipv4/ip.c,0,,,,,,,,,,,,,,,,,,,*,,lib-debug;tauon-kernel-arm926ejs-debug;tauon-kernel-arm926ejs-freertos-debug;tauon-kernel-cortex-m4-debug,lib-debug;tauon-kernel-arm926ejs-debug;tauon-kernel-arm926ejs-freertos-debug;tauon-kernel-cortex-m0+-freertos-debug;tauon-kernel-cortex-m4-debug;tauon-kernel-cortex-m4f-freertos-debug,,,,,,,,,,,,,,,,,,,,,,,,,
src/kernel/net/lwip/core/ipv4/ip4.c,1,actif,,,,,,,,,,,,,,,,,,,,,,lib-debug;tauon-kernel-arm926ejs-debug;tauon-kernel-arm926ejs-freertos-debug;tauon-kernel-cortex-m0+-freertos-debug;tauon-kernel-cortex-m4-debug;tauon-kernel-cortex-m4f-freertos-debug;tauon-kernel-cortex-m4m7-freertosv9-debug;tauon-kernel-cortex-m7-debug,lib-debug;tauon-kernel-arm926ejs-debug;tauon-kernel-arm926ejs-freertos-debug;tauon-kernel-cortex-m0+-freertos-debug;tauon-kernel-cortex-m4-debug;tauon-kernel-cortex-m4f-freertos-debug;tauon-kernel-cortex-m4m7-freertosv9-debug;tauon-kernel-cortex-m7-debug,lib-debug;tauon-kernel-arm926ejs-debug;tauon-kernel-arm926ejs-freertos-debug;tauon-kernel-cortex-m0+-freertos-debug;tauon-kernel-cortex-m4-debug;tauon-kernel-cortex-m4f-freertos-debug;tauon-kernel-cortex-m4m7-freertosv9-debug;tauon-kernel-cortex-m7-debug,,,,,,,,,,,,,,,,,,,,,,
src/kernel/net/lwip/core/ipv4/ip4_addr.c,1,actif,,,,,,,,,,,,,,,,,,,,,,lib-debug;tauon-kernel-arm926ejs-debug;tauon-kernel-arm926ejs-freertos-debug;tauon-kernel-cortex-m0+-freertos-debug;tauon-kernel-cortex-m4-debug;tauon-kernel-cortex-m4f-freertos-debug;tauon-kernel-cortex-m4m7-freertosv9-debug;tauon-kernel-cortex-m7-debug,lib-debug;tauon-kernel-arm926ejs-debug;tauon-kernel-arm926ejs-freertos-debug;tauon-kernel-cortex-m0+-freertos-debug;tauon-kernel-cortex-m4-debug;tauon-kernel-cortex-m4f-freertos-debug;tauon-kernel-cortex-m4m7-freertosv9-debug;tauon-kernel-cortex-m7-debug,lib-debug;tauon-kernel-arm926ejs-debug;tauon-kernel-arm926ejs-freertos-debug;tauon-kernel-cortex-m0+-freertos-debug;tauon-kernel-cortex-m4-debug;tauon-kernel-cortex-m4f-freertos-debug;tauon-kernel-cortex-m4m7-freertosv9-debug;tauon-kernel-cortex-m7-debug,,,,,,,,,,,,,,,,,,,,,,
src/kernel/net/lwip/core/ipv4/ip4_frag.c,1,actif,,,,,,,,,,,,,,,,,,,,,,lib-debug;tauon-kernel-arm926ejs-debug;tauon-kernel-arm926ejs-freertos-debug;tauon-kernel-cortex-m0+-freertos-debug;tauon-kernel-cortex-m4-debug;tauon-kernel-cortex-m4f-freertos-debug;tauon-kernel-cortex-m4m7-freertosv9-debug;tauon-kernel-cortex-m7-debug,lib-debug;tauon-kernel-arm926ejs-debug;tauon-kernel-arm926ejs-freertos-debug;tauon-kernel-cortex-m0+-freertos-debug;tauon-kernel-cortex-m4-debug;tauon-kernel-cortex-m4f-freertos-debug;tauon-kernel-cortex-m4m7-freertosv9-debug;tauon-kernel-cortex-m7-debug,lib-debug;tauon-kernel-arm926ejs-debug;tauon-kernel-arm926ejs-freertos-debug;tauon-kernel-cortex-m0+-freertos-debug;tauon-kernel-cortex-m4-debug;tauon-kernel-cortex-m4f-freertos-debug;tauon-kernel-cortex-m4m7-freertosv9-debug;tauon-kernel-cortex-m7-debug,,,,,,,,,,,,,,,,,,,,,,
src/kernel/net/lwip/core/ipv4/ip_addr.c,0,,,,,,,,,,,,,,,,,,,*,,lib-debug;tauon-kernel-arm926ejs-debug;tauon-kernel-arm926ejs-freertos-debug;tauon-kernel-cortex-m4-debug,lib-debug;tauon-kernel-arm926ejs-debug;tauon-kernel-arm926ejs-freertos-debug;tauon-kernel-cortex-m0+-freertos-debug;tauon-kernel-cortex-m4-debug;tauon-kernel-cortex-m4f-freertos-debug,,,,,,,,,,,,,,,,,,,,,,,,,
src/kernel/net/lwip/core/ipv4/ip_frag.c,0,,,,,,,,,,,,,,,,,,,*,,lib-debug;tauon-kernel-arm926ejs-debug;tauon-kernel-arm926ejs-freertos-debug;tauon-kernel-cortex-m4-debug,lib-debug;tauon-kernel-arm926ejs-debug;tauon-kernel-arm926ejs-freertos-debug;tauon-kernel-cortex-m0+-freertos-debug;tauon-kernel-cortex-m4-debug;tauon-kernel-cortex-m4f-freertos-debug,,,,,,,,,,,,,,,,,,,,,,,,,
src/kernel/net/lwip/core/mem.c,1,actif,,,,,,,,,,,,,,,,,,*,,lib-debug;tauon-kernel-arm926ejs-debug;tauon-kernel-arm926ejs-freertos-debug;tauon-kernel-cortex-m4-debug,lib-debug;tauon-kernel-arm926ejs-debug;tauon-kernel-arm926ejs-freertos-debug;tauon-kernel-cortex-m0+-freertos-debug;tauon-kernel-cortex-m4-debug;tauon-kernel-cortex-m4f-freertos-debug,lib-debug;tauon-kernel-arm926ejs-debug;tauon-kernel-arm926ejs-freertos-debug;tauon-kernel-cortex-m0+-freertos-debug;tauon-kernel-cortex-m4-debug;tauon-kernel-cortex-m4f-freertos-debug;tauon-kernel-cortex-m4m7-freertosv9-debug;tauon-kernel-cortex-m7-debug,lib-debug;tauon-kernel-arm926ejs-debug;tauon-kernel-arm926ejs-freertos-debug;tauon-kernel-cortex-m0+-freertos-debug;tauon-kernel-cortex-m4-debug;tauon-kernel-cortex-m4f-freertos-debug;tauon-kernel-cortex-m4m7-freertosv9-debug;tauon-kernel-cortex-m7-debug,lib-debug;tauon-kernel-arm926ejs-debug;tauon-kernel-arm926ejs-freertos-debug;tauon-kernel-cortex-m0+-freertos-debug;tauon-kernel-cortex-m4-debug;tauon-kernel-cortex-m4f-freertos-debug;tauon-kernel-cortex-m4m7-freertosv9-debug;tauon-kernel-cortex-m7-debug,,,,,,,,,,,,,,,,,,,,,,
src/kernel/net/lwip/core/memp.c,1,actif,,,,,,,,,,,,,,,,,,*,,lib-debug;tauon-kernel-arm926ejs-debug;tauon-kernel-arm926ejs-freertos-debug;tauon-kernel-cortex-m4-debug,lib-debug;tauon-kernel-arm926ejs-debug;tauon-kernel-arm926ejs-freertos-debug;tauon-kernel-cortex-m0+-freertos-debug;tauon-kernel-cortex-m4-debug;tauon-kernel-cortex-m4f-freertos-debug,lib-debug;tauon-kernel-arm926ejs-debug;tauon-kernel-arm926ejs-freertos-debug;tauon-kernel-cortex-m0+-freertos-debug;tauon-kernel-cortex-m4-debug;tauon-kernel-cortex-m4f-freertos-debug;tauon-kernel-cortex-m4m7-freertosv9-debug;tauon-kernel-cortex-m7-debug,lib-debug;tauon-kernel-arm926ejs-debug;tauon-kernel-arm926ejs-freertos-debug;tauon-kernel-cortex-m0+-freertos-debug;tauon-kernel-cortex-m4-debug;tauon-kernel-cortex-m4f-freertos-debug;tauon-kernel-cortex-m4m7-freertosv9-debug;tauon-kernel-cortex-m7-debug,lib-debug;tauon-kernel-arm926ejs-debug;tauon-kernel-arm926ejs-freertos-debug;tauon-kernel-cortex-m0+-freertos-debug;tauon-kernel-cortex-m4-debug;tauon-kernel-cortex-m4f-freertos-debug;tauon-kernel-cortex-m4m7-freertosv9-debug;tauon-kernel-cortex-m7-debug,,,,,,,,,,,,,,,,,,,,,,
src/kernel/net/lwip/core/netif.c,1,actif,,,,,,,,,,,,,,,,,,*,,lib-debug;tauon-kernel-arm926ejs-debug;tauon-kernel-arm926ejs-freertos-debug;tauon-kernel-cortex-m4-debug,lib-debug;tauon-kernel-arm926ejs-debug;tauon-kernel-arm926ejs-freertos-debug;tauon-kernel-cortex-m0+-freertos-debug;tauon-kernel-cortex-m4-debug;tauon-kernel-cortex-m4f-freertos-debug,lib-debug;tauon-kernel-arm926ejs-debug;tauon-kernel-arm926ejs-freertos-debug;tauon-kernel-cortex-m0+-freertos-debug;tauon-kernel-cortex-m4-debug;tauon-kernel-cortex-m4f-freertos-debug;tauon-kernel-cortex-m4m7-freertosv9-debug;tauon-kernel-cortex-m7-debug,lib-debug;tauon-kernel-arm926ejs-debug;tauon-kernel-arm926ejs-freertos-debug;tauon-kernel-cortex-m0+-freertos-debug;tauon-kernel-cortex-m4-debug;tauon-kernel-cortex-m4f-freertos-debug;tauon-kernel-cortex-m4m7-freertosv9-debug;tauon-kernel-cortex-m7-debug,lib-debug;tauon-kernel-arm926ejs-debug;tauon-kernel-arm926ejs-freertos-debug;tauon-kernel-cortex-m0+-freertos-debug;tauon-kernel-cortex-m4-debug;tauon-kernel-cortex-m4f-freertos-debug;tauon-kernel-cortex-m4m7-freertosv9-debug;tauon-kernel-cortex-m7-debug,,,,,,,,,,,,,,,,,,,,,,
src/kernel/net/lwip/core/pbuf.c,1,actif,,,,,,,,,,,,,,,,,,*,,lib-debug;tauon-kernel-arm926ejs-debug;tauon-kernel-arm926ejs-freertos-debug;tauon-kernel-cortex-m4-debug,lib-debug;tauon-kernel-arm926ejs-debug;tauon-kernel-arm926ejs-freertos-debug;tauon-kernel-cortex-m0+-freertos-debug;tauon-kernel-cortex-m4-debug;tauon-kernel-cortex-m4f-freertos-debug,lib-debug;tauon-kernel-arm926ejs-debug;tauon-kernel-arm926ejs-freertos-debug;tauon-kernel-cortex-m0+-freertos-debug;tauon-kernel-cortex-m4-debug;tauon-kernel-cortex-m4f-freertos-debug;tauon-kernel-cortex-m4m7-freertosv9-debug;tauon-kernel-cortex-m7-debug,lib-debug;tauon-kernel-arm926ejs-debug;tauon-kernel-arm926ejs-freertos-debug;tauon-kernel-cortex-m0+-freertos-debug;tauon-kernel-cortex-m4-debug;tauon-kernel-cortex-m4f-freertos-debug;tauon-kernel-cortex-m4m7-freertosv9-debug;tauon-kernel-cortex-m7-debug,lib-debug;tauon-kernel-arm926ejs-debug;tauon-kernel-arm926ejs-freertos-debug;tauon-kernel-cortex-m0+-freertos-debug;tauon-kernel-cortex-m4-debug;tauon-kernel-cortex-m4f-freertos-debug;tauon-kernel-cortex-m4m7-freertosv9-debug;tauon-kernel-cortex-m7-debug,,,,,,,,,,,,,,,,,,,,,,
src/kernel/net/lwip/core/raw.c,1,actif,,,,,,,,,,,,,,,,,,*,,lib-debug;tauon-kernel-arm926ejs-debug;tauon-kernel-arm926ejs-freertos-debug;tauon-kernel-cortex-m4-debug,lib-debug;tauon-kernel-arm926ejs-debug;tauon-kernel-arm926ejs-freertos-debug;tauon-kernel-cortex-m0+-freertos-debug;tauon-kernel-cortex-m4-debug;tauon-kernel-cortex-m4f-freertos-debug,lib-debug;tauon-kernel-arm926ejs-debug;tauon-kernel-arm926ejs-freertos-debug;tauon-kernel-cortex-m0+-freertos-debug;tauon-kernel-cortex-m4-debug;tauon-kernel-cortex-m4f-freertos-debug;tauon-kernel-cortex-m4m7-freertosv9-debug;tauon-kernel-cortex-m7-debug,lib-debug;tauon-kernel-arm926ejs-debug;tauon-kernel-arm926ejs-freertos-debug;tauon-kernel-cortex-m0+-freertos-debug;tauon-kernel-cortex-m4-debug;tauon-kernel-cortex-m4f-freertos-debug;tauon-kernel-cortex-m4m7-freertosv9-debug;tauon-kernel-cortex-m7-debug,lib-debug;tauon-kernel-arm926ejs-debug;tauon-kernel-arm926ejs-freertos-debug;tauon-kernel-cortex-m0+-freertos-debug;tauon-kernel-cortex-m4-debug;tauon-kernel-cortex-m4f-freertos-debug;tauon-kernel-cortex-m4m7-freertosv9-debug;tauon-kernel-cortex-m7-debug,,,,,,,,,,,,,,,,,,,,,,
src/kernel/net/lwip/core/stats.c,1,actif,,,,,,,,,,,,,,,,,,*,,lib-debug;tauon-kernel-arm926ejs-debug;tauon-kernel-arm926ejs-freertos-debug;tauon-kernel-cortex-m4-debug,lib-debug;tauon-kernel-arm926ejs-debug;tauon-kernel-arm926ejs-freertos-debug;tauon-kernel-cortex-m0+-freertos-debug;tauon-kernel-cortex-m4-debug;tauon-kernel-cortex-m4f-freertos-debug,lib-debug;tauon-kernel-arm926ejs-debug;tauon-kernel-arm926ejs-freertos-debug;tauon-kernel-cortex-m0+-freertos-debug;tauon-kernel-cortex-m4-debug;tauon-kernel-cortex-m4f-freertos-debug;tauon-kernel-cortex-m4m7-freertosv9-debug;tauon-kernel-cortex-m7-debug,lib-debug;tauon-kernel-arm926ejs-debug;tauon-kernel-arm926ejs-freertos-debug;tauon-kernel-cortex-m0+-freertos-debug;tauon-kernel-cortex-m4-debug;tauon-kernel-cortex-m4f-freertos-debug;tauon-kernel-cortex-m4m7-freertosv9-debug;tauon-kernel-cortex-m7-debug,lib-debug;tauon-kernel-arm926ejs-debug;tauon-kernel-arm926ejs-freertos-debug;tauon-kernel-cortex-m0+-freertos-debug;tauon-kernel-cortex-m4-debug;tauon-kernel-cortex-m4f-freertos-debug;tauon-kernel-cortex-m4m7-freertosv9-debug;tauon-kernel-cortex-m7-debug,,,,,,,,,,,,,,,,,,,,,,
src/kernel/net/lwip/core/sys.c,1,actif,,,,,,,,,,,,,,,,,,*,,lib-debug;tauon-kernel-arm926ejs-debug;tauon-kernel-arm926ejs-freertos-debug;tauon-kernel-cortex-m4-debug,lib-debug;tauon-kernel-arm926ejs-debug;tauon-kernel-arm926ejs-freertos-debug;tauon-kernel-cortex-m0+-freertos-debug;tauon-kernel-cortex-m4-debug;tauon-kernel-cortex-m4f-freertos-debug,lib-debug;tauon-kernel-arm926ejs-debug;tauon-kernel-arm926ejs-freertos-debug;tauon-kernel-cortex-m0+-freertos-debug;tauon-kernel-cortex-m4-debug;tauon-kernel-cortex-m4f-freertos-debug;tauon-kernel-cortex-m4m7-freertosv9-debug;tauon-kernel-cortex-m7-debug,lib-debug;tauon-kernel-arm926ejs-debug;tauon-kernel-arm926ejs-freertos-debug;tauon-kernel-cortex-m0+-freertos-debug;tauon-kernel-cortex-m4-debug;tauon-kernel-cortex-m4f-freertos-debug;tauon-kernel-cortex-m4m7-freertosv9-debug;tauon-kernel-cortex-m7-debug,lib-debug;tauon-kernel-arm926ejs-debug;tauon-kernel-arm926ejs-freertos-debug;tauon-kernel-cortex-m0+-freertos-debug;tauon-kernel-cortex-m4-debug;tauon-kernel-cortex-m4f-freertos-debug;tauon-kernel-cortex-m4m7-freertosv9-debug;tauon-kernel-cortex-m7-debug,,,,,,,,,,,,,,,,,,,,,,
src/kernel/net/lwip/core/tcp.c,1,actif,,,,,,,,,,,,,,,,,,*,,lib-debug;tauon-kernel-arm926ejs-debug;tauon-kernel-arm926ejs-freertos-debug;tauon-kernel-cortex-m4-debug,lib-debug;tauon-kernel-arm926ejs-debug;tauon-kernel-arm926ejs-freertos-debug;tauon-kernel-cortex-m0+-freertos-debug;tauon-kernel-cortex-m4-debug;tauon-kernel-cortex-m4f-freertos-debug,lib-debug;tauon-kernel-arm926ejs-debug;tauon-kernel-arm926ejs-freertos-debug;tauon-kernel-cortex-m0+-freertos-debug;tauon-kernel-cortex-m4-debug;tauon-kernel-cortex-m4f-freertos-debug;tauon-kernel-cortex-m4m7-freertosv9-debug;tauon-kernel-cortex-m7-debug,lib-debug;tauon-kernel-arm926ejs-debug;tauon-kernel-arm926ejs-freertos-debug;tauon-kernel-cortex-m0+-freertos-debug;tauon-kernel-cortex-m4-debug;tauon-kernel-cortex-m4f-freertos-debug;tauon-kernel-cortex-m4m7-freertosv9-debug;tauon-kernel-cortex-m7-debug,lib-debug;tauon-kernel-arm926ejs-debug;tauon-kernel-arm926ejs-freertos-debug;tauon-kernel-cortex-m0+-freertos-debug;tauon-kernel-cortex-m4-debug;tauon-kernel-cortex-m4f-freertos-debug;tauon-kernel-cortex-m4m7-freertosv9-debug;tauon-kernel-cortex-m7-debug,,,,,,,,,,,,,,,,,,,,,,
src/kernel/net/lwip/core/tcp_in.c,1,actif,,,,,,,,,,,,,,,,,,*,,lib-debug;tauon-kernel-arm926ejs-debug;tauon-kernel-arm926ejs-freertos-debug;tauon-kernel-cortex-m4-debug,lib-debug;tauon-kernel-arm926ejs-debug;tauon-kernel-arm926ejs-freertos-debug;tauon-kernel-cortex-m0+-freertos-debug;tauon-kernel-cortex-m4-debug;tauon-kernel-cortex-m4f-freertos-debug,lib-debug;tauon-kernel-arm926ejs-debug;tauon-kernel-arm926ejs-freertos-debug;tauon-kernel-cortex-m0+-freertos-debug;tauon-kernel-cortex-m4-debug;tauon-kernel-cortex-m4f-freertos-debug;tauon-kernel-cortex-m4m7-freertosv9-debug;tauon-kernel-cortex-m7-debug,lib-debug;tauon-kernel-arm926ejs-debug;tauon-kernel-arm926ejs-freertos-debug;tauon-kernel-cortex-m0+-freertos-debug;tauon-kernel-cortex-m4-debug;tauon-kernel-cortex-m4f-freertos-debug;tauon-kernel-cortex-m4m7-freertosv9-debug;tauon-kernel-cortex-m7-debug,lib-debug;tauon-kernel-arm926ejs-debug;tauon-kernel-arm926ejs-freertos-debug;tauon-kernel-cortex-m0+-freertos-debug;tauon-kernel-cortex-m4-debug;tauon-kernel-cortex-m4f-freertos-debug;tauon-kernel-cortex-m4m7-freertosv9-debug;tauon-kernel-cortex-m7-debug,,,,,,,,,,,,,,,,,,,,,,
src/kernel/net/lwip/core/tcp_out.c,1,actif,,,,,,,,,,,,,,,,,,*,,lib-debug;tauon-kernel-arm926ejs-debug;tauon-kernel-arm926ejs-freertos-debug;tauon-kernel-cortex-m4-debug,lib-debug;tauon-kernel-arm926ejs-debug;tauon-kernel-arm926ejs-freertos-debug;tauon-kernel-cortex-m0+-freertos-debug;tauon-kernel-cortex-m4-debug;tauon-kernel-cortex-m4f-freertos-debug,lib-debug;tauon-kernel-arm926ejs-debug;tauon-kernel-arm926ejs-freertos-debug;tauon-kernel-cortex-m0+-freertos-debug;tauon-kernel-cortex-m4-debug;tauon-kernel-cortex-m4f-freertos-debug;tauon-kernel-cortex-m4m7-freertosv9-debug;tauon-kernel-cortex-m7-debug,lib-debug;tauon-kernel-arm926ejs-debug;tauon-kernel-arm926ejs-freertos-debug;tauon-kernel-cortex-m0+-freertos-debug;tauon-kernel-cortex-m4-debug;tauon-kernel-cortex-m4f-freertos-debug;tauon-kernel-cortex-m4m7-freertosv9-debug;tauon-kernel-cortex-m7-debug,lib-debug;tauon-kernel-arm926ejs-debug;tauon-kernel-arm926ejs-freertos-debug;tauon-kernel-cortex-m0+-freertos-debug;tauon-kernel-cortex-m4-debug;tauon-kernel-cortex-m4f-freertos-debug;tauon-kernel-cortex-m4m7-freertosv9-debug;tauon-kernel-cortex-m7-debug,,,,,,,,,,,,,,,,,,,,,,
src/kernel/net/lwip/core/timeouts.c,1,actif,,,,,,,,,,,,,,,,,,,,,,lib-debug;tauon-kernel-arm926ejs-debug;tauon-kernel-arm926ejs-freertos-debug;tauon-kernel-cortex-m0+-freertos-debug;tauon-kernel-cortex-m4-debug;tauon-kernel-cortex-m4f-freertos-debug;tauon-kernel-cortex-m4m7-freertosv9-debug;tauon-kernel-cortex-m7-debug,lib-debug;tauon-kernel-arm926ejs-debug;tauon-kernel-arm926ejs-freertos-debug;tauon-kernel-cortex-m0+-freertos-debug;tauon-kernel-cortex-m4-debug;tauon-kernel-cortex-m4f-freertos-debug;tauon-kernel-cortex-m4m7-freertosv9-debug;tauon-kernel-cortex-m7-debug,lib-debug;tauon-kernel-arm926ejs-debug;tauon-kernel-arm926ejs-freertos-debug;tauon-kernel-cortex-m0+-freertos-debug;tauon-kernel-cortex-m4-debug;tauon-kernel-cortex-m4f-freertos-debug;tauon-kernel-cortex-m4m7-freertosv9-debug;tauon-kernel-cortex-m7-debug,,,,,,,,,,,,,,,,,,,,,,
src/kernel/net/lwip/core/udp.c,1,actif,,,,,,,,,,,,,,,,,,*,,lib-debug;tauon-kernel-arm926ejs-debug;tauon-kernel-arm926ejs-freertos-debug;tauon-kernel-cortex-m4-debug,lib-debug;tauon-kernel-arm926ejs-debug;tauon-kernel-arm926ejs-freertos-debug;tauon-kernel-cortex-m0+-freertos-debug;tauon-kernel-cortex-m4-debug;tauon-kernel-cortex-m4f-freertos-debug,lib-debug;tauon-kernel-arm926ejs-debug;tauon-kernel-arm926ejs-freertos-debug;tauon-kernel-cortex-m0+-freertos-debug;tauon-kernel-cortex-m4-debug;tauon-kernel-cortex-m4f-freertos-debug;tauon-kernel-cortex-m4m7-freertosv9-debug;tauon-kernel-cortex-m7-debug,lib-debug;tauon-kernel-arm926ejs-debug;tauon-kernel-arm926ejs-freertos-debug;tauon-kernel-cortex-m0+-freertos-debug;tauon-kernel-cortex-m4-debug;tauon-kernel-cortex-m4f-freertos-debug;tauon-kernel-cortex-m4m7-freertosv9-debug;tauon-kernel-cortex-m7-debug,lib-debug;tauon-kernel-arm926ejs-debug;tauon-kernel-arm926ejs-freertos-debug;tauon-kernel-cortex-m0+-freertos-debug;tauon-kernel-cortex-m4-debug;tauon-kernel-cortex-m4f-freertos-debug;tauon-kernel-cortex-m4m7-freertosv9-debug;tauon-kernel-cortex-m7-debug,,,,,,,,,,,,,,,,,,,,,,
src/kernel/net/lwip/include/lwip/api.h,1,actif,,,,,,,,,,,,,,,,,,i:*,,i:lib-debug;tauon-kernel-arm926ejs-debug;tauon-kernel-arm926ejs-freertos-debug;tauon-kernel-cortex-m4-debug,i:lib-debug;tauon-kernel-arm926ejs-debug;tauon-kernel-arm926ejs-freertos-debug;tauon-kernel-cortex-m0+-freertos-debug;tauon-kernel-cortex-m4-debug;tauon-kernel-cortex-m4f-freertos-debug,i:lib-debug;tauon-kernel-arm926ejs-debug;tauon-kernel-arm926ejs-freertos-debug;tauon-kernel-cortex-m0+-freertos-debug;tauon-kernel-cortex-m4-debug;tauon-kernel-cortex-m4f-freertos-debug;tauon-kernel-cortex-m4m7-freertosv9-debug;tauon-kernel-cortex-m7-debug,i:lib-debug;tauon-kernel-arm926ejs-debug;tauon-kernel-arm926ejs-freertos-debug;tauon-kernel-cortex-m0+-freertos-debug;tauon-kernel-cortex-m4-debug;tauon-kernel-cortex-m4f-freertos-debug;tauon-kernel-cortex-m4m7-freertosv9-debug;tauon-kernel-cortex-m7-debug,i:lib-debug;tauon-kernel-arm926ejs-debug;tauon-kernel-arm926ejs-freertos-debug;tauon-kernel-cortex-m0+-freertos-debug;tauon-kernel-cortex-m4-debug;tauon-kernel-cortex-m4f-freertos-debug;tauon-kernel-cortex-m4m7-freertosv9-debug;tauon-kernel-cortex-m7-debug,,,,,,,,,,,,,,,,,,,,,,
src/kernel/net/lwip/include/lwip/arch.h,1,actif,,,,,,,,,,,,,,,,,,i:*,i:*,i:*,i:*,i:*,i:*,i:*,,,,,,,,,,,,,,i:firmware;firmware_injector;freertos-firmware_injector,i:firmware;firmware_injector;freertos-firmware_injector,i:Debug;freertos-debug,i:Debug;freertos-debug,,i:Debug,i:Debug;freertos-debug,i:Debug;freertos-debug,
src/kernel/net/lwip/include/lwip/autoip.h,1,actif,,,,,,,,,,,,,,,,,,i:*,,i:lib-debug;tauon-kernel-arm926ejs-debug;tauon-kernel-arm926ejs-freertos-debug;tauon-kernel-cortex-m4-debug,i:lib-debug;tauon-kernel-arm926ejs-debug;tauon-kernel-arm926ejs-freertos-debug;tauon-kernel-cortex-m0+-freertos-debug;tauon-kernel-cortex-m4-debug;tauon-kernel-cortex-m4f-freertos-debug,i:lib-debug;tauon-kernel-arm926ejs-debug;tauon-kernel-arm926ejs-freertos-debug;tauon-kernel-cortex-m0+-freertos-debug;tauon-kernel-cortex-m4-debug;tauon-kernel-cortex-m4f-freertos-debug;tauon-kernel-cortex-m4m7-freertosv9-debug;tauon-kernel-cortex-m7-debug,i:lib-debug;tauon-kernel-arm926ejs-debug;tauon-kernel-arm926ejs-freertos-debug;tauon-kernel-cortex-m0+-freertos-debug;tauon-kernel-cortex-m4-debug;tauon-kernel-cortex-m4f-freertos-debug;tauon-kernel-cortex-m4m7-freertosv9-debug;tauon-kernel-cortex-m7-debug,i:lib-debug;tauon-kernel-arm926ejs-debug;tauon-kernel-arm926ejs-freertos-debug;tauon-kernel-cortex-m0+-freertos-debug;tauon-kernel-cortex-m4-debug;tauon-kernel-cortex-m4f-freertos-debug;tauon-kernel-cortex-m4m7-freertosv9-debug;tauon-kernel-cortex-m7-debug,,,,,,,,,,,,,,,,,,,,,,
src/kernel/net/lwip/include/lwip/debug.h,1,actif,,,,,,,,,,,,,,,,,,i:*,i:*,i:*,i:*,i:*,i:*,i:*,,,,,,,,,,,,,,i:firmware;firmware_injector;freertos-firmware_injector,i:firmware;firmware_injector;freertos-firmware_injector,i:Debug;freertos-debug,i:Debug;freertos-debug,,i:Debug,i:Debug;freertos-debug,i:Debug;freertos-debug,
src/kernel/net/lwip/include/lwip/def.h,1,actif,,,,,,,,,,,,,,,,,,i:*,i:*,i:*,i:*,i:*,i:*,i:*,,,,,,,,,,,,,,i:firmware;firmware_injector;freertos-firmware_injector,i:firmware;firmware_injector;freertos-firmware_injector,i:Debug;freertos-debug,i:Debug;freertos-debug,,i:Debug,i:Debug;freertos-debug,i:Debug;freertos-debug,
src/kernel/net/lwip/include/lwip/dhcp.h,1,actif,,,,,,,,,,,,,,,,,,i:*,,i:lib-debug;tauon-kernel-arm926ejs-debug;tauon-kernel-arm926ejs-freertos-debug;tauon-kernel-cortex-m4-debug,i:lib-debug;tauon-kernel-arm926ejs-debug;tauon-kernel-arm926ejs-freertos-debug;tauon-kernel-cortex-m0+-freertos-debug;tauon-kernel-cortex-m4-debug;tauon-kernel-cortex-m4f-freertos-debug,i:lib-debug;tauon-kernel-arm926ejs-debug;tauon-kernel-arm926ejs-freertos-debug;tauon-kernel-cortex-m0+-freertos-debug;tauon-kernel-cortex-m4-debug;tauon-kernel-cortex-m4f-freertos-debug;tauon-kernel-cortex-m4m7-freertosv9-debug;tauon-kernel-cortex-m7-debug,i:lib-debug;tauon-kernel-arm926ejs-debug;tauon-kernel-arm926ejs-freertos-debug;tauon-kernel-cortex-m0+-freertos-debug;tauon-kernel-cortex-m4-debug;tauon-kernel-cortex-m4f-freertos-debug;tauon-kernel-cortex-m4m7-freertosv9-debug;tauon-kernel-cortex-m7-debug,i:lib-debug;tauon-kernel-arm926ejs-debug;tauon-kernel-arm926ejs-freertos-debug;tauon-kernel-cortex-m0+-freertos-debug;tauon-kernel-cortex-m4-debug;tauon-kernel-cortex-m4f-freertos-debug;tauon-kernel-cortex-m4m7-freertosv9-debug;tauon-kernel-cortex-m7-debug,,,,,,,,,,,,,,,,,,,,,,
src/kernel/net/lwip/include/lwip/dhcp6.h,1,actif,,,,,,,,,,,,,,,,,,i:*,,i:lib-debug;tauon-kernel-arm926ejs-debug;tauon-kernel-arm926ejs-freertos-debug;tauon-kernel-cortex-m4-debug,i:lib-debug;tauon-kernel-arm926ejs-debug;tauon-kernel-arm926ejs-freertos-debug;tauon-kernel-cortex-m0+-freertos-debug;tauon-kernel-cortex-m4-debug;tauon-kernel-cortex-m4f-freertos-debug,i:lib-debug;tauon-kernel-arm926ejs-debug;tauon-kernel-arm926ejs-freertos-debug;tauon-kernel-cortex-m0+-freertos-debug;tauon-kernel-cortex-m4-debug;tauon-kernel-cortex-m4f-freertos-debug;tauon-kernel-cortex-m4m7-freertosv9-debug;tauon-kernel-cortex-m7-debug,i:lib-debug;tauon-kernel-arm926ejs-debug;tauon-kernel-arm926ejs-freertos-debug;tauon-kernel-cortex-m0+-freertos-debug;tauon-kernel-cortex-m4-debug;tauon-kernel-cortex-m4f-freertos-debug;tauon-kernel-cortex-m4m7-freertosv9-debug;tauon-kernel-cortex-m7-debug,i:lib-debug;tauon-kernel-arm926ejs-debug;tauon-kernel-arm926ejs-freertos-debug;tauon-kernel-cortex-m0+-freertos-debug;tauon-kernel-cortex-m4-debug;tauon-kernel-cortex-m4f-freertos-debug;tauon-kernel-cortex-m4m7-freertosv9-debug;tauon-kernel-cortex-m7-debug,,,,,,,,,,,,,,,,,,,,,,
src/kernel/net/lwip/include/lwip/dns.h,1,actif,,,,,,,,,,,,,,,,,,i:*,,i:lib-debug;tauon-kernel-arm926ejs-debug;tauon-kernel-arm926ejs-freertos-debug;tauon-kernel-cortex-m4-debug,i:lib-debug;tauon-kernel-arm926ejs-debug;tauon-kernel-arm926ejs-freertos-debug;tauon-kernel-cortex-m0+-freertos-debug;tauon-kernel-cortex-m4-debug;tauon-kernel-cortex-m4f-freertos-debug,i:lib-debug;tauon-kernel-arm926ejs-debug;tauon-kernel-arm926ejs-freertos-debug;tauon-kernel-cortex-m0+-freertos-debug;tauon-kernel-cortex-m4-debug;tauon-kernel-cortex-m4f-freertos-debug;tauon-kernel-cortex-m4m7-freertosv9-debug;tauon-kernel-cortex-m7-debug,i:lib-debug;tauon-kernel-arm926ejs-debug;tauon-kernel-arm926ejs-freertos-debug;tauon-kernel-cortex-m0+-freertos-debug;tauon-kernel-cortex-m4-debug;tauon-kernel-cortex-m4f-freertos-debug;tauon-kernel-cortex-m4m7-freertosv9-debug;tauon-kernel-cortex-m7-debug,i:lib-debug;tauon-kernel-arm926ejs-debug;tauon-kernel-arm926ejs-freertos-debug;tauon-kernel-cortex-m0+-freertos-debug;tauon-kernel-cortex-m4-debug;tauon-kernel-cortex-m4f-freertos-debug;tauon-kernel-cortex-m4m7-freertosv9-debug;tauon-kernel-cortex-m7-debug,,,,,,,,,,,,,,,,,,,,,,
src/kernel/net/lwip/include/lwip/err.h,1,actif,,,,,,,,,,,,,,,,,,i:*,i:*,i:*,i:*,i:*,i:*,i:*,,,,,,,,,,,,,,i:firmware;firmware_injector;freertos-firmware_injector,i:firmware;firmware_injector;freertos-firmware_injector,i:Debug;freertos-debug,i:Debug;freertos-debug,,i:Debug,i:Debug;freertos-debug,i:Debug;freertos-debug,
src/kernel/net/lwip/include/lwip/errno.h,1,actif,,,,,,,,,,,,,,,,,,i:*,i:*,i:*,i:*,i:*,i:*,i:*,,,,,,,,,,,,,,i:firmware;firmware_injector;freertos-firmware_injector,i:firmware;firmware_injector;freertos-firmware_injector,i:Debug;freertos-debug,i:Debug;freertos-debug,,i:Debug,i:Debug;freertos-debug,i:Debug;freertos-debug,
src/kernel/net/lwip/include/lwip/etharp.h,1,actif,,,,,,,,,,,,,,,,,,i:*,i:*,i:lib-debug;tauon-kernel-arm926ejs-debug;tauon-kernel-arm926ejs-freertos-debug;tauon-kernel-cortex-m4-debug,i:lib-debug;tauon-kernel-arm926ejs-debug;tauon-kernel-arm926ejs-freertos-debug;tauon-kernel-cortex-m0+-freertos-debug;tauon-kernel-cortex-m4-debug;tauon-kernel-cortex-m4f-freertos-debug,i:lib-debug;tauon-kernel-arm926ejs-debug;tauon-kernel-arm926ejs-freertos-debug;tauon-kernel-cortex-m0+-freertos-debug;tauon-kernel-cortex-m4-debug;tauon-kernel-cortex-m4f-freertos-debug;tauon-kernel-cortex-m4m7-freertosv9-debug;tauon-kernel-cortex-m7-debug,i:lib-debug;tauon-kernel-arm926ejs-debug;tauon-kernel-arm926ejs-freertos-debug;tauon-kernel-cortex-m0+-freertos-debug;tauon-kernel-cortex-m4-debug;tauon-kernel-cortex-m4f-freertos-debug;tauon-kernel-cortex-m4m7-freertosv9-debug;tauon-kernel-cortex-m7-debug,i:lib-debug;tauon-kernel-arm926ejs-debug;tauon-kernel-arm926ejs-freertos-debug;tauon-kernel-cortex-m0+-freertos-debug;tauon-kernel-cortex-m4-debug;tauon-kernel-cortex-m4f-freertos-debug;tauon-kernel-cortex-m4m7-freertosv9-debug;tauon-kernel-cortex-m7-debug,,,,,,,,,,,,,,,,,,,,,,
src/kernel/net/lwip/include/lwip/ethip6.h,1,actif,,,,,,,,,,,,,,,,,,,,,,i:lib-debug;tauon-kernel-arm926ejs-debug;tauon-kernel-arm926ejs-freertos-debug;tauon-kernel-cortex-m0+-freertos-debug;tauon-kernel-cortex-m4-debug;tauon-kernel-cortex-m4f-freertos-debug;tauon-kernel-cortex-m4m7-freertosv9-debug;tauon-kernel-cortex-m7-debug,i:lib-debug;tauon-kernel-arm926ejs-debug;tauon-kernel-arm926ejs-freertos-debug;tauon-kernel-cortex-m0+-freertos-debug;tauon-kernel-cortex-m4-debug;tauon-kernel-cortex-m4f-freertos-debug;tauon-kernel-cortex-m4m7-freertosv9-debug;tauon-kernel-cortex-m7-debug,i:lib-debug;tauon-kernel-arm926ejs-debug;tauon-kernel-arm926ejs-freertos-debug;tauon-kernel-cortex-m0+-freertos-debug;tauon-kernel-cortex-m4-debug;tauon-kernel-cortex-m4f-freertos-debug;tauon-kernel-cortex-m4m7-freertosv9-debug;tauon-kernel-cortex-m7-debug,,,,,,,,,,,,,,,,,,,,,,
src/kernel/net/lwip/include/lwip/icmp.h,1,actif,,,,,,,,,,,,,,,,,,i:*,,i:lib-debug;tauon-kernel-arm926ejs-debug;tauon-kernel-arm926ejs-freertos-debug;tauon-kernel-cortex-m4-debug,i:lib-debug;tauon-kernel-arm926ejs-debug;tauon-kernel-arm926ejs-freertos-debug;tauon-kernel-cortex-m0+-freertos-debug;tauon-kernel-cortex-m4-debug;tauon-kernel-cortex-m4f-freertos-debug,i:lib-debug;tauon-kernel-arm926ejs-debug;tauon-kernel-arm926ejs-freertos-debug;tauon-kernel-cortex-m0+-freertos-debug;tauon-kernel-cortex-m4-debug;tauon-kernel-cortex-m4f-freertos-debug;tauon-kernel-cortex-m4m7-freertosv9-debug;tauon-kernel-cortex-m7-debug,i:lib-debug;tauon-kernel-arm926ejs-debug;tauon-kernel-arm926ejs-freertos-debug;tauon-kernel-cortex-m0+-freertos-debug;tauon-kernel-cortex-m4-debug;tauon-kernel-cortex-m4f-freertos-debug;tauon-kernel-cortex-m4m7-freertosv9-debug;tauon-kernel-cortex-m7-debug,i:lib-debug;tauon-kernel-arm926ejs-debug;tauon-kernel-arm926ejs-freertos-debug;tauon-kernel-cortex-m0+-freertos-debug;tauon-kernel-cortex-m4-debug;tauon-kernel-cortex-m4f-freertos-debug;tauon-kernel-cortex-m4m7-freertosv9-debug;tauon-kernel-cortex-m7-debug,,,,,,,,,,,,,,,,,,,,,,
src/kernel/net/lwip/include/lwip/icmp6.h,1,actif,,,,,,,,,,,,,,,,,,i:*,,i:lib-debug;tauon-kernel-arm926ejs-debug;tauon-kernel-arm926ejs-freertos-debug;tauon-kernel-cortex-m4-debug,i:lib-debug;tauon-kernel-arm926ejs-debug;tauon-kernel-arm926ejs-freertos-debug;tauon-kernel-cortex-m0+-freertos-debug;tauon-kernel-cortex-m4-debug;tauon-kernel-cortex-m4f-freertos-debug,i:lib-debug;tauon-kernel-arm926ejs-debug;tauon-kernel-arm926ejs-freertos-debug;tauon-kernel-cortex-m0+-freertos-debug;tauon-kernel-cortex-m4-debug;tauon-kernel-cortex-m4f-freertos-debug;tauon-kernel-cortex-m4m7-freertosv9-debug;tauon-kernel-cortex-m7-debug,i:lib-debug;tauon-kernel-arm926ejs-debug;tauon-kernel-arm926ejs-freertos-debug;tauon-kernel-cortex-m0+-freertos-debug;tauon-kernel-cortex-m4-debug;tauon-kernel-cortex-m4f-freertos-debug;tauon-kernel-cortex-m4m7-freertosv9-debug;tauon-kernel-cortex-m7-debug,i:lib-debug;tauon-kernel-arm926ejs-debug;tauon-kernel-arm926ejs-freertos-debug;tauon-kernel-cortex-m0+-freertos-debug;tauon-kernel-cortex-m4-debug;tauon-kernel-cortex-m4f-freertos-debug;tauon-kernel-cortex-m4m7-freertosv9-debug;tauon-kernel-cortex-m7-debug,,,,,,,,,,,,,,,,,,,,,,
src/kernel/net/lwip/include/lwip/igmp.h,1,actif,,,,,,,,,,,,,,,,,,i:*,,i:lib-debug;tauon-kernel-arm926ejs-debug;tauon-kernel-arm926ejs-freertos-debug;tauon-kernel-cortex-m4-debug,i:lib-debug;tauon-kernel-arm926ejs-debug;tauon-kernel-arm926ejs-freertos-debug;tauon-kernel-cortex-m0+-freertos-debug;tauon-kernel-cortex-m4-debug;tauon-kernel-cortex-m4f-freertos-debug,i:lib-debug;tauon-kernel-arm926ejs-debug;tauon-kernel-arm926ejs-freertos-debug;tauon-kernel-cortex-m0+-freertos-debug;tauon-kernel-cortex-m4-debug;tauon-kernel-cortex-m4f-freertos-debug;tauon-kernel-cortex-m4m7-freertosv9-debug;tauon-kernel-cortex-m7-debug,i:lib-debug;tauon-kernel-arm926ejs-debug;tauon-kernel-arm926ejs-freertos-debug;tauon-kernel-cortex-m0+-freertos-debug;tauon-kernel-cortex-m4-debug;tauon-kernel-cortex-m4f-freertos-debug;tauon-kernel-cortex-m4m7-freertosv9-debug;tauon-kernel-cortex-m7-debug,i:lib-debug;tauon-kernel-arm926ejs-debug;tauon-kernel-arm926ejs-freertos-debug;tauon-kernel-cortex-m0+-freertos-debug;tauon-kernel-cortex-m4-debug;tauon-kernel-cortex-m4f-freertos-debug;tauon-kernel-cortex-m4m7-freertosv9-debug;tauon-kernel-cortex-m7-debug,,,,,,,,,,,,,,,,,,,,,,
src/kernel/net/lwip/include/lwip/inet.h,1,actif,,,,,,,,,,,,,,,,,,i:*,i:*,i:*,i:*,i:*,i:*,i:*,,,,,,,,,,,,,,i:firmware;firmware_injector;freertos-firmware_injector,i:firmware;firmware_injector;freertos-firmware_injector,i:Debug;freertos-debug,i:Debug;freertos-debug,,i:Debug,i:Debug;freertos-debug,i:Debug;freertos-debug,
src/kernel/net/lwip/include/lwip/inet_chksum.h,1,actif,,,,,,,,,,,,,,,,,,i:*,,i:lib-debug;tauon-kernel-arm926ejs-debug;tauon-kernel-arm926ejs-freertos-debug;tauon-kernel-cortex-m4-debug,i:lib-debug;tauon-kernel-arm926ejs-debug;tauon-kernel-arm926ejs-freertos-debug;tauon-kernel-cortex-m0+-freertos-debug;tauon-kernel-cortex-m4-debug;tauon-kernel-cortex-m4f-freertos-debug,i:lib-debug;tauon-kernel-arm926ejs-debug;tauon-kernel-arm926ejs-freertos-debug;tauon-kernel-cortex-m0+-freertos-debug;tauon-kernel-cortex-m4-debug;tauon-kernel-cortex-m4f-freertos-debug;tauon-kernel-cortex-m4m7-freertosv9-debug;tauon-kernel-cortex-m7-debug,i:lib-debug;tauon-kernel-arm926ejs-debug;tauon-kernel-arm926ejs-freertos-debug;tauon-kernel-cortex-m0+-freertos-debug;tauon-kernel-cortex-m4-debug;tauon-kernel-cortex-m4f-freertos-debug;tauon-kernel-cortex-m4m7-freertosv9-debug;tauon-kernel-cortex-m7-debug,i:lib-debug;tauon-kernel-arm926ejs-debug;tauon-kernel-arm926ejs-freertos-debug;tauon-kernel-cortex-m0+-freertos-debug;tauon-kernel-cortex-m4-debug;tauon-kernel-cortex-m4f-freertos-debug;tauon-kernel-cortex-m4m7-freertosv9-debug;tauon-kernel-cortex-m7-debug,,,,,,,,,,,,,,,,,,,,,,
src/kernel/net/lwip/include/lwip/init.h,1,actif,,,,,,,,,,,,,,,,,,i:*,,i:lib-debug;tauon-kernel-arm926ejs-debug;tauon-kernel-arm926ejs-freertos-debug;tauon-kernel-cortex-m4-debug,i:lib-debug;tauon-kernel-arm926ejs-debug;tauon-kernel-arm926ejs-freertos-debug;tauon-kernel-cortex-m0+-freertos-debug;tauon-kernel-cortex-m4-debug;tauon-kernel-cortex-m4f-freertos-debug,i:lib-debug;tauon-kernel-arm926ejs-debug;tauon-kernel-arm926ejs-freertos-debug;tauon-kernel-cortex-m0+-freertos-debug;tauon-kernel-cortex-m4-debug;tauon-kernel-cortex-m4f-freertos-debug;tauon-kernel-cortex-m4m7-freertosv9-debug;tauon-kernel-cortex-m7-debug,i:lib-debug;tauon-kernel-arm926ejs-debug;tauon-kernel-arm926ejs-freertos-debug;tauon-kernel-cortex-m0+-freertos-debug;tauon-kernel-cortex-m4-debug;tauon-kernel-cortex-m4f-freertos-debug;tauon-kernel-cortex-m4m7-freertosv9-debug;tauon-kernel-cortex-m7-debug,i:lib-debug;tauon-kernel-arm926ejs-debug;tauon-kernel-arm926ejs-freertos-debug;tauon-kernel-cortex-m0+-freertos-debug;tauon-kernel-cortex-m4-debug;tauon-kernel-cortex-m4f-freertos-debug;tauon-kernel-cortex-m4m7-freertosv9-debug;tauon-kernel-cortex-m7-debug,,,,,,,,,,,,,,,,,,,,,,
src/kernel/net/lwip/include/lwip/ip.h,1,actif,,,,,,,,,,,,,,,,,,i:*,i:*,i:lib-debug;tauon-kernel-arm926ejs-debug;tauon-kernel-arm926ejs-freertos-debug;tauon-kernel-cortex-m4-debug,i:lib-debug;tauon-kernel-arm926ejs-debug;tauon-kernel-arm926ejs-freertos-debug;tauon-kernel-cortex-m0+-freertos-debug;tauon-kernel-cortex-m4-debug;tauon-kernel-cortex-m4f-freertos-debug,i:lib-debug;tauon-kernel-arm926ejs-debug;tauon-kernel-arm926ejs-freertos-debug;tauon-kernel-cortex-m0+-freertos-debug;tauon-kernel-cortex-m4-debug;tauon-kernel-cortex-m4f-freertos-debug;tauon-kernel-cortex-m4m7-freertosv9-debug;tauon-kernel-cortex-m7-debug,i:lib-debug;tauon-kernel-arm926ejs-debug;tauon-kernel-arm926ejs-freertos-debug;tauon-kernel-cortex-m0+-freertos-debug;tauon-kernel-cortex-m4-debug;tauon-kernel-cortex-m4f-freertos-debug;tauon-kernel-cortex-m4m7-freertosv9-debug;tauon-kernel-cortex-m7-debug,i:lib-debug;tauon-kernel-arm926ejs-debug;tauon-kernel-arm926ejs-freertos-debug;tauon-kernel-cortex-m0+-freertos-debug;tauon-kernel-cortex-m4-debug;tauon-kernel-cortex-m4f-freertos-debug;tauon-kernel-cortex-m4m7-freertosv9-debug;tauon-kernel-cortex-m7-debug,,,,,,,,,,,,,,,,,,,,,,
src/kernel/net/lwip/include/lwip/ip4.h,1,actif,,,,,,,,,,,,,,,,,,i:*,i:*,i:lib-debug;tauon-kernel-arm926ejs-debug;tauon-kernel-arm926ejs-freertos-debug;tauon-kernel-cortex-m4-debug,i:lib-debug;tauon-kernel-arm926ejs-debug;tauon-kernel-arm926ejs-freertos-debug;tauon-kernel-cortex-m0+-freertos-debug;tauon-kernel-cortex-m4-debug;tauon-kernel-cortex-m4f-freertos-debug,i:lib-debug;tauon-kernel-arm926ejs-debug;tauon-kernel-arm926ejs-freertos-debug;tauon-kernel-cortex-m0+-freertos-debug;tauon-kernel-cortex-m4-debug;tauon-kernel-cortex-m4f-freertos-debug;tauon-kernel-cortex-m4m7-freertosv9-debug;tauon-kernel-cortex-m7-debug,i:lib-debug;tauon-kernel-arm926ejs-debug;tauon-kernel-arm926ejs-freertos-debug;tauon-kernel-cortex-m0+-freertos-debug;tauon-kernel-cortex-m4-debug;tauon-kernel-cortex-m4f-freertos-debug;tauon-kernel-cortex-m4m7-freertosv9-debug;tauon-kernel-cortex-m7-debug,i:lib-debug;tauon-kernel-arm926ejs-debug;tauon-kernel-arm926ejs-freertos-debug;tauon-kernel-cortex-m0+-freertos-debug;tauon-kernel-cortex-m4-debug;tauon-kernel-cortex-m4f-freertos-debug;tauon-kernel-cortex-m4m7-freertosv9-debug;tauon-kernel-cortex-m7-debug,,,,,,,,,,,,,,,,,,,,,,
src/kernel/net/lwip/include/lwip/ip4_addr.h,1,actif,,,,,,,,,,,,,,,,,,i:*,i:*,i:*,i:*,i:*,i:*,i:*,,,,,,,,,,,,,,i:firmware;firmware_injector;freertos-firmware_injector,i:firmware;firmware_injector;freertos-firmware_injector,i:Debug;freertos-debug,i:Debug;freertos-debug,,i:Debug,i:Debug;freertos-debug,i:Debug;freertos-debug,
src/kernel/net/lwip/include/lwip/ip4_frag.h,1,actif,,,,,,,,,,,,,,,,,,i:*,,i:lib-debug;tauon-kernel-arm926ejs-debug;tauon-kernel-arm926ejs-freertos-debug;tauon-kernel-cortex-m4-debug,i:lib-debug;tauon-kernel-arm926ejs-debug;tauon-kernel-arm926ejs-freertos-debug;tauon-kernel-cortex-m0+-freertos-debug;tauon-kernel-cortex-m4-debug;tauon-kernel-cortex-m4f-freertos-debug,i:lib-debug;tauon-kernel-arm926ejs-debug;tauon-kernel-arm926ejs-freertos-debug;tauon-kernel-cortex-m0+-freertos-debug;tauon-kernel-cortex-m4-debug;tauon-kernel-cortex-m4f-freertos-debug;tauon-kernel-cortex-m4m7-freertosv9-debug;tauon-kernel-cortex-m7-debug,i:lib-debug;tauon-kernel-arm926ejs-debug;tauon-kernel-arm926ejs-freertos-debug;tauon-kernel-cortex-m0+-freertos-debug;tauon-kernel-cortex-m4-debug;tauon-kernel-cortex-m4f-freertos-debug;tauon-kernel-cortex-m4m7-freertosv9-debug;tauon-kernel-cortex-m7-debug,i:lib-debug;tauon-kernel-arm926ejs-debug;tauon-kernel-arm926ejs-freertos-debug;tauon-kernel-cortex-m0+-freertos-debug;tauon-kernel-cortex-m4-debug;tauon-kernel-cortex-m4f-freertos-debug;tauon-kernel-cortex-m4m7-freertosv9-debug;tauon-kernel-cortex-m7-debug,,,,,,,,,,,,,,,,,,,,,,
src/kernel/net/lwip/include/lwip/ip6.h,1,actif,,,,,,,,,,,,,,,,,,i:*,i:*,i:lib-debug;tauon-kernel-arm926ejs-debug;tauon-kernel-arm926ejs-freertos-debug;tauon-kernel-cortex-m4-debug,i:lib-debug;tauon-kernel-arm926ejs-debug;tauon-kernel-arm926ejs-freertos-debug;tauon-kernel-cortex-m0+-freertos-debug;tauon-kernel-cortex-m4-debug;tauon-kernel-cortex-m4f-freertos-debug,i:lib-debug;tauon-kernel-arm926ejs-debug;tauon-kernel-arm926ejs-freertos-debug;tauon-kernel-cortex-m0+-freertos-debug;tauon-kernel-cortex-m4-debug;tauon-kernel-cortex-m4f-freertos-debug;tauon-kernel-cortex-m4m7-freertosv9-debug;tauon-kernel-cortex-m7-debug,i:lib-debug;tauon-kernel-arm926ejs-debug;tauon-kernel-arm926ejs-freertos-debug;tauon-kernel-cortex-m0+-freertos-debug;tauon-kernel-cortex-m4-debug;tauon-kernel-cortex-m4f-freertos-debug;tauon-kernel-cortex-m4m7-freertosv9-debug;tauon-kernel-cortex-m7-debug,i:lib-debug;tauon-kernel-arm926ejs-debug;tauon-kernel-arm926ejs-freertos-debug;tauon-kernel-cortex-m0+-freertos-debug;tauon-kernel-cortex-m4-debug;tauon-kernel-cortex-m4f-freertos-debug;tauon-kernel-cortex-m4m7-freertosv9-debug;tauon-kernel-cortex-m7-debug,,,,,,,,,,,,,,,,,,,,,,
src/kernel/net/lwip/include/lwip/ip6_addr.h,1,actif,,,,,,,,,,,,,,,,,,i:*,i:*,i:*,i:*,i:*,i:*,i:*,,,,,,,,,,,,,,i:firmware;firmware_injector;freertos-firmware_injector,i:firmware;firmware_injector;freertos-firmware_injector,i:Debug;freertos-debug,i:Debug;freertos-debug,,i:Debug,i:Debug;freertos-debug,i:Debug;freertos-debug,
src/kernel/net/lwip/include/lwip/ip6_frag.h,1,actif,,,,,,,,,,,,,,,,,,i:*,,i:lib-debug;tauon-kernel-arm926ejs-debug;tauon-kernel-arm926ejs-freertos-debug;tauon-kernel-cortex-m4-debug,i:lib-debug;tauon-kernel-arm926ejs-debug;tauon-kernel-arm926ejs-freertos-debug;tauon-kernel-cortex-m0+-freertos-debug;tauon-kernel-cortex-m4-debug;tauon-kernel-cortex-m4f-freertos-debug,i:lib-debug;tauon-kernel-arm926ejs-debug;tauon-kernel-arm926ejs-freertos-debug;tauon-kernel-cortex-m0+-freertos-debug;tauon-kernel-cortex-m4-debug;tauon-kernel-cortex-m4f-freertos-debug;tauon-kernel-cortex-m4m7-freertosv9-debug;tauon-kernel-cortex-m7-debug,i:lib-debug;tauon-kernel-arm926ejs-debug;tauon-kernel-arm926ejs-freertos-debug;tauon-kernel-cortex-m0+-freertos-debug;tauon-kernel-cortex-m4-debug;tauon-kernel-cortex-m4f-freertos-debug;tauon-kernel-cortex-m4m7-freertosv9-debug;tauon-kernel-cortex-m7-debug,i:lib-debug;tauon-kernel-arm926ejs-debug;tauon-kernel-arm926ejs-freertos-debug;tauon-kernel-cortex-m0+-freertos-debug;tauon-kernel-cortex-m4-debug;tauon-kernel-cortex-m4f-freertos-debug;tauon-kernel-cortex-m4m7-freertosv9-debug;tauon-kernel-cortex-m7-debug,,,,,,,,,,,,,,,,,,,,,,
src/kernel/net/lwip/include/lwip/ip_addr.h,1,actif,,,,,,,,,,,,,,,,,,i:*,i:*,i:*,i:*,i:*,i:*,i:*,,,,,,,,,,,,,,i:firmware;firmware_injector;freertos-firmware_injector,i:firmware;firmware_injector;freertos-firmware_injector,i:Debug;freertos-debug,i:Debug;freertos-debug,,i:Debug,i:Debug;freertos-debug,i:Debug;freertos-debug,
src/kernel/net/lwip/include/lwip/mem.h,1,actif,,,,,,,,,,,,,,,,,,i:*,i:*,i:lib-debug;tauon-kernel-arm926ejs-debug;tauon-kernel-arm926ejs-freertos-debug;tauon-kernel-cortex-m4-debug,i:lib-debug;tauon-kernel-arm926ejs-debug;tauon-kernel-arm926ejs-freertos-debug;tauon-kernel-cortex-m0+-freertos-debug;tauon-kernel-cortex-m4-debug;tauon-kernel-cortex-m4f-freertos-debug,i:lib-debug;tauon-kernel-arm926ejs-debug;tauon-kernel-arm926ejs-freertos-debug;tauon-kernel-cortex-m0+-freertos-debug;tauon-kernel-cortex-m4-debug;tauon-kernel-cortex-m4f-freertos-debug;tauon-kernel-cortex-m4m7-freertosv9-debug;tauon-kernel-cortex-m7-debug,i:lib-debug;tauon-kernel-arm926ejs-debug;tauon-kernel-arm926ejs-freertos-debug;tauon-kernel-cortex-m0+-freertos-debug;tauon-kernel-cortex-m4-debug;tauon-kernel-cortex-m4f-freertos-debug;tauon-kernel-cortex-m4m7-freertosv9-debug;tauon-kernel-cortex-m7-debug,i:lib-debug;tauon-kernel-arm926ejs-debug;tauon-kernel-arm926ejs-freertos-debug;tauon-kernel-cortex-m0+-freertos-debug;tauon-kernel-cortex-m4-debug;tauon-kernel-cortex-m4f-freertos-debug;tauon-kernel-cortex-m4m7-freertosv9-debug;tauon-kernel-cortex-m7-debug,,,,,,,,,,,,,,,,,,,,,,
src/kernel/net/lwip/include/lwip/memp.h,1,actif,,,,,,,,,,,,,,,,,,i:*,i:*,i:lib-debug;tauon-kernel-arm926ejs-debug;tauon-kernel-arm926ejs-freertos-debug;tauon-kernel-cortex-m4-debug,i:lib-debug;tauon-kernel-arm926ejs-debug;tauon-kernel-arm926ejs-freertos-debug;tauon-kernel-cortex-m0+-freertos-debug;tauon-kernel-cortex-m4-debug;tauon-kernel-cortex-m4f-freertos-debug,i:lib-debug;tauon-kernel-arm926ejs-debug;tauon-kernel-arm926ejs-freertos-debug;tauon-kernel-cortex-m0+-freertos-debug;tauon-kernel-cortex-m4-debug;tauon-kernel-cortex-m4f-freertos-debug;tauon-kernel-cortex-m4m7-freertosv9-debug;tauon-kernel-cortex-m7-debug,i:lib-debug;tauon-kernel-arm926ejs-debug;tauon-kernel-arm926ejs-freertos-debug;tauon-kernel-cortex-m0+-freertos-debug;tauon-kernel-cortex-m4-debug;tauon-kernel-cortex-m4f-freertos-debug;tauon-kernel-cortex-m4m7-freertosv9-debug;tauon-kernel-cortex-m7-debug,i:lib-debug;tauon-kernel-arm926ejs-debug;tauon-kernel-arm926ejs-freertos-debug;tauon-kernel-cortex-m0+-freertos-debug;tauon-kernel-cortex-m4-debug;tauon-kernel-cortex-m4f-freertos-debug;tauon-kernel-cortex-m4m7-freertosv9-debug;tauon-kernel-cortex-m7-debug,,,,,,,,,,,,,,,,,,,,,,
src/kernel/net/lwip/include/lwip/mld6.h,1,actif,,,,,,,,,,,,,,,,,,i:*,,i:lib-debug;tauon-kernel-arm926ejs-debug;tauon-kernel-arm926ejs-freertos-debug;tauon-kernel-cortex-m4-debug,i:lib-debug;tauon-kernel-arm926ejs-debug;tauon-kernel-arm926ejs-freertos-debug;tauon-kernel-cortex-m0+-freertos-debug;tauon-kernel-cortex-m4-debug;tauon-kernel-cortex-m4f-freertos-debug,i:lib-debug;tauon-kernel-arm926ejs-debug;tauon-kernel-arm926ejs-freertos-debug;tauon-kernel-cortex-m0+-freertos-debug;tauon-kernel-cortex-m4-debug;tauon-kernel-cortex-m4f-freertos-debug;tauon-kernel-cortex-m4m7-freertosv9-debug;tauon-kernel-cortex-m7-debug,i:lib-debug;tauon-kernel-arm926ejs-debug;tauon-kernel-arm926ejs-freertos-debug;tauon-kernel-cortex-m0+-freertos-debug;tauon-kernel-cortex-m4-debug;tauon-kernel-cortex-m4f-freertos-debug;tauon-kernel-cortex-m4m7-freertosv9-debug;tauon-kernel-cortex-m7-debug,i:lib-debug;tauon-kernel-arm926ejs-debug;tauon-kernel-arm926ejs-freertos-debug;tauon-kernel-cortex-m0+-freertos-debug;tauon-kernel-cortex-m4-debug;tauon-kernel-cortex-m4f-freertos-debug;tauon-kernel-cortex-m4m7-freertosv9-debug;tauon-kernel-cortex-m7-debug,,,,,,,,,,,,,,,,,,,,,,
src/kernel/net/lwip/include/lwip/nd6.h,1,actif,,,,,,,,,,,,,,,,,,i:*,,i:lib-debug;tauon-kernel-arm926ejs-debug;tauon-kernel-arm926ejs-freertos-debug;tauon-kernel-cortex-m4-debug,i:lib-debug;tauon-kernel-arm926ejs-debug;tauon-kernel-arm926ejs-freertos-debug;tauon-kernel-cortex-m0+-freertos-debug;tauon-kernel-cortex-m4-debug;tauon-kernel-cortex-m4f-freertos-debug,i:lib-debug;tauon-kernel-arm926ejs-debug;tauon-kernel-arm926ejs-freertos-debug;tauon-kernel-cortex-m0+-freertos-debug;tauon-kernel-cortex-m4-debug;tauon-kernel-cortex-m4f-freertos-debug;tauon-kernel-cortex-m4m7-freertosv9-debug;tauon-kernel-cortex-m7-debug,i:lib-debug;tauon-kernel-arm926ejs-debug;tauon-kernel-arm926ejs-freertos-debug;tauon-kernel-cortex-m0+-freertos-debug;tauon-kernel-cortex-m4-debug;tauon-kernel-cortex-m4f-freertos-debug;tauon-kernel-cortex-m4m7-freertosv9-debug;tauon-kernel-cortex-m7-debug,i:lib-debug;tauon-kernel-arm926ejs-debug;tauon-kernel-arm926ejs-freertos-debug;tauon-kernel-cortex-m0+-freertos-debug;tauon-kernel-cortex-m4-debug;tauon-kernel-cortex-m4f-freertos-debug;tauon-kernel-cortex-m4m7-freertosv9-debug;tauon-kernel-cortex-m7-debug,,,,,,,,,,,,,,,,,,,,,,
src/kernel/net/lwip/include/lwip/netbuf.h,1,actif,,,,,,,,,,,,,,,,,,i:*,,i:lib-debug;tauon-kernel-arm926ejs-debug;tauon-kernel-arm926ejs-freertos-debug;tauon-kernel-cortex-m4-debug,i:lib-debug;tauon-kernel-arm926ejs-debug;tauon-kernel-arm926ejs-freertos-debug;tauon-kernel-cortex-m0+-freertos-debug;tauon-kernel-cortex-m4-debug;tauon-kernel-cortex-m4f-freertos-debug,i:lib-debug;tauon-kernel-arm926ejs-debug;tauon-kernel-arm926ejs-freertos-debug;tauon-kernel-cortex-m0+-freertos-debug;tauon-kernel-cortex-m4-debug;tauon-kernel-cortex-m4f-freertos-debug;tauon-kernel-cortex-m4m7-freertosv9-debug;tauon-kernel-cortex-m7-debug,i:lib-debug;tauon-kernel-arm926ejs-debug;tauon-kernel-arm926ejs-freertos-debug;tauon-kernel-cortex-m0+-freertos-debug;tauon-kernel-cortex-m4-debug;tauon-kernel-cortex-m4f-freertos-debug;tauon-kernel-cortex-m4m7-freertosv9-debug;tauon-kernel-cortex-m7-debug,i:lib-debug;tauon-kernel-arm926ejs-debug;tauon-kernel-arm926ejs-freertos-debug;tauon-kernel-cortex-m0+-freertos-debug;tauon-kernel-cortex-m4-debug;tauon-kernel-cortex-m4f-freertos-debug;tauon-kernel-cortex-m4m7-freertosv9-debug;tauon-kernel-cortex-m7-debug,,,,,,,,,,,,,,,,,,,,,,
src/kernel/net/lwip/include/lwip/netdb.h,1,actif,,,,,,,,,,,,,,,,,,i:*,,i:lib-debug;tauon-kernel-arm926ejs-debug;tauon-kernel-arm926ejs-freertos-debug;tauon-kernel-cortex-m4-debug,i:lib-debug;tauon-kernel-arm926ejs-debug;tauon-kernel-arm926ejs-freertos-debug;tauon-kernel-cortex-m0+-freertos-debug;tauon-kernel-cortex-m4-debug;tauon-kernel-cortex-m4f-freertos-debug,i:*,i:*,i:*,,,,,,,,,,,,,,,,,,,,,,
src/kernel/net/lwip/include/lwip/netif.h,1,actif,,,,,,,,,,,,,,,,,,i:*,i:*,i:lib-debug;tauon-kernel-arm926ejs-debug;tauon-kernel-arm926ejs-freertos-debug;tauon-kernel-cortex-m4-debug,i:lib-debug;tauon-kernel-arm926ejs-debug;tauon-kernel-arm926ejs-freertos-debug;tauon-kernel-cortex-m0+-freertos-debug;tauon-kernel-cortex-m4-debug;tauon-kernel-cortex-m4f-freertos-debug,i:lib-debug;tauon-kernel-arm926ejs-debug;tauon-kernel-arm926ejs-freertos-debug;tauon-kernel-cortex-m0+-freertos-debug;tauon-kernel-cortex-m4-debug;tauon-kernel-cortex-m4f-freertos-debug;tauon-kernel-cortex-m4m7-freertosv9-debug;tauon-kernel-cortex-m7-debug,i:lib-debug;tauon-kernel-arm926ejs-debug;tauon-kernel-arm926ejs-freertos-debug;tauon-kernel-cortex-m0+-freertos-debug;tauon-kernel-cortex-m4-debug;tauon-kernel-cortex-m4f-freertos-debug;tauon-kernel-cortex-m4m7-freertosv9-debug;tauon-kernel-cortex-m7-debug,i:lib-debug;tauon-kernel-arm926ejs-debug;tauon-kernel-arm926ejs-freertos-debug;tauon-kernel-cortex-m0+-freertos-debug;tauon-kernel-cortex-m4-debug;tauon-kernel-cortex-m4f-freertos-debug;tauon-kernel-cortex-m4m7-freertosv9-debug;tauon-kernel-cortex-m7-debug,,,,,,,,,,,,,,,,,,,,,,
src/kernel/net/lwip/include/lwip/netifapi.h,1,actif,,,,,,,,,,,,,,,,,,i:*,,i:lib-debug;tauon-kernel-arm926ejs-debug;tauon-kernel-arm926ejs-freertos-debug;tauon-kernel-cortex-m4-debug,i:lib-debug;tauon-kernel-arm926ejs-debug;tauon-kernel-arm926ejs-freertos-debug;tauon-kernel-cortex-m0+-freertos-debug;tauon-kernel-cortex-m4-debug;tauon-kernel-cortex-m4f-freertos-debug,i:lib-debug;tauon-kernel-arm926ejs-debug;tauon-kernel-arm926ejs-freertos-debug;tauon-kernel-cortex-m0+-freertos-debug;tauon-kernel-cortex-m4-debug;tauon-kernel-cortex-m4f-freertos-debug;tauon-kernel-cortex-m4m7-freertosv9-debug;tauon-kernel-cortex-m7-debug,i:lib-debug;tauon-kernel-arm926ejs-debug;tauon-kernel-arm926ejs-freertos-debug;tauon-kernel-cortex-m0+-freertos-debug;tauon-kernel-cortex-m4-debug;tauon-kernel-cortex-m4f-freertos-debug;tauon-kernel-cortex-m4m7-freertosv9-debug;tauon-kernel-cortex-m7-debug,i:lib-debug;tauon-kernel-arm926ejs-debug;tauon-kernel-arm926ejs-freertos-debug;tauon-kernel-cortex-m0+-freertos-debug;tauon-kernel-cortex-m4-debug;tauon-kernel-cortex-m4f-freertos-debug;tauon-kernel-cortex-m4m7-freertosv9-debug;tauon-kernel-cortex-m7-debug,,,,,,,,,,,,,,,,,,,,,,
src/kernel/net/lwip/include/lwip/opt.h,1,actif,,,,,,,,,,,,,,,,,,i:*,i:*,i:*,i:*,i:*,i:*,i:*,,,,,,,,,,,,,,i:firmware;firmware_injector;freertos-firmware_injector,i:firmware;firmware_injector;freertos-firmware_injector,i:Debug;freertos-debug,i:Debug;freertos-debug,,i:Debug,i:Debug;freertos-debug,i:Debug;freertos-debug,
src/kernel/net/lwip/include/lwip/pbuf.h,1,actif,,,,,,,,,,,,,,,,,,i:*,i:*,i:lib-debug;tauon-kernel-arm926ejs-debug;tauon-kernel-arm926ejs-freertos-debug;tauon-kernel-cortex-m4-debug,i:lib-debug;tauon-kernel-arm926ejs-debug;tauon-kernel-arm926ejs-freertos-debug;tauon-kernel-cortex-m0+-freertos-debug;tauon-kernel-cortex-m4-debug;tauon-kernel-cortex-m4f-freertos-debug,i:lib-debug;tauon-kernel-arm926ejs-debug;tauon-kernel-arm926ejs-freertos-debug;tauon-kernel-cortex-m0+-freertos-debug;tauon-kernel-cortex-m4-debug;tauon-kernel-cortex-m4f-freertos-debug;tauon-kernel-cortex-m4m7-freertosv9-debug;tauon-kernel-cortex-m7-debug,i:lib-debug;tauon-kernel-arm926ejs-debug;tauon-kernel-arm926ejs-freertos-debug;tauon-kernel-cortex-m0+-freertos-debug;tauon-kernel-cortex-m4-debug;tauon-kernel-cortex-m4f-freertos-debug;tauon-kernel-cortex-m4m7-freertosv9-debug;tauon-kernel-cortex-m7-debug,i:lib-debug;tauon-kernel-arm926ejs-debug;tauon-kernel-arm926ejs-freertos-debug;tauon-kernel-cortex-m0+-freertos-debug;tauon-kernel-cortex-m4-debug;tauon-kernel-cortex-m4f-freertos-debug;tauon-kernel-cortex-m4m7-freertosv9-debug;tauon-kernel-cortex-m7-debug,,,,,,,,,,,,,,,,,,,,,,
src/kernel/net/lwip/include/lwip/priv/api_msg.h,1,actif,,,,,,,,,,,,,,,,,,i:*,,i:lib-debug;tauon-kernel-arm926ejs-debug;tauon-kernel-arm926ejs-freertos-debug;tauon-kernel-cortex-m4-debug,i:lib-debug;tauon-kernel-arm926ejs-debug;tauon-kernel-arm926ejs-freertos-debug;tauon-kernel-cortex-m0+-freertos-debug;tauon-kernel-cortex-m4-debug;tauon-kernel-cortex-m4f-freertos-debug,i:lib-debug;tauon-kernel-arm926ejs-debug;tauon-kernel-arm926ejs-freertos-debug;tauon-kernel-cortex-m0+-freertos-debug;tauon-kernel-cortex-m4-debug;tauon-kernel-cortex-m4f-freertos-debug;tauon-kernel-cortex-m4m7-freertosv9-debug;tauon-kernel-cortex-m7-debug,i:lib-debug;tauon-kernel-arm926ejs-debug;tauon-kernel-arm926ejs-freertos-debug;tauon-kernel-cortex-m0+-freertos-debug;tauon-kernel-cortex-m4-debug;tauon-kernel-cortex-m4f-freertos-debug;tauon-kernel-cortex-m4m7-freertosv9-debug;tauon-kernel-cortex-m7-debug,i:lib-debug;tauon-kernel-arm926ejs-debug;tauon-kernel-arm926ejs-freertos-debug;tauon-kernel-cortex-m0+-freertos-debug;tauon-kernel-cortex-m4-debug;tauon-kernel-cortex-m4f-freertos-debug;tauon-kernel-cortex-m4m7-freertosv9-debug;tauon-kernel-cortex-m7-debug,,,,,,,,,,,,,,,,,,,,,,
src/kernel/net/lwip/include/lwip/priv/memp_priv.h,1,actif,,,,,,,,,,,,,,,,,,i:*,i:*,i:lib-debug;tauon-kernel-arm926ejs-debug;tauon-kernel-arm926ejs-freertos-debug;tauon-kernel-cortex-m4-debug,i:lib-debug;tauon-kernel-arm926ejs-debug;tauon-kernel-arm926ejs-freertos-debug;tauon-kernel-cortex-m0+-freertos-debug;tauon-kernel-cortex-m4-debug;tauon-kernel-cortex-m4f-freertos-debug,i:lib-debug;tauon-kernel-arm926ejs-debug;tauon-kernel-arm926ejs-freertos-debug;tauon-kernel-cortex-m0+-freertos-debug;tauon-kernel-cortex-m4-debug;tauon-kernel-cortex-m4f-freertos-debug;tauon-kernel-cortex-m4m7-freertosv9-debug;tauon-kernel-cortex-m7-debug,i:lib-debug;tauon-kernel-arm926ejs-debug;tauon-kernel-arm926ejs-freertos-debug;tauon-kernel-cortex-m0+-freertos-debug;tauon-kernel-cortex-m4-debug;tauon-kernel-cortex-m4f-freertos-debug;tauon-kernel-cortex-m4m7-freertosv9-debug;tauon-kernel-cortex-m7-debug,i:lib-debug;tauon-kernel-arm926ejs-debug;tauon-kernel-arm926ejs-freertos-debug;tauon-kernel-cortex-m0+-freertos-debug;tauon-kernel-cortex-m4-debug;tauon-kernel-cortex-m4f-freertos-debug;tauon-kernel-cortex-m4m7-freertosv9-debug;tauon-kernel-cortex-m7-debug,,,,,,,,,,,,,,,,,,,,,,
src/kernel/net/lwip/include/lwip/priv/memp_std.h,1,actif,,,,,,,,,,,,,,,,,,i:*,i:*,i:lib-debug;tauon-kernel-arm926ejs-debug;tauon-kernel-arm926ejs-freertos-debug;tauon-kernel-cortex-m4-debug,i:lib-debug;tauon-kernel-arm926ejs-debug;tauon-kernel-arm926ejs-freertos-debug;tauon-kernel-cortex-m0+-freertos-debug;tauon-kernel-cortex-m4-debug;tauon-kernel-cortex-m4f-freertos-debug,i:lib-debug;tauon-kernel-arm926ejs-debug;tauon-kernel-arm926ejs-freertos-debug;tauon-kernel-cortex-m0+-freertos-debug;tauon-kernel-cortex-m4-debug;tauon-kernel-cortex-m4f-freertos-debug;tauon-kernel-cortex-m4m7-freertosv9-debug;tauon-kernel-cortex-m7-debug,i:lib-debug;tauon-kernel-arm926ejs-debug;tauon-kernel-arm926ejs-freertos-debug;tauon-kernel-cortex-m0+-freertos-debug;tauon-kernel-cortex-m4-debug;tauon-kernel-cortex-m4f-freertos-debug;tauon-kernel-cortex-m4m7-freertosv9-debug;tauon-kernel-cortex-m7-debug,i:lib-debug;tauon-kernel-arm926ejs-debug;tauon-kernel-arm926ejs-freertos-debug;tauon-kernel-cortex-m0+-freertos-debug;tauon-kernel-cortex-m4-debug;tauon-kernel-cortex-m4f-freertos-debug;tauon-kernel-cortex-m4m7-freertosv9-debug;tauon-kernel-cortex-m7-debug,,,,,,,,,,,,,,,,,,,,,,
src/kernel/net/lwip/include/lwip/priv/nd6_priv.h,1,actif,,,,,,,,,,,,,,,,,,i:*,,i:lib-debug;tauon-kernel-arm926ejs-debug;tauon-kernel-arm926ejs-freertos-debug;tauon-kernel-cortex-m4-debug,i:lib-debug;tauon-kernel-arm926ejs-debug;tauon-kernel-arm926ejs-freertos-debug;tauon-kernel-cortex-m0+-freertos-debug;tauon-kernel-cortex-m4-debug;tauon-kernel-cortex-m4f-freertos-debug,i:lib-debug;tauon-kernel-arm926ejs-debug;tauon-kernel-arm926ejs-freertos-debug;tauon-kernel-cortex-m0+-freertos-debug;tauon-kernel-cortex-m4-debug;tauon-kernel-cortex-m4f-freertos-debug;tauon-kernel-cortex-m4m7-freertosv9-debug;tauon-kernel-cortex-m7-debug,i:lib-debug;tauon-kernel-arm926ejs-debug;tauon-kernel-arm926ejs-freertos-debug;tauon-kernel-cortex-m0+-freertos-debug;tauon-kernel-cortex-m4-debug;tauon-kernel-cortex-m4f-freertos-debug;tauon-kernel-cortex-m4m7-freertosv9-debug;tauon-kernel-cortex-m7-debug,i:lib-debug;tauon-kernel-arm926ejs-debug;tauon-kernel-arm926ejs-freertos-debug;tauon-kernel-cortex-m0+-freertos-debug;tauon-kernel-cortex-m4-debug;tauon-kernel-cortex-m4f-freertos-debug;tauon-kernel-cortex-m4m7-freertosv9-debug;tauon-kernel-cortex-m7-debug,,,,,,,,,,,,,,,,,,,,,,
src/kernel/net/lwip/include/lwip/priv/tcp_priv.h,1,actif,,,,,,,,,,,,,,,,,,i:*,,i:lib-debug;tauon-kernel-arm926ejs-debug;tauon-kernel-arm926ejs-freertos-debug;tauon-kernel-cortex-m4-debug,i:lib-debug;tauon-kernel-arm926ejs-debug;tauon-kernel-arm926ejs-freertos-debug;tauon-kernel-cortex-m0+-freertos-debug;tauon-kernel-cortex-m4-debug;tauon-kernel-cortex-m4f-freertos-debug,i:lib-debug;tauon-kernel-arm926ejs-debug;tauon-kernel-arm926ejs-freertos-debug;tauon-kernel-cortex-m0+-freertos-debug;tauon-kernel-cortex-m4-debug;tauon-kernel-cortex-m4f-freertos-debug;tauon-kernel-cortex-m4m7-freertosv9-debug;tauon-kernel-cortex-m7-debug,i:lib-debug;tauon-kernel-arm926ejs-debug;tauon-kernel-arm926ejs-freertos-debug;tauon-kernel-cortex-m0+-freertos-debug;tauon-kernel-cortex-m4-debug;tauon-kernel-cortex-m4f-freertos-debug;tauon-kernel-cortex-m4m7-freertosv9-debug;tauon-kernel-cortex-m7-debug,i:lib-debug;tauon-kernel-arm926ejs-debug;tauon-kernel-arm926ejs-freertos-debug;tauon-kernel-cortex-m0+-freertos-debug;tauon-kernel-cortex-m4-debug;tauon-kernel-cortex-m4f-freertos-debug;tauon-kernel-cortex-m4m7-freertosv9-debug;tauon-kernel-cortex-m7-debug,,,,,,,,,,,,,,,,,,,,,,
src/kernel/net/lwip/include/lwip/priv/tcpip_priv.h,1,actif,,,,,,,,,,,,,,,,,,i:*,,i:lib-debug;tauon-kernel-arm926ejs-debug;tauon-kernel-arm926ejs-freertos-debug;tauon-kernel-cortex-m4-debug,i:lib-debug;tauon-kernel-arm926ejs-debug;tauon-kernel-arm926ejs-freertos-debug;tauon-kernel-cortex-m0+-freertos-debug;tauon-kernel-cortex-m4-debug;tauon-kernel-cortex-m4f-freertos-debug,i:lib-debug;tauon-kernel-arm926ejs-debug;tauon-kernel-arm926ejs-freertos-debug;tauon-kernel-cortex-m0+-freertos-debug;tauon-kernel-cortex-m4-debug;tauon-kernel-cortex-m4f-freertos-debug;tauon-kernel-cortex-m4m7-freertosv9-debug;tauon-kernel-cortex-m7-debug,i:lib-debug;tauon-kernel-arm926ejs-debug;tauon-kernel-arm926ejs-freertos-debug;tauon-kernel-cortex-m0+-freertos-debug;tauon-kernel-cortex-m4-debug;tauon-kernel-cortex-m4f-freertos-debug;tauon-kernel-cortex-m4m7-freertosv9-debug;tauon-kernel-cortex-m7-debug,i:lib-debug;tauon-kernel-arm926ejs-debug;tauon-kernel-arm926ejs-freertos-debug;tauon-kernel-cortex-m0+-freertos-debug;tauon-kernel-cortex-m4-debug;tauon-kernel-cortex-m4f-freertos-debug;tauon-kernel-cortex-m4m7-freertosv9-debug;tauon-kernel-cortex-m7-debug,,,,,,,,,,,,,,,,,,,,,,
src/kernel/net/lwip/include/lwip/prot/autoip.h,1,actif,,,,,,,,,,,,,,,,,,i:*,,i:lib-debug;tauon-kernel-arm926ejs-debug;tauon-kernel-arm926ejs-freertos-debug;tauon-kernel-cortex-m4-debug,i:lib-debug;tauon-kernel-arm926ejs-debug;tauon-kernel-arm926ejs-freertos-debug;tauon-kernel-cortex-m0+-freertos-debug;tauon-kernel-cortex-m4-debug;tauon-kernel-cortex-m4f-freertos-debug,i:lib-debug;tauon-kernel-arm926ejs-debug;tauon-kernel-arm926ejs-freertos-debug;tauon-kernel-cortex-m0+-freertos-debug;tauon-kernel-cortex-m4-debug;tauon-kernel-cortex-m4f-freertos-debug;tauon-kernel-cortex-m4m7-freertosv9-debug;tauon-kernel-cortex-m7-debug,i:lib-debug;tauon-kernel-arm926ejs-debug;tauon-kernel-arm926ejs-freertos-debug;tauon-kernel-cortex-m0+-freertos-debug;tauon-kernel-cortex-m4-debug;tauon-kernel-cortex-m4f-freertos-debug;tauon-kernel-cortex-m4m7-freertosv9-debug;tauon-kernel-cortex-m7-debug,i:lib-debug;tauon-kernel-arm926ejs-debug;tauon-kernel-arm926ejs-freertos-debug;tauon-kernel-cortex-m0+-freertos-debug;tauon-kernel-cortex-m4-debug;tauon-kernel-cortex-m4f-freertos-debug;tauon-kernel-cortex-m4m7-freertosv9-debug;tauon-kernel-cortex-m7-debug,,,,,,,,,,,,,,,,,,,,,,
src/kernel/net/lwip/include/lwip/prot/dhcp.h,1,actif,,,,,,,,,,,,,,,,,,,,,,i:lib-debug;tauon-kernel-arm926ejs-debug;tauon-kernel-arm926ejs-freertos-debug;tauon-kernel-cortex-m0+-freertos-debug;tauon-kernel-cortex-m4-debug;tauon-kernel-cortex-m4f-freertos-debug;tauon-kernel-cortex-m4m7-freertosv9-debug;tauon-kernel-cortex-m7-debug,i:lib-debug;tauon-kernel-arm926ejs-debug;tauon-kernel-arm926ejs-freertos-debug;tauon-kernel-cortex-m0+-freertos-debug;tauon-kernel-cortex-m4-debug;tauon-kernel-cortex-m4f-freertos-debug;tauon-kernel-cortex-m4m7-freertosv9-debug;tauon-kernel-cortex-m7-debug,i:lib-debug;tauon-kernel-arm926ejs-debug;tauon-kernel-arm926ejs-freertos-debug;tauon-kernel-cortex-m0+-freertos-debug;tauon-kernel-cortex-m4-debug;tauon-kernel-cortex-m4f-freertos-debug;tauon-kernel-cortex-m4m7-freertosv9-debug;tauon-kernel-cortex-m7-debug,,,,,,,,,,,,,,,,,,,,,,
src/kernel/net/lwip/include/lwip/prot/dns.h,1,actif,,,,,,,,,,,,,,,,,,i:*,,i:lib-debug;tauon-kernel-arm926ejs-debug;tauon-kernel-arm926ejs-freertos-debug;tauon-kernel-cortex-m4-debug,i:lib-debug;tauon-kernel-arm926ejs-debug;tauon-kernel-arm926ejs-freertos-debug;tauon-kernel-cortex-m0+-freertos-debug;tauon-kernel-cortex-m4-debug;tauon-kernel-cortex-m4f-freertos-debug,i:lib-debug;tauon-kernel-arm926ejs-debug;tauon-kernel-arm926ejs-freertos-debug;tauon-kernel-cortex-m0+-freertos-debug;tauon-kernel-cortex-m4-debug;tauon-kernel-cortex-m4f-freertos-debug;tauon-kernel-cortex-m4m7-freertosv9-debug;tauon-kernel-cortex-m7-debug,i:lib-debug;tauon-kernel-arm926ejs-debug;tauon-kernel-arm926ejs-freertos-debug;tauon-kernel-cortex-m0+-freertos-debug;tauon-kernel-cortex-m4-debug;tauon-kernel-cortex-m4f-freertos-debug;tauon-kernel-cortex-m4m7-freertosv9-debug;tauon-kernel-cortex-m7-debug,i:lib-debug;tauon-kernel-arm926ejs-debug;tauon-kernel-arm926ejs-freertos-debug;tauon-kernel-cortex-m0+-freertos-debug;tauon-kernel-cortex-m4-debug;tauon-kernel-cortex-m4f-freertos-debug;tauon-kernel-cortex-m4m7-freertosv9-debug;tauon-kernel-cortex-m7-debug,,,,,,,,,,,,,,,,,,,,,,
src/kernel/net/lwip/include/lwip/prot/etharp.h,1,actif,,,,,,,,,,,,,,,,,,i:*,i:*,i:lib-debug;tauon-kernel-arm926ejs-debug;tauon-kernel-arm926ejs-freertos-debug;tauon-kernel-cortex-m4-debug,i:lib-debug;tauon-kernel-arm926ejs-debug;tauon-kernel-arm926ejs-freertos-debug;tauon-kernel-cortex-m0+-freertos-debug;tauon-kernel-cortex-m4-debug;tauon-kernel-cortex-m4f-freertos-debug,i:lib-debug;tauon-kernel-arm926ejs-debug;tauon-kernel-arm926ejs-freertos-debug;tauon-kernel-cortex-m0+-freertos-debug;tauon-kernel-cortex-m4-debug;tauon-kernel-cortex-m4f-freertos-debug;tauon-kernel-cortex-m4m7-freertosv9-debug;tauon-kernel-cortex-m7-debug,i:lib-debug;tauon-kernel-arm926ejs-debug;tauon-kernel-arm926ejs-freertos-debug;tauon-kernel-cortex-m0+-freertos-debug;tauon-kernel-cortex-m4-debug;tauon-kernel-cortex-m4f-freertos-debug;tauon-kernel-cortex-m4m7-freertosv9-debug;tauon-kernel-cortex-m7-debug,i:lib-debug;tauon-kernel-arm926ejs-debug;tauon-kernel-arm926ejs-freertos-debug;tauon-kernel-cortex-m0+-freertos-debug;tauon-kernel-cortex-m4-debug;tauon-kernel-cortex-m4f-freertos-debug;tauon-kernel-cortex-m4m7-freertosv9-debug;tauon-kernel-cortex-m7-debug,,,,,,,,,,,,,,,,,,,,,,
src/kernel/net/lwip/include/lwip/prot/ethernet.h,1,actif,,,,,,,,,,,,,,,,,,i:*,i:*,i:lib-debug;tauon-kernel-arm926ejs-debug;tauon-kernel-arm926ejs-freertos-debug;tauon-kernel-cortex-m4-debug,i:lib-debug;tauon-kernel-arm926ejs-debug;tauon-kernel-arm926ejs-freertos-debug;tauon-kernel-cortex-m0+-freertos-debug;tauon-kernel-cortex-m4-debug;tauon-kernel-cortex-m4f-freertos-debug,i:lib-debug;tauon-kernel-arm926ejs-debug;tauon-kernel-arm926ejs-freertos-debug;tauon-kernel-cortex-m0+-freertos-debug;tauon-kernel-cortex-m4-debug;tauon-kernel-cortex-m4f-freertos-debug;tauon-kernel-cortex-m4m7-freertosv9-debug;tauon-kernel-cortex-m7-debug,i:lib-debug;tauon-kernel-arm926ejs-debug;tauon-kernel-arm926ejs-freertos-debug;tauon-kernel-cortex-m0+-freertos-debug;tauon-kernel-cortex-m4-debug;tauon-kernel-cortex-m4f-freertos-debug;tauon-kernel-cortex-m4m7-freertosv9-debug;tauon-kernel-cortex-m7-debug,i:lib-debug;tauon-kernel-arm926ejs-debug;tauon-kernel-arm926ejs-freertos-debug;tauon-kernel-cortex-m0+-freertos-debug;tauon-kernel-cortex-m4-debug;tauon-kernel-cortex-m4f-freertos-debug;tauon-kernel-cortex-m4m7-freertosv9-debug;tauon-kernel-cortex-m7-debug,,,,,,,,,,,,,,,,,,,,,,
src/kernel/net/lwip/include/lwip/prot/icmp.h,1,actif,,,,,,,,,,,,,,,,,,i:*,,i:lib-debug;tauon-kernel-arm926ejs-debug;tauon-kernel-arm926ejs-freertos-debug;tauon-kernel-cortex-m4-debug,i:lib-debug;tauon-kernel-arm926ejs-debug;tauon-kernel-arm926ejs-freertos-debug;tauon-kernel-cortex-m0+-freertos-debug;tauon-kernel-cortex-m4-debug;tauon-kernel-cortex-m4f-freertos-debug,i:lib-debug;tauon-kernel-arm926ejs-debug;tauon-kernel-arm926ejs-freertos-debug;tauon-kernel-cortex-m0+-freertos-debug;tauon-kernel-cortex-m4-debug;tauon-kernel-cortex-m4f-freertos-debug;tauon-kernel-cortex-m4m7-freertosv9-debug;tauon-kernel-cortex-m7-debug,i:lib-debug;tauon-kernel-arm926ejs-debug;tauon-kernel-arm926ejs-freertos-debug;tauon-kernel-cortex-m0+-freertos-debug;tauon-kernel-cortex-m4-debug;tauon-kernel-cortex-m4f-freertos-debug;tauon-kernel-cortex-m4m7-freertosv9-debug;tauon-kernel-cortex-m7-debug,i:lib-debug;tauon-kernel-arm926ejs-debug;tauon-kernel-arm926ejs-freertos-debug;tauon-kernel-cortex-m0+-freertos-debug;tauon-kernel-cortex-m4-debug;tauon-kernel-cortex-m4f-freertos-debug;tauon-kernel-cortex-m4m7-freertosv9-debug;tauon-kernel-cortex-m7-debug,,,,,,,,,,,,,,,,,,,,,,
src/kernel/net/lwip/include/lwip/prot/icmp6.h,1,actif,,,,,,,,,,,,,,,,,,i:*,,i:lib-debug;tauon-kernel-arm926ejs-debug;tauon-kernel-arm926ejs-freertos-debug;tauon-kernel-cortex-m4-debug,i:lib-debug;tauon-kernel-arm926ejs-debug;tauon-kernel-arm926ejs-freertos-debug;tauon-kernel-cortex-m0+-freertos-debug;tauon-kernel-cortex-m4-debug;tauon-kernel-cortex-m4f-freertos-debug,i:lib-debug;tauon-kernel-arm926ejs-debug;tauon-kernel-arm926ejs-freertos-debug;tauon-kernel-cortex-m0+-freertos-debug;tauon-kernel-cortex-m4-debug;tauon-kernel-cortex-m4f-freertos-debug;tauon-kernel-cortex-m4m7-freertosv9-debug;tauon-kernel-cortex-m7-debug,i:lib-debug;tauon-kernel-arm926ejs-debug;tauon-kernel-arm926ejs-freertos-debug;tauon-kernel-cortex-m0+-freertos-debug;tauon-kernel-cortex-m4-debug;tauon-kernel-cortex-m4f-freertos-debug;tauon-kernel-cortex-m4m7-freertosv9-debug;tauon-kernel-cortex-m7-debug,i:lib-debug;tauon-kernel-arm926ejs-debug;tauon-kernel-arm926ejs-freertos-debug;tauon-kernel-cortex-m0+-freertos-debug;tauon-kernel-cortex-m4-debug;tauon-kernel-cortex-m4f-freertos-debug;tauon-kernel-cortex-m4m7-freertosv9-debug;tauon-kernel-cortex-m7-debug,,,,,,,,,,,,,,,,,,,,,,
src/kernel/net/lwip/include/lwip/prot/igmp.h,1,actif,,,,,,,,,,,,,,,,,,i:*,,i:lib-debug;tauon-kernel-arm926ejs-debug;tauon-kernel-arm926ejs-freertos-debug;tauon-kernel-cortex-m4-debug,i:lib-debug;tauon-kernel-arm926ejs-debug;tauon-kernel-arm926ejs-freertos-debug;tauon-kernel-cortex-m0+-freertos-debug;tauon-kernel-cortex-m4-debug;tauon-kernel-cortex-m4f-freertos-debug,i:lib-debug;tauon-kernel-arm926ejs-debug;tauon-kernel-arm926ejs-freertos-debug;tauon-kernel-cortex-m0+-freertos-debug;tauon-kernel-cortex-m4-debug;tauon-kernel-cortex-m4f-freertos-debug;tauon-kernel-cortex-m4m7-freertosv9-debug;tauon-kernel-cortex-m7-debug,i:lib-debug;tauon-kernel-arm926ejs-debug;tauon-kernel-arm926ejs-freertos-debug;tauon-kernel-cortex-m0+-freertos-debug;tauon-kernel-cortex-m4-debug;tauon-kernel-cortex-m4f-freertos-debug;tauon-kernel-cortex-m4m7-freertosv9-debug;tauon-kernel-cortex-m7-debug,i:lib-debug;tauon-kernel-arm926ejs-debug;tauon-kernel-arm926ejs-freertos-debug;tauon-kernel-cortex-m0+-freertos-debug;tauon-kernel-cortex-m4-debug;tauon-kernel-cortex-m4f-freertos-debug;tauon-kernel-cortex-m4m7-freertosv9-debug;tauon-kernel-cortex-m7-debug,,,,,,,,,,,,,,,,,,,,,,
src/kernel/net/lwip/include/lwip/prot/ip.h,1,actif,,,,,,,,,,,,,,,,,,i:*,i:*,i:lib-debug;tauon-kernel-arm926ejs-debug;tauon-kernel-arm926ejs-freertos-debug;tauon-kernel-cortex-m4-debug,i:lib-debug;tauon-kernel-arm926ejs-debug;tauon-kernel-arm926ejs-freertos-debug;tauon-kernel-cortex-m0+-freertos-debug;tauon-kernel-cortex-m4-debug;tauon-kernel-cortex-m4f-freertos-debug,i:lib-debug;tauon-kernel-arm926ejs-debug;tauon-kernel-arm926ejs-freertos-debug;tauon-kernel-cortex-m0+-freertos-debug;tauon-kernel-cortex-m4-debug;tauon-kernel-cortex-m4f-freertos-debug;tauon-kernel-cortex-m4m7-freertosv9-debug;tauon-kernel-cortex-m7-debug,i:lib-debug;tauon-kernel-arm926ejs-debug;tauon-kernel-arm926ejs-freertos-debug;tauon-kernel-cortex-m0+-freertos-debug;tauon-kernel-cortex-m4-debug;tauon-kernel-cortex-m4f-freertos-debug;tauon-kernel-cortex-m4m7-freertosv9-debug;tauon-kernel-cortex-m7-debug,i:lib-debug;tauon-kernel-arm926ejs-debug;tauon-kernel-arm926ejs-freertos-debug;tauon-kernel-cortex-m0+-freertos-debug;tauon-kernel-cortex-m4-debug;tauon-kernel-cortex-m4f-freertos-debug;tauon-kernel-cortex-m4m7-freertosv9-debug;tauon-kernel-cortex-m7-debug,,,,,,,,,,,,,,,,,,,,,,
src/kernel/net/lwip/include/lwip/prot/ip4.h,1,actif,,,,,,,,,,,,,,,,,,i:*,i:*,i:lib-debug;tauon-kernel-arm926ejs-debug;tauon-kernel-arm926ejs-freertos-debug;tauon-kernel-cortex-m4-debug,i:lib-debug;tauon-kernel-arm926ejs-debug;tauon-kernel-arm926ejs-freertos-debug;tauon-kernel-cortex-m0+-freertos-debug;tauon-kernel-cortex-m4-debug;tauon-kernel-cortex-m4f-freertos-debug,i:lib-debug;tauon-kernel-arm926ejs-debug;tauon-kernel-arm926ejs-freertos-debug;tauon-kernel-cortex-m0+-freertos-debug;tauon-kernel-cortex-m4-debug;tauon-kernel-cortex-m4f-freertos-debug;tauon-kernel-cortex-m4m7-freertosv9-debug;tauon-kernel-cortex-m7-debug,i:lib-debug;tauon-kernel-arm926ejs-debug;tauon-kernel-arm926ejs-freertos-debug;tauon-kernel-cortex-m0+-freertos-debug;tauon-kernel-cortex-m4-debug;tauon-kernel-cortex-m4f-freertos-debug;tauon-kernel-cortex-m4m7-freertosv9-debug;tauon-kernel-cortex-m7-debug,i:lib-debug;tauon-kernel-arm926ejs-debug;tauon-kernel-arm926ejs-freertos-debug;tauon-kernel-cortex-m0+-freertos-debug;tauon-kernel-cortex-m4-debug;tauon-kernel-cortex-m4f-freertos-debug;tauon-kernel-cortex-m4m7-freertosv9-debug;tauon-kernel-cortex-m7-debug,,,,,,,,,,,,,,,,,,,,,,
src/kernel/net/lwip/include/lwip/prot/ip6.h,1,actif,,,,,,,,,,,,,,,,,,i:*,i:*,i:lib-debug;tauon-kernel-arm926ejs-debug;tauon-kernel-arm926ejs-freertos-debug;tauon-kernel-cortex-m4-debug,i:lib-debug;tauon-kernel-arm926ejs-debug;tauon-kernel-arm926ejs-freertos-debug;tauon-kernel-cortex-m0+-freertos-debug;tauon-kernel-cortex-m4-debug;tauon-kernel-cortex-m4f-freertos-debug,i:lib-debug;tauon-kernel-arm926ejs-debug;tauon-kernel-arm926ejs-freertos-debug;tauon-kernel-cortex-m0+-freertos-debug;tauon-kernel-cortex-m4-debug;tauon-kernel-cortex-m4f-freertos-debug;tauon-kernel-cortex-m4m7-freertosv9-debug;tauon-kernel-cortex-m7-debug,i:lib-debug;tauon-kernel-arm926ejs-debug;tauon-kernel-arm926ejs-freertos-debug;tauon-kernel-cortex-m0+-freertos-debug;tauon-kernel-cortex-m4-debug;tauon-kernel-cortex-m4f-freertos-debug;tauon-kernel-cortex-m4m7-freertosv9-debug;tauon-kernel-cortex-m7-debug,i:lib-debug;tauon-kernel-arm926ejs-debug;tauon-kernel-arm926ejs-freertos-debug;tauon-kernel-cortex-m0+-freertos-debug;tauon-kernel-cortex-m4-debug;tauon-kernel-cortex-m4f-freertos-debug;tauon-kernel-cortex-m4m7-freertosv9-debug;tauon-kernel-cortex-m7-debug,,,,,,,,,,,,,,,,,,,,,,
src/kernel/net/lwip/include/lwip/prot/tcp.h,1,actif,,,,,,,,,,,,,,,,,,i:*,,i:lib-debug;tauon-kernel-arm926ejs-debug;tauon-kernel-arm926ejs-freertos-debug;tauon-kernel-cortex-m4-debug,i:lib-debug;tauon-kernel-arm926ejs-debug;tauon-kernel-arm926ejs-freertos-debug;tauon-kernel-cortex-m0+-freertos-debug;tauon-kernel-cortex-m4-debug;tauon-kernel-cortex-m4f-freertos-debug,i:lib-debug;tauon-kernel-arm926ejs-debug;tauon-kernel-arm926ejs-freertos-debug;tauon-kernel-cortex-m0+-freertos-debug;tauon-kernel-cortex-m4-debug;tauon-kernel-cortex-m4f-freertos-debug;tauon-kernel-cortex-m4m7-freertosv9-debug;tauon-kernel-cortex-m7-debug,i:lib-debug;tauon-kernel-arm926ejs-debug;tauon-kernel-arm926ejs-freertos-debug;tauon-kernel-cortex-m0+-freertos-debug;tauon-kernel-cortex-m4-debug;tauon-kernel-cortex-m4f-freertos-debug;tauon-kernel-cortex-m4m7-freertosv9-debug;tauon-kernel-cortex-m7-debug,i:lib-debug;tauon-kernel-arm926ejs-debug;tauon-kernel-arm926ejs-freertos-debug;tauon-kernel-cortex-m0+-freertos-debug;tauon-kernel-cortex-m4-debug;tauon-kernel-cortex-m4f-freertos-debug;tauon-kernel-cortex-m4m7-freertosv9-debug;tauon-kernel-cortex-m7-debug,,,,,,,,,,,,,,,,,,,,,,
src/kernel/net/lwip/include/lwip/prot/udp.h,1,actif,,,,,,,,,,,,,,,,,,i:*,,i:lib-debug;tauon-kernel-arm926ejs-debug;tauon-kernel-arm926ejs-freertos-debug;tauon-kernel-cortex-m4-debug,i:lib-debug;tauon-kernel-arm926ejs-debug;tauon-kernel-arm926ejs-freertos-debug;tauon-kernel-cortex-m0+-freertos-debug;tauon-kernel-cortex-m4-debug;tauon-kernel-cortex-m4f-freertos-debug,i:lib-debug;tauon-kernel-arm926ejs-debug;tauon-kernel-arm926ejs-freertos-debug;tauon-kernel-cortex-m0+-freertos-debug;tauon-kernel-cortex-m4-debug;tauon-kernel-cortex-m4f-freertos-debug;tauon-kernel-cortex-m4m7-freertosv9-debug;tauon-kernel-cortex-m7-debug,i:lib-debug;tauon-kernel-arm926ejs-debug;tauon-kernel-arm926ejs-freertos-debug;tauon-kernel-cortex-m0+-freertos-debug;tauon-kernel-cortex-m4-debug;tauon-kernel-cortex-m4f-freertos-debug;tauon-kernel-cortex-m4m7-freertosv9-debug;tauon-kernel-cortex-m7-debug,i:lib-debug;tauon-kernel-arm926ejs-debug;tauon-kernel-arm926ejs-freertos-debug;tauon-kernel-cortex-m0+-freertos-debug;tauon-kernel-cortex-m4-debug;tauon-kernel-cortex-m4f-freertos-debug;tauon-kernel-cortex-m4m7-freertosv9-debug;tauon-kernel-cortex-m7-debug,,,,,,,,,,,,,,,,,,,,,,
src/kernel/net/lwip/include/lwip/raw.h,1,actif,,,,,,,,,,,,,,,,,,i:*,,i:lib-debug;tauon-kernel-arm926ejs-debug;tauon-kernel-arm926ejs-freertos-debug;tauon-kernel-cortex-m4-debug,i:lib-debug;tauon-kernel-arm926ejs-debug;tauon-kernel-arm926ejs-freertos-debug;tauon-kernel-cortex-m0+-freertos-debug;tauon-kernel-cortex-m4-debug;tauon-kernel-cortex-m4f-freertos-debug,i:lib-debug;tauon-kernel-arm926ejs-debug;tauon-kernel-arm926ejs-freertos-debug;tauon-kernel-cortex-m0+-freertos-debug;tauon-kernel-cortex-m4-debug;tauon-kernel-cortex-m4f-freertos-debug;tauon-kernel-cortex-m4m7-freertosv9-debug;tauon-kernel-cortex-m7-debug,i:lib-debug;tauon-kernel-arm926ejs-debug;tauon-kernel-arm926ejs-freertos-debug;tauon-kernel-cortex-m0+-freertos-debug;tauon-kernel-cortex-m4-debug;tauon-kernel-cortex-m4f-freertos-debug;tauon-kernel-cortex-m4m7-freertosv9-debug;tauon-kernel-cortex-m7-debug,i:lib-debug;tauon-kernel-arm926ejs-debug;tauon-kernel-arm926ejs-freertos-debug;tauon-kernel-cortex-m0+-freertos-debug;tauon-kernel-cortex-m4-debug;tauon-kernel-cortex-m4f-freertos-debug;tauon-kernel-cortex-m4m7-freertosv9-debug;tauon-kernel-cortex-m7-debug,,,,,,,,,,,,,,,,,,,,,,
src/kernel/net/lwip/include/lwip/sio.h,1,actif,,,,,,,,,,,,,,,,,,i:*,,i:lib-debug;tauon-kernel-arm926ejs-debug;tauon-kernel-arm926ejs-freertos-debug;tauon-kernel-cortex-m4-debug,i:lib-debug;tauon-kernel-arm926ejs-debug;tauon-kernel-arm926ejs-freertos-debug;tauon-kernel-cortex-m0+-freertos-debug;tauon-kernel-cortex-m4-debug;tauon-kernel-cortex-m4f-freertos-debug,i:lib-debug;tauon-kernel-arm926ejs-debug;tauon-kernel-arm926ejs-freertos-debug;tauon-kernel-cortex-m0+-freertos-debug;tauon-kernel-cortex-m4-debug;tauon-kernel-cortex-m4f-freertos-debug;tauon-kernel-cortex-m4m7-freertosv9-debug;tauon-kernel-cortex-m7-debug,i:lib-debug;tauon-kernel-arm926ejs-debug;tauon-kernel-arm926ejs-freertos-debug;tauon-kernel-cortex-m0+-freertos-debug;tauon-kernel-cortex-m4-debug;tauon-kernel-cortex-m4f-freertos-debug;tauon-kernel-cortex-m4m7-freertosv9-debug;tauon-kernel-cortex-m7-debug,i:lib-debug;tauon-kernel-arm926ejs-debug;tauon-kernel-arm926ejs-freertos-debug;tauon-kernel-cortex-m0+-freertos-debug;tauon-kernel-cortex-m4-debug;tauon-kernel-cortex-m4f-freertos-debug;tauon-kernel-cortex-m4m7-freertosv9-debug;tauon-kernel-cortex-m7-debug,,,,,,,,,,,,,,,,,,,,,,
src/kernel/net/lwip/include/lwip/snmp.h,1,actif,,,,,,,,,,,,,,,,,,i:*,,i:lib-debug;tauon-kernel-arm926ejs-debug;tauon-kernel-arm926ejs-freertos-debug;tauon-kernel-cortex-m4-debug,i:lib-debug;tauon-kernel-arm926ejs-debug;tauon-kernel-arm926ejs-freertos-debug;tauon-kernel-cortex-m0+-freertos-debug;tauon-kernel-cortex-m4-debug;tauon-kernel-cortex-m4f-freertos-debug,i:lib-debug;tauon-kernel-arm926ejs-debug;tauon-kernel-arm926ejs-freertos-debug;tauon-kernel-cortex-m0+-freertos-debug;tauon-kernel-cortex-m4-debug;tauon-kernel-cortex-m4f-freertos-debug;tauon-kernel-cortex-m4m7-freertosv9-debug;tauon-kernel-cortex-m7-debug,i:lib-debug;tauon-kernel-arm926ejs-debug;tauon-kernel-arm926ejs-freertos-debug;tauon-kernel-cortex-m0+-freertos-debug;tauon-kernel-cortex-m4-debug;tauon-kernel-cortex-m4f-freertos-debug;tauon-kernel-cortex-m4m7-freertosv9-debug;tauon-kernel-cortex-m7-debug,i:lib-debug;tauon-kernel-arm926ejs-debug;tauon-kernel-arm926ejs-freertos-debug;tauon-kernel-cortex-m0+-freertos-debug;tauon-kernel-cortex-m4-debug;tauon-kernel-cortex-m4f-freertos-debug;tauon-kernel-cortex-m4m7-freertosv9-debug;tauon-kernel-cortex-m7-debug,,,,,,,,,,,,,,,,,,,,,,
src/kernel/net/lwip/include/lwip/sockets.h,1,actif,,,,,,,,,,,,,,,,,,i:*,i:*,i:*,i:*,i:*,i:*,i:*,,,,,,,,,,,,,,i:firmware;firmware_injector;freertos-firmware_injector,i:firmware;firmware_injector;freertos-firmware_injector,i:Debug;freertos-debug,i:Debug;freertos-debug,,i:Debug,i:Debug;freertos-debug,i:Debug;freertos-debug,
src/kernel/net/lwip/include/lwip/stats.h,1,actif,,,,,,,,,,,,,,,,,,i:*,i:*,i:lib-debug;tauon-kernel-arm926ejs-debug;tauon-kernel-arm926ejs-freertos-debug;tauon-kernel-cortex-m4-debug,i:lib-debug;tauon-kernel-arm926ejs-debug;tauon-kernel-arm926ejs-freertos-debug;tauon-kernel-cortex-m0+-freertos-debug;tauon-kernel-cortex-m4-debug;tauon-kernel-cortex-m4f-freertos-debug,i:lib-debug;tauon-kernel-arm926ejs-debug;tauon-kernel-arm926ejs-freertos-debug;tauon-kernel-cortex-m0+-freertos-debug;tauon-kernel-cortex-m4-debug;tauon-kernel-cortex-m4f-freertos-debug;tauon-kernel-cortex-m4m7-freertosv9-debug;tauon-kernel-cortex-m7-debug,i:lib-debug;tauon-kernel-arm926ejs-debug;tauon-kernel-arm926ejs-freertos-debug;tauon-kernel-cortex-m0+-freertos-debug;tauon-kernel-cortex-m4-debug;tauon-kernel-cortex-m4f-freertos-debug;tauon-kernel-cortex-m4m7-freertosv9-debug;tauon-kernel-cortex-m7-debug,i:lib-debug;tauon-kernel-arm926ejs-debug;tauon-kernel-arm926ejs-freertos-debug;tauon-kernel-cortex-m0+-freertos-debug;tauon-kernel-cortex-m4-debug;tauon-kernel-cortex-m4f-freertos-debug;tauon-kernel-cortex-m4m7-freertosv9-debug;tauon-kernel-cortex-m7-debug,,,,,,,,,,,,,,,,,,,,,,
src/kernel/net/lwip/include/lwip/sys.h,1,actif,,,,,,,,,,,,,,,,,,i:*,i:*,i:lib-debug;tauon-kernel-arm926ejs-debug;tauon-kernel-arm926ejs-freertos-debug;tauon-kernel-cortex-m4-debug,i:lib-debug;tauon-kernel-arm926ejs-debug;tauon-kernel-arm926ejs-freertos-debug;tauon-kernel-cortex-m0+-freertos-debug;tauon-kernel-cortex-m4-debug;tauon-kernel-cortex-m4f-freertos-debug,i:lib-debug;tauon-kernel-arm926ejs-debug;tauon-kernel-arm926ejs-freertos-debug;tauon-kernel-cortex-m0+-freertos-debug;tauon-kernel-cortex-m4-debug;tauon-kernel-cortex-m4f-freertos-debug;tauon-kernel-cortex-m4m7-freertosv9-debug;tauon-kernel-cortex-m7-debug,i:lib-debug;tauon-kernel-arm926ejs-debug;tauon-kernel-arm926ejs-freertos-debug;tauon-kernel-cortex-m0+-freertos-debug;tauon-kernel-cortex-m4-debug;tauon-kernel-cortex-m4f-freertos-debug;tauon-kernel-cortex-m4m7-freertosv9-debug;tauon-kernel-cortex-m7-debug,i:lib-debug;tauon-kernel-arm926ejs-debug;tauon-kernel-arm926ejs-freertos-debug;tauon-kernel-cortex-m0+-freertos-debug;tauon-kernel-cortex-m4-debug;tauon-kernel-cortex-m4f-freertos-debug;tauon-kernel-cortex-m4m7-freertosv9-debug;tauon-kernel-cortex-m7-debug,,,,,,,,,,,,,,,,,,,,,,
src/kernel/net/lwip/include/lwip/tcp.h,1,actif,,,,,,,,,,,,,,,,,,i:*,,i:lib-debug;tauon-kernel-arm926ejs-debug;tauon-kernel-arm926ejs-freertos-debug;tauon-kernel-cortex-m4-debug,i:lib-debug;tauon-kernel-arm926ejs-debug;tauon-kernel-arm926ejs-freertos-debug;tauon-kernel-cortex-m0+-freertos-debug;tauon-kernel-cortex-m4-debug;tauon-kernel-cortex-m4f-freertos-debug,i:lib-debug;tauon-kernel-arm926ejs-debug;tauon-kernel-arm926ejs-freertos-debug;tauon-kernel-cortex-m0+-freertos-debug;tauon-kernel-cortex-m4-debug;tauon-kernel-cortex-m4f-freertos-debug;tauon-kernel-cortex-m4m7-freertosv9-debug;tauon-kernel-cortex-m7-debug,i:lib-debug;tauon-kernel-arm926ejs-debug;tauon-kernel-arm926ejs-freertos-debug;tauon-kernel-cortex-m0+-freertos-debug;tauon-kernel-cortex-m4-debug;tauon-kernel-cortex-m4f-freertos-debug;tauon-kernel-cortex-m4m7-freertosv9-debug;tauon-kernel-cortex-m7-debug,i:lib-debug;tauon-kernel-arm926ejs-debug;tauon-kernel-arm926ejs-freertos-debug;tauon-kernel-cortex-m0+-freertos-debug;tauon-kernel-cortex-m4-debug;tauon-kernel-cortex-m4f-freertos-debug;tauon-kernel-cortex-m4m7-freertosv9-debug;tauon-kernel-cortex-m7-debug,,,,,,,,,,,,,,,,,,,,,,
src/kernel/net/lwip/include/lwip/tcpip.h,1,actif,,,,,,,,,,,,,,,,,,i:*,i:*,i:lib-debug;tauon-kernel-arm926ejs-debug;tauon-kernel-arm926ejs-freertos-debug;tauon-kernel-cortex-m4-debug,i:lib-debug;tauon-kernel-arm926ejs-debug;tauon-kernel-arm926ejs-freertos-debug;tauon-kernel-cortex-m0+-freertos-debug;tauon-kernel-cortex-m4-debug;tauon-kernel-cortex-m4f-freertos-debug,i:lib-debug;tauon-kernel-arm926ejs-debug;tauon-kernel-arm926ejs-freertos-debug;tauon-kernel-cortex-m0+-freertos-debug;tauon-kernel-cortex-m4-debug;tauon-kernel-cortex-m4f-freertos-debug;tauon-kernel-cortex-m4m7-freertosv9-debug;tauon-kernel-cortex-m7-debug,i:lib-debug;tauon-kernel-arm926ejs-debug;tauon-kernel-arm926ejs-freertos-debug;tauon-kernel-cortex-m0+-freertos-debug;tauon-kernel-cortex-m4-debug;tauon-kernel-cortex-m4f-freertos-debug;tauon-kernel-cortex-m4m7-freertosv9-debug;tauon-kernel-cortex-m7-debug,i:lib-debug;tauon-kernel-arm926ejs-debug;tauon-kernel-arm926ejs-freertos-debug;tauon-kernel-cortex-m0+-freertos-debug;tauon-kernel-cortex-m4-debug;tauon-kernel-cortex-m4f-freertos-debug;tauon-kernel-cortex-m4m7-freertosv9-debug;tauon-kernel-cortex-m7-debug,,,,,,,,,,,,,,,,,,,,,,
src/kernel/net/lwip/include/lwip/timeouts.h,1,actif,,,,,,,,,,,,,,,,,,i:*,i:*,i:lib-debug;tauon-kernel-arm926ejs-debug;tauon-kernel-arm926ejs-freertos-debug;tauon-kernel-cortex-m4-debug,i:lib-debug;tauon-kernel-arm926ejs-debug;tauon-kernel-arm926ejs-freertos-debug;tauon-kernel-cortex-m0+-freertos-debug;tauon-kernel-cortex-m4-debug;tauon-kernel-cortex-m4f-freertos-debug,i:lib-debug;tauon-kernel-arm926ejs-debug;tauon-kernel-arm926ejs-freertos-debug;tauon-kernel-cortex-m0+-freertos-debug;tauon-kernel-cortex-m4-debug;tauon-kernel-cortex-m4f-freertos-debug;tauon-kernel-cortex-m4m7-freertosv9-debug;tauon-kernel-cortex-m7-debug,i:lib-debug;tauon-kernel-arm926ejs-debug;tauon-kernel-arm926ejs-freertos-debug;tauon-kernel-cortex-m0+-freertos-debug;tauon-kernel-cortex-m4-debug;tauon-kernel-cortex-m4f-freertos-debug;tauon-kernel-cortex-m4m7-freertosv9-debug;tauon-kernel-cortex-m7-debug,i:lib-debug;tauon-kernel-arm926ejs-debug;tauon-kernel-arm926ejs-freertos-debug;tauon-kernel-cortex-m0+-freertos-debug;tauon-kernel-cortex-m4-debug;tauon-kernel-cortex-m4f-freertos-debug;tauon-kernel-cortex-m4m7-freertosv9-debug;tauon-kernel-cortex-m7-debug,,,,,,,,,,,,,,,,,,,,,,
src/kernel/net/lwip/include/lwip/udp.h,1,actif,,,,,,,,,,,,,,,,,,i:*,,i:lib-debug;tauon-kernel-arm926ejs-debug;tauon-kernel-arm926ejs-freertos-debug;tauon-kernel-cortex-m4-debug,i:lib-debug;tauon-kernel-arm926ejs-debug;tauon-kernel-arm926ejs-freertos-debug;tauon-kernel-cortex-m0+-freertos-debug;tauon-kernel-cortex-m4-debug;tauon-kernel-cortex-m4f-freertos-debug,i:lib-debug;tauon-kernel-arm926ejs-debug;tauon-kernel-arm926ejs-freertos-debug;tauon-kernel-cortex-m0+-freertos-debug;tauon-kernel-cortex-m4-debug;tauon-kernel-cortex-m4f-freertos-debug;tauon-kernel-cortex-m4m7-freertosv9-debug;tauon-kernel-cortex-m7-debug,i:lib-debug;tauon-kernel-arm926ejs-debug;tauon-kernel-arm926ejs-freertos-debug;tauon-kernel-cortex-m0+-freertos-debug;tauon-kernel-cortex-m4-debug;tauon-kernel-cortex-m4f-freertos-debug;tauon-kernel-cortex-m4m7-freertosv9-debug;tauon-kernel-cortex-m7-debug,i:lib-debug;tauon-kernel-arm926ejs-debug;tauon-kernel-arm926ejs-freertos-debug;tauon-kernel-cortex-m0+-freertos-debug;tauon-kernel-cortex-m4-debug;tauon-kernel-cortex-m4f-freertos-debug;tauon-kernel-cortex-m4m7-freertosv9-debug;tauon-kernel-cortex-m7-debug,,,,,,,,,,,,,,,,,,,,,,
src/kernel/net/lwip/include/netif/etharp.h,1,actif,,,,,,,,,,,,,,,,,,i:*,i:*,i:lib-debug;tauon-kernel-arm926ejs-debug;tauon-kernel-arm926ejs-freertos-debug;tauon-kernel-cortex-m4-debug,i:lib-debug;tauon-kernel-arm926ejs-debug;tauon-kernel-arm926ejs-freertos-debug;tauon-kernel-cortex-m0+-freertos-debug;tauon-kernel-cortex-m4-debug;tauon-kernel-cortex-m4f-freertos-debug,i:lib-debug;tauon-kernel-arm926ejs-debug;tauon-kernel-arm926ejs-freertos-debug;tauon-kernel-cortex-m0+-freertos-debug;tauon-kernel-cortex-m4-debug;tauon-kernel-cortex-m4f-freertos-debug;tauon-kernel-cortex-m4m7-freertosv9-debug;tauon-kernel-cortex-m7-debug,i:lib-debug;tauon-kernel-arm926ejs-debug;tauon-kernel-arm926ejs-freertos-debug;tauon-kernel-cortex-m0+-freertos-debug;tauon-kernel-cortex-m4-debug;tauon-kernel-cortex-m4f-freertos-debug;tauon-kernel-cortex-m4m7-freertosv9-debug;tauon-kernel-cortex-m7-debug,i:lib-debug;tauon-kernel-arm926ejs-debug;tauon-kernel-arm926ejs-freertos-debug;tauon-kernel-cortex-m0+-freertos-debug;tauon-kernel-cortex-m4-debug;tauon-kernel-cortex-m4f-freertos-debug;tauon-kernel-cortex-m4m7-freertosv9-debug;tauon-kernel-cortex-m7-debug,,,,,,,,,,,,,,,,,,,,,,
src/kernel/net/lwip/include/netif/ethernet.h,1,actif,,,,,,,,,,,,,,,,,,i:*,i:*,i:lib-debug;tauon-kernel-arm926ejs-debug;tauon-kernel-arm926ejs-freertos-debug;tauon-kernel-cortex-m4-debug,i:lib-debug;tauon-kernel-arm926ejs-debug;tauon-kernel-arm926ejs-freertos-debug;tauon-kernel-cortex-m0+-freertos-debug;tauon-kernel-cortex-m4-debug;tauon-kernel-cortex-m4f-freertos-debug,i:lib-debug;tauon-kernel-arm926ejs-debug;tauon-kernel-arm926ejs-freertos-debug;tauon-kernel-cortex-m0+-freertos-debug;tauon-kernel-cortex-m4-debug;tauon-kernel-cortex-m4f-freertos-debug;tauon-kernel-cortex-m4m7-freertosv9-debug;tauon-kernel-cortex-m7-debug,i:lib-debug;tauon-kernel-arm926ejs-debug;tauon-kernel-arm926ejs-freertos-debug;tauon-kernel-cortex-m0+-freertos-debug;tauon-kernel-cortex-m4-debug;tauon-kernel-cortex-m4f-freertos-debug;tauon-kernel-cortex-m4m7-freertosv9-debug;tauon-kernel-cortex-m7-debug,i:lib-debug;tauon-kernel-arm926ejs-debug;tauon-kernel-arm926ejs-freertos-debug;tauon-kernel-cortex-m0+-freertos-debug;tauon-kernel-cortex-m4-debug;tauon-kernel-cortex-m4f-freertos-debug;tauon-kernel-cortex-m4m7-freertosv9-debug;tauon-kernel-cortex-m7-debug,,,,,,,,,,,,,,,,,,,,,,
src/kernel/net/lwip/include/netif/lowpan6.h,1,actif,,,,,,,,,,,,,,,,,,,,,,i:lib-debug;tauon-kernel-arm926ejs-debug;tauon-kernel-arm926ejs-freertos-debug;tauon-kernel-cortex-m0+-freertos-debug;tauon-kernel-cortex-m4-debug;tauon-kernel-cortex-m4f-freertos-debug;tauon-kernel-cortex-m4m7-freertosv9-debug;tauon-kernel-cortex-m7-debug,i:lib-debug;tauon-kernel-arm926ejs-debug;tauon-kernel-arm926ejs-freertos-debug;tauon-kernel-cortex-m0+-freertos-debug;tauon-kernel-cortex-m4-debug;tauon-kernel-cortex-m4f-freertos-debug;tauon-kernel-cortex-m4m7-freertosv9-debug;tauon-kernel-cortex-m7-debug,i:lib-debug;tauon-kernel-arm926ejs-debug;tauon-kernel-arm926ejs-freertos-debug;tauon-kernel-cortex-m0+-freertos-debug;tauon-kernel-cortex-m4-debug;tauon-kernel-cortex-m4f-freertos-debug;tauon-kernel-cortex-m4m7-freertosv9-debug;tauon-kernel-cortex-m7-debug,,,,,,,,,,,,,,,,,,,,,,
src/kernel/net/lwip/include/netif/lowpan6_opts.h,1,actif,,,,,,,,,,,,,,,,,,,,,,i:lib-debug;tauon-kernel-arm926ejs-debug;tauon-kernel-arm926ejs-freertos-debug;tauon-kernel-cortex-m0+-freertos-debug;tauon-kernel-cortex-m4-debug;tauon-kernel-cortex-m4f-freertos-debug;tauon-kernel-cortex-m4m7-freertosv9-debug;tauon-kernel-cortex-m7-debug,i:lib-debug;tauon-kernel-arm926ejs-debug;tauon-kernel-arm926ejs-freertos-debug;tauon-kernel-cortex-m0+-freertos-debug;tauon-kernel-cortex-m4-debug;tauon-kernel-cortex-m4f-freertos-debug;tauon-kernel-cortex-m4m7-freertosv9-debug;tauon-kernel-cortex-m7-debug,i:lib-debug;tauon-kernel-arm926ejs-debug;tauon-kernel-arm926ejs-freertos-debug;tauon-kernel-cortex-m0+-freertos-debug;tauon-kernel-cortex-m4-debug;tauon-kernel-cortex-m4f-freertos-debug;tauon-kernel-cortex-m4m7-freertosv9-debug;tauon-kernel-cortex-m7-debug,,,,,,,,,,,,,,,,,,,,,,
src/kernel/net/lwip/include/netif/ppp/ccp.h,1,actif,,,,,,,,,,,,,,,,,,i:*,,i:lib-debug;tauon-kernel-arm926ejs-debug;tauon-kernel-arm926ejs-freertos-debug;tauon-kernel-cortex-m4-debug,i:lib-debug;tauon-kernel-arm926ejs-debug;tauon-kernel-arm926ejs-freertos-debug;tauon-kernel-cortex-m0+-freertos-debug;tauon-kernel-cortex-m4-debug;tauon-kernel-cortex-m4f-freertos-debug,i:lib-debug;tauon-kernel-arm926ejs-debug;tauon-kernel-arm926ejs-freertos-debug;tauon-kernel-cortex-m0+-freertos-debug;tauon-kernel-cortex-m4-debug;tauon-kernel-cortex-m4f-freertos-debug;tauon-kernel-cortex-m4m7-freertosv9-debug;tauon-kernel-cortex-m7-debug,i:lib-debug;tauon-kernel-arm926ejs-debug;tauon-kernel-arm926ejs-freertos-debug;tauon-kernel-cortex-m0+-freertos-debug;tauon-kernel-cortex-m4-debug;tauon-kernel-cortex-m4f-freertos-debug;tauon-kernel-cortex-m4m7-freertosv9-debug;tauon-kernel-cortex-m7-debug,i:lib-debug;tauon-kernel-arm926ejs-debug;tauon-kernel-arm926ejs-freertos-debug;tauon-kernel-cortex-m0+-freertos-debug;tauon-kernel-cortex-m4-debug;tauon-kernel-cortex-m4f-freertos-debug;tauon-kernel-cortex-m4m7-freertosv9-debug;tauon-kernel-cortex-m7-debug,,,,,,,,,,,,,,,,,,,,,,
src/kernel/net/lwip/include/netif/ppp/chap-new.h,1,actif,,,,,,,,,,,,,,,,,,i:*,,i:lib-debug;tauon-kernel-arm926ejs-debug;tauon-kernel-arm926ejs-freertos-debug;tauon-kernel-cortex-m4-debug,i:lib-debug;tauon-kernel-arm926ejs-debug;tauon-kernel-arm926ejs-freertos-debug;tauon-kernel-cortex-m0+-freertos-debug;tauon-kernel-cortex-m4-debug;tauon-kernel-cortex-m4f-freertos-debug,i:lib-debug;tauon-kernel-arm926ejs-debug;tauon-kernel-arm926ejs-freertos-debug;tauon-kernel-cortex-m0+-freertos-debug;tauon-kernel-cortex-m4-debug;tauon-kernel-cortex-m4f-freertos-debug;tauon-kernel-cortex-m4m7-freertosv9-debug;tauon-kernel-cortex-m7-debug,i:lib-debug;tauon-kernel-arm926ejs-debug;tauon-kernel-arm926ejs-freertos-debug;tauon-kernel-cortex-m0+-freertos-debug;tauon-kernel-cortex-m4-debug;tauon-kernel-cortex-m4f-freertos-debug;tauon-kernel-cortex-m4m7-freertosv9-debug;tauon-kernel-cortex-m7-debug,i:lib-debug;tauon-kernel-arm926ejs-debug;tauon-kernel-arm926ejs-freertos-debug;tauon-kernel-cortex-m0+-freertos-debug;tauon-kernel-cortex-m4-debug;tauon-kernel-cortex-m4f-freertos-debug;tauon-kernel-cortex-m4m7-freertosv9-debug;tauon-kernel-cortex-m7-debug,,,,,,,,,,,,,,,,,,,,,,
src/kernel/net/lwip/include/netif/ppp/eap.h,1,actif,,,,,,,,,,,,,,,,,,i:*,,i:lib-debug;tauon-kernel-arm926ejs-debug;tauon-kernel-arm926ejs-freertos-debug;tauon-kernel-cortex-m4-debug,i:lib-debug;tauon-kernel-arm926ejs-debug;tauon-kernel-arm926ejs-freertos-debug;tauon-kernel-cortex-m0+-freertos-debug;tauon-kernel-cortex-m4-debug;tauon-kernel-cortex-m4f-freertos-debug,i:lib-debug;tauon-kernel-arm926ejs-debug;tauon-kernel-arm926ejs-freertos-debug;tauon-kernel-cortex-m0+-freertos-debug;tauon-kernel-cortex-m4-debug;tauon-kernel-cortex-m4f-freertos-debug;tauon-kernel-cortex-m4m7-freertosv9-debug;tauon-kernel-cortex-m7-debug,i:lib-debug;tauon-kernel-arm926ejs-debug;tauon-kernel-arm926ejs-freertos-debug;tauon-kernel-cortex-m0+-freertos-debug;tauon-kernel-cortex-m4-debug;tauon-kernel-cortex-m4f-freertos-debug;tauon-kernel-cortex-m4m7-freertosv9-debug;tauon-kernel-cortex-m7-debug,i:lib-debug;tauon-kernel-arm926ejs-debug;tauon-kernel-arm926ejs-freertos-debug;tauon-kernel-cortex-m0+-freertos-debug;tauon-kernel-cortex-m4-debug;tauon-kernel-cortex-m4f-freertos-debug;tauon-kernel-cortex-m4m7-freertosv9-debug;tauon-kernel-cortex-m7-debug,,,,,,,,,,,,,,,,,,,,,,
src/kernel/net/lwip/include/netif/ppp/eui64.h,1,actif,,,,,,,,,,,,,,,,,,i:*,,i:lib-debug;tauon-kernel-arm926ejs-debug;tauon-kernel-arm926ejs-freertos-debug;tauon-kernel-cortex-m4-debug,i:lib-debug;tauon-kernel-arm926ejs-debug;tauon-kernel-arm926ejs-freertos-debug;tauon-kernel-cortex-m0+-freertos-debug;tauon-kernel-cortex-m4-debug;tauon-kernel-cortex-m4f-freertos-debug,i:lib-debug;tauon-kernel-arm926ejs-debug;tauon-kernel-arm926ejs-freertos-debug;tauon-kernel-cortex-m0+-freertos-debug;tauon-kernel-cortex-m4-debug;tauon-kernel-cortex-m4f-freertos-debug;tauon-kernel-cortex-m4m7-freertosv9-debug;tauon-kernel-cortex-m7-debug,i:lib-debug;tauon-kernel-arm926ejs-debug;tauon-kernel-arm926ejs-freertos-debug;tauon-kernel-cortex-m0+-freertos-debug;tauon-kernel-cortex-m4-debug;tauon-kernel-cortex-m4f-freertos-debug;tauon-kernel-cortex-m4m7-freertosv9-debug;tauon-kernel-cortex-m7-debug,i:lib-debug;tauon-kernel-arm926ejs-debug;tauon-kernel-arm926ejs-freertos-debug;tauon-kernel-cortex-m0+-freertos-debug;tauon-kernel-cortex-m4-debug;tauon-kernel-cortex-m4f-freertos-debug;tauon-kernel-cortex-m4m7-freertosv9-debug;tauon-kernel-cortex-m7-debug,,,,,,,,,,,,,,,,,,,,,,
src/kernel/net/lwip/include/netif/ppp/fsm.h,1,actif,,,,,,,,,,,,,,,,,,i:*,,i:lib-debug;tauon-kernel-arm926ejs-debug;tauon-kernel-arm926ejs-freertos-debug;tauon-kernel-cortex-m4-debug,i:lib-debug;tauon-kernel-arm926ejs-debug;tauon-kernel-arm926ejs-freertos-debug;tauon-kernel-cortex-m0+-freertos-debug;tauon-kernel-cortex-m4-debug;tauon-kernel-cortex-m4f-freertos-debug,i:lib-debug;tauon-kernel-arm926ejs-debug;tauon-kernel-arm926ejs-freertos-debug;tauon-kernel-cortex-m0+-freertos-debug;tauon-kernel-cortex-m4-debug;tauon-kernel-cortex-m4f-freertos-debug;tauon-kernel-cortex-m4m7-freertosv9-debug;tauon-kernel-cortex-m7-debug,i:lib-debug;tauon-kernel-arm926ejs-debug;tauon-kernel-arm926ejs-freertos-debug;tauon-kernel-cortex-m0+-freertos-debug;tauon-kernel-cortex-m4-debug;tauon-kernel-cortex-m4f-freertos-debug;tauon-kernel-cortex-m4m7-freertosv9-debug;tauon-kernel-cortex-m7-debug,i:lib-debug;tauon-kernel-arm926ejs-debug;tauon-kernel-arm926ejs-freertos-debug;tauon-kernel-cortex-m0+-freertos-debug;tauon-kernel-cortex-m4-debug;tauon-kernel-cortex-m4f-freertos-debug;tauon-kernel-cortex-m4m7-freertosv9-debug;tauon-kernel-cortex-m7-debug,,,,,,,,,,,,,,,,,,,,,,
src/kernel/net/lwip/include/netif/ppp/ipcp.h,1,actif,,,,,,,,,,,,,,,,,,i:*,,i:lib-debug;tauon-kernel-arm926ejs-debug;tauon-kernel-arm926ejs-freertos-debug;tauon-kernel-cortex-m4-debug,i:lib-debug;tauon-kernel-arm926ejs-debug;tauon-kernel-arm926ejs-freertos-debug;tauon-kernel-cortex-m0+-freertos-debug;tauon-kernel-cortex-m4-debug;tauon-kernel-cortex-m4f-freertos-debug,i:lib-debug;tauon-kernel-arm926ejs-debug;tauon-kernel-arm926ejs-freertos-debug;tauon-kernel-cortex-m0+-freertos-debug;tauon-kernel-cortex-m4-debug;tauon-kernel-cortex-m4f-freertos-debug;tauon-kernel-cortex-m4m7-freertosv9-debug;tauon-kernel-cortex-m7-debug,i:lib-debug;tauon-kernel-arm926ejs-debug;tauon-kernel-arm926ejs-freertos-debug;tauon-kernel-cortex-m0+-freertos-debug;tauon-kernel-cortex-m4-debug;tauon-kernel-cortex-m4f-freertos-debug;tauon-kernel-cortex-m4m7-freertosv9-debug;tauon-kernel-cortex-m7-debug,i:lib-debug;tauon-kernel-arm926ejs-debug;tauon-kernel-arm926ejs-freertos-debug;tauon-kernel-cortex-m0+-freertos-debug;tauon-kernel-cortex-m4-debug;tauon-kernel-cortex-m4f-freertos-debug;tauon-kernel-cortex-m4m7-freertosv9-debug;tauon-kernel-cortex-m7-debug,,,,,,,,,,,,,,,,,,,,,,
src/kernel/net/lwip/include/netif/ppp/ipv6cp.h,1,actif,,,,,,,,,,,,,,,,,,i:*,,i:lib-debug;tauon-kernel-arm926ejs-debug;tauon-kernel-arm926ejs-freertos-debug;tauon-kernel-cortex-m4-debug,i:lib-debug;tauon-kernel-arm926ejs-debug;tauon-kernel-arm926ejs-freertos-debug;tauon-kernel-cortex-m0+-freertos-debug;tauon-kernel-cortex-m4-debug;tauon-kernel-cortex-m4f-freertos-debug,i:lib-debug;tauon-kernel-arm926ejs-debug;tauon-kernel-arm926ejs-freertos-debug;tauon-kernel-cortex-m0+-freertos-debug;tauon-kernel-cortex-m4-debug;tauon-kernel-cortex-m4f-freertos-debug;tauon-kernel-cortex-m4m7-freertosv9-debug;tauon-kernel-cortex-m7-debug,i:lib-debug;tauon-kernel-arm926ejs-debug;tauon-kernel-arm926ejs-freertos-debug;tauon-kernel-cortex-m0+-freertos-debug;tauon-kernel-cortex-m4-debug;tauon-kernel-cortex-m4f-freertos-debug;tauon-kernel-cortex-m4m7-freertosv9-debug;tauon-kernel-cortex-m7-debug,i:lib-debug;tauon-kernel-arm926ejs-debug;tauon-kernel-arm926ejs-freertos-debug;tauon-kernel-cortex-m0+-freertos-debug;tauon-kernel-cortex-m4-debug;tauon-kernel-cortex-m4f-freertos-debug;tauon-kernel-cortex-m4m7-freertosv9-debug;tauon-kernel-cortex-m7-debug,,,,,,,,,,,,,,,,,,,,,,
src/kernel/net/lwip/include/netif/ppp/lcp.h,1,actif,,,,,,,,,,,,,,,,,,i:*,,i:lib-debug;tauon-kernel-arm926ejs-debug;tauon-kernel-arm926ejs-freertos-debug;tauon-kernel-cortex-m4-debug,i:lib-debug;tauon-kernel-arm926ejs-debug;tauon-kernel-arm926ejs-freertos-debug;tauon-kernel-cortex-m0+-freertos-debug;tauon-kernel-cortex-m4-debug;tauon-kernel-cortex-m4f-freertos-debug,i:lib-debug;tauon-kernel-arm926ejs-debug;tauon-kernel-arm926ejs-freertos-debug;tauon-kernel-cortex-m0+-freertos-debug;tauon-kernel-cortex-m4-debug;tauon-kernel-cortex-m4f-freertos-debug;tauon-kernel-cortex-m4m7-freertosv9-debug;tauon-kernel-cortex-m7-debug,i:lib-debug;tauon-kernel-arm926ejs-debug;tauon-kernel-arm926ejs-freertos-debug;tauon-kernel-cortex-m0+-freertos-debug;tauon-kernel-cortex-m4-debug;tauon-kernel-cortex-m4f-freertos-debug;tauon-kernel-cortex-m4m7-freertosv9-debug;tauon-kernel-cortex-m7-debug,i:lib-debug;tauon-kernel-arm926ejs-debug;tauon-kernel-arm926ejs-freertos-debug;tauon-kernel-cortex-m0+-freertos-debug;tauon-kernel-cortex-m4-debug;tauon-kernel-cortex-m4f-freertos-debug;tauon-kernel-cortex-m4m7-freertosv9-debug;tauon-kernel-cortex-m7-debug,,,,,,,,,,,,,,,,,,,,,,
src/kernel/net/lwip/include/netif/ppp/mppe.h,1,actif,,,,,,,,,,,,,,,,,,i:*,,i:lib-debug;tauon-kernel-arm926ejs-debug;tauon-kernel-arm926ejs-freertos-debug;tauon-kernel-cortex-m4-debug,i:lib-debug;tauon-kernel-arm926ejs-debug;tauon-kernel-arm926ejs-freertos-debug;tauon-kernel-cortex-m0+-freertos-debug;tauon-kernel-cortex-m4-debug;tauon-kernel-cortex-m4f-freertos-debug,i:lib-debug;tauon-kernel-arm926ejs-debug;tauon-kernel-arm926ejs-freertos-debug;tauon-kernel-cortex-m0+-freertos-debug;tauon-kernel-cortex-m4-debug;tauon-kernel-cortex-m4f-freertos-debug;tauon-kernel-cortex-m4m7-freertosv9-debug;tauon-kernel-cortex-m7-debug,i:lib-debug;tauon-kernel-arm926ejs-debug;tauon-kernel-arm926ejs-freertos-debug;tauon-kernel-cortex-m0+-freertos-debug;tauon-kernel-cortex-m4-debug;tauon-kernel-cortex-m4f-freertos-debug;tauon-kernel-cortex-m4m7-freertosv9-debug;tauon-kernel-cortex-m7-debug,i:lib-debug;tauon-kernel-arm926ejs-debug;tauon-kernel-arm926ejs-freertos-debug;tauon-kernel-cortex-m0+-freertos-debug;tauon-kernel-cortex-m4-debug;tauon-kernel-cortex-m4f-freertos-debug;tauon-kernel-cortex-m4m7-freertosv9-debug;tauon-kernel-cortex-m7-debug,,,,,,,,,,,,,,,,,,,,,,
src/kernel/net/lwip/include/netif/ppp/polarssl/arc4.h,1,actif,,,,,,,,,,,,,,,,,,i:*,,i:lib-debug;tauon-kernel-arm926ejs-debug;tauon-kernel-arm926ejs-freertos-debug;tauon-kernel-cortex-m4-debug,i:lib-debug;tauon-kernel-arm926ejs-debug;tauon-kernel-arm926ejs-freertos-debug;tauon-kernel-cortex-m0+-freertos-debug;tauon-kernel-cortex-m4-debug;tauon-kernel-cortex-m4f-freertos-debug,i:lib-debug;tauon-kernel-arm926ejs-debug;tauon-kernel-arm926ejs-freertos-debug;tauon-kernel-cortex-m0+-freertos-debug;tauon-kernel-cortex-m4-debug;tauon-kernel-cortex-m4f-freertos-debug;tauon-kernel-cortex-m4m7-freertosv9-debug;tauon-kernel-cortex-m7-debug,i:lib-debug;tauon-kernel-arm926ejs-debug;tauon-kernel-arm926ejs-freertos-debug;tauon-kernel-cortex-m0+-freertos-debug;tauon-kernel-cortex-m4-debug;tauon-kernel-cortex-m4f-freertos-debug;tauon-kernel-cortex-m4m7-freertosv9-debug;tauon-kernel-cortex-m7-debug,i:lib-debug;tauon-kernel-arm926ejs-debug;tauon-kernel-arm926ejs-freertos-debug;tauon-kernel-cortex-m0+-freertos-debug;tauon-kernel-cortex-m4-debug;tauon-kernel-cortex-m4f-freertos-debug;tauon-kernel-cortex-m4m7-freertosv9-debug;tauon-kernel-cortex-m7-debug,,,,,,,,,,,,,,,,,,,,,,
src/kernel/net/lwip/include/netif/ppp/polarssl/des.h,1,actif,,,,,,,,,,,,,,,,,,i:*,,i:lib-debug;tauon-kernel-arm926ejs-debug;tauon-kernel-arm926ejs-freertos-debug;tauon-kernel-cortex-m4-debug,i:lib-debug;tauon-kernel-arm926ejs-debug;tauon-kernel-arm926ejs-freertos-debug;tauon-kernel-cortex-m0+-freertos-debug;tauon-kernel-cortex-m4-debug;tauon-kernel-cortex-m4f-freertos-debug,i:lib-debug;tauon-kernel-arm926ejs-debug;tauon-kernel-arm926ejs-freertos-debug;tauon-kernel-cortex-m0+-freertos-debug;tauon-kernel-cortex-m4-debug;tauon-kernel-cortex-m4f-freertos-debug;tauon-kernel-cortex-m4m7-freertosv9-debug;tauon-kernel-cortex-m7-debug,i:lib-debug;tauon-kernel-arm926ejs-debug;tauon-kernel-arm926ejs-freertos-debug;tauon-kernel-cortex-m0+-freertos-debug;tauon-kernel-cortex-m4-debug;tauon-kernel-cortex-m4f-freertos-debug;tauon-kernel-cortex-m4m7-freertosv9-debug;tauon-kernel-cortex-m7-debug,i:lib-debug;tauon-kernel-arm926ejs-debug;tauon-kernel-arm926ejs-freertos-debug;tauon-kernel-cortex-m0+-freertos-debug;tauon-kernel-cortex-m4-debug;tauon-kernel-cortex-m4f-freertos-debug;tauon-kernel-cortex-m4m7-freertosv9-debug;tauon-kernel-cortex-m7-debug,,,,,,,,,,,,,,,,,,,,,,
src/kernel/net/lwip/include/netif/ppp/polarssl/md4.h,1,actif,,,,,,,,,,,,,,,,,,i:*,,i:lib-debug;tauon-kernel-arm926ejs-debug;tauon-kernel-arm926ejs-freertos-debug;tauon-kernel-cortex-m4-debug,i:lib-debug;tauon-kernel-arm926ejs-debug;tauon-kernel-arm926ejs-freertos-debug;tauon-kernel-cortex-m0+-freertos-debug;tauon-kernel-cortex-m4-debug;tauon-kernel-cortex-m4f-freertos-debug,i:lib-debug;tauon-kernel-arm926ejs-debug;tauon-kernel-arm926ejs-freertos-debug;tauon-kernel-cortex-m0+-freertos-debug;tauon-kernel-cortex-m4-debug;tauon-kernel-cortex-m4f-freertos-debug;tauon-kernel-cortex-m4m7-freertosv9-debug;tauon-kernel-cortex-m7-debug,i:lib-debug;tauon-kernel-arm926ejs-debug;tauon-kernel-arm926ejs-freertos-debug;tauon-kernel-cortex-m0+-freertos-debug;tauon-kernel-cortex-m4-debug;tauon-kernel-cortex-m4f-freertos-debug;tauon-kernel-cortex-m4m7-freertosv9-debug;tauon-kernel-cortex-m7-debug,i:lib-debug;tauon-kernel-arm926ejs-debug;tauon-kernel-arm926ejs-freertos-debug;tauon-kernel-cortex-m0+-freertos-debug;tauon-kernel-cortex-m4-debug;tauon-kernel-cortex-m4f-freertos-debug;tauon-kernel-cortex-m4m7-freertosv9-debug;tauon-kernel-cortex-m7-debug,,,,,,,,,,,,,,,,,,,,,,
src/kernel/net/lwip/include/netif/ppp/polarssl/md5.h,1,actif,,,,,,,,,,,,,,,,,,i:*,,i:lib-debug;tauon-kernel-arm926ejs-debug;tauon-kernel-arm926ejs-freertos-debug;tauon-kernel-cortex-m4-debug,i:lib-debug;tauon-kernel-arm926ejs-debug;tauon-kernel-arm926ejs-freertos-debug;tauon-kernel-cortex-m0+-freertos-debug;tauon-kernel-cortex-m4-debug;tauon-kernel-cortex-m4f-freertos-debug,i:lib-debug;tauon-kernel-arm926ejs-debug;tauon-kernel-arm926ejs-freertos-debug;tauon-kernel-cortex-m0+-freertos-debug;tauon-kernel-cortex-m4-debug;tauon-kernel-cortex-m4f-freertos-debug;tauon-kernel-cortex-m4m7-freertosv9-debug;tauon-kernel-cortex-m7-debug,i:lib-debug;tauon-kernel-arm926ejs-debug;tauon-kernel-arm926ejs-freertos-debug;tauon-kernel-cortex-m0+-freertos-debug;tauon-kernel-cortex-m4-debug;tauon-kernel-cortex-m4f-freertos-debug;tauon-kernel-cortex-m4m7-freertosv9-debug;tauon-kernel-cortex-m7-debug,i:lib-debug;tauon-kernel-arm926ejs-debug;tauon-kernel-arm926ejs-freertos-debug;tauon-kernel-cortex-m0+-freertos-debug;tauon-kernel-cortex-m4-debug;tauon-kernel-cortex-m4f-freertos-debug;tauon-kernel-cortex-m4m7-freertosv9-debug;tauon-kernel-cortex-m7-debug,,,,,,,,,,,,,,,,,,,,,,
src/kernel/net/lwip/include/netif/ppp/polarssl/sha1.h,1,actif,,,,,,,,,,,,,,,,,,i:*,,i:lib-debug;tauon-kernel-arm926ejs-debug;tauon-kernel-arm926ejs-freertos-debug;tauon-kernel-cortex-m4-debug,i:lib-debug;tauon-kernel-arm926ejs-debug;tauon-kernel-arm926ejs-freertos-debug;tauon-kernel-cortex-m0+-freertos-debug;tauon-kernel-cortex-m4-debug;tauon-kernel-cortex-m4f-freertos-debug,i:lib-debug;tauon-kernel-arm926ejs-debug;tauon-kernel-arm926ejs-freertos-debug;tauon-kernel-cortex-m0+-freertos-debug;tauon-kernel-cortex-m4-debug;tauon-kernel-cortex-m4f-freertos-debug;tauon-kernel-cortex-m4m7-freertosv9-debug;tauon-kernel-cortex-m7-debug,i:lib-debug;tauon-kernel-arm926ejs-debug;tauon-kernel-arm926ejs-freertos-debug;tauon-kernel-cortex-m0+-freertos-debug;tauon-kernel-cortex-m4-debug;tauon-kernel-cortex-m4f-freertos-debug;tauon-kernel-cortex-m4m7-freertosv9-debug;tauon-kernel-cortex-m7-debug,i:lib-debug;tauon-kernel-arm926ejs-debug;tauon-kernel-arm926ejs-freertos-debug;tauon-kernel-cortex-m0+-freertos-debug;tauon-kernel-cortex-m4-debug;tauon-kernel-cortex-m4f-freertos-debug;tauon-kernel-cortex-m4m7-freertosv9-debug;tauon-kernel-cortex-m7-debug,,,,,,,,,,,,,,,,,,,,,,
src/kernel/net/lwip/include/netif/ppp/ppp.h,1,actif,,,,,,,,,,,,,,,,,,i:*,,i:lib-debug;tauon-kernel-arm926ejs-debug;tauon-kernel-arm926ejs-freertos-debug;tauon-kernel-cortex-m4-debug,i:lib-debug;tauon-kernel-arm926ejs-debug;tauon-kernel-arm926ejs-freertos-debug;tauon-kernel-cortex-m0+-freertos-debug;tauon-kernel-cortex-m4-debug;tauon-kernel-cortex-m4f-freertos-debug,i:lib-debug;tauon-kernel-arm926ejs-debug;tauon-kernel-arm926ejs-freertos-debug;tauon-kernel-cortex-m0+-freertos-debug;tauon-kernel-cortex-m4-debug;tauon-kernel-cortex-m4f-freertos-debug;tauon-kernel-cortex-m4m7-freertosv9-debug;tauon-kernel-cortex-m7-debug,i:lib-debug;tauon-kernel-arm926ejs-debug;tauon-kernel-arm926ejs-freertos-debug;tauon-kernel-cortex-m0+-freertos-debug;tauon-kernel-cortex-m4-debug;tauon-kernel-cortex-m4f-freertos-debug;tauon-kernel-cortex-m4m7-freertosv9-debug;tauon-kernel-cortex-m7-debug,i:lib-debug;tauon-kernel-arm926ejs-debug;tauon-kernel-arm926ejs-freertos-debug;tauon-kernel-cortex-m0+-freertos-debug;tauon-kernel-cortex-m4-debug;tauon-kernel-cortex-m4f-freertos-debug;tauon-kernel-cortex-m4m7-freertosv9-debug;tauon-kernel-cortex-m7-debug,,,,,,,,,,,,,,,,,,,,,,
src/kernel/net/lwip/include/netif/ppp/ppp_impl.h,1,actif,,,,,,,,,,,,,,,,,,i:*,,i:lib-debug;tauon-kernel-arm926ejs-debug;tauon-kernel-arm926ejs-freertos-debug;tauon-kernel-cortex-m4-debug,i:lib-debug;tauon-kernel-arm926ejs-debug;tauon-kernel-arm926ejs-freertos-debug;tauon-kernel-cortex-m0+-freertos-debug;tauon-kernel-cortex-m4-debug;tauon-kernel-cortex-m4f-freertos-debug,i:lib-debug;tauon-kernel-arm926ejs-debug;tauon-kernel-arm926ejs-freertos-debug;tauon-kernel-cortex-m0+-freertos-debug;tauon-kernel-cortex-m4-debug;tauon-kernel-cortex-m4f-freertos-debug;tauon-kernel-cortex-m4m7-freertosv9-debug;tauon-kernel-cortex-m7-debug,i:lib-debug;tauon-kernel-arm926ejs-debug;tauon-kernel-arm926ejs-freertos-debug;tauon-kernel-cortex-m0+-freertos-debug;tauon-kernel-cortex-m4-debug;tauon-kernel-cortex-m4f-freertos-debug;tauon-kernel-cortex-m4m7-freertosv9-debug;tauon-kernel-cortex-m7-debug,i:lib-debug;tauon-kernel-arm926ejs-debug;tauon-kernel-arm926ejs-freertos-debug;tauon-kernel-cortex-m0+-freertos-debug;tauon-kernel-cortex-m4-debug;tauon-kernel-cortex-m4f-freertos-debug;tauon-kernel-cortex-m4m7-freertosv9-debug;tauon-kernel-cortex-m7-debug,,,,,,,,,,,,,,,,,,,,,,
src/kernel/net/lwip/include/netif/ppp/ppp_opts.h,1,actif,,,,,,,,,,,,,,,,,,i:*,,i:lib-debug;tauon-kernel-arm926ejs-debug;tauon-kernel-arm926ejs-freertos-debug;tauon-kernel-cortex-m4-debug,i:lib-debug;tauon-kernel-arm926ejs-debug;tauon-kernel-arm926ejs-freertos-debug;tauon-kernel-cortex-m0+-freertos-debug;tauon-kernel-cortex-m4-debug;tauon-kernel-cortex-m4f-freertos-debug,i:lib-debug;tauon-kernel-arm926ejs-debug;tauon-kernel-arm926ejs-freertos-debug;tauon-kernel-cortex-m0+-freertos-debug;tauon-kernel-cortex-m4-debug;tauon-kernel-cortex-m4f-freertos-debug;tauon-kernel-cortex-m4m7-freertosv9-debug;tauon-kernel-cortex-m7-debug,i:lib-debug;tauon-kernel-arm926ejs-debug;tauon-kernel-arm926ejs-freertos-debug;tauon-kernel-cortex-m0+-freertos-debug;tauon-kernel-cortex-m4-debug;tauon-kernel-cortex-m4f-freertos-debug;tauon-kernel-cortex-m4m7-freertosv9-debug;tauon-kernel-cortex-m7-debug,i:lib-debug;tauon-kernel-arm926ejs-debug;tauon-kernel-arm926ejs-freertos-debug;tauon-kernel-cortex-m0+-freertos-debug;tauon-kernel-cortex-m4-debug;tauon-kernel-cortex-m4f-freertos-debug;tauon-kernel-cortex-m4m7-freertosv9-debug;tauon-kernel-cortex-m7-debug,,,,,,,,,,,,,,,,,,,,,,
src/kernel/net/lwip/include/netif/ppp/pppcrypt.h,1,actif,,,,,,,,,,,,,,,,,,i:*,,i:lib-debug;tauon-kernel-arm926ejs-debug;tauon-kernel-arm926ejs-freertos-debug;tauon-kernel-cortex-m4-debug,i:lib-debug;tauon-kernel-arm926ejs-debug;tauon-kernel-arm926ejs-freertos-debug;tauon-kernel-cortex-m0+-freertos-debug;tauon-kernel-cortex-m4-debug;tauon-kernel-cortex-m4f-freertos-debug,i:lib-debug;tauon-kernel-arm926ejs-debug;tauon-kernel-arm926ejs-freertos-debug;tauon-kernel-cortex-m0+-freertos-debug;tauon-kernel-cortex-m4-debug;tauon-kernel-cortex-m4f-freertos-debug;tauon-kernel-cortex-m4m7-freertosv9-debug;tauon-kernel-cortex-m7-debug,i:lib-debug;tauon-kernel-arm926ejs-debug;tauon-kernel-arm926ejs-freertos-debug;tauon-kernel-cortex-m0+-freertos-debug;tauon-kernel-cortex-m4-debug;tauon-kernel-cortex-m4f-freertos-debug;tauon-kernel-cortex-m4m7-freertosv9-debug;tauon-kernel-cortex-m7-debug,i:lib-debug;tauon-kernel-arm926ejs-debug;tauon-kernel-arm926ejs-freertos-debug;tauon-kernel-cortex-m0+-freertos-debug;tauon-kernel-cortex-m4-debug;tauon-kernel-cortex-m4f-freertos-debug;tauon-kernel-cortex-m4m7-freertosv9-debug;tauon-kernel-cortex-m7-debug,,,,,,,,,,,,,,,,,,,,,,
src/kernel/net/lwip/include/netif/ppp/pppdebug.h,1,actif,,,,,,,,,,,,,,,,,,i:*,,i:lib-debug;tauon-kernel-arm926ejs-debug;tauon-kernel-arm926ejs-freertos-debug;tauon-kernel-cortex-m4-debug,i:lib-debug;tauon-kernel-arm926ejs-debug;tauon-kernel-arm926ejs-freertos-debug;tauon-kernel-cortex-m0+-freertos-debug;tauon-kernel-cortex-m4-debug;tauon-kernel-cortex-m4f-freertos-debug,i:lib-debug;tauon-kernel-arm926ejs-debug;tauon-kernel-arm926ejs-freertos-debug;tauon-kernel-cortex-m0+-freertos-debug;tauon-kernel-cortex-m4-debug;tauon-kernel-cortex-m4f-freertos-debug;tauon-kernel-cortex-m4m7-freertosv9-debug;tauon-kernel-cortex-m7-debug,i:lib-debug;tauon-kernel-arm926ejs-debug;tauon-kernel-arm926ejs-freertos-debug;tauon-kernel-cortex-m0+-freertos-debug;tauon-kernel-cortex-m4-debug;tauon-kernel-cortex-m4f-freertos-debug;tauon-kernel-cortex-m4m7-freertosv9-debug;tauon-kernel-cortex-m7-debug,i:lib-debug;tauon-kernel-arm926ejs-debug;tauon-kernel-arm926ejs-freertos-debug;tauon-kernel-cortex-m0+-freertos-debug;tauon-kernel-cortex-m4-debug;tauon-kernel-cortex-m4f-freertos-debug;tauon-kernel-cortex-m4m7-freertosv9-debug;tauon-kernel-cortex-m7-debug,,,,,,,,,,,,,,,,,,,,,,
src/kernel/net/lwip/include/netif/ppp/pppoe.h,1,actif,,,,,,,,,,,,,,,,,,,,,,i:lib-debug;tauon-kernel-arm926ejs-debug;tauon-kernel-arm926ejs-freertos-debug;tauon-kernel-cortex-m0+-freertos-debug;tauon-kernel-cortex-m4-debug;tauon-kernel-cortex-m4f-freertos-debug;tauon-kernel-cortex-m4m7-freertosv9-debug;tauon-kernel-cortex-m7-debug,i:lib-debug;tauon-kernel-arm926ejs-debug;tauon-kernel-arm926ejs-freertos-debug;tauon-kernel-cortex-m0+-freertos-debug;tauon-kernel-cortex-m4-debug;tauon-kernel-cortex-m4f-freertos-debug;tauon-kernel-cortex-m4m7-freertosv9-debug;tauon-kernel-cortex-m7-debug,i:lib-debug;tauon-kernel-arm926ejs-debug;tauon-kernel-arm926ejs-freertos-debug;tauon-kernel-cortex-m0+-freertos-debug;tauon-kernel-cortex-m4-debug;tauon-kernel-cortex-m4f-freertos-debug;tauon-kernel-cortex-m4m7-freertosv9-debug;tauon-kernel-cortex-m7-debug,,,,,,,,,,,,,,,,,,,,,,
src/kernel/net/lwip/include/netif/ppp/upap.h,1,actif,,,,,,,,,,,,,,,,,,i:*,,i:lib-debug;tauon-kernel-arm926ejs-debug;tauon-kernel-arm926ejs-freertos-debug;tauon-kernel-cortex-m4-debug,i:lib-debug;tauon-kernel-arm926ejs-debug;tauon-kernel-arm926ejs-freertos-debug;tauon-kernel-cortex-m0+-freertos-debug;tauon-kernel-cortex-m4-debug;tauon-kernel-cortex-m4f-freertos-debug,i:lib-debug;tauon-kernel-arm926ejs-debug;tauon-kernel-arm926ejs-freertos-debug;tauon-kernel-cortex-m0+-freertos-debug;tauon-kernel-cortex-m4-debug;tauon-kernel-cortex-m4f-freertos-debug;tauon-kernel-cortex-m4m7-freertosv9-debug;tauon-kernel-cortex-m7-debug,i:lib-debug;tauon-kernel-arm926ejs-debug;tauon-kernel-arm926ejs-freertos-debug;tauon-kernel-cortex-m0+-freertos-debug;tauon-kernel-cortex-m4-debug;tauon-kernel-cortex-m4f-freertos-debug;tauon-kernel-cortex-m4m7-freertosv9-debug;tauon-kernel-cortex-m7-debug,i:lib-debug;tauon-kernel-arm926ejs-debug;tauon-kernel-arm926ejs-freertos-debug;tauon-kernel-cortex-m0+-freertos-debug;tauon-kernel-cortex-m4-debug;tauon-kernel-cortex-m4f-freertos-debug;tauon-kernel-cortex-m4m7-freertosv9-debug;tauon-kernel-cortex-m7-debug,,,,,,,,,,,,,,,,,,,,,,
src/kernel/net/lwip/include/netif/ppp/vj.h,1,actif,,,,,,,,,,,,,,,,,,i:*,,i:lib-debug;tauon-kernel-arm926ejs-debug;tauon-kernel-arm926ejs-freertos-debug;tauon-kernel-cortex-m4-debug,i:lib-debug;tauon-kernel-arm926ejs-debug;tauon-kernel-arm926ejs-freertos-debug;tauon-kernel-cortex-m0+-freertos-debug;tauon-kernel-cortex-m4-debug;tauon-kernel-cortex-m4f-freertos-debug,i:lib-debug;tauon-kernel-arm926ejs-debug;tauon-kernel-arm926ejs-freertos-debug;tauon-kernel-cortex-m0+-freertos-debug;tauon-kernel-cortex-m4-debug;tauon-kernel-cortex-m4f-freertos-debug;tauon-kernel-cortex-m4m7-freertosv9-debug;tauon-kernel-cortex-m7-debug,i:lib-debug;tauon-kernel-arm926ejs-debug;tauon-kernel-arm926ejs-freertos-debug;tauon-kernel-cortex-m0+-freertos-debug;tauon-kernel-cortex-m4-debug;tauon-kernel-cortex-m4f-freertos-debug;tauon-kernel-cortex-m4m7-freertosv9-debug;tauon-kernel-cortex-m7-debug,i:lib-debug;tauon-kernel-arm926ejs-debug;tauon-kernel-arm926ejs-freertos-debug;tauon-kernel-cortex-m0+-freertos-debug;tauon-kernel-cortex-m4-debug;tauon-kernel-cortex-m4f-freertos-debug;tauon-kernel-cortex-m4m7-freertosv9-debug;tauon-kernel-cortex-m7-debug,,,,,,,,,,,,,,,,,,,,,,
src/kernel/net/lwip/include/netif/slipif.h,1,actif,,,,,,,,,,,,,,,,,,i:*,,i:lib-debug;tauon-kernel-arm926ejs-debug;tauon-kernel-arm926ejs-freertos-debug;tauon-kernel-cortex-m4-debug,i:lib-debug;tauon-kernel-arm926ejs-debug;tauon-kernel-arm926ejs-freertos-debug;tauon-kernel-cortex-m0+-freertos-debug;tauon-kernel-cortex-m4-debug;tauon-kernel-cortex-m4f-freertos-debug,i:lib-debug;tauon-kernel-arm926ejs-debug;tauon-kernel-arm926ejs-freertos-debug;tauon-kernel-cortex-m0+-freertos-debug;tauon-kernel-cortex-m4-debug;tauon-kernel-cortex-m4f-freertos-debug;tauon-kernel-cortex-m4m7-freertosv9-debug;tauon-kernel-cortex-m7-debug,i:lib-debug;tauon-kernel-arm926ejs-debug;tauon-kernel-arm926ejs-freertos-debug;tauon-kernel-cortex-m0+-freertos-debug;tauon-kernel-cortex-m4-debug;tauon-kernel-cortex-m4f-freertos-debug;tauon-kernel-cortex-m4m7-freertosv9-debug;tauon-kernel-cortex-m7-debug,i:lib-debug;tauon-kernel-arm926ejs-debug;tauon-kernel-arm926ejs-freertos-debug;tauon-kernel-cortex-m0+-freertos-debug;tauon-kernel-cortex-m4-debug;tauon-kernel-cortex-m4f-freertos-debug;tauon-kernel-cortex-m4m7-freertosv9-debug;tauon-kernel-cortex-m7-debug,,,,,,,,,,,,,,,,,,,,,,
src/kernel/net/lwip/netif/etharp.c,0,,,,,,,,,,,,,,,,,,,*,,lib-debug;tauon-kernel-arm926ejs-debug;tauon-kernel-arm926ejs-freertos-debug;tauon-kernel-cortex-m4-debug,lib-debug;tauon-kernel-arm926ejs-debug;tauon-kernel-arm926ejs-freertos-debug;tauon-kernel-cortex-m0+-freertos-debug;tauon-kernel-cortex-m4-debug;tauon-kernel-cortex-m4f-freertos-debug,,,,,,,,,,,,,,,,,,,,,,,,,
src/kernel/net/lwip/netif/ethernet.c,1,actif,,,,,,,,,,,,,,,,,,,,,,lib-debug;tauon-kernel-arm926ejs-debug;tauon-kernel-arm926ejs-freertos-debug;tauon-kernel-cortex-m0+-freertos-debug;tauon-kernel-cortex-m4-debug;tauon-kernel-cortex-m4f-freertos-debug;tauon-kernel-cortex-m4m7-freertosv9-debug;tauon-kernel-cortex-m7-debug,lib-debug;tauon-kernel-arm926ejs-debug;tauon-kernel-arm926ejs-freertos-debug;tauon-kernel-cortex-m0+-freertos-debug;tauon-kernel-cortex-m4-debug;tauon-kernel-cortex-m4f-freertos-debug;tauon-kernel-cortex-m4m7-freertosv9-debug;tauon-kernel-cortex-m7-debug,lib-debug;tauon-kernel-arm926ejs-debug;tauon-kernel-arm926ejs-freertos-debug;tauon-kernel-cortex-m0+-freertos-debug;tauon-kernel-cortex-m4-debug;tauon-kernel-cortex-m4f-freertos-debug;tauon-kernel-cortex-m4m7-freertosv9-debug;tauon-kernel-cortex-m7-debug,,,,,,,,,,,,,,,,,,,,,,
src/kernel/net/lwip/netif/ethernetif.c,1,actif,,,,,,,,,,,,,,,,,,,,,,lib-debug;tauon-kernel-arm926ejs-debug;tauon-kernel-arm926ejs-freertos-debug;tauon-kernel-cortex-m0+-freertos-debug;tauon-kernel-cortex-m4-debug;tauon-kernel-cortex-m4f-freertos-debug;tauon-kernel-cortex-m4m7-freertosv9-debug;tauon-kernel-cortex-m7-debug,lib-debug;tauon-kernel-arm926ejs-debug;tauon-kernel-arm926ejs-freertos-debug;tauon-kernel-cortex-m0+-freertos-debug;tauon-kernel-cortex-m4-debug;tauon-kernel-cortex-m4f-freertos-debug;tauon-kernel-cortex-m4m7-freertosv9-debug;tauon-kernel-cortex-m7-debug,lib-debug;tauon-kernel-arm926ejs-debug;tauon-kernel-arm926ejs-freertos-debug;tauon-kernel-cortex-m0+-freertos-debug;tauon-kernel-cortex-m4-debug;tauon-kernel-cortex-m4f-freertos-debug;tauon-kernel-cortex-m4m7-freertosv9-debug;tauon-kernel-cortex-m7-debug,,,,,,,,,,,,,,,,,,,,,,
src/kernel/net/lwip/netif/loopif.c,0,,,,,,,,,,,,,,,,,,,*,,lib-debug;tauon-kernel-arm926ejs-debug;tauon-kernel-arm926ejs-freertos-debug;tauon-kernel-cortex-m4-debug,lib-debug;tauon-kernel-arm926ejs-debug;tauon-kernel-arm926ejs-freertos-debug;tauon-kernel-cortex-m0+-freertos-debug;tauon-kernel-cortex-m4-debug;tauon-kernel-cortex-m4f-freertos-debug,,,,,,,,,,,,,,,,,,,,,,,,,
src/kernel/net/lwip/netif/lowpan6.c,1,actif,,,,,,,,,,,,,,,,,,,,,,lib-debug;tauon-kernel-arm926ejs-debug;tauon-kernel-arm926ejs-freertos-debug;tauon-kernel-cortex-m0+-freertos-debug;tauon-kernel-cortex-m4-debug;tauon-kernel-cortex-m4f-freertos-debug;tauon-kernel-cortex-m4m7-freertosv9-debug;tauon-kernel-cortex-m7-debug,lib-debug;tauon-kernel-arm926ejs-debug;tauon-kernel-arm926ejs-freertos-debug;tauon-kernel-cortex-m0+-freertos-debug;tauon-kernel-cortex-m4-debug;tauon-kernel-cortex-m4f-freertos-debug;tauon-kernel-cortex-m4m7-freertosv9-debug;tauon-kernel-cortex-m7-debug,lib-debug;tauon-kernel-arm926ejs-debug;tauon-kernel-arm926ejs-freertos-debug;tauon-kernel-cortex-m0+-freertos-debug;tauon-kernel-cortex-m4-debug;tauon-kernel-cortex-m4f-freertos-debug;tauon-kernel-cortex-m4m7-freertosv9-debug;tauon-kernel-cortex-m7-debug,,,,,,,,,,,,,,,,,,,,,,
src/kernel/net/lwip/netif/slipif.c,1,actif,,,,,,,,,,,,,,,,,,*,,lib-debug;tauon-kernel-arm926ejs-debug;tauon-kernel-arm926ejs-freertos-debug;tauon-kernel-cortex-m4-debug,lib-debug;tauon-kernel-arm926ejs-debug;tauon-kernel-arm926ejs-freertos-debug;tauon-kernel-cortex-m0+-freertos-debug;tauon-kernel-cortex-m4-debug;tauon-kernel-cortex-m4f-freertos-debug,lib-debug;tauon-kernel-arm926ejs-debug;tauon-kernel-arm926ejs-freertos-debug;tauon-kernel-cortex-m0+-freertos-debug;tauon-kernel-cortex-m4-debug;tauon-kernel-cortex-m4f-freertos-debug;tauon-kernel-cortex-m4m7-freertosv9-debug;tauon-kernel-cortex-m7-debug,lib-debug;tauon-kernel-arm926ejs-debug;tauon-kernel-arm926ejs-freertos-debug;tauon-kernel-cortex-m0+-freertos-debug;tauon-kernel-cortex-m4-debug;tauon-kernel-cortex-m4f-freertos-debug;tauon-kernel-cortex-m4m7-freertosv9-debug;tauon-kernel-cortex-m7-debug,lib-debug;tauon-kernel-arm926ejs-debug;tauon-kernel-arm926ejs-freertos-debug;tauon-kernel-cortex-m0+-freertos-debug;tauon-kernel-cortex-m4-debug;tauon-kernel-cortex-m4f-freertos-debug;tauon-kernel-cortex-m4m7-freertosv9-debug;tauon-kernel-cortex-m7-debug,,,,,,,,,,,,,,,,,,,,,,
src/kernel/net/lwip/ports/arm/include/arch/bpstruct.h,1,actif,,,,,,,,,,,,,,,,,,*,i:*,lib-debug;tauon-kernel-arm926ejs-debug;tauon-kernel-arm926ejs-freertos-debug;tauon-kernel-cortex-m4-debug i:tauon-kernel-cortex-m3-debug;tauon-kernel-cortex-m4f-freertos-debug,lib-debug;tauon-kernel-arm926ejs-debug;tauon-kernel-arm926ejs-freertos-debug;tauon-kernel-cortex-m0+-freertos-debug;tauon-kernel-cortex-m4-debug;tauon-kernel-cortex-m4f-freertos-debug i:tauon-kernel-cortex-m3-debug,lib-debug;tauon-kernel-arm926ejs-debug;tauon-kernel-arm926ejs-freertos-debug;tauon-kernel-cortex-m0+-freertos-debug;tauon-kernel-cortex-m4-debug;tauon-kernel-cortex-m4f-freertos-debug;tauon-kernel-cortex-m4m7-freertosv9-debug;tauon-kernel-cortex-m7-debug i:tauon-kernel-cortex-m3-debug,lib-debug;tauon-kernel-arm926ejs-debug;tauon-kernel-arm926ejs-freertos-debug;tauon-kernel-cortex-m0+-freertos-debug;tauon-kernel-cortex-m4-debug;tauon-kernel-cortex-m4f-freertos-debug;tauon-kernel-cortex-m4m7-freertosv9-debug;tauon-kernel-cortex-m7-debug i:tauon-kernel-cortex-m3-debug,lib-debug;tauon-kernel-arm926ejs-debug;tauon-kernel-arm926ejs-freertos-debug;tauon-kernel-cortex-m0+-freertos-debug;tauon-kernel-cortex-m4-debug;tauon-kernel-cortex-m4f-freertos-debug;tauon-kernel-cortex-m4m7-freertosv9-debug;tauon-kernel-cortex-m7-debug i:tauon-kernel-cortex-m3-debug,,,,,,,,,,,,,,i:firmware;firmware_injector;freertos-firmware_injector,i:firmware;firmware_injector;freertos-firmware_injector,i:Debug;freertos-debug,i:Debug;freertos-debug,,i:Debug,i:Debug;freertos-debug,i:Debug;freertos-debug,
src/kernel/net/lwip/ports/arm/include/arch/cc.h,1,actif,,,,,,,,,,,,,,,,,,*,i:*,lib-debug;tauon-kernel-arm926ejs-debug;tauon-kernel-arm926ejs-freertos-debug;tauon-kernel-cortex-m4-debug i:tauon-kernel-cortex-m3-debug;tauon-kernel-cortex-m4f-freertos-debug,lib-debug;tauon-kernel-arm926ejs-debug;tauon-kernel-arm926ejs-freertos-debug;tauon-kernel-cortex-m0+-freertos-debug;tauon-kernel-cortex-m4-debug;tauon-kernel-cortex-m4f-freertos-debug i:tauon-kernel-cortex-m3-debug,lib-debug;tauon-kernel-arm926ejs-debug;tauon-kernel-arm926ejs-freertos-debug;tauon-kernel-cortex-m0+-freertos-debug;tauon-kernel-cortex-m4-debug;tauon-kernel-cortex-m4f-freertos-debug;tauon-kernel-cortex-m4m7-freertosv9-debug;tauon-kernel-cortex-m7-debug i:tauon-kernel-cortex-m3-debug,lib-debug;tauon-kernel-arm926ejs-debug;tauon-kernel-arm926ejs-freertos-debug;tauon-kernel-cortex-m0+-freertos-debug;tauon-kernel-cortex-m4-debug;tauon-kernel-cortex-m4f-freertos-debug;tauon-kernel-cortex-m4m7-freertosv9-debug;tauon-kernel-cortex-m7-debug i:tauon-kernel-cortex-m3-debug,lib-debug;tauon-kernel-arm926ejs-debug;tauon-kernel-arm926ejs-freertos-debug;tauon-kernel-cortex-m0+-freertos-debug;tauon-kernel-cortex-m4-debug;tauon-kernel-cortex-m4f-freertos-debug;tauon-kernel-cortex-m4m7-freertosv9-debug;tauon-kernel-cortex-m7-debug i:tauon-kernel-cortex-m3-debug,,,,,,,,,,,,,,i:firmware;firmware_injector;freertos-firmware_injector,i:firmware;firmware_injector;freertos-firmware_injector,i:Debug;freertos-debug,i:Debug;freertos-debug,,i:Debug,i:Debug;freertos-debug,i:Debug;freertos-debug,
src/kernel/net/lwip/ports/arm/include/arch/epstruct.h,1,actif,,,,,,,,,,,,,,,,,,*,i:*,lib-debug;tauon-kernel-arm926ejs-debug;tauon-kernel-arm926ejs-freertos-debug;tauon-kernel-cortex-m4-debug i:tauon-kernel-cortex-m3-debug;tauon-kernel-cortex-m4f-freertos-debug,lib-debug;tauon-kernel-arm926ejs-debug;tauon-kernel-arm926ejs-freertos-debug;tauon-kernel-cortex-m0+-freertos-debug;tauon-kernel-cortex-m4-debug;tauon-kernel-cortex-m4f-freertos-debug i:tauon-kernel-cortex-m3-debug,lib-debug;tauon-kernel-arm926ejs-debug;tauon-kernel-arm926ejs-freertos-debug;tauon-kernel-cortex-m0+-freertos-debug;tauon-kernel-cortex-m4-debug;tauon-kernel-cortex-m4f-freertos-debug;tauon-kernel-cortex-m4m7-freertosv9-debug;tauon-kernel-cortex-m7-debug i:tauon-kernel-cortex-m3-debug,lib-debug;tauon-kernel-arm926ejs-debug;tauon-kernel-arm926ejs-freertos-debug;tauon-kernel-cortex-m0+-freertos-debug;tauon-kernel-cortex-m4-debug;tauon-kernel-cortex-m4f-freertos-debug;tauon-kernel-cortex-m4m7-freertosv9-debug;tauon-kernel-cortex-m7-debug i:tauon-kernel-cortex-m3-debug,lib-debug;tauon-kernel-arm926ejs-debug;tauon-kernel-arm926ejs-freertos-debug;tauon-kernel-cortex-m0+-freertos-debug;tauon-kernel-cortex-m4-debug;tauon-kernel-cortex-m4f-freertos-debug;tauon-kernel-cortex-m4m7-freertosv9-debug;tauon-kernel-cortex-m7-debug i:tauon-kernel-cortex-m3-debug,,,,,,,,,,,,,,i:firmware;firmware_injector;freertos-firmware_injector,i:firmware;firmware_injector;freertos-firmware_injector,i:Debug;freertos-debug,i:Debug;freertos-debug,,i:Debug,i:Debug;freertos-debug,i:Debug;freertos-debug,
src/kernel/net/lwip/ports/arm/include/arch/perf.h,1,actif,,,,,,,,,,,,,,,,,,*,i:*,lib-debug;tauon-kernel-arm926ejs-debug;tauon-kernel-arm926ejs-freertos-debug;tauon-kernel-cortex-m4-debug i:tauon-kernel-cortex-m3-debug;tauon-kernel-cortex-m4f-freertos-debug,lib-debug;tauon-kernel-arm926ejs-debug;tauon-kernel-arm926ejs-freertos-debug;tauon-kernel-cortex-m0+-freertos-debug;tauon-kernel-cortex-m4-debug;tauon-kernel-cortex-m4f-freertos-debug i:tauon-kernel-cortex-m3-debug,lib-debug;tauon-kernel-arm926ejs-debug;tauon-kernel-arm926ejs-freertos-debug;tauon-kernel-cortex-m0+-freertos-debug;tauon-kernel-cortex-m4-debug;tauon-kernel-cortex-m4f-freertos-debug;tauon-kernel-cortex-m4m7-freertosv9-debug;tauon-kernel-cortex-m7-debug i:tauon-kernel-cortex-m3-debug,lib-debug;tauon-kernel-arm926ejs-debug;tauon-kernel-arm926ejs-freertos-debug;tauon-kernel-cortex-m0+-freertos-debug;tauon-kernel-cortex-m4-debug;tauon-kernel-cortex-m4f-freertos-debug;tauon-kernel-cortex-m4m7-freertosv9-debug;tauon-kernel-cortex-m7-debug i:tauon-kernel-cortex-m3-debug,lib-debug;tauon-kernel-arm926ejs-debug;tauon-kernel-arm926ejs-freertos-debug;tauon-kernel-cortex-m0+-freertos-debug;tauon-kernel-cortex-m4-debug;tauon-kernel-cortex-m4f-freertos-debug;tauon-kernel-cortex-m4m7-freertosv9-debug;tauon-kernel-cortex-m7-debug i:tauon-kernel-cortex-m3-debug,,,,,,,,,,,,,,i:firmware;firmware_injector;freertos-firmware_injector,i:firmware;firmware_injector;freertos-firmware_injector,i:Debug;freertos-debug,i:Debug;freertos-debug,,i:Debug,i:Debug;freertos-debug,i:Debug;freertos-debug,
src/kernel/net/lwip/ports/arm/include/arch/sys_arch.h,1,actif,,,,,,,,,,,,,,,,,,*,i:*,lib-debug;tauon-kernel-arm926ejs-debug;tauon-kernel-arm926ejs-freertos-debug;tauon-kernel-cortex-m4-debug,lib-debug;tauon-kernel-arm926ejs-debug;tauon-kernel-arm926ejs-freertos-debug;tauon-kernel-cortex-m0+-freertos-debug;tauon-kernel-cortex-m4-debug;tauon-kernel-cortex-m4f-freertos-debug,lib-debug;tauon-kernel-arm926ejs-debug;tauon-kernel-arm926ejs-freertos-debug;tauon-kernel-cortex-m0+-freertos-debug;tauon-kernel-cortex-m4-debug;tauon-kernel-cortex-m4f-freertos-debug;tauon-kernel-cortex-m4m7-freertosv9-debug;tauon-kernel-cortex-m7-debug,lib-debug;tauon-kernel-arm926ejs-debug;tauon-kernel-arm926ejs-freertos-debug;tauon-kernel-cortex-m0+-freertos-debug;tauon-kernel-cortex-m4-debug;tauon-kernel-cortex-m4f-freertos-debug;tauon-kernel-cortex-m4m7-freertosv9-debug;tauon-kernel-cortex-m7-debug,lib-debug;tauon-kernel-arm926ejs-debug;tauon-kernel-arm926ejs-freertos-debug;tauon-kernel-cortex-m0+-freertos-debug;tauon-kernel-cortex-m4-debug;tauon-kernel-cortex-m4f-freertos-debug;tauon-kernel-cortex-m4m7-freertosv9-debug;tauon-kernel-cortex-m7-debug,,,,,,,,,,,,,,,,,,,,,,
src/kernel/net/lwip/ports/arm/lwipopts.h,1,actif,,,,,,,,,,,,,,,,,,*,i:*,lib-debug;tauon-kernel-arm926ejs-debug;tauon-kernel-arm926ejs-freertos-debug;tauon-kernel-cortex-m4-debug i:tauon-kernel-cortex-m3-debug;tauon-kernel-cortex-m4f-freertos-debug,lib-debug;tauon-kernel-arm926ejs-debug;tauon-kernel-arm926ejs-freertos-debug;tauon-kernel-cortex-m0+-freertos-debug;tauon-kernel-cortex-m4-debug;tauon-kernel-cortex-m4f-freertos-debug i:tauon-kernel-cortex-m3-debug,lib-debug;tauon-kernel-arm926ejs-debug;tauon-kernel-arm926ejs-freertos-debug;tauon-kernel-cortex-m0+-freertos-debug;tauon-kernel-cortex-m4-debug;tauon-kernel-cortex-m4f-freertos-debug;tauon-kernel-cortex-m4m7-freertosv9-debug;tauon-kernel-cortex-m7-debug i:tauon-kernel-cortex-m3-debug,lib-debug;tauon-kernel-arm926ejs-debug;tauon-kernel-arm926ejs-freertos-debug;tauon-kernel-cortex-m0+-freertos-debug;tauon-kernel-cortex-m4-debug;tauon-kernel-cortex-m4f-freertos-debug;tauon-kernel-cortex-m4m7-freertosv9-debug;tauon-kernel-cortex-m7-debug i:tauon-kernel-cortex-m3-debug,lib-debug;tauon-kernel-arm926ejs-debug;tauon-kernel-arm926ejs-freertos-debug;tauon-kernel-cortex-m0+-freertos-debug;tauon-kernel-cortex-m4-debug;tauon-kernel-cortex-m4f-freertos-debug;tauon-kernel-cortex-m4m7-freertosv9-debug;tauon-kernel-cortex-m7-debug i:tauon-kernel-cortex-m3-debug,,,,,,,,,,,,,,i:firmware;firmware_injector;freertos-firmware_injector,i:firmware;firmware_injector;freertos-firmware_injector,i:Debug;freertos-debug,i:Debug;freertos-debug,,i:Debug,i:Debug;freertos-debug,i:Debug;freertos-debug,
src/kernel/net/lwip/ports/arm/sys_arch.c,1,actif,,,,,,,,,,,,,,,,,,*,,lib-debug;tauon-kernel-arm926ejs-debug;tauon-kernel-arm926ejs-freertos-debug;tauon-kernel-cortex-m4-debug,lib-debug;tauon-kernel-arm926ejs-debug;tauon-kernel-arm926ejs-freertos-debug;tauon-kernel-cortex-m0+-freertos-debug;tauon-kernel-cortex-m4-debug;tauon-kernel-cortex-m4f-freertos-debug,lib-debug;tauon-kernel-arm926ejs-debug;tauon-kernel-arm926ejs-freertos-debug;tauon-kernel-cortex-m0+-freertos-debug;tauon-kernel-cortex-m4-debug;tauon-kernel-cortex-m4f-freertos-debug;tauon-kernel-cortex-m4m7-freertosv9-debug;tauon-kernel-cortex-m7-debug,lib-debug;tauon-kernel-arm926ejs-debug;tauon-kernel-arm926ejs-freertos-debug;tauon-kernel-cortex-m0+-freertos-debug;tauon-kernel-cortex-m4-debug;tauon-kernel-cortex-m4f-freertos-debug;tauon-kernel-cortex-m4m7-freertosv9-debug;tauon-kernel-cortex-m7-debug,lib-debug;tauon-kernel-arm926ejs-debug;tauon-kernel-arm926ejs-freertos-debug;tauon-kernel-cortex-m0+-freertos-debug;tauon-kernel-cortex-m4-debug;tauon-kernel-cortex-m4f-freertos-debug;tauon-kernel-cortex-m4m7-freertosv9-debug;tauon-kernel-cortex-m7-debug,,,,,,,,,,,,,,,,,,,,,,
src/kernel/net/uip/core/contiki-conf.h,1,actif,,,,,,,,,,,,,,,,,,i:*,i:*,i:*,i:*,i:*,i:*,i:*,,,,,,,,,,,,,,,,,,,,,,
src/kernel/net/uip/core/contiki-version.h,1,actif,,,,,,,,,,,,,,,,,,,,,,i:tauon-kernel-cortex-m4-debug;tauon-kernel-cortex-m7-debug,i:tauon-kernel-cortex-m4-debug;tauon-kernel-cortex-m7-debug,i:tauon-kernel-cortex-m4-debug;tauon-kernel-cortex-m7-debug,,,,,,,,,,,,,,,,,,,,,,
src/kernel/net/uip/core/contiki.h,1,actif,,,,,,,,,,,,,,,,,,,,,,i:tauon-kernel-cortex-m4-debug;tauon-kernel-cortex-m7-debug,i:tauon-kernel-cortex-m4-debug;tauon-kernel-cortex-m7-debug,i:tauon-kernel-cortex-m4-debug;tauon-kernel-cortex-m7-debug,,,,,,,,,,,,,,,,,,,,,,
src/kernel/net/uip/core/dev/radio.h,1,actif,,,,,,,,,,,,,,,,,,,,,,i:tauon-kernel-cortex-m4-debug;tauon-kernel-cortex-m7-debug,i:tauon-kernel-cortex-m4-debug;tauon-kernel-cortex-m7-debug,i:tauon-kernel-cortex-m4-debug;tauon-kernel-cortex-m7-debug,,,,,,,,,,,,,,,,,,,,,,
src/kernel/net/uip/core/lib/list.h,1,actif,,,,,,,,,,,,,,,,,,,,,,i:tauon-kernel-cortex-m4-debug;tauon-kernel-cortex-m7-debug,i:tauon-kernel-cortex-m4-debug;tauon-kernel-cortex-m7-debug,i:tauon-kernel-cortex-m4-debug;tauon-kernel-cortex-m7-debug,,,,,,,,,,,,,,,,,,,,,,
src/kernel/net/uip/core/net/ip/tcpip.h,1,actif,,,,,,,,,,,,,,,,,,,,,,i:tauon-kernel-cortex-m4-debug;tauon-kernel-cortex-m7-debug,i:tauon-kernel-cortex-m4-debug;tauon-kernel-cortex-m7-debug,i:tauon-kernel-cortex-m4-debug;tauon-kernel-cortex-m7-debug,,,,,,,,,,,,,,,,,,,,,,
src/kernel/net/uip/core/net/ip/uip-debug.h,1,actif,,,,,,,,,,,,,,,,,,,i:*,i:*,i:*,i:*,i:*,i:*,,,,,,,,,,,,,,,,,,,,,,
src/kernel/net/uip/core/net/ip/uip-packetqueue.h,1,actif,,,,,,,,,,,,,,,,,,,,,,i:tauon-kernel-cortex-m4-debug;tauon-kernel-cortex-m7-debug,i:tauon-kernel-cortex-m4-debug;tauon-kernel-cortex-m7-debug,i:tauon-kernel-cortex-m4-debug;tauon-kernel-cortex-m7-debug,,,,,,,,,,,,,,,,,,,,,,
src/kernel/net/uip/core/net/ip/uip.h,1,actif,,,,,,,,,,,,,,,,,,i:*,i:*,i:*,i:*,i:*,i:*,i:*,,,,,,,,,,,,,,,,,,,,,,
src/kernel/net/uip/core/net/ip/uip_arch.h,1,actif,,,,,,,,,,,,,,,,,,i:*,i:*,i:*,i:*,i:*,i:*,i:*,,,,,,,,,,,,,,,,,,,,,,
src/kernel/net/uip/core/net/ip/uipopt.h,1,actif,,,,,,,,,,,,,,,,,,i:*,i:*,i:*,i:*,i:*,i:*,i:*,,,,,,,,,,,,,,,,,,,,,,
src/kernel/net/uip/core/net/ipv4/uip-fw.h,1,actif,,,,,,,,,,,,,,,,,,,i:*,i:*,i:*,i:*,i:*,i:*,,,,,,,,,,,,,,,,,,,,,,
src/kernel/net/uip/core/net/ipv4/uip_arp.h,1,actif,,,,,,,,,,,,,,,,,,i:*,i:*,i:*,i:*,i:*,i:*,i:*,,,,,,,,,,,,,,,,,,,,,,
src/kernel/net/uip/core/net/ipv6/uip-ds6-nbr.h,1,actif,,,,,,,,,,,,,,,,,,,,,,i:tauon-kernel-cortex-m4-debug;tauon-kernel-cortex-m7-debug,i:tauon-kernel-cortex-m4-debug;tauon-kernel-cortex-m7-debug,i:tauon-kernel-cortex-m4-debug;tauon-kernel-cortex-m7-debug,,,,,,,,,,,,,,,,,,,,,,
src/kernel/net/uip/core/net/ipv6/uip-ds6-route.h,1,actif,,,,,,,,,,,,,,,,,,,,,,i:tauon-kernel-cortex-m4-debug;tauon-kernel-cortex-m7-debug,i:tauon-kernel-cortex-m4-debug;tauon-kernel-cortex-m7-debug,i:tauon-kernel-cortex-m4-debug;tauon-kernel-cortex-m7-debug,,,,,,,,,,,,,,,,,,,,,,
src/kernel/net/uip/core/net/ipv6/uip-ds6.h,1,actif,,,,,,,,,,,,,,,,,,i:*,i:*,i:*,i:*,i:*,i:*,i:*,,,,,,,,,,,,,,,,,,,,,,
src/kernel/net/uip/core/net/ipv6/uip-nd6.h,1,actif,,,,,,,,,,,,,,,,,,,,,,i:tauon-kernel-cortex-m4-debug;tauon-kernel-cortex-m7-debug,i:tauon-kernel-cortex-m4-debug;tauon-kernel-cortex-m7-debug,i:tauon-kernel-cortex-m4-debug;tauon-kernel-cortex-m7-debug,,,,,,,,,,,,,,,,,,,,,,
src/kernel/net/uip/core/net/linkaddr.h,1,actif,,,,,,,,,,,,,,,,,,,,,,i:tauon-kernel-cortex-m4-debug;tauon-kernel-cortex-m7-debug,i:tauon-kernel-cortex-m4-debug;tauon-kernel-cortex-m7-debug,i:tauon-kernel-cortex-m4-debug;tauon-kernel-cortex-m7-debug,,,,,,,,,,,,,,,,,,,,,,
src/kernel/net/uip/core/net/llsec/llsec.h,1,actif,,,,,,,,,,,,,,,,,,,,,,i:tauon-kernel-cortex-m4-debug;tauon-kernel-cortex-m7-debug,i:tauon-kernel-cortex-m4-debug;tauon-kernel-cortex-m7-debug,i:tauon-kernel-cortex-m4-debug;tauon-kernel-cortex-m7-debug,,,,,,,,,,,,,,,,,,,,,,
src/kernel/net/uip/core/net/mac/framer.h,1,actif,,,,,,,,,,,,,,,,,,,,,,i:tauon-kernel-cortex-m4-debug;tauon-kernel-cortex-m7-debug,i:tauon-kernel-cortex-m4-debug;tauon-kernel-cortex-m7-debug,i:tauon-kernel-cortex-m4-debug;tauon-kernel-cortex-m7-debug,,,,,,,,,,,,,,,,,,,,,,
src/kernel/net/uip/core/net/mac/mac.h,1,actif,,,,,,,,,,,,,,,,,,,,,,i:tauon-kernel-cortex-m4-debug;tauon-kernel-cortex-m7-debug,i:tauon-kernel-cortex-m4-debug;tauon-kernel-cortex-m7-debug,i:tauon-kernel-cortex-m4-debug;tauon-kernel-cortex-m7-debug,,,,,,,,,,,,,,,,,,,,,,
src/kernel/net/uip/core/net/mac/rdc.h,1,actif,,,,,,,,,,,,,,,,,,,,,,i:tauon-kernel-cortex-m4-debug;tauon-kernel-cortex-m7-debug,i:tauon-kernel-cortex-m4-debug;tauon-kernel-cortex-m7-debug,i:tauon-kernel-cortex-m4-debug;tauon-kernel-cortex-m7-debug,,,,,,,,,,,,,,,,,,,,,,
src/kernel/net/uip/core/net/nbr-table.h,1,actif,,,,,,,,,,,,,,,,,,,,,,i:tauon-kernel-cortex-m4-debug;tauon-kernel-cortex-m7-debug,i:tauon-kernel-cortex-m4-debug;tauon-kernel-cortex-m7-debug,i:tauon-kernel-cortex-m4-debug;tauon-kernel-cortex-m7-debug,,,,,,,,,,,,,,,,,,,,,,
src/kernel/net/uip/core/net/netstack.h,1,actif,,,,,,,,,,,,,,,,,,,,,,i:tauon-kernel-cortex-m4-debug;tauon-kernel-cortex-m7-debug,i:tauon-kernel-cortex-m4-debug;tauon-kernel-cortex-m7-debug,i:tauon-kernel-cortex-m4-debug;tauon-kernel-cortex-m7-debug,,,,,,,,,,,,,,,,,,,,,,
src/kernel/net/uip/core/rtimer-arch.h,1,actif,,,,,,,,,,,,,,,,,,,,,,i:tauon-kernel-cortex-m4-debug;tauon-kernel-cortex-m7-debug,i:tauon-kernel-cortex-m4-debug;tauon-kernel-cortex-m7-debug,i:tauon-kernel-cortex-m4-debug;tauon-kernel-cortex-m7-debug,,,,,,,,,,,,,,,,,,,,,,
src/kernel/net/uip/core/sys/cc.h,1,actif,,,,,,,,,,,,,,,,,,,,,,i:tauon-kernel-cortex-m4-debug;tauon-kernel-cortex-m7-debug,i:tauon-kernel-cortex-m4-debug;tauon-kernel-cortex-m7-debug,i:tauon-kernel-cortex-m4-debug;tauon-kernel-cortex-m7-debug,,,,,,,,,,,,,,,,,,,,,,
src/kernel/net/uip/core/sys/clock.h,1,actif,,,,,,,,,,,,,,,,,,,,,,i:tauon-kernel-cortex-m4-debug;tauon-kernel-cortex-m7-debug,i:tauon-kernel-cortex-m4-debug;tauon-kernel-cortex-m7-debug,i:tauon-kernel-cortex-m4-debug;tauon-kernel-cortex-m7-debug,,,,,,,,,,,,,,,,,,,,,,
src/kernel/net/uip/core/sys/ctimer.h,1,actif,,,,,,,,,,,,,,,,,,,,,,i:tauon-kernel-cortex-m4-debug;tauon-kernel-cortex-m7-debug,i:tauon-kernel-cortex-m4-debug;tauon-kernel-cortex-m7-debug,i:tauon-kernel-cortex-m4-debug;tauon-kernel-cortex-m7-debug,,,,,,,,,,,,,,,,,,,,,,
src/kernel/net/uip/core/sys/etimer.h,1,actif,,,,,,,,,,,,,,,,,,,,,,i:tauon-kernel-cortex-m4-debug;tauon-kernel-cortex-m7-debug,i:tauon-kernel-cortex-m4-debug;tauon-kernel-cortex-m7-debug,i:tauon-kernel-cortex-m4-debug;tauon-kernel-cortex-m7-debug,,,,,,,,,,,,,,,,,,,,,,
src/kernel/net/uip/core/sys/lc-switch.h,1,actif,,,,,,,,,,,,,,,,,,,,,,i:tauon-kernel-cortex-m4-debug;tauon-kernel-cortex-m7-debug,i:tauon-kernel-cortex-m4-debug;tauon-kernel-cortex-m7-debug,i:tauon-kernel-cortex-m4-debug;tauon-kernel-cortex-m7-debug,,,,,,,,,,,,,,,,,,,,,,
src/kernel/net/uip/core/sys/lc.h,1,actif,,,,,,,,,,,,,,,,,,,,,,i:tauon-kernel-cortex-m4-debug;tauon-kernel-cortex-m7-debug,i:tauon-kernel-cortex-m4-debug;tauon-kernel-cortex-m7-debug,i:tauon-kernel-cortex-m4-debug;tauon-kernel-cortex-m7-debug,,,,,,,,,,,,,,,,,,,,,,
src/kernel/net/uip/core/sys/process.h,1,actif,,,,,,,,,,,,,,,,,,,,,,i:tauon-kernel-cortex-m4-debug;tauon-kernel-cortex-m7-debug,i:tauon-kernel-cortex-m4-debug;tauon-kernel-cortex-m7-debug,i:tauon-kernel-cortex-m4-debug;tauon-kernel-cortex-m7-debug,,,,,,,,,,,,,,,,,,,,,,
src/kernel/net/uip/core/sys/pt.h,1,actif,,,,,,,,,,,,,,,,,,,,,,i:tauon-kernel-cortex-m4-debug;tauon-kernel-cortex-m7-debug,i:tauon-kernel-cortex-m4-debug;tauon-kernel-cortex-m7-debug,i:tauon-kernel-cortex-m4-debug;tauon-kernel-cortex-m7-debug,,,,,,,,,,,,,,,,,,,,,,
src/kernel/net/uip/core/sys/rtimer.h,1,actif,,,,,,,,,,,,,,,,,,,,,,i:tauon-kernel-cortex-m4-debug;tauon-kernel-cortex-m7-debug,i:tauon-kernel-cortex-m4-debug;tauon-kernel-cortex-m7-debug,i:tauon-kernel-cortex-m4-debug;tauon-kernel-cortex-m7-debug,,,,,,,,,,,,,,,,,,,,,,
src/kernel/net/uip/core/sys/stimer.h,1,actif,,,,,,,,,,,,,,,,,,,,,,i:tauon-kernel-cortex-m4-debug;tauon-kernel-cortex-m7-debug,i:tauon-kernel-cortex-m4-debug;tauon-kernel-cortex-m7-debug,i:tauon-kernel-cortex-m4-debug;tauon-kernel-cortex-m7-debug,,,,,,,,,,,,,,,,,,,,,,
src/kernel/net/uip/core/sys/timer.h,1,actif,,,,,,,,,,,,,,,,,,,,,,i:tauon-kernel-cortex-m4-debug;tauon-kernel-cortex-m7-debug,i:tauon-kernel-cortex-m4-debug;tauon-kernel-cortex-m7-debug,i:tauon-kernel-cortex-m4-debug;tauon-kernel-cortex-m7-debug,,,,,,,,,,,,,,,,,,,,,,
src/kernel/net/uip2.5/contiki-conf.h,1,actif,,,,,,,,,,,,,,,,,,i:*,*,tauon-kernel-cortex-m3-debug i:lib-debug;tauon-kernel-arm926ejs-debug;tauon-kernel-arm926ejs-freertos-debug;tauon-kernel-cortex-m4-debug;tauon-kernel-cortex-m4f-freertos-debug,tauon-kernel-cortex-m3-debug i:lib-debug;tauon-kernel-arm926ejs-debug;tauon-kernel-arm926ejs-freertos-debug;tauon-kernel-cortex-m0+-freertos-debug;tauon-kernel-cortex-m4-debug;tauon-kernel-cortex-m4f-freertos-debug,i:*,i:*,i:*,,,,,,,,,,,,,,,,,,,,,,
src/kernel/net/uip2.5/contiki-lib.h,1,différé,,,,,,,,,,,,,,,,,,,*,tauon-kernel-cortex-m3-debug,tauon-kernel-cortex-m3-debug,,,,,,,,,,,,,,,,,,,,,,,,,
src/kernel/net/uip2.5/contiki-net.h,1,différé,,,,,,,,,,,,,,,,,,,*,tauon-kernel-cortex-m3-debug,tauon-kernel-cortex-m3-debug,,,,,,,,,,,,,,,,,,,,,,,,,
src/kernel/net/uip2.5/contiki-version.h,1,différé,,,,,,,,,,,,,,,,,,,*,tauon-kernel-cortex-m3-debug i:lib-debug;tauon-kernel-arm926ejs-debug;tauon-kernel-arm926ejs-freertos-debug;tauon-kernel-cortex-m4-debug;tauon-kernel-cortex-m4f-freertos-debug,tauon-kernel-cortex-m3-debug i:lib-debug;tauon-kernel-arm926ejs-debug;tauon-kernel-arm926ejs-freertos-debug;tauon-kernel-cortex-m0+-freertos-debug;tauon-kernel-cortex-m4-debug;tauon-kernel-cortex-m4f-freertos-debug,i:lib-debug;tauon-kernel-arm926ejs-debug;tauon-kernel-arm926ejs-freertos-debug;tauon-kernel-cortex-m0+-freertos-debug;tauon-kernel-cortex-m3-debug;tauon-kernel-cortex-m4f-freertos-debug;tauon-kernel-cortex-m4m7-freertosv9-debug,i:lib-debug;tauon-kernel-arm926ejs-debug;tauon-kernel-arm926ejs-freertos-debug;tauon-kernel-cortex-m0+-freertos-debug;tauon-kernel-cortex-m3-debug;tauon-kernel-cortex-m4f-freertos-debug;tauon-kernel-cortex-m4m7-freertosv9-debug,i:lib-debug;tauon-kernel-arm926ejs-debug;tauon-kernel-arm926ejs-freertos-debug;tauon-kernel-cortex-m0+-freertos-debug;tauon-kernel-cortex-m3-debug;tauon-kernel-cortex-m4f-freertos-debug;tauon-kernel-cortex-m4m7-freertosv9-debug,,,,,,,,,,,,,,,,,,,,,,
src/kernel/net/uip2.5/contiki.h,1,différé,,,,,,,,,,,,,,,,,,,*,tauon-kernel-cortex-m3-debug i:lib-debug;tauon-kernel-arm926ejs-debug;tauon-kernel-arm926ejs-freertos-debug;tauon-kernel-cortex-m4-debug;tauon-kernel-cortex-m4f-freertos-debug,tauon-kernel-cortex-m3-debug i:lib-debug;tauon-kernel-arm926ejs-debug;tauon-kernel-arm926ejs-freertos-debug;tauon-kernel-cortex-m0+-freertos-debug;tauon-kernel-cortex-m4-debug;tauon-kernel-cortex-m4f-freertos-debug,i:lib-debug;tauon-kernel-arm926ejs-debug;tauon-kernel-arm926ejs-freertos-debug;tauon-kernel-cortex-m0+-freertos-debug;tauon-kernel-cortex-m3-debug;tauon-kernel-cortex-m4f-freertos-debug;tauon-kernel-cortex-m4m7-freertosv9-debug,i:lib-debug;tauon-kernel-arm926ejs-debug;tauon-kernel-arm926ejs-freertos-debug;tauon-kernel-cortex-m0+-freertos-debug;tauon-kernel-cortex-m3-debug;tauon-kernel-cortex-m4f-freertos-debug;tauon-kernel-cortex-m4m7-freertosv9-debug,i:lib-debug;tauon-kernel-arm926ejs-debug;tauon-kernel-arm926ejs-freertos-debug;tauon-kernel-cortex-m0+-freertos-debug;tauon-kernel-cortex-m3-debug;tauon-kernel-cortex-m4f-freertos-debug;tauon-kernel-cortex-m4m7-freertosv9-debug,,,,,,,,,,,,,,,,,,,,,,
src/kernel/net/uip2.5/lib/list.c,1,différé,,,,,,,,,,,,,,,,,,,*,tauon-kernel-cortex-m3-debug,tauon-kernel-cortex-m3-debug,,,,,,,,,,,,,,,,,,,,,,,,,
src/kernel/net/uip2.5/lib/list.h,1,différé,,,,,,,,,,,,,,,,,,,*,tauon-kernel-cortex-m3-debug,tauon-kernel-cortex-m3-debug,,,,,,,,,,,,,,,,,,,,,,,,,
src/kernel/net/uip2.5/lib/memb.c,1,différé,,,,,,,,,,,,,,,,,,,*,tauon-kernel-cortex-m3-debug,tauon-kernel-cortex-m3-debug,,,,,,,,,,,,,,,,,,,,,,,,,
src/kernel/net/uip2.5/lib/memb.h,1,différé,,,,,,,,,,,,,,,,,,,*,tauon-kernel-cortex-m3-debug,tauon-kernel-cortex-m3-debug,,,,,,,,,,,,,,,,,,,,,,,,,
src/kernel/net/uip2.5/lib/mmem.h,1,différé,,,,,,,,,,,,,,,,,,,i:*,i:tauon-kernel-cortex-m3-debug,i:tauon-kernel-cortex-m3-debug,,,,,,,,,,,,,,,,,,,,,,,,,
src/kernel/net/uip2.5/lib/random.c,1,différé,,,,,,,,,,,,,,,,,,,*,tauon-kernel-cortex-m3-debug,tauon-kernel-cortex-m3-debug,,,,,,,,,,,,,,,,,,,,,,,,,
src/kernel/net/uip2.5/lib/random.h,1,différé,,,,,,,,,,,,,,,,,,,*,tauon-kernel-cortex-m3-debug,tauon-kernel-cortex-m3-debug,,,,,,,,,,,,,,,,,,,,,,,,,
src/kernel/net/uip2.5/net/dhcpc.h,1,différé,,,,,,,,,,,,,,,,,,,*,tauon-kernel-cortex-m3-debug,tauon-kernel-cortex-m3-debug,,,,,,,,,,,,,,,,,,,,,,,,,
src/kernel/net/uip2.5/net/hc.c,1,différé,,,,,,,,,,,,,,,,,,,*,tauon-kernel-cortex-m3-debug,tauon-kernel-cortex-m3-debug,,,,,,,,,,,,,,,,,,,,,,,,,
src/kernel/net/uip2.5/net/hc.h,1,différé,,,,,,,,,,,,,,,,,,,*,tauon-kernel-cortex-m3-debug,tauon-kernel-cortex-m3-debug,,,,,,,,,,,,,,,,,,,,,,,,,
src/kernel/net/uip2.5/net/mac/framer.h,1,différé,,,,,,,,,,,,,,,,,,,i:*,i:tauon-kernel-cortex-m3-debug,i:tauon-kernel-cortex-m3-debug,,,,,,,,,,,,,,,,,,,,,,,,,
src/kernel/net/uip2.5/net/mac/mac.h,1,différé,,,,,,,,,,,,,,,,,,,i:*,i:tauon-kernel-cortex-m3-debug,i:tauon-kernel-cortex-m3-debug,,,,,,,,,,,,,,,,,,,,,,,,,
src/kernel/net/uip2.5/net/mac/rdc.h,1,différé,,,,,,,,,,,,,,,,,,,i:*,i:tauon-kernel-cortex-m3-debug,i:tauon-kernel-cortex-m3-debug,,,,,,,,,,,,,,,,,,,,,,,,,
src/kernel/net/uip2.5/net/neighbor-attr.c,1,différé,,,,,,,,,,,,,,,,,,,*,tauon-kernel-cortex-m3-debug,tauon-kernel-cortex-m3-debug,,,,,,,,,,,,,,,,,,,,,,,,,
src/kernel/net/uip2.5/net/neighbor-attr.h,1,différé,,,,,,,,,,,,,,,,,,,*,tauon-kernel-cortex-m3-debug,tauon-kernel-cortex-m3-debug,,,,,,,,,,,,,,,,,,,,,,,,,
src/kernel/net/uip2.5/net/neighbor-info.c,1,différé,,,,,,,,,,,,,,,,,,,*,tauon-kernel-cortex-m3-debug,tauon-kernel-cortex-m3-debug,,,,,,,,,,,,,,,,,,,,,,,,,
src/kernel/net/uip2.5/net/neighbor-info.h,1,différé,,,,,,,,,,,,,,,,,,,*,tauon-kernel-cortex-m3-debug,tauon-kernel-cortex-m3-debug,,,,,,,,,,,,,,,,,,,,,,,,,
src/kernel/net/uip2.5/net/netstack.h,1,différé,,,,,,,,,,,,,,,,,,,*,tauon-kernel-cortex-m3-debug,tauon-kernel-cortex-m3-debug,,,,,,,,,,,,,,,,,,,,,,,,,
src/kernel/net/uip2.5/net/packetbuf.c,1,différé,,,,,,,,,,,,,,,,,,,*,tauon-kernel-cortex-m3-debug,tauon-kernel-cortex-m3-debug,,,,,,,,,,,,,,,,,,,,,,,,,
src/kernel/net/uip2.5/net/packetbuf.h,1,différé,,,,,,,,,,,,,,,,,,,*,tauon-kernel-cortex-m3-debug,tauon-kernel-cortex-m3-debug,,,,,,,,,,,,,,,,,,,,,,,,,
src/kernel/net/uip2.5/net/packetqueue.h,1,différé,,,,,,,,,,,,,,,,,,,*,tauon-kernel-cortex-m3-debug,tauon-kernel-cortex-m3-debug,,,,,,,,,,,,,,,,,,,,,,,,,
src/kernel/net/uip2.5/net/psock.h,1,différé,,,,,,,,,,,,,,,,,,,*,tauon-kernel-cortex-m3-debug,tauon-kernel-cortex-m3-debug,,,,,,,,,,,,,,,,,,,,,,,,,
src/kernel/net/uip2.5/net/queuebuf.c,1,différé,,,,,,,,,,,,,,,,,,,*,tauon-kernel-cortex-m3-debug,tauon-kernel-cortex-m3-debug,,,,,,,,,,,,,,,,,,,,,,,,,
src/kernel/net/uip2.5/net/queuebuf.h,1,différé,,,,,,,,,,,,,,,,,,,*,tauon-kernel-cortex-m3-debug,tauon-kernel-cortex-m3-debug,,,,,,,,,,,,,,,,,,,,,,,,,
src/kernel/net/uip2.5/net/rawpacket-udp.h,1,différé,,,,,,,,,,,,,,,,,,,*,tauon-kernel-cortex-m3-debug,tauon-kernel-cortex-m3-debug,,,,,,,,,,,,,,,,,,,,,,,,,
src/kernel/net/uip2.5/net/rawpacket.h,1,différé,,,,,,,,,,,,,,,,,,,*,tauon-kernel-cortex-m3-debug,tauon-kernel-cortex-m3-debug,,,,,,,,,,,,,,,,,,,,,,,,,
src/kernel/net/uip2.5/net/resolv.h,1,différé,,,,,,,,,,,,,,,,,,,*,tauon-kernel-cortex-m3-debug,tauon-kernel-cortex-m3-debug,,,,,,,,,,,,,,,,,,,,,,,,,
src/kernel/net/uip2.5/net/rime.h,1,différé,,,,,,,,,,,,,,,,,,,*,tauon-kernel-cortex-m3-debug,tauon-kernel-cortex-m3-debug,,,,,,,,,,,,,,,,,,,,,,,,,
src/kernel/net/uip2.5/net/rime/abc.h,1,différé,,,,,,,,,,,,,,,,,,,i:*,i:tauon-kernel-cortex-m3-debug,i:tauon-kernel-cortex-m3-debug,,,,,,,,,,,,,,,,,,,,,,,,,
src/kernel/net/uip2.5/net/rime/announcement.h,1,différé,,,,,,,,,,,,,,,,,,,i:*,i:tauon-kernel-cortex-m3-debug,i:tauon-kernel-cortex-m3-debug,,,,,,,,,,,,,,,,,,,,,,,,,
src/kernel/net/uip2.5/net/rime/broadcast.h,1,différé,,,,,,,,,,,,,,,,,,,i:*,i:tauon-kernel-cortex-m3-debug,i:tauon-kernel-cortex-m3-debug,,,,,,,,,,,,,,,,,,,,,,,,,
src/kernel/net/uip2.5/net/rime/chameleon.h,1,différé,,,,,,,,,,,,,,,,,,,i:*,i:tauon-kernel-cortex-m3-debug,i:tauon-kernel-cortex-m3-debug,,,,,,,,,,,,,,,,,,,,,,,,,
src/kernel/net/uip2.5/net/rime/channel.h,1,différé,,,,,,,,,,,,,,,,,,,i:*,i:tauon-kernel-cortex-m3-debug,i:tauon-kernel-cortex-m3-debug,,,,,,,,,,,,,,,,,,,,,,,,,
src/kernel/net/uip2.5/net/rime/collect-link-estimate.h,1,différé,,,,,,,,,,,,,,,,,,,i:*,i:tauon-kernel-cortex-m3-debug,i:tauon-kernel-cortex-m3-debug,,,,,,,,,,,,,,,,,,,,,,,,,
src/kernel/net/uip2.5/net/rime/collect-neighbor.h,1,différé,,,,,,,,,,,,,,,,,,,i:*,i:tauon-kernel-cortex-m3-debug,i:tauon-kernel-cortex-m3-debug,,,,,,,,,,,,,,,,,,,,,,,,,
src/kernel/net/uip2.5/net/rime/collect.h,1,différé,,,,,,,,,,,,,,,,,,,i:*,i:tauon-kernel-cortex-m3-debug,i:tauon-kernel-cortex-m3-debug,,,,,,,,,,,,,,,,,,,,,,,,,
src/kernel/net/uip2.5/net/rime/ipolite.h,1,différé,,,,,,,,,,,,,,,,,,,i:*,i:tauon-kernel-cortex-m3-debug,i:tauon-kernel-cortex-m3-debug,,,,,,,,,,,,,,,,,,,,,,,,,
src/kernel/net/uip2.5/net/rime/mesh.h,1,différé,,,,,,,,,,,,,,,,,,,i:*,i:tauon-kernel-cortex-m3-debug,i:tauon-kernel-cortex-m3-debug,,,,,,,,,,,,,,,,,,,,,,,,,
src/kernel/net/uip2.5/net/rime/multihop.h,1,différé,,,,,,,,,,,,,,,,,,,i:*,i:tauon-kernel-cortex-m3-debug,i:tauon-kernel-cortex-m3-debug,,,,,,,,,,,,,,,,,,,,,,,,,
src/kernel/net/uip2.5/net/rime/neighbor-discovery.h,1,différé,,,,,,,,,,,,,,,,,,,i:*,i:tauon-kernel-cortex-m3-debug,i:tauon-kernel-cortex-m3-debug,,,,,,,,,,,,,,,,,,,,,,,,,
src/kernel/net/uip2.5/net/rime/netflood.h,1,différé,,,,,,,,,,,,,,,,,,,i:*,i:tauon-kernel-cortex-m3-debug,i:tauon-kernel-cortex-m3-debug,,,,,,,,,,,,,,,,,,,,,,,,,
src/kernel/net/uip2.5/net/rime/polite-announcement.h,1,différé,,,,,,,,,,,,,,,,,,,i:*,i:tauon-kernel-cortex-m3-debug,i:tauon-kernel-cortex-m3-debug,,,,,,,,,,,,,,,,,,,,,,,,,
src/kernel/net/uip2.5/net/rime/polite.h,1,différé,,,,,,,,,,,,,,,,,,,i:*,i:tauon-kernel-cortex-m3-debug,i:tauon-kernel-cortex-m3-debug,,,,,,,,,,,,,,,,,,,,,,,,,
src/kernel/net/uip2.5/net/rime/rimeaddr.h,1,différé,,,,,,,,,,,,,,,,,,,i:*,i:tauon-kernel-cortex-m3-debug,i:tauon-kernel-cortex-m3-debug,,,,,,,,,,,,,,,,,,,,,,,,,
src/kernel/net/uip2.5/net/rime/rimestats.h,1,différé,,,,,,,,,,,,,,,,,,,i:*,i:tauon-kernel-cortex-m3-debug,i:tauon-kernel-cortex-m3-debug,,,,,,,,,,,,,,,,,,,,,,,,,
src/kernel/net/uip2.5/net/rime/rmh.h,1,différé,,,,,,,,,,,,,,,,,,,i:*,i:tauon-kernel-cortex-m3-debug,i:tauon-kernel-cortex-m3-debug,,,,,,,,,,,,,,,,,,,,,,,,,
src/kernel/net/uip2.5/net/rime/route-discovery.h,1,différé,,,,,,,,,,,,,,,,,,,i:*,i:tauon-kernel-cortex-m3-debug,i:tauon-kernel-cortex-m3-debug,,,,,,,,,,,,,,,,,,,,,,,,,
src/kernel/net/uip2.5/net/rime/route.h,1,différé,,,,,,,,,,,,,,,,,,,i:*,i:tauon-kernel-cortex-m3-debug,i:tauon-kernel-cortex-m3-debug,,,,,,,,,,,,,,,,,,,,,,,,,
src/kernel/net/uip2.5/net/rime/rucb.h,1,différé,,,,,,,,,,,,,,,,,,,i:*,i:tauon-kernel-cortex-m3-debug,i:tauon-kernel-cortex-m3-debug,,,,,,,,,,,,,,,,,,,,,,,,,
src/kernel/net/uip2.5/net/rime/runicast.h,1,différé,,,,,,,,,,,,,,,,,,,i:*,i:tauon-kernel-cortex-m3-debug,i:tauon-kernel-cortex-m3-debug,,,,,,,,,,,,,,,,,,,,,,,,,
src/kernel/net/uip2.5/net/rime/stunicast.h,1,différé,,,,,,,,,,,,,,,,,,,i:*,i:tauon-kernel-cortex-m3-debug,i:tauon-kernel-cortex-m3-debug,,,,,,,,,,,,,,,,,,,,,,,,,
src/kernel/net/uip2.5/net/rime/timesynch.h,1,différé,,,,,,,,,,,,,,,,,,,i:*,i:tauon-kernel-cortex-m3-debug,i:tauon-kernel-cortex-m3-debug,,,,,,,,,,,,,,,,,,,,,,,,,
src/kernel/net/uip2.5/net/rime/trickle.h,1,différé,,,,,,,,,,,,,,,,,,,i:*,i:tauon-kernel-cortex-m3-debug,i:tauon-kernel-cortex-m3-debug,,,,,,,,,,,,,,,,,,,,,,,,,
src/kernel/net/uip2.5/net/rime/unicast.h,1,différé,,,,,,,,,,,,,,,,,,,i:*,i:tauon-kernel-cortex-m3-debug,i:tauon-kernel-cortex-m3-debug,,,,,,,,,,,,,,,,,,,,,,,,,
src/kernel/net/uip2.5/net/sicslowpan.c,1,différé,,,,,,,,,,,,,,,,,,,*,tauon-kernel-cortex-m3-debug,tauon-kernel-cortex-m3-debug,,,,,,,,,,,,,,,,,,,,,,,,,
src/kernel/net/uip2.5/net/sicslowpan.h,1,différé,,,,,,,,,,,,,,,,,,,*,tauon-kernel-cortex-m3-debug,tauon-kernel-cortex-m3-debug,,,,,,,,,,,,,,,,,,,,,,,,,
src/kernel/net/uip2.5/net/simple-udp.h,1,différé,,,,,,,,,,,,,,,,,,,,tauon-kernel-cortex-m3-debug,tauon-kernel-cortex-m3-debug,,,,,,,,,,,,,,,,,,,,,,,,,
src/kernel/net/uip2.5/net/slipdev.h,1,différé,,,,,,,,,,,,,,,,,,,*,tauon-kernel-cortex-m3-debug,tauon-kernel-cortex-m3-debug,,,,,,,,,,,,,,,,,,,,,,,,,
src/kernel/net/uip2.5/net/tcpdump.h,1,différé,,,,,,,,,,,,,,,,,,,*,tauon-kernel-cortex-m3-debug,tauon-kernel-cortex-m3-debug,,,,,,,,,,,,,,,,,,,,,,,,,
src/kernel/net/uip2.5/net/tcpip.c,1,différé,,,,,,,,,,,,,,,,,,,*,tauon-kernel-cortex-m3-debug,tauon-kernel-cortex-m3-debug,,,,,,,,,,,,,,,,,,,,,,,,,
src/kernel/net/uip2.5/net/tcpip.h,1,différé,,,,,,,,,,,,,,,,,,,*,tauon-kernel-cortex-m3-debug i:lib-debug;tauon-kernel-arm926ejs-debug;tauon-kernel-arm926ejs-freertos-debug;tauon-kernel-cortex-m4-debug;tauon-kernel-cortex-m4f-freertos-debug,tauon-kernel-cortex-m3-debug i:lib-debug;tauon-kernel-arm926ejs-debug;tauon-kernel-arm926ejs-freertos-debug;tauon-kernel-cortex-m0+-freertos-debug;tauon-kernel-cortex-m4-debug;tauon-kernel-cortex-m4f-freertos-debug,i:lib-debug;tauon-kernel-arm926ejs-debug;tauon-kernel-arm926ejs-freertos-debug;tauon-kernel-cortex-m0+-freertos-debug;tauon-kernel-cortex-m3-debug;tauon-kernel-cortex-m4f-freertos-debug;tauon-kernel-cortex-m4m7-freertosv9-debug,i:lib-debug;tauon-kernel-arm926ejs-debug;tauon-kernel-arm926ejs-freertos-debug;tauon-kernel-cortex-m0+-freertos-debug;tauon-kernel-cortex-m3-debug;tauon-kernel-cortex-m4f-freertos-debug;tauon-kernel-cortex-m4m7-freertosv9-debug,i:lib-debug;tauon-kernel-arm926ejs-debug;tauon-kernel-arm926ejs-freertos-debug;tauon-kernel-cortex-m0+-freertos-debug;tauon-kernel-cortex-m3-debug;tauon-kernel-cortex-m4f-freertos-debug;tauon-kernel-cortex-m4m7-freertosv9-debug,,,,,,,,,,,,,,,,,,,,,,
src/kernel/net/uip2.5/net/uaodv-def.h,1,différé,,,,,,,,,,,,,,,,,,,*,tauon-kernel-cortex-m3-debug,tauon-kernel-cortex-m3-debug,,,,,,,,,,,,,,,,,,,,,,,,,
src/kernel/net/uip2.5/net/uaodv-rt.c,1,différé,,,,,,,,,,,,,,,,,,,*,tauon-kernel-cortex-m3-debug,tauon-kernel-cortex-m3-debug,,,,,,,,,,,,,,,,,,,,,,,,,
src/kernel/net/uip2.5/net/uaodv-rt.h,1,différé,,,,,,,,,,,,,,,,,,,*,tauon-kernel-cortex-m3-debug,tauon-kernel-cortex-m3-debug,,,,,,,,,,,,,,,,,,,,,,,,,
src/kernel/net/uip2.5/net/uaodv.h,1,différé,,,,,,,,,,,,,,,,,,,*,tauon-kernel-cortex-m3-debug,tauon-kernel-cortex-m3-debug,,,,,,,,,,,,,,,,,,,,,,,,,
src/kernel/net/uip2.5/net/uip-debug.c,1,différé,,,,,,,,,,,,,,,,,,,*,tauon-kernel-cortex-m3-debug,tauon-kernel-cortex-m3-debug,,,,,,,,,,,,,,,,,,,,,,,,,
src/kernel/net/uip2.5/net/uip-debug.h,1,différé,,,,,,,,,,,,,,,,,,,*,tauon-kernel-cortex-m3-debug,tauon-kernel-cortex-m3-debug,,,,,,,,,,,,,,,,,,,,,,,,,
src/kernel/net/uip2.5/net/uip-ds6.c,1,différé,,,,,,,,,,,,,,,,,,,*,tauon-kernel-cortex-m3-debug,tauon-kernel-cortex-m3-debug,,,,,,,,,,,,,,,,,,,,,,,,,
src/kernel/net/uip2.5/net/uip-ds6.h,1,actif,,,,,,,,,,,,,,,,,,i:*,*,tauon-kernel-cortex-m3-debug i:lib-debug;tauon-kernel-arm926ejs-debug;tauon-kernel-arm926ejs-freertos-debug;tauon-kernel-cortex-m4-debug;tauon-kernel-cortex-m4f-freertos-debug,tauon-kernel-cortex-m3-debug i:lib-debug;tauon-kernel-arm926ejs-debug;tauon-kernel-arm926ejs-freertos-debug;tauon-kernel-cortex-m0+-freertos-debug;tauon-kernel-cortex-m4-debug;tauon-kernel-cortex-m4f-freertos-debug,i:*,i:*,i:*,,,,,,,,,,,,,,,,,,,,,,
src/kernel/net/uip2.5/net/uip-fw-drv.h,1,différé,,,,,,,,,,,,,,,,,,,*,tauon-kernel-cortex-m3-debug,tauon-kernel-cortex-m3-debug,,,,,,,,,,,,,,,,,,,,,,,,,
src/kernel/net/uip2.5/net/uip-fw.c,1,différé,,,,,,,,,,,,,,,,,,,*,tauon-kernel-cortex-m3-debug,tauon-kernel-cortex-m3-debug,,,,,,,,,,,,,,,,,,,,,,,,,
src/kernel/net/uip2.5/net/uip-fw.h,1,différé,,,,,,,,,,,,,,,,,,,*,tauon-kernel-cortex-m3-debug,tauon-kernel-cortex-m3-debug,,,,,,,,,,,,,,,,,,,,,,,,,
src/kernel/net/uip2.5/net/uip-icmp6.c,1,différé,,,,,,,,,,,,,,,,,,,*,tauon-kernel-cortex-m3-debug,tauon-kernel-cortex-m3-debug,,,,,,,,,,,,,,,,,,,,,,,,,
src/kernel/net/uip2.5/net/uip-icmp6.h,1,différé,,,,,,,,,,,,,,,,,,,*,tauon-kernel-cortex-m3-debug,tauon-kernel-cortex-m3-debug,,,,,,,,,,,,,,,,,,,,,,,,,
src/kernel/net/uip2.5/net/uip-nd6.c,1,différé,,,,,,,,,,,,,,,,,,,*,tauon-kernel-cortex-m3-debug,tauon-kernel-cortex-m3-debug,,,,,,,,,,,,,,,,,,,,,,,,,
src/kernel/net/uip2.5/net/uip-nd6.h,1,différé,,,,,,,,,,,,,,,,,,,*,tauon-kernel-cortex-m3-debug,tauon-kernel-cortex-m3-debug,,,,,,,,,,,,,,,,,,,,,,,,,
src/kernel/net/uip2.5/net/uip-neighbor.c,1,différé,,,,,,,,,,,,,,,,,,,*,tauon-kernel-cortex-m3-debug,tauon-kernel-cortex-m3-debug,,,,,,,,,,,,,,,,,,,,,,,,,
src/kernel/net/uip2.5/net/uip-neighbor.h,1,différé,,,,,,,,,,,,,,,,,,,*,tauon-kernel-cortex-m3-debug,tauon-kernel-cortex-m3-debug,,,,,,,,,,,,,,,,,,,,,,,,,
src/kernel/net/uip2.5/net/uip-over-mesh.h,1,différé,,,,,,,,,,,,,,,,,,,*,tauon-kernel-cortex-m3-debug,tauon-kernel-cortex-m3-debug,,,,,,,,,,,,,,,,,,,,,,,,,
src/kernel/net/uip2.5/net/uip-packetqueue.h,1,différé,,,,,,,,,,,,,,,,,,,*,tauon-kernel-cortex-m3-debug i:lib-debug;tauon-kernel-arm926ejs-debug;tauon-kernel-arm926ejs-freertos-debug;tauon-kernel-cortex-m4-debug;tauon-kernel-cortex-m4f-freertos-debug,tauon-kernel-cortex-m3-debug i:lib-debug;tauon-kernel-arm926ejs-debug;tauon-kernel-arm926ejs-freertos-debug;tauon-kernel-cortex-m0+-freertos-debug;tauon-kernel-cortex-m4-debug;tauon-kernel-cortex-m4f-freertos-debug,i:lib-debug;tauon-kernel-arm926ejs-debug;tauon-kernel-arm926ejs-freertos-debug;tauon-kernel-cortex-m0+-freertos-debug;tauon-kernel-cortex-m3-debug;tauon-kernel-cortex-m4f-freertos-debug;tauon-kernel-cortex-m4m7-freertosv9-debug,i:lib-debug;tauon-kernel-arm926ejs-debug;tauon-kernel-arm926ejs-freertos-debug;tauon-kernel-cortex-m0+-freertos-debug;tauon-kernel-cortex-m3-debug;tauon-kernel-cortex-m4f-freertos-debug;tauon-kernel-cortex-m4m7-freertosv9-debug,i:lib-debug;tauon-kernel-arm926ejs-debug;tauon-kernel-arm926ejs-freertos-debug;tauon-kernel-cortex-m0+-freertos-debug;tauon-kernel-cortex-m3-debug;tauon-kernel-cortex-m4f-freertos-debug;tauon-kernel-cortex-m4m7-freertosv9-debug,,,,,,,,,,,,,,,,,,,,,,
src/kernel/net/uip2.5/net/uip-split.h,1,différé,,,,,,,,,,,,,,,,,,,*,tauon-kernel-cortex-m3-debug,tauon-kernel-cortex-m3-debug,,,,,,,,,,,,,,,,,,,,,,,,,
src/kernel/net/uip2.5/net/uip-udp-packet.c,1,différé,,,,,,,,,,,,,,,,,,,*,tauon-kernel-cortex-m3-debug,tauon-kernel-cortex-m3-debug,,,,,,,,,,,,,,,,,,,,,,,,,
src/kernel/net/uip2.5/net/uip-udp-packet.h,1,différé,,,,,,,,,,,,,,,,,,,*,tauon-kernel-cortex-m3-debug,tauon-kernel-cortex-m3-debug,,,,,,,,,,,,,,,,,,,,,,,,,
src/kernel/net/uip2.5/net/uip.c,1,différé,,,,,,,,,,,,,,,,,,,*,tauon-kernel-cortex-m3-debug,tauon-kernel-cortex-m3-debug,,,,,,,,,,,,,,,,,,,,,,,,,
src/kernel/net/uip2.5/net/uip.h,1,actif,,,,,,,,,,,,,,,,,,i:*,*,tauon-kernel-cortex-m3-debug i:lib-debug;tauon-kernel-arm926ejs-debug;tauon-kernel-arm926ejs-freertos-debug;tauon-kernel-cortex-m4-debug;tauon-kernel-cortex-m4f-freertos-debug,tauon-kernel-cortex-m3-debug i:lib-debug;tauon-kernel-arm926ejs-debug;tauon-kernel-arm926ejs-freertos-debug;tauon-kernel-cortex-m0+-freertos-debug;tauon-kernel-cortex-m4-debug;tauon-kernel-cortex-m4f-freertos-debug,i:*,i:*,i:*,,,,,,,,,,,,,,,,,,,,,,
src/kernel/net/uip2.5/net/uip6.c,1,différé,,,,,,,,,,,,,,,,,,,*,tauon-kernel-cortex-m3-debug,tauon-kernel-cortex-m3-debug,,,,,,,,,,,,,,,,,,,,,,,,,
src/kernel/net/uip2.5/net/uip_arch.h,1,actif,,,,,,,,,,,,,,,,,,i:*,*,tauon-kernel-cortex-m3-debug i:lib-debug;tauon-kernel-arm926ejs-debug;tauon-kernel-arm926ejs-freertos-debug;tauon-kernel-cortex-m4-debug;tauon-kernel-cortex-m4f-freertos-debug,tauon-kernel-cortex-m3-debug i:lib-debug;tauon-kernel-arm926ejs-debug;tauon-kernel-arm926ejs-freertos-debug;tauon-kernel-cortex-m0+-freertos-debug;tauon-kernel-cortex-m4-debug;tauon-kernel-cortex-m4f-freertos-debug,i:*,i:*,i:*,,,,,,,,,,,,,,,,,,,,,,
src/kernel/net/uip2.5/net/uip_arp.c,1,différé,,,,,,,,,,,,,,,,,,,*,tauon-kernel-cortex-m3-debug,tauon-kernel-cortex-m3-debug,,,,,,,,,,,,,,,,,,,,,,,,,
src/kernel/net/uip2.5/net/uip_arp.h,1,actif,,,,,,,,,,,,,,,,,,i:*,*,tauon-kernel-cortex-m3-debug i:lib-debug;tauon-kernel-arm926ejs-debug;tauon-kernel-arm926ejs-freertos-debug;tauon-kernel-cortex-m4-debug;tauon-kernel-cortex-m4f-freertos-debug,tauon-kernel-cortex-m3-debug i:lib-debug;tauon-kernel-arm926ejs-debug;tauon-kernel-arm926ejs-freertos-debug;tauon-kernel-cortex-m0+-freertos-debug;tauon-kernel-cortex-m4-debug;tauon-kernel-cortex-m4f-freertos-debug,i:*,i:*,i:*,,,,,,,,,,,,,,,,,,,,,,
src/kernel/net/uip2.5/net/uiplib.c,1,différé,,,,,,,,,,,,,,,,,,,*,tauon-kernel-cortex-m3-debug,tauon-kernel-cortex-m3-debug,,,,,,,,,,,,,,,,,,,,,,,,,
src/kernel/net/uip2.5/net/uiplib.h,1,différé,,,,,,,,,,,,,,,,,,,*,tauon-kernel-cortex-m3-debug,tauon-kernel-cortex-m3-debug,,,,,,,,,,,,,,,,,,,,,,,,,
src/kernel/net/uip2.5/net/uipopt.h,1,différé,,,,,,,,,,,,,,,,,,,*,tauon-kernel-cortex-m3-debug i:lib-debug;tauon-kernel-arm926ejs-debug;tauon-kernel-arm926ejs-freertos-debug;tauon-kernel-cortex-m4-debug;tauon-kernel-cortex-m4f-freertos-debug,tauon-kernel-cortex-m3-debug i:lib-debug;tauon-kernel-arm926ejs-debug;tauon-kernel-arm926ejs-freertos-debug;tauon-kernel-cortex-m0+-freertos-debug;tauon-kernel-cortex-m4-debug;tauon-kernel-cortex-m4f-freertos-debug,i:lib-debug;tauon-kernel-arm926ejs-debug;tauon-kernel-arm926ejs-freertos-debug;tauon-kernel-cortex-m0+-freertos-debug;tauon-kernel-cortex-m3-debug;tauon-kernel-cortex-m4f-freertos-debug;tauon-kernel-cortex-m4m7-freertosv9-debug,i:lib-debug;tauon-kernel-arm926ejs-debug;tauon-kernel-arm926ejs-freertos-debug;tauon-kernel-cortex-m0+-freertos-debug;tauon-kernel-cortex-m3-debug;tauon-kernel-cortex-m4f-freertos-debug;tauon-kernel-cortex-m4m7-freertosv9-debug,i:lib-debug;tauon-kernel-arm926ejs-debug;tauon-kernel-arm926ejs-freertos-debug;tauon-kernel-cortex-m0+-freertos-debug;tauon-kernel-cortex-m3-debug;tauon-kernel-cortex-m4f-freertos-debug;tauon-kernel-cortex-m4m7-freertosv9-debug,,,,,,,,,,,,,,,,,,,,,,
src/kernel/net/uip2.5/rtimer-arch.h,1,différé,,,,,,,,,,,,,,,,,,,*,tauon-kernel-cortex-m3-debug i:lib-debug;tauon-kernel-arm926ejs-debug;tauon-kernel-arm926ejs-freertos-debug;tauon-kernel-cortex-m4-debug;tauon-kernel-cortex-m4f-freertos-debug,tauon-kernel-cortex-m3-debug i:lib-debug;tauon-kernel-arm926ejs-debug;tauon-kernel-arm926ejs-freertos-debug;tauon-kernel-cortex-m0+-freertos-debug;tauon-kernel-cortex-m4-debug;tauon-kernel-cortex-m4f-freertos-debug,i:lib-debug;tauon-kernel-arm926ejs-debug;tauon-kernel-arm926ejs-freertos-debug;tauon-kernel-cortex-m0+-freertos-debug;tauon-kernel-cortex-m3-debug;tauon-kernel-cortex-m4f-freertos-debug;tauon-kernel-cortex-m4m7-freertosv9-debug,i:lib-debug;tauon-kernel-arm926ejs-debug;tauon-kernel-arm926ejs-freertos-debug;tauon-kernel-cortex-m0+-freertos-debug;tauon-kernel-cortex-m3-debug;tauon-kernel-cortex-m4f-freertos-debug;tauon-kernel-cortex-m4m7-freertosv9-debug,i:lib-debug;tauon-kernel-arm926ejs-debug;tauon-kernel-arm926ejs-freertos-debug;tauon-kernel-cortex-m0+-freertos-debug;tauon-kernel-cortex-m3-debug;tauon-kernel-cortex-m4f-freertos-debug;tauon-kernel-cortex-m4m7-freertosv9-debug,,,,,,,,,,,,,,,,,,,,,,
src/kernel/net/uip2.5/sys/cc.h,1,différé,,,,,,,,,,,,,,,,,,,*,tauon-kernel-cortex-m3-debug i:lib-debug;tauon-kernel-arm926ejs-debug;tauon-kernel-arm926ejs-freertos-debug;tauon-kernel-cortex-m4-debug;tauon-kernel-cortex-m4f-freertos-debug,tauon-kernel-cortex-m3-debug i:lib-debug;tauon-kernel-arm926ejs-debug;tauon-kernel-arm926ejs-freertos-debug;tauon-kernel-cortex-m0+-freertos-debug;tauon-kernel-cortex-m4-debug;tauon-kernel-cortex-m4f-freertos-debug,i:lib-debug;tauon-kernel-arm926ejs-debug;tauon-kernel-arm926ejs-freertos-debug;tauon-kernel-cortex-m0+-freertos-debug;tauon-kernel-cortex-m3-debug;tauon-kernel-cortex-m4f-freertos-debug;tauon-kernel-cortex-m4m7-freertosv9-debug,i:lib-debug;tauon-kernel-arm926ejs-debug;tauon-kernel-arm926ejs-freertos-debug;tauon-kernel-cortex-m0+-freertos-debug;tauon-kernel-cortex-m3-debug;tauon-kernel-cortex-m4f-freertos-debug;tauon-kernel-cortex-m4m7-freertosv9-debug,i:lib-debug;tauon-kernel-arm926ejs-debug;tauon-kernel-arm926ejs-freertos-debug;tauon-kernel-cortex-m0+-freertos-debug;tauon-kernel-cortex-m3-debug;tauon-kernel-cortex-m4f-freertos-debug;tauon-kernel-cortex-m4m7-freertosv9-debug,,,,,,,,,,,,,,,,,,,,,,
src/kernel/net/uip2.5/sys/clock.c,1,différé,,,,,,,,,,,,,,,,,,,*,tauon-kernel-cortex-m3-debug,tauon-kernel-cortex-m3-debug,,,,,,,,,,,,,,,,,,,,,,,,,
src/kernel/net/uip2.5/sys/clock.h,1,différé,,,,,,,,,,,,,,,,,,,*,tauon-kernel-cortex-m3-debug i:lib-debug;tauon-kernel-arm926ejs-debug;tauon-kernel-arm926ejs-freertos-debug;tauon-kernel-cortex-m4-debug;tauon-kernel-cortex-m4f-freertos-debug,tauon-kernel-cortex-m3-debug i:lib-debug;tauon-kernel-arm926ejs-debug;tauon-kernel-arm926ejs-freertos-debug;tauon-kernel-cortex-m0+-freertos-debug;tauon-kernel-cortex-m4-debug;tauon-kernel-cortex-m4f-freertos-debug,i:lib-debug;tauon-kernel-arm926ejs-debug;tauon-kernel-arm926ejs-freertos-debug;tauon-kernel-cortex-m0+-freertos-debug;tauon-kernel-cortex-m3-debug;tauon-kernel-cortex-m4f-freertos-debug;tauon-kernel-cortex-m4m7-freertosv9-debug,i:lib-debug;tauon-kernel-arm926ejs-debug;tauon-kernel-arm926ejs-freertos-debug;tauon-kernel-cortex-m0+-freertos-debug;tauon-kernel-cortex-m3-debug;tauon-kernel-cortex-m4f-freertos-debug;tauon-kernel-cortex-m4m7-freertosv9-debug,i:lib-debug;tauon-kernel-arm926ejs-debug;tauon-kernel-arm926ejs-freertos-debug;tauon-kernel-cortex-m0+-freertos-debug;tauon-kernel-cortex-m3-debug;tauon-kernel-cortex-m4f-freertos-debug;tauon-kernel-cortex-m4m7-freertosv9-debug,,,,,,,,,,,,,,,,,,,,,,
src/kernel/net/uip2.5/sys/ctimer.h,1,différé,,,,,,,,,,,,,,,,,,,*,tauon-kernel-cortex-m3-debug i:lib-debug;tauon-kernel-arm926ejs-debug;tauon-kernel-arm926ejs-freertos-debug;tauon-kernel-cortex-m4-debug;tauon-kernel-cortex-m4f-freertos-debug,tauon-kernel-cortex-m3-debug i:lib-debug;tauon-kernel-arm926ejs-debug;tauon-kernel-arm926ejs-freertos-debug;tauon-kernel-cortex-m0+-freertos-debug;tauon-kernel-cortex-m4-debug;tauon-kernel-cortex-m4f-freertos-debug,i:lib-debug;tauon-kernel-arm926ejs-debug;tauon-kernel-arm926ejs-freertos-debug;tauon-kernel-cortex-m0+-freertos-debug;tauon-kernel-cortex-m3-debug;tauon-kernel-cortex-m4f-freertos-debug;tauon-kernel-cortex-m4m7-freertosv9-debug,i:lib-debug;tauon-kernel-arm926ejs-debug;tauon-kernel-arm926ejs-freertos-debug;tauon-kernel-cortex-m0+-freertos-debug;tauon-kernel-cortex-m3-debug;tauon-kernel-cortex-m4f-freertos-debug;tauon-kernel-cortex-m4m7-freertosv9-debug,i:lib-debug;tauon-kernel-arm926ejs-debug;tauon-kernel-arm926ejs-freertos-debug;tauon-kernel-cortex-m0+-freertos-debug;tauon-kernel-cortex-m3-debug;tauon-kernel-cortex-m4f-freertos-debug;tauon-kernel-cortex-m4m7-freertosv9-debug,,,,,,,,,,,,,,,,,,,,,,
src/kernel/net/uip2.5/sys/etimer.c,1,différé,,,,,,,,,,,,,,,,,,,*,tauon-kernel-cortex-m3-debug,tauon-kernel-cortex-m3-debug,,,,,,,,,,,,,,,,,,,,,,,,,
src/kernel/net/uip2.5/sys/etimer.h,1,différé,,,,,,,,,,,,,,,,,,,*,tauon-kernel-cortex-m3-debug i:lib-debug;tauon-kernel-arm926ejs-debug;tauon-kernel-arm926ejs-freertos-debug;tauon-kernel-cortex-m4-debug;tauon-kernel-cortex-m4f-freertos-debug,tauon-kernel-cortex-m3-debug i:lib-debug;tauon-kernel-arm926ejs-debug;tauon-kernel-arm926ejs-freertos-debug;tauon-kernel-cortex-m0+-freertos-debug;tauon-kernel-cortex-m4-debug;tauon-kernel-cortex-m4f-freertos-debug,i:lib-debug;tauon-kernel-arm926ejs-debug;tauon-kernel-arm926ejs-freertos-debug;tauon-kernel-cortex-m0+-freertos-debug;tauon-kernel-cortex-m3-debug;tauon-kernel-cortex-m4f-freertos-debug;tauon-kernel-cortex-m4m7-freertosv9-debug,i:lib-debug;tauon-kernel-arm926ejs-debug;tauon-kernel-arm926ejs-freertos-debug;tauon-kernel-cortex-m0+-freertos-debug;tauon-kernel-cortex-m3-debug;tauon-kernel-cortex-m4f-freertos-debug;tauon-kernel-cortex-m4m7-freertosv9-debug,i:lib-debug;tauon-kernel-arm926ejs-debug;tauon-kernel-arm926ejs-freertos-debug;tauon-kernel-cortex-m0+-freertos-debug;tauon-kernel-cortex-m3-debug;tauon-kernel-cortex-m4f-freertos-debug;tauon-kernel-cortex-m4m7-freertosv9-debug,,,,,,,,,,,,,,,,,,,,,,
src/kernel/net/uip2.5/sys/lc-addrlabels.h,1,différé,,,,,,,,,,,,,,,,,,,*,tauon-kernel-cortex-m3-debug,tauon-kernel-cortex-m3-debug,,,,,,,,,,,,,,,,,,,,,,,,,
src/kernel/net/uip2.5/sys/lc-switch.h,1,différé,,,,,,,,,,,,,,,,,,,*,tauon-kernel-cortex-m3-debug i:lib-debug;tauon-kernel-arm926ejs-debug;tauon-kernel-arm926ejs-freertos-debug;tauon-kernel-cortex-m4-debug;tauon-kernel-cortex-m4f-freertos-debug,tauon-kernel-cortex-m3-debug i:lib-debug;tauon-kernel-arm926ejs-debug;tauon-kernel-arm926ejs-freertos-debug;tauon-kernel-cortex-m0+-freertos-debug;tauon-kernel-cortex-m4-debug;tauon-kernel-cortex-m4f-freertos-debug,i:lib-debug;tauon-kernel-arm926ejs-debug;tauon-kernel-arm926ejs-freertos-debug;tauon-kernel-cortex-m0+-freertos-debug;tauon-kernel-cortex-m3-debug;tauon-kernel-cortex-m4f-freertos-debug;tauon-kernel-cortex-m4m7-freertosv9-debug,i:lib-debug;tauon-kernel-arm926ejs-debug;tauon-kernel-arm926ejs-freertos-debug;tauon-kernel-cortex-m0+-freertos-debug;tauon-kernel-cortex-m3-debug;tauon-kernel-cortex-m4f-freertos-debug;tauon-kernel-cortex-m4m7-freertosv9-debug,i:lib-debug;tauon-kernel-arm926ejs-debug;tauon-kernel-arm926ejs-freertos-debug;tauon-kernel-cortex-m0+-freertos-debug;tauon-kernel-cortex-m3-debug;tauon-kernel-cortex-m4f-freertos-debug;tauon-kernel-cortex-m4m7-freertosv9-debug,,,,,,,,,,,,,,,,,,,,,,
src/kernel/net/uip2.5/sys/lc.h,1,différé,,,,,,,,,,,,,,,,,,,*,tauon-kernel-cortex-m3-debug i:lib-debug;tauon-kernel-arm926ejs-debug;tauon-kernel-arm926ejs-freertos-debug;tauon-kernel-cortex-m4-debug;tauon-kernel-cortex-m4f-freertos-debug,tauon-kernel-cortex-m3-debug i:lib-debug;tauon-kernel-arm926ejs-debug;tauon-kernel-arm926ejs-freertos-debug;tauon-kernel-cortex-m0+-freertos-debug;tauon-kernel-cortex-m4-debug;tauon-kernel-cortex-m4f-freertos-debug,i:lib-debug;tauon-kernel-arm926ejs-debug;tauon-kernel-arm926ejs-freertos-debug;tauon-kernel-cortex-m0+-freertos-debug;tauon-kernel-cortex-m3-debug;tauon-kernel-cortex-m4f-freertos-debug;tauon-kernel-cortex-m4m7-freertosv9-debug,i:lib-debug;tauon-kernel-arm926ejs-debug;tauon-kernel-arm926ejs-freertos-debug;tauon-kernel-cortex-m0+-freertos-debug;tauon-kernel-cortex-m3-debug;tauon-kernel-cortex-m4f-freertos-debug;tauon-kernel-cortex-m4m7-freertosv9-debug,i:lib-debug;tauon-kernel-arm926ejs-debug;tauon-kernel-arm926ejs-freertos-debug;tauon-kernel-cortex-m0+-freertos-debug;tauon-kernel-cortex-m3-debug;tauon-kernel-cortex-m4f-freertos-debug;tauon-kernel-cortex-m4m7-freertosv9-debug,,,,,,,,,,,,,,,,,,,,,,
src/kernel/net/uip2.5/sys/process.h,1,différé,,,,,,,,,,,,,,,,,,,*,tauon-kernel-cortex-m3-debug i:lib-debug;tauon-kernel-arm926ejs-debug;tauon-kernel-arm926ejs-freertos-debug;tauon-kernel-cortex-m4-debug;tauon-kernel-cortex-m4f-freertos-debug,tauon-kernel-cortex-m3-debug i:lib-debug;tauon-kernel-arm926ejs-debug;tauon-kernel-arm926ejs-freertos-debug;tauon-kernel-cortex-m0+-freertos-debug;tauon-kernel-cortex-m4-debug;tauon-kernel-cortex-m4f-freertos-debug,i:lib-debug;tauon-kernel-arm926ejs-debug;tauon-kernel-arm926ejs-freertos-debug;tauon-kernel-cortex-m0+-freertos-debug;tauon-kernel-cortex-m3-debug;tauon-kernel-cortex-m4f-freertos-debug;tauon-kernel-cortex-m4m7-freertosv9-debug,i:lib-debug;tauon-kernel-arm926ejs-debug;tauon-kernel-arm926ejs-freertos-debug;tauon-kernel-cortex-m0+-freertos-debug;tauon-kernel-cortex-m3-debug;tauon-kernel-cortex-m4f-freertos-debug;tauon-kernel-cortex-m4m7-freertosv9-debug,i:lib-debug;tauon-kernel-arm926ejs-debug;tauon-kernel-arm926ejs-freertos-debug;tauon-kernel-cortex-m0+-freertos-debug;tauon-kernel-cortex-m3-debug;tauon-kernel-cortex-m4f-freertos-debug;tauon-kernel-cortex-m4m7-freertosv9-debug,,,,,,,,,,,,,,,,,,,,,,
src/kernel/net/uip2.5/sys/pt.h,1,différé,,,,,,,,,,,,,,,,,,,*,tauon-kernel-cortex-m3-debug i:lib-debug;tauon-kernel-arm926ejs-debug;tauon-kernel-arm926ejs-freertos-debug;tauon-kernel-cortex-m4-debug;tauon-kernel-cortex-m4f-freertos-debug,tauon-kernel-cortex-m3-debug i:lib-debug;tauon-kernel-arm926ejs-debug;tauon-kernel-arm926ejs-freertos-debug;tauon-kernel-cortex-m0+-freertos-debug;tauon-kernel-cortex-m4-debug;tauon-kernel-cortex-m4f-freertos-debug,i:lib-debug;tauon-kernel-arm926ejs-debug;tauon-kernel-arm926ejs-freertos-debug;tauon-kernel-cortex-m0+-freertos-debug;tauon-kernel-cortex-m3-debug;tauon-kernel-cortex-m4f-freertos-debug;tauon-kernel-cortex-m4m7-freertosv9-debug,i:lib-debug;tauon-kernel-arm926ejs-debug;tauon-kernel-arm926ejs-freertos-debug;tauon-kernel-cortex-m0+-freertos-debug;tauon-kernel-cortex-m3-debug;tauon-kernel-cortex-m4f-freertos-debug;tauon-kernel-cortex-m4m7-freertosv9-debug,i:lib-debug;tauon-kernel-arm926ejs-debug;tauon-kernel-arm926ejs-freertos-debug;tauon-kernel-cortex-m0+-freertos-debug;tauon-kernel-cortex-m3-debug;tauon-kernel-cortex-m4f-freertos-debug;tauon-kernel-cortex-m4m7-freertosv9-debug,,,,,,,,,,,,,,,,,,,,,,
src/kernel/net/uip2.5/sys/rtimer.c,1,différé,,,,,,,,,,,,,,,,,,,*,tauon-kernel-cortex-m3-debug,tauon-kernel-cortex-m3-debug,,,,,,,,,,,,,,,,,,,,,,,,,
src/kernel/net/uip2.5/sys/rtimer.h,1,différé,,,,,,,,,,,,,,,,,,,*,tauon-kernel-cortex-m3-debug i:lib-debug;tauon-kernel-arm926ejs-debug;tauon-kernel-arm926ejs-freertos-debug;tauon-kernel-cortex-m4-debug;tauon-kernel-cortex-m4f-freertos-debug,tauon-kernel-cortex-m3-debug i:lib-debug;tauon-kernel-arm926ejs-debug;tauon-kernel-arm926ejs-freertos-debug;tauon-kernel-cortex-m0+-freertos-debug;tauon-kernel-cortex-m4-debug;tauon-kernel-cortex-m4f-freertos-debug,i:lib-debug;tauon-kernel-arm926ejs-debug;tauon-kernel-arm926ejs-freertos-debug;tauon-kernel-cortex-m0+-freertos-debug;tauon-kernel-cortex-m3-debug;tauon-kernel-cortex-m4f-freertos-debug;tauon-kernel-cortex-m4m7-freertosv9-debug,i:lib-debug;tauon-kernel-arm926ejs-debug;tauon-kernel-arm926ejs-freertos-debug;tauon-kernel-cortex-m0+-freertos-debug;tauon-kernel-cortex-m3-debug;tauon-kernel-cortex-m4f-freertos-debug;tauon-kernel-cortex-m4m7-freertosv9-debug,i:lib-debug;tauon-kernel-arm926ejs-debug;tauon-kernel-arm926ejs-freertos-debug;tauon-kernel-cortex-m0+-freertos-debug;tauon-kernel-cortex-m3-debug;tauon-kernel-cortex-m4f-freertos-debug;tauon-kernel-cortex-m4m7-freertosv9-debug,,,,,,,,,,,,,,,,,,,,,,
src/kernel/net/uip2.5/sys/stimer.c,1,différé,,,,,,,,,,,,,,,,,,,*,tauon-kernel-cortex-m3-debug,tauon-kernel-cortex-m3-debug,,,,,,,,,,,,,,,,,,,,,,,,,
src/kernel/net/uip2.5/sys/stimer.h,1,différé,,,,,,,,,,,,,,,,,,,*,tauon-kernel-cortex-m3-debug i:lib-debug;tauon-kernel-arm926ejs-debug;tauon-kernel-arm926ejs-freertos-debug;tauon-kernel-cortex-m4-debug;tauon-kernel-cortex-m4f-freertos-debug,tauon-kernel-cortex-m3-debug i:lib-debug;tauon-kernel-arm926ejs-debug;tauon-kernel-arm926ejs-freertos-debug;tauon-kernel-cortex-m0+-freertos-debug;tauon-kernel-cortex-m4-debug;tauon-kernel-cortex-m4f-freertos-debug,i:lib-debug;tauon-kernel-arm926ejs-debug;tauon-kernel-arm926ejs-freertos-debug;tauon-kernel-cortex-m0+-freertos-debug;tauon-kernel-cortex-m3-debug;tauon-kernel-cortex-m4f-freertos-debug;tauon-kernel-cortex-m4m7-freertosv9-debug,i:lib-debug;tauon-kernel-arm926ejs-debug;tauon-kernel-arm926ejs-freertos-debug;tauon-kernel-cortex-m0+-freertos-debug;tauon-kernel-cortex-m3-debug;tauon-kernel-cortex-m4f-freertos-debug;tauon-kernel-cortex-m4m7-freertosv9-debug,i:lib-debug;tauon-kernel-arm926ejs-debug;tauon-kernel-arm926ejs-freertos-debug;tauon-kernel-cortex-m0+-freertos-debug;tauon-kernel-cortex-m3-debug;tauon-kernel-cortex-m4f-freertos-debug;tauon-kernel-cortex-m4m7-freertosv9-debug,,,,,,,,,,,,,,,,,,,,,,
src/kernel/net/uip2.5/sys/timer.h,1,différé,,,,,,,,,,,,,,,,,,,*,tauon-kernel-cortex-m3-debug i:lib-debug;tauon-kernel-arm926ejs-debug;tauon-kernel-arm926ejs-freertos-debug;tauon-kernel-cortex-m4-debug;tauon-kernel-cortex-m4f-freertos-debug,tauon-kernel-cortex-m3-debug i:lib-debug;tauon-kernel-arm926ejs-debug;tauon-kernel-arm926ejs-freertos-debug;tauon-kernel-cortex-m0+-freertos-debug;tauon-kernel-cortex-m4-debug;tauon-kernel-cortex-m4f-freertos-debug,i:lib-debug;tauon-kernel-arm926ejs-debug;tauon-kernel-arm926ejs-freertos-debug;tauon-kernel-cortex-m0+-freertos-debug;tauon-kernel-cortex-m3-debug;tauon-kernel-cortex-m4f-freertos-debug;tauon-kernel-cortex-m4m7-freertosv9-debug,i:lib-debug;tauon-kernel-arm926ejs-debug;tauon-kernel-arm926ejs-freertos-debug;tauon-kernel-cortex-m0+-freertos-debug;tauon-kernel-cortex-m3-debug;tauon-kernel-cortex-m4f-freertos-debug;tauon-kernel-cortex-m4m7-freertosv9-debug,i:lib-debug;tauon-kernel-arm926ejs-debug;tauon-kernel-arm926ejs-freertos-debug;tauon-kernel-cortex-m0+-freertos-debug;tauon-kernel-cortex-m3-debug;tauon-kernel-cortex-m4f-freertos-debug;tauon-kernel-cortex-m4m7-freertosv9-debug,,,,,,,,,,,,,,,,,,,,,,
src/kernel/net/uip2.5/sys/timer_ip.c,1,différé,,,,,,,,,,,,,,,,,,,*,tauon-kernel-cortex-m3-debug,tauon-kernel-cortex-m3-debug,,,,,,,,,,,,,,,,,,,,,,,,,
src/kernel/usb/stm32f4-usb-core/core/usb_device.c,1,différé,,,,,,,,,,,,,,,*,*,*,,,,,,,,,,,,,,,,,,,,,,,,,,,,,
src/kernel/usb/stm32f4-usb-core/core/usb_device.h,1,différé,,,,,,,,,,,,,,,*,*,*,,,,,,,,,,,,,,,,,,,,,,,,,,,,,
src/kernel/usb/stm32f4-usb-core/core/usbd_audio_if.c,1,différé,,,,,,,,,,,,,,,*,*,*,,,,,,,,,,,,,,,,,,,,,,,,,,,,,
src/kernel/usb/stm32f4-usb-core/core/usbd_audio_if.h,1,différé,,,,,,,,,,,,,,,*,*,*,,,,,,,,,,,,,,,,,,,,,,,,,,,,,
src/kernel/usb/stm32f4-usb-core/core/usbd_conf.c,1,différé,,,,,,,,,,,,,,,*,*,*,,,,,,,,,,,,,,,,,,,,,,,,,,,,,
src/kernel/usb/stm32f4-usb-core/core/usbd_conf.h,1,différé,,,,,,,,,,,,,,,*,*,*,,,,,,,,,,,,,,,,,,,,,,,,,,,,,
src/kernel/usb/stm32f4-usb-core/core/usbd_desc.c,1,différé,,,,,,,,,,,,,,,*,*,*,,,,,,,,,,,,,,,,,,,,,,,,,,,,,
src/kernel/usb/stm32f4-usb-core/core/usbd_desc.h,1,différé,,,,,,,,,,,,,,,*,*,*,,,,,,,,,,,,,,,,,,,,,,,,,,,,,
src/kernel/usb/stm32f4-usb-core/core/usbd_storage_if.c,1,différé,,,,,,,,,,,,,,,,*,*,,,,,,,,,,,,,,,,,,,,,,,,,,,,,
src/kernel/usb/stm32f4-usb-core/core/usbd_storage_if.h,1,différé,,,,,,,,,,,,,,,,*,*,,,,,,,,,,,,,,,,,,,,,,,,,,,,,
src/kernel/usb/stm32f4-usb-core/stm32_usb_device_library/Class/AUDIO/Inc/usbd_audio.h,1,différé,,,,,,,,,,,,,,,*,*,*,,,,,,,,,,,,,,,,,,,,,,,,,,,,,
src/kernel/usb/stm32f4-usb-core/stm32_usb_device_library/Class/AUDIO/Inc/usbd_audio_core.h,1,différé,,,,,,,,,,,,,,,*,*,*,,,,,,,,,,,,,,,,,,,,,,,,,,,,,
src/kernel/usb/stm32f4-usb-core/stm32_usb_device_library/Class/AUDIO/Inc/usbd_audio_if_template.h,1,différé,,,,,,,,,,,,,,,*,*,*,,,,,,,,,,,,,,,,,,,,,,,,,,,,,
src/kernel/usb/stm32f4-usb-core/stm32_usb_device_library/Class/AUDIO/Src/usbd_audio-donotdiffused.c,0,,,,,,,,,,,,,,,,Release,Release,Release,,,,,,,,,,,,,,,,,,,,,,,,,,,,,
src/kernel/usb/stm32f4-usb-core/stm32_usb_device_library/Class/AUDIO/Src/usbd_audio.c,1,différé,,,,,,,,,,,,,,,*,*,*,,,,,,,,,,,,,,,,,,,,,,,,,,,,,
src/kernel/usb/stm32f4-usb-core/stm32_usb_device_library/Class/AUDIO/Src/usbd_audio_core.c,1,différé,,,,,,,,,,,,,,,Release,Release,Release,,,,,,,,,,,,,,,,,,,,,,,,,,,,,
src/kernel/usb/stm32f4-usb-core/stm32_usb_device_library/Class/AUDIO/Src/usbd_audio_if_template.c,1,différé,,,,,,,,,,,,,,,*,*,*,,,,,,,,,,,,,,,,,,,,,,,,,,,,,
src/kernel/usb/stm32f4-usb-core/stm32_usb_device_library/Class/MSC/Inc/usbd_msc.h,1,différé,,,,,,,,,,,,,,,,*,*,,,,,,,,,,,,,,,,,,,,,,,,,,,,,
src/kernel/usb/stm32f4-usb-core/stm32_usb_device_library/Class/MSC/Inc/usbd_msc_bot.h,1,différé,,,,,,,,,,,,,,,,*,*,,,,,,,,,,,,,,,,,,,,,,,,,,,,,
src/kernel/usb/stm32f4-usb-core/stm32_usb_device_library/Class/MSC/Inc/usbd_msc_data.h,1,différé,,,,,,,,,,,,,,,,*,*,,,,,,,,,,,,,,,,,,,,,,,,,,,,,
src/kernel/usb/stm32f4-usb-core/stm32_usb_device_library/Class/MSC/Inc/usbd_msc_scsi.h,1,différé,,,,,,,,,,,,,,,,*,*,,,,,,,,,,,,,,,,,,,,,,,,,,,,,
src/kernel/usb/stm32f4-usb-core/stm32_usb_device_library/Class/MSC/Src/usbd_msc.c,1,différé,,,,,,,,,,,,,,,,*,*,,,,,,,,,,,,,,,,,,,,,,,,,,,,,
src/kernel/usb/stm32f4-usb-core/stm32_usb_device_library/Class/MSC/Src/usbd_msc_bot.c,1,différé,,,,,,,,,,,,,,,,*,*,,,,,,,,,,,,,,,,,,,,,,,,,,,,,
src/kernel/usb/stm32f4-usb-core/stm32_usb_device_library/Class/MSC/Src/usbd_msc_data.c,1,différé,,,,,,,,,,,,,,,,*,*,,,,,,,,,,,,,,,,,,,,,,,,,,,,,
src/kernel/usb/stm32f4-usb-core/stm32_usb_device_library/Class/MSC/Src/usbd_msc_scsi.c,1,différé,,,,,,,,,,,,,,,,*,*,,,,,,,,,,,,,,,,,,,,,,,,,,,,,
src/kernel/usb/stm32f4-usb-core/stm32_usb_device_library/Core/Inc/usbd_core.h,1,différé,,,,,,,,,,,,,,,*,*,*,,,,,,,,,,,,,,,,,,,,,,,,,,,,,
src/kernel/usb/stm32f4-usb-core/stm32_usb_device_library/Core/Inc/usbd_ctlreq.h,1,différé,,,,,,,,,,,,,,,*,*,*,,,,,,,,,,,,,,,,,,,,,,,,,,,,,
src/kernel/usb/stm32f4-usb-core/stm32_usb_device_library/Core/Inc/usbd_def.h,1,différé,,,,,,,,,,,,,,,*,*,*,,,,,,,,,,,,,,,,,,,,,,,,,,,,,
src/kernel/usb/stm32f4-usb-core/stm32_usb_device_library/Core/Inc/usbd_ioreq.h,1,différé,,,,,,,,,,,,,,,*,*,*,,,,,,,,,,,,,,,,,,,,,,,,,,,,,
src/kernel/usb/stm32f4-usb-core/stm32_usb_device_library/Core/Src/usbd_core.c,1,différé,,,,,,,,,,,,,,,*,*,*,,,,,,,,,,,,,,,,,,,,,,,,,,,,,
src/kernel/usb/stm32f4-usb-core/stm32_usb_device_library/Core/Src/usbd_ctlreq.c,1,différé,,,,,,,,,,,,,,,*,*,*,,,,,,,,,,,,,,,,,,,,,,,,,,,,,
src/kernel/usb/stm32f4-usb-core/stm32_usb_device_library/Core/Src/usbd_ioreq.c,1,différé,,,,,,,,,,,,,,,*,*,*,,,,,,,,,,,,,,,,,,,,,,,,,,,,,
src/lib/lib-nxpnfc/NfcLibrary/NdefLibrary/inc/P2P_NDEF.h,1,différé,,,,,,,,,,,,,,,,,,,,,,,,,,,,,,,,,,*,,,,,,,,,,,,
src/lib/lib-nxpnfc/NfcLibrary/NdefLibrary/inc/RW_NDEF.h,1,différé,,,,,,,,,,,,,,,,,,,,,,,,,,,,,,,,,,*,,,,,,,,,,,,
src/lib/lib-nxpnfc/NfcLibrary/NdefLibrary/inc/RW_NDEF_T1T.h,1,différé,,,,,,,,,,,,,,,,,,,,,,,,,,,,,,,,,,*,,,,,,,,,,,,
src/lib/lib-nxpnfc/NfcLibrary/NdefLibrary/inc/RW_NDEF_T2T.h,1,différé,,,,,,,,,,,,,,,,,,,,,,,,,,,,,,,,,,*,,,,,,,,,,,,
src/lib/lib-nxpnfc/NfcLibrary/NdefLibrary/inc/RW_NDEF_T3T.h,1,différé,,,,,,,,,,,,,,,,,,,,,,,,,,,,,,,,,,*,,,,,,,,,,,,
src/lib/lib-nxpnfc/NfcLibrary/NdefLibrary/inc/RW_NDEF_T4T.h,1,différé,,,,,,,,,,,,,,,,,,,,,,,,,,,,,,,,,,*,,,,,,,,,,,,
src/lib/lib-nxpnfc/NfcLibrary/NdefLibrary/inc/T4T_NDEF_emu.h,1,différé,,,,,,,,,,,,,,,,,,,,,,,,,,,,,,,,,,*,,,,,,,,,,,,
src/lib/lib-nxpnfc/NfcLibrary/NdefLibrary/src/P2P_NDEF.c,1,différé,,,,,,,,,,,,,,,,,,,,,,,,,,,,,,,,,,*,,,,,,,,,,,,
src/lib/lib-nxpnfc/NfcLibrary/NdefLibrary/src/RW_NDEF.c,1,différé,,,,,,,,,,,,,,,,,,,,,,,,,,,,,,,,,,*,,,,,,,,,,,,
src/lib/lib-nxpnfc/NfcLibrary/NdefLibrary/src/RW_NDEF_T1T.c,1,différé,,,,,,,,,,,,,,,,,,,,,,,,,,,,,,,,,,*,,,,,,,,,,,,
src/lib/lib-nxpnfc/NfcLibrary/NdefLibrary/src/RW_NDEF_T2T.c,1,différé,,,,,,,,,,,,,,,,,,,,,,,,,,,,,,,,,,*,,,,,,,,,,,,
src/lib/lib-nxpnfc/NfcLibrary/NdefLibrary/src/RW_NDEF_T3T.c,1,différé,,,,,,,,,,,,,,,,,,,,,,,,,,,,,,,,,,*,,,,,,,,,,,,
src/lib/lib-nxpnfc/NfcLibrary/NdefLibrary/src/RW_NDEF_T4T.c,1,différé,,,,,,,,,,,,,,,,,,,,,,,,,,,,,,,,,,*,,,,,,,,,,,,
src/lib/lib-nxpnfc/NfcLibrary/NdefLibrary/src/T4T_NDEF_emu.c,1,différé,,,,,,,,,,,,,,,,,,,,,,,,,,,,,,,,,,*,,,,,,,,,,,,
src/lib/lib-nxpnfc/NfcLibrary/NxpNci/inc/NxpNci.h,1,différé,,,,,,,,,,,,,,,,,,,,,,,,,,,,,,,,,,*,,,,,,,,,,,,
src/lib/lib-nxpnfc/NfcLibrary/NxpNci/src/NxpNci.c,1,différé,,,,,,,,,,,,,,,,,,,,,,,,,,,,,,,,,,*,,,,,,,,,,,,
src/lib/lib-nxpnfc/NfcLibrary/inc/Nfc.h,1,différé,,,,,,,,,,,,,,,,,,,,,,,,,,,,,,,,,,*,,,,,,,,,,,,
src/lib/lib-nxpnfc/NfcLibrary/inc/Nfc_settings.h,1,différé,,,,,,,,,,,,,,,,,,,,,,,,,,,,,,,,,,*,,,,,,,,,,,,
src/lib/lib-nxpnfc/ndef_helper.c,1,différé,,,,,,,,,,,,,,,,,,,,,,,,,,,,,,,,,,*,,,,,,,,,,,,
src/lib/lib-nxpnfc/ndef_helper.h,1,différé,,,,,,,,,,,,,,,,,,,,,,,,,,,,,,,,,,*,,,,,,,,,,,,
src/lib/lib-nxpnfc/tml/tml.c,1,différé,,,,,,,,,,,,,,,,,,,,,,,,,,,,,,,,,,*,,,,,,,,,,,,
src/lib/lib-nxpnfc/tml/tml.h,1,différé,,,,,,,,,,,,,,,,,,,,,,,,,,,,,,,,,,*,,,,,,,,,,,,
src/lib/lib-nxpnfc/tool/tool.c,1,différé,,,,,,,,,,,,,,,,,,,,,,,,,,,,,,,,,,*,,,,,,,,,,,,
src/lib/lib-nxpnfc/tool/tool.h,1,différé,,,,,,,,,,,,,,,,,,,,,,,,,,,,,,,,,,*,,,,,,,,,,,,
src/lib/libc/ctype/ctype.c,1,actif,,,,,,,,,,,,,,,,,,*,*,*,*,*,*,*,,,,,,,,,,,,,,,,,,,,,,
src/lib/libc/ctype/ctype.h,1,actif,,,,i:*,i:*,,,,,,,,,,,,,*,*,*,*,*,*,*,,,,,,,,,,,,,,i:firmware;firmware_injector;freertos-firmware_injector,i:firmware;firmware_injector;freertos-firmware_injector,,,,,i:Debug;freertos-debug,i:Debug;freertos-debug,
src/lib/libc/libc.c,1,actif,,,,,,,,,,,,,,,,,,*,*,*,*,*,*,*,,,,,,,,,,,,,,,,,,,,,,
src/lib/libc/libc.h,1,actif,,,,,,,,,,,,,,,,,,*,*,*,*,*,*,*,,,,,,,,,,i:*,,,,i:firmware;firmware_injector;freertos-firmware_injector,i:firmware;firmware_injector;freertos-firmware_injector,i:Debug;freertos-debug,i:Debug;freertos-debug,i:Debug,i:Debug,i:Debug;freertos-debug,i:Debug;freertos-debug,
src/lib/libc/misc/crc.c,1,actif,,,,,,,,,,,,,,,,,,*,*,*,*,*,*,*,,,,,,,,,,,,,,,,,,,,,,
src/lib/libc/misc/crc.h,1,actif,,,,,,,,,,,,,,,,,,*,*,*,*,*,*,*,,,,,,,,,,,,,,,,,,,,,,
src/lib/libc/misc/dtostr.c,1,actif,,,,,,,,,,,,,,,,,,*,*,*,*,*,*,*,,,,,,,,,,,,,,,,,,,,,,
src/lib/libc/misc/ftoa.c,1,actif,,,,,,,,,,,,,,,,,,*,*,*,*,*,*,*,,,,,,,,,,,,,,,,,,,,,,
src/lib/libc/misc/ftoa.h,1,actif,,,,,,,,,,,,,,,,,,*,*,*,*,*,*,*,,,,,,,,,,,,,,,,,,,,,,
src/lib/libc/misc/itoa.c,1,actif,,,,,,,,,,,,,,,,,,*,*,*,*,*,*,*,,,,,,,,,,,,,,,,,,,,,,
src/lib/libc/misc/ltostr.c,1,actif,,,,,,,,,,,,,,,,,,*,*,*,*,*,*,*,,,,,,,,,,,,,,,,,,,,,,
src/lib/libc/misc/ltostr.h,1,actif,,,,,,,,,,,,,,,,,,*,*,*,*,*,*,*,,,,,,,,,,,,,,,,,,,,,,
src/lib/libc/misc/prsopt.c,1,actif,,,,,,,,,,,,,,,,,,*,*,*,*,*,*,*,,,,,,,,,,,,,,,,,,,,,,
src/lib/libc/misc/prsopt.h,1,actif,,,,,,,,,,,,,,,,,,*,*,*,*,*,*,*,,,,,,,,,,,,,,,,,,,,,,
src/lib/libc/misc/strto_l.c,1,actif,,,,,,,,,,,,,,,,,,*,*,*,*,*,*,*,,,,,,,,,,,,,,,,,,,,,,
src/lib/libc/net/htonl.c,1,actif,,,,,,,,,,,,,,,,,,,,,,*,*,*,,,,,,,,,,,,,,,,,,,,,,
src/lib/libc/net/inet/inet_addr.c,1,actif,,,,,,,,,,,,,,,,,,,,,,*,*,*,,,,,,,,,,,,,,,,,,,,,,
src/lib/libc/net/netdb.h,1,actif,,,,,,,,,,,,,,,,,,,,,,*,*,*,,,,,,,,,,,,,,,,,,,,,,
src/lib/libc/net/socket.c,1,actif,,,,,,,,,,,,,,,,,,,,,,*,*,*,,,,,,,,,,,,,,,,,,,,,,
src/lib/libc/net/socket.h,1,actif,,,,,,,,,,,,,,,,,,,,,,*,*,*,,,,,,,,,,,,,,i:firmware;firmware_injector;freertos-firmware_injector,i:firmware;firmware_injector;freertos-firmware_injector,i:Debug;freertos-debug,i:Debug;freertos-debug,,,i:Debug;freertos-debug,i:Debug;freertos-debug,
src/lib/libc/stdint.h,1,actif,i:cortex-m7-debug,,,,,,i:Debug;samv71-freertos-debug,,,,,,,,,,,*,*,*,*,*,*,*,,,,,i:freertos-debug,i:freertos-debug,,,,,,,,,,,i:freertos-debug,,,,,
src/lib/libc/stdio/printf.c,1,actif,,,,,,,,,,,,,,,,,,*,*,*,*,*,*,*,,,,,,,,,,,,,,,,,,,,,,
src/lib/libc/stdio/scanf.c,1,actif,,,,,,,,,,,,,,,,,,*,*,*,*,*,*,*,,,,,,,,,,,,,,,,,,,,,,
src/lib/libc/stdio/stdio.c,1,actif,,,,,,,,,,,,,,,,,,*,*,*,*,*,*,*,,,,,,,,,,,,,,,,,,,,,,
src/lib/libc/stdio/stdio.h,1,actif,,,,,,,,,,,,,,,,,,*,*,*,*,*,*,*,,,,,,,,,,i:*,,,,i:firmware;firmware_injector;freertos-firmware_injector,i:firmware;firmware_injector;freertos-firmware_injector,i:Debug;freertos-debug,i:Debug;freertos-debug,i:Debug,i:Debug,i:Debug;freertos-debug,i:Debug;freertos-debug,
src/lib/libc/string/string.c,1,actif,,,,,,,,,,,,,,,,,,,,*,*,*,*,*,,,,,,,,,,,,,,,,,,,,,,
src/lib/libc/string/string.h,1,actif,,,,,,,,,,,,,,,,,,i:*,i:*,*,*,*,*,*,,,,,,,,,,,,,,,,,,,,i:Debug;freertos-debug,i:freertos-debug,
src/lib/libc/termios/tcgetattr.c,1,actif,,,,,,,,,,,,,,,,,,*,*,*,*,*,*,*,,,,,,,,,,,,,,,,,,,,,,
src/lib/libc/termios/tcsetattr.c,1,actif,,,,,,,,,,,,,,,,,,*,*,*,*,*,*,*,,,,,,,,,,,,,,,,,,,,,,
src/lib/libc/termios/termios.c,1,actif,,,,,,,,,,,,,,,,,,*,*,*,*,*,*,*,,,,,,,,,,,,,,,,,,,,,,
src/lib/libc/termios/termios.h,1,actif,,i:*,,i:*,i:*,,i:Debug;samv71-freertos-debug,,,i:*,i:*,i:*,i:Debug,i:Debug,,,,*,*,*,*,*,*,*,,,,,,i:freertos-debug,,,,,,,,i:firmware;firmware_injector;freertos-firmware_injector,i:firmware;firmware_injector;freertos-firmware_injector,i:Debug;freertos-debug,i:Debug;freertos-debug,,i:Debug,i:Debug;freertos-debug,i:Debug;freertos-debug,
src/lib/libc/unistd.h,1,actif,,,,,,,,,,,,,,,,,,i:*,i:*,i:*,*,*,*,*,,,,,,,,,,i:*,,,,i:firmware;firmware_injector;freertos-firmware_injector,i:firmware;firmware_injector;freertos-firmware_injector,i:Debug;freertos-debug,i:Debug;freertos-debug,,i:Debug,i:Debug;freertos-debug,i:Debug;freertos-debug,
src/lib/libc/unistd/getopt.c,1,actif,,,,,,,,,,,,,,,,,,*,*,*,*,*,*,*,,,,,,,,,,,,,,,,,,,,,,
src/lib/libc/unistd/getopt.h,1,actif,,,,,,,,,,,,,,,,,,*,*,*,*,*,*,*,,,,,,,,,,,,,,,,,,,,,,
src/lib/libc/unistd/io.c,1,actif,,,,,,,,,,,,,,,,,,,,,*,*,*,*,,,,,,,,,,,,,,,,,,,,,,
src/lib/libc/unistd/unistd.c,1,actif,,,,,,,,,,,,,,,,,,*,*,*,*,*,*,*,,,,,,,,,,,,,,,,,,,,,,
src/lib/librt/mq.c,1,actif,,,,,,,,,,,,,,,,,,*,*,*,*,*,*,*,,,,,,,,,,,,,,,,,,,,,,
src/lib/librt/mqueue.h,1,actif,,,,,,,,,,,,,,,,,,*,*,*,*,*,*,*,,,,,,,,,,,,,,i:firmware;firmware_injector;freertos-firmware_injector,i:firmware;firmware_injector;freertos-firmware_injector,i:Debug;freertos-debug,i:Debug;freertos-debug,,i:Debug,i:Debug;freertos-debug,i:Debug;freertos-debug,
src/lib/librt/sem.c,1,actif,,,,,,,,,,,,,,,,,,*,*,*,*,*,*,*,,,,,,,,,,,,,,,,,,,,,,
src/lib/librt/semaphore.h,1,actif,,,,,,,,,,,,,,,,,,*,*,*,*,*,*,*,,,,,,,,,,,,,,i:firmware;firmware_injector;freertos-firmware_injector,i:firmware;firmware_injector;freertos-firmware_injector,i:Debug;freertos-debug,i:Debug;freertos-debug,,i:Debug,i:Debug;freertos-debug,i:Debug;freertos-debug,
src/lib/pthread/pthread.c,1,actif,,,,,,,,,,,,,,,,,,*,*,*,*,*,*,*,,,,,,,,,,,,,,,,,,,,,,
src/lib/pthread/pthread.h,1,actif,,,,,,,,,,,,,,,,,,*,*,*,*,*,*,*,,,,,,,,,,,,,,i:firmware;firmware_injector;freertos-firmware_injector,i:firmware;firmware_injector;freertos-firmware_injector,i:Debug;freertos-debug,i:Debug;freertos-debug,,i:Debug,i:Debug;freertos-debug,i:Debug;freertos-debug,
src/lib/pthread/pthread_cond.c,1,actif,,,,,,,,,,,,,,,,,,*,*,*,*,*,*,*,,,,,,,,,,,,,,,,,,,,,,
src/lib/pthread/pthread_mutex.c,1,actif,,,,,,,,,,,,,,,,,,*,*,*,*,*,*,*,,,,,,,,,,,,,,,,,,,,,,
src/sbin/btb.c,1,actif,,,,,,,,,,,,,,,,,,*,*,*,*,*,*,*,,,,,,,,,,,,,,,,,,,,,,
src/sbin/cat.c,1,actif,,,,,,,,,,,,,,,,,,*,*,*,*,*,*,*,,,,,,,,,,,,,,,,,,,,,,
src/sbin/compress.c,1,actif,,,,,,,,,,,,,,,,,,*,*,*,*,*,*,*,,,,,,,,,,,,,,,,,,,,,,
src/sbin/cp.c,1,actif,,,,,,,,,,,,,,,,,,*,*,*,*,*,*,*,,,,,,,,,,,,,,,,,,,,,,
src/sbin/date.c,1,actif,,,,,,,,,,,,,,,,,,*,*,*,*,*,*,*,,,,,,,,,,,,,,,,,,,,,,
src/sbin/df.c,1,actif,,,,,,,,,,,,,,,,,,*,*,*,*,*,*,*,,,,,,,,,,,,,,,,,,,,,,
src/sbin/ecat.c,1,actif,,,,,,,,,,,,,,,,,,*,*,*,*,*,*,*,,,,,,,,,,,,,,,,,,,,,,
src/sbin/echo.c,1,actif,,,,,,,,,,,,,,,,,,*,*,*,*,*,*,*,,,,,,,,,,,,,,,,,,,,,,
src/sbin/initd.c,1,actif,,,,,,,,,,,,,,,,,,*,*,*,*,*,*,*,,,,,,,,,,,,,,,,,,,,,,
src/sbin/kill.c,1,actif,,,,,,,,,,,,,,,,,,*,*,*,*,*,*,*,,,,,,,,,,,,,,,,,,,,,,
src/sbin/ls.c,1,actif,,,,,,,,,,,,,,,,,,*,*,*,*,*,*,*,,,,,,,,,,,,,,,,,,,,,,
src/sbin/lsh.c,1,actif,,,,,,,,,,,,,,,,,,*,*,*,*,*,*,*,,,,,,,,,,,,,,,,,,,,,,
src/sbin/mkdir.c,1,actif,,,,,,,,,,,,,,,,,,*,*,*,*,*,*,*,,,,,,,,,,,,,,,,,,,,,,
src/sbin/mkfifo.c,1,actif,,,,,,,,,,,,,,,,,,*,*,*,*,*,*,*,,,,,,,,,,,,,,,,,,,,,,
src/sbin/mkfs.c,1,actif,,,,,,,,,,,,,,,,,,*,*,*,*,*,*,*,,,,,,,,,,,,,,,,,,,,,,
src/sbin/more.c,1,actif,,,,,,,,,,,,,,,,,,*,*,*,*,*,*,*,,,,,,,,,,,,,,,,,,,,,,
src/sbin/mount.c,1,actif,,,,,,,,,,,,,,,,,,*,*,*,*,*,*,*,,,,,,,,,,,,,,,,,,,,,,
src/sbin/mv.c,1,actif,,,,,,,,,,,,,,,,,,*,*,*,*,*,*,*,,,,,,,,,,,,,,,,,,,,,,
src/sbin/net/ifconfig.c,1,actif,,,,,,,,,,,,,,,,,,*,*,*,*,*,*,*,,,,,,,,,,,,,,,,,,,,,,
src/sbin/net/slipd.c,1,actif,,,,,,,,,,,,,,,,,,*,*,*,*,*,*,*,,,,,,,,,,,,,,,,,,,,,,
src/sbin/od.c,1,actif,,,,,,,,,,,,,,,,,,*,*,*,*,*,*,*,,,,,,,,,,,,,,,,,,,,,,
src/sbin/ps.c,1,actif,,,,,,,,,,,,,,,,,,*,*,*,*,*,*,*,,,,,,,,,,,,,,,,,,,,,,
src/sbin/pwd.c,1,actif,,,,,,,,,,,,,,,,,,*,*,*,*,*,*,*,,,,,,,,,,,,,,,,,,,,,,
src/sbin/read.c,1,actif,,,,,,,,,,,,,,,,,,,,,,,*,,,,,,,,,,,,,,,,,,,,,,,
src/sbin/rm.c,1,actif,,,,,,,,,,,,,,,,,,*,*,*,*,*,*,*,,,,,,,,,,,,,,,,,,,,,,
src/sbin/rmdir.c,1,actif,,,,,,,,,,,,,,,,,,*,*,*,*,*,*,*,,,,,,,,,,,,,,,,,,,,,,
src/sbin/shutdown.c,1,actif,,,,,,,,,,,,,,,,,,*,*,*,*,*,*,*,,,,,,,,,,,,,,,,,,,,,,
src/sbin/sleep.c,1,actif,,,,,,,,,,,,,,,,,,*,*,*,*,*,*,*,,,,,,,,,,,,,,,,,,,,,,
src/sbin/stty.c,1,actif,,,,,,,,,,,,,,,,,,*,*,*,*,*,*,*,,,,,,,,,,,,,,,,,,,,,,
src/sbin/sync.c,1,actif,,,,,,,,,,,,,,,,,,*,*,*,*,*,*,*,,,,,,,,,,,,,,,,,,,,,,
src/sbin/touch.c,1,actif,,,,,,,,,,,,,,,,,,*,*,*,*,*,*,*,,,,,,,,,,,,,,,,,,,,,,
src/sbin/umount.c,1,actif,,,,,,,,,,,,,,,,,,*,*,*,*,*,*,*,,,,,,,,,,,,,,,,,,,,,,
src/sbin/uname.c,1,actif,,,,,,,,,,,,,,,,,,*,*,*,*,*,*,*,,,,,,,,,,,,,,,,,,,,,,
src/sbin/wrapr.c,1,actif,,,,,,,,,,,,,,,,,,*,*,*,*,*,*,*,,,,,,,,,,,,,,,,,,,,,,
src/sbin/xmodem.c,1,actif,,,,,,,,,,,,,,,,,,*,*,*,*,*,*,*,,,,,,,,,,,,,,,,,,,,,,
sys/user/tauon-basic/src/bin/dhrystone/dhry.h,1,actif,,,,,,,,,,,,,,,,,,,,,,,,,,,,,,,,,,,,,,,,,,*,*,*,*,
sys/user/tauon-basic/src/bin/dhrystone/dhry21a.c,1,actif,,,,,,,,,,,,,,,,,,,,,,,,,,,,,,,,,,,,,,,,,,*,*,*,*,
sys/user/tauon-basic/src/bin/dhrystone/dhry21b.c,1,actif,,,,,,,,,,,,,,,,,,,,,,,,,,,,,,,,,,,,,,,,,,*,*,*,*,
sys/user/tauon-basic/src/bin/dhrystone/dhrystone_main.c,1,actif,,,,,,,,,,,,,,,,,,,,,,,,,,,,,,,,,,,,,,,,,,*,*,*,*,
sys/user/tauon-basic/src/bin/dhrystone/dhrystone_main.h,1,actif,,,,,,,,,,,,,,,,,,,,,,,,,,,,,,,,,,,,,,,,,,*,*,*,*,
sys/user/tauon-basic/src/bin/dhrystone/timers.c,1,actif,,,,,,,,,,,,,,,,,,,,,,,,,,,,,,,,,,,,,,,,,,*,*,*,*,
sys/user/tauon-basic/src/bin/free/dlmalloc.c,1,actif,,,,,,,,,,,,,,,,,,,,,,,,,,,,,,,,,,,,,,,,,,,*,*,*,
sys/user/tauon-basic/src/bin/free/free_main.c,1,actif,,,,,,,,,,,,,,,,,,,,,,,,,,,,,,,,,,,,,,,,,,,*,*,*,
sys/user/tauon-basic/src/bin/net/cgi-bin/tstcgi2.c,1,actif,,,,,,,,,,,,,,,,,,,,,,,,,,,,,,,,,,,,,,*,*,,,,,*,*,
sys/user/tauon-basic/src/bin/net/cgi-bin/tstpost.c,1,actif,,,,,,,,,,,,,,,,,,,,,,,,,,,,,,,,,,,,,,*,*,,,,,*,*,
sys/user/tauon-basic/src/bin/sdramtest/sdramtest_main.c,1,actif,,,,,,,,,,,,,,,,,,,,,,,,,,,,,,,,,,,,,,,,,,,*,*,*,
sys/user/tauon-basic/src/dev/board_atmel_at91sam9261-ek/dev_at91sam9261-ek_dm9000.c,1,gelé,,,,,,,,,,,,,,,,,,,,,,,,,,,,,,,,,,,,,,*,*,,,,,,,
sys/user/tauon-basic/src/dev/board_atmel_at91sam9261-ek/dev_at91sam9261-ek_lcd.c,1,gelé,,,,,,,,,,,,,,,,,,,,,,,,,,,,,,,,,,,,,,*,*,,,,,,,
