fichier,ensemble,justification,lignes_code,nb_projets
src/bin/bmp.c,hors-projet,"non déclaré par un projet, non inclus, sans règle",169,0
src/bin/boot.c,hors-projet,"non déclaré par un projet, non inclus, sans règle",277,0
src/bin/lcd.c,hors-projet,"non déclaré par un projet, non inclus, sans règle",78,0
src/bin/memd.c,hors-projet,"non déclaré par un projet, non inclus, sans règle",290,0
src/bin/net/ftpd/ftpd.c,actif,déclaré par tauon-basic_stm32f4-olimex_p407_7.20/Debug (application STM32F4 embOS),1373,2
src/bin/net/ftpd/ftpd.h,actif,déclaré par tauon-basic_stm32f4-olimex_p407_7.20/Debug (application STM32F4 embOS),15,2
src/bin/net/ftpd/ftpd_priv.h,actif,déclaré par tauon-basic_stm32f4-olimex_p407_7.20/Debug (application STM32F4 embOS),65,2
src/bin/net/ftpd/ls.c,actif,déclaré par tauon-basic_stm32f4-olimex_p407_7.20/Debug (application STM32F4 embOS),514,2
src/bin/net/httpc/buffer/buffer.c,hors-projet,"non déclaré par un projet, non inclus, sans règle",129,0
src/bin/net/httpc/buffer/buffer.h,actif,rattaché par répertoire (src/bin/net/httpc),16,0
src/bin/net/httpc/buffer/dbg.h,actif,rattaché par répertoire (src/bin/net/httpc),12,0
src/bin/net/httpc/httpc.c,actif,"déclaré par tauon_7.80/tauon-kernel-cortex-m4-debug (noyau, configuration Cortex-M4 embOS (socle))",442,3
src/bin/net/lhttpd.c,hors-projet,"non déclaré par un projet, non inclus, sans règle",96,0
src/bin/net/mongoose/mongoose.c,actif,déclaré par tauon-basic_stm32f4-olimex_p407_7.20/Debug (application STM32F4 embOS),3030,4
src/bin/net/mongoose/mongoose.h,actif,déclaré par tauon-basic_stm32f4-olimex_p407_7.20/Debug (application STM32F4 embOS),61,4
src/bin/net/mongoose/mongoosed.c,actif,déclaré par tauon-basic_stm32f4-olimex_p407_7.20/Debug (application STM32F4 embOS),312,4
src/bin/net/telnetd.c,actif,"déclaré par tauon_7.80/tauon-kernel-cortex-m4-debug (noyau, configuration Cortex-M4 embOS (socle))",64,7
src/bin/net/tstip.c,hors-projet,"non déclaré par un projet, non inclus, sans règle",135,0
src/bin/radiotst.c,actif,étape 6 : test radio /dev/radio (NUCLEO-WL55JC1),168,0
src/bin/test1.c,hors-projet,"non déclaré par un projet, non inclus, sans règle",300,0
src/bin/test2.c,actif,"déclaré par tauon_7.80/tauon-kernel-cortex-m4-debug (noyau, configuration Cortex-M4 embOS (socle))",771,9
src/bin/tst/readspi.c,hors-projet,"non déclaré par un projet, non inclus, sans règle",59,0
src/bin/tst/seekspi.c,hors-projet,"non déclaré par un projet, non inclus, sans règle",32,0
src/bin/tst/tsteth.c,actif,déclaré par tauon-basic_stm32f4-olimex_p407_7.20/Debug (application STM32F4 embOS),81,4
src/bin/tst/tstfs.c,hors-projet,"non déclaré par un projet, non inclus, sans règle",287,0
src/bin/tst/tsthd.c,hors-projet,"non déclaré par un projet, non inclus, sans règle",117,0
src/bin/tst/tsti2c.c,hors-projet,"non déclaré par un projet, non inclus, sans règle",164,0
src/bin/tst/tstkb.c,hors-projet,"non déclaré par un projet, non inclus, sans règle",74,0
src/bin/tst/tstlcd.c,hors-projet,"non déclaré par un projet, non inclus, sans règle",250,0
src/bin/tst/tstport.c,hors-projet,"non déclaré par un projet, non inclus, sans règle",125,0
src/bin/tst/tstpwr.c,hors-projet,"non déclaré par un projet, non inclus, sans règle",426,0
src/bin/tst/tstslip.c,hors-projet,"non déclaré par un projet, non inclus, sans règle",113,0
src/bin/tst/tstsound.c,hors-projet,"non déclaré par un projet, non inclus, sans règle",63,0
src/bin/tst/tstspy.c,hors-projet,"non déclaré par un projet, non inclus, sans règle",35,0
src/bin/tst/tstsynd.c,hors-projet,"non déclaré par un projet, non inclus, sans règle",161,0
src/bin/tst/tsttty.c,hors-projet,"non déclaré par un projet, non inclus, sans règle",23,0
src/bin/tst/writespi.c,hors-projet,"non déclaré par un projet, non inclus, sans règle",99,0
src/bin/udpsrvd.c,différé,déclaré par tauon-basic_lm3s_6.21/Debug (candidat M3 (étape 6)),156,3
src/bin/wrapr.c,hors-projet,"non déclaré par un projet, non inclus, sans règle",366,0
src/bin/xlcdd.c,hors-projet,"non déclaré par un projet, non inclus, sans règle",168,0
src/kernel/core/arch/cortexm/lepton_irq.h,actif,étape 3 : démarrage et sections critiques Cortex-M (GCC),20,0
src/kernel/core/arch/cortexm/sbrk_cortexm.c,actif,étape 3 : démarrage et sections critiques Cortex-M (GCC),12,0
src/kernel/core/arch/cortexm/startup_armv6m.c,actif,étape 3 : démarrage et sections critiques Cortex-M (GCC),66,0
src/kernel/core/arch/cortexm/startup_armv7m.c,actif,étape 3 : démarrage et sections critiques Cortex-M (GCC),83,0
src/kernel/core/arch/host/libc_host.c,actif,étape 2 : noyau statique hôte (mklepton),13,0
src/kernel/core/arch/host/static/bin_mkconf.c,actif,étape 2 : noyau statique hôte (mklepton),5,0
src/kernel/core/arch/host/static/dev_dskimg.h,actif,étape 2 : noyau statique hôte (mklepton),5,0
src/kernel/core/arch/host/static/dev_mkconf.c,actif,étape 2 : noyau statique hôte (mklepton),24,0
src/kernel/core/arch/host/static/kernel_mkconf.h,actif,étape 2 : noyau statique hôte (mklepton),19,0
src/kernel/core/assert.h,actif,rattaché par répertoire (src/kernel/core),14,0
src/kernel/core/bin.c,actif,"déclaré par tauon_7.80/tauon-kernel-cortex-m4-debug (noyau, configuration Cortex-M4 embOS (socle))",37,7
src/kernel/core/bin.h,actif,"déclaré par tauon_7.80/tauon-kernel-cortex-m4-debug (noyau, configuration Cortex-M4 embOS (socle))",24,7
src/kernel/core/board.h,actif,"déclaré par tauon_7.80/tauon-kernel-cortex-m4-debug (noyau, configuration Cortex-M4 embOS (socle))",0,7
src/kernel/core/compiler.h,actif,étape 3 : abstraction compilateur (macros __lepton_*),14,0
src/kernel/core/core-freertos/core_rttimer.c,différé,règle : backend FreeRTOS (étape 7),55,5
src/kernel/core/core-freertos/fork.c,différé,règle : backend FreeRTOS (étape 7),128,5
src/kernel/core/core-freertos/heap.c,différé,règle : backend FreeRTOS (étape 7),12,0
src/kernel/core/core-freertos/kernel.c,différé,règle : backend FreeRTOS (étape 7),682,5
src/kernel/core/core-freertos/kernel_clock.c,différé,règle : backend FreeRTOS (étape 7),50,5
src/kernel/core/core-freertos/kernel_elfloader.c,différé,règle : backend FreeRTOS (étape 7),436,5
src/kernel/core/core-freertos/kernel_object.c,différé,règle : backend FreeRTOS (étape 7),233,5
src/kernel/core/core-freertos/kernel_pthread.c,différé,règle : backend FreeRTOS (étape 7),219,5
src/kernel/core/core-freertos/kernel_pthread_mutex.c,différé,règle : backend FreeRTOS (étape 7),66,5
src/kernel/core/core-freertos/kernel_sem.c,différé,règle : backend FreeRTOS (étape 7),103,5
src/kernel/core/core-freertos/kernel_sigqueue.c,différé,règle : backend FreeRTOS (étape 7),161,5
src/kernel/core/core-freertos/kernel_timer.c,différé,règle : backend FreeRTOS (étape 7),163,5
src/kernel/core/core-freertos/process.c,différé,règle : backend FreeRTOS (étape 7),903,5
src/kernel/core/core-freertos/signal.c,différé,règle : backend FreeRTOS (étape 7),219,5
src/kernel/core/core-freertos/syscall.c,différé,règle : backend FreeRTOS (étape 7),645,5
src/kernel/core/core-generic/kernel_pthread_tsd.c,actif,"déclaré par tauon_7.80/tauon-kernel-cortex-m4-debug (noyau, configuration Cortex-M4 embOS (socle))",113,3
src/kernel/core/core-segger/arch/armv6m/embos_init_hw.c,actif,"étape 3 : backend embOS (démarrage, RTOSInit, verrou des appels système)",53,0
src/kernel/core/core-segger/arch/armv7m/embos_init_hw.c,actif,"étape 3 : backend embOS (démarrage, RTOSInit, verrou des appels système)",53,0
src/kernel/core/core-segger/arch/armv7m/embos_main.c,actif,"étape 3 : backend embOS (démarrage, RTOSInit, verrou des appels système)",11,0
src/kernel/core/core-segger/core_rttimer.c,actif,"déclaré par tauon_7.80/tauon-kernel-cortex-m4-debug (noyau, configuration Cortex-M4 embOS (socle))",43,7
src/kernel/core/core-segger/fork.c,actif,"déclaré par tauon_7.80/tauon-kernel-cortex-m4-debug (noyau, configuration Cortex-M4 embOS (socle))",125,7
src/kernel/core/core-segger/heap.c,hors-projet,"non déclaré par un projet, non inclus, sans règle",12,0
src/kernel/core/core-segger/kernel.c,actif,"déclaré par tauon_7.80/tauon-kernel-cortex-m4-debug (noyau, configuration Cortex-M4 embOS (socle))",739,7
src/kernel/core/core-segger/kernel_clock.c,actif,"déclaré par tauon_7.80/tauon-kernel-cortex-m4-debug (noyau, configuration Cortex-M4 embOS (socle))",49,7
src/kernel/core/core-segger/kernel_elfloader.c,actif,"déclaré par tauon_7.80/tauon-kernel-cortex-m4-debug (noyau, configuration Cortex-M4 embOS (socle))",433,7
src/kernel/core/core-segger/kernel_object.c,actif,"déclaré par tauon_7.80/tauon-kernel-cortex-m4-debug (noyau, configuration Cortex-M4 embOS (socle))",251,7
src/kernel/core/core-segger/kernel_pthread.c,actif,"déclaré par tauon_7.80/tauon-kernel-cortex-m4-debug (noyau, configuration Cortex-M4 embOS (socle))",224,7
src/kernel/core/core-segger/kernel_pthread_mutex.c,actif,"déclaré par tauon_7.80/tauon-kernel-cortex-m4-debug (noyau, configuration Cortex-M4 embOS (socle))",88,7
src/kernel/core/core-segger/kernel_sem.c,actif,"déclaré par tauon_7.80/tauon-kernel-cortex-m4-debug (noyau, configuration Cortex-M4 embOS (socle))",90,7
src/kernel/core/core-segger/kernel_sigqueue.c,actif,"déclaré par tauon_7.80/tauon-kernel-cortex-m4-debug (noyau, configuration Cortex-M4 embOS (socle))",157,7
src/kernel/core/core-segger/kernel_syscall_lock.c,actif,"étape 3 : backend embOS (démarrage, RTOSInit, verrou des appels système)",35,0
src/kernel/core/core-segger/kernel_timer.c,actif,"déclaré par tauon_7.80/tauon-kernel-cortex-m4-debug (noyau, configuration Cortex-M4 embOS (socle))",140,7
src/kernel/core/core-segger/process.c,actif,"déclaré par tauon_7.80/tauon-kernel-cortex-m4-debug (noyau, configuration Cortex-M4 embOS (socle))",948,7
src/kernel/core/core-segger/signal.c,actif,"déclaré par tauon_7.80/tauon-kernel-cortex-m4-debug (noyau, configuration Cortex-M4 embOS (socle))",218,7
src/kernel/core/core-segger/syscall.c,actif,"déclaré par tauon_7.80/tauon-kernel-cortex-m4-debug (noyau, configuration Cortex-M4 embOS (socle))",811,7
src/kernel/core/core-static/kernel_static.c,actif,étape 2 : noyau statique hôte (mklepton),129,0
src/kernel/core/core_event.h,actif,inclus par dev_stm32f4xx_7.20/Debug (pilotes STM32F4 (config. liée par les applications F4)),8,44
src/kernel/core/core_rttimer.h,actif,"déclaré par tauon_7.80/tauon-kernel-cortex-m4-debug (noyau, configuration Cortex-M4 embOS (socle))",41,44
src/kernel/core/cpu.c,actif,"déclaré par tauon_7.80/tauon-kernel-cortex-m4-debug (noyau, configuration Cortex-M4 embOS (socle))",15,7
src/kernel/core/cpu.h,actif,"déclaré par tauon_7.80/tauon-kernel-cortex-m4-debug (noyau, configuration Cortex-M4 embOS (socle))",34,41
src/kernel/core/devconf.h,actif,"déclaré par tauon_7.80/tauon-kernel-cortex-m4-debug (noyau, configuration Cortex-M4 embOS (socle))",3,7
src/kernel/core/dirent.c,actif,"déclaré par tauon_7.80/tauon-kernel-cortex-m4-debug (noyau, configuration Cortex-M4 embOS (socle))",68,7
src/kernel/core/dirent.h,actif,"déclaré par tauon_7.80/tauon-kernel-cortex-m4-debug (noyau, configuration Cortex-M4 embOS (socle))",25,22
src/kernel/core/env.c,actif,"déclaré par tauon_7.80/tauon-kernel-cortex-m4-debug (noyau, configuration Cortex-M4 embOS (socle))",3,7
src/kernel/core/env.h,actif,"déclaré par tauon_7.80/tauon-kernel-cortex-m4-debug (noyau, configuration Cortex-M4 embOS (socle))",5,7
src/kernel/core/errno.h,actif,"déclaré par tauon_7.80/tauon-kernel-cortex-m4-debug (noyau, configuration Cortex-M4 embOS (socle))",315,17
src/kernel/core/etypes.h,actif,"déclaré par tauon_7.80/tauon-kernel-cortex-m4-debug (noyau, configuration Cortex-M4 embOS (socle))",28,44
src/kernel/core/fcntl.c,actif,"déclaré par tauon_7.80/tauon-kernel-cortex-m4-debug (noyau, configuration Cortex-M4 embOS (socle))",45,7
src/kernel/core/fcntl.h,actif,"déclaré par tauon_7.80/tauon-kernel-cortex-m4-debug (noyau, configuration Cortex-M4 embOS (socle))",64,40
src/kernel/core/flock.c,actif,"déclaré par tauon_7.80/tauon-kernel-cortex-m4-debug (noyau, configuration Cortex-M4 embOS (socle))",143,7
src/kernel/core/flock.h,actif,"déclaré par tauon_7.80/tauon-kernel-cortex-m4-debug (noyau, configuration Cortex-M4 embOS (socle))",17,7
src/kernel/core/fork.h,actif,"déclaré par tauon_7.80/tauon-kernel-cortex-m4-debug (noyau, configuration Cortex-M4 embOS (socle))",6,7
src/kernel/core/heap.c,hors-projet,"non déclaré par un projet, non inclus, sans règle",28,0
src/kernel/core/include/libc/ctype.h,actif,étape 2 : noyau statique hôte (mklepton),5,0
src/kernel/core/include/libc/limits.h,actif,étape 2 : noyau statique hôte (mklepton),26,0
src/kernel/core/include/libc/math.h,actif,étape 2 : noyau statique hôte (mklepton),4,0
src/kernel/core/include/libc/stdio.h,actif,étape 2 : noyau statique hôte (mklepton),7,0
src/kernel/core/include/libc/stdlib.h,actif,étape 2 : noyau statique hôte (mklepton),24,0
src/kernel/core/include/libc/string.h,actif,étape 2 : noyau statique hôte (mklepton),24,0
src/kernel/core/interrupt.h,actif,"déclaré par tauon_7.80/tauon-kernel-cortex-m4-debug (noyau, configuration Cortex-M4 embOS (socle))",418,44
src/kernel/core/ioctl.h,actif,"déclaré par tauon_7.80/tauon-kernel-cortex-m4-debug (noyau, configuration Cortex-M4 embOS (socle))",6,35
src/kernel/core/ioctl_board.h,actif,"déclaré par tauon_7.80/tauon-kernel-cortex-m4-debug (noyau, configuration Cortex-M4 embOS (socle))",41,22
src/kernel/core/ioctl_cpu.h,actif,"déclaré par tauon_7.80/tauon-kernel-cortex-m4-debug (noyau, configuration Cortex-M4 embOS (socle))",11,41
src/kernel/core/ioctl_encoder.h,actif,"déclaré par tauon_7.80/tauon-kernel-cortex-m4-debug (noyau, configuration Cortex-M4 embOS (socle))",8,5
src/kernel/core/ioctl_eth.h,actif,"déclaré par tauon_7.80/tauon-kernel-cortex-m4-debug (noyau, configuration Cortex-M4 embOS (socle))",15,18
src/kernel/core/ioctl_fb.h,actif,"déclaré par tauon_7.80/tauon-kernel-cortex-m4-debug (noyau, configuration Cortex-M4 embOS (socle))",21,11
src/kernel/core/ioctl_hd.h,actif,"déclaré par tauon_7.80/tauon-kernel-cortex-m4-debug (noyau, configuration Cortex-M4 embOS (socle))",19,16
src/kernel/core/ioctl_i2c.h,actif,"déclaré par tauon_7.80/tauon-kernel-cortex-m4-debug (noyau, configuration Cortex-M4 embOS (socle))",7,8
src/kernel/core/ioctl_if.h,actif,"déclaré par tauon_7.80/tauon-kernel-cortex-m4-debug (noyau, configuration Cortex-M4 embOS (socle))",24,11
src/kernel/core/ioctl_keyb.h,actif,"déclaré par tauon_7.80/tauon-kernel-cortex-m4-debug (noyau, configuration Cortex-M4 embOS (socle))",8,7
src/kernel/core/ioctl_lcd.h,actif,"inclus par tauon_7.80/tauon-kernel-cortex-m4-debug (noyau, configuration Cortex-M4 embOS (socle))",29,11
src/kernel/core/ioctl_modem.h,actif,"déclaré par tauon_7.80/tauon-kernel-cortex-m4-debug (noyau, configuration Cortex-M4 embOS (socle))",6,3
src/kernel/core/ioctl_proc.h,actif,"déclaré par tauon_7.80/tauon-kernel-cortex-m4-debug (noyau, configuration Cortex-M4 embOS (socle))",6,7
src/kernel/core/ioctl_pwr.h,actif,"déclaré par tauon_7.80/tauon-kernel-cortex-m4-debug (noyau, configuration Cortex-M4 embOS (socle))",9,7
src/kernel/core/ioctl_spi.h,actif,"déclaré par tauon_7.80/tauon-kernel-cortex-m4-debug (noyau, configuration Cortex-M4 embOS (socle))",5,6
src/kernel/core/ioctl_usb.h,actif,"déclaré par tauon_7.80/tauon-kernel-cortex-m4-debug (noyau, configuration Cortex-M4 embOS (socle))",9,3
src/kernel/core/kal.h,actif,"déclaré par tauon_7.80/tauon-kernel-cortex-m4-debug (noyau, configuration Cortex-M4 embOS (socle))",1288,44
src/kernel/core/kal/arch/armv6m/kal_arch.h,actif,"étape 6 : KAL, axe ISA ARMv6-M (SAMD21 Xplained Pro)",10,0
src/kernel/core/kal/arch/armv6m/kal_arch_conf.h,actif,étape 6 : réglages d'ISA ARMv6-M validés sur la SAMD21 Xplained Pro,9,0
src/kernel/core/kal/arch/armv7m/kal_arch.h,actif,"étape 4 (KAL) : KAL décomposé (dispatcher, arch, backend, contrat)",9,0
src/kernel/core/kal/arch/armv7m/kal_arch_conf.h,actif,"étape 4 (KAL) : KAL décomposé (dispatcher, arch, backend, contrat)",10,0
src/kernel/core/kal/arch/host/kal_arch.h,actif,"étape 4 (KAL) : KAL décomposé (dispatcher, arch, backend, contrat)",4,0
src/kernel/core/kal/arch/host/kal_arch_conf.h,actif,"étape 4 (KAL) : KAL décomposé (dispatcher, arch, backend, contrat)",12,0
src/kernel/core/kal/backend/embos/kal_backend.h,actif,"étape 4 (KAL) : KAL décomposé (dispatcher, arch, backend, contrat)",137,0
src/kernel/core/kal/backend/freertos/kal_backend.h,différé,"étape 4 (KAL) : backend FreeRTOS extrait tel quel, étape 7",131,0
src/kernel/core/kal/backend/static/kal_backend.h,actif,"étape 4 (KAL) : KAL décomposé (dispatcher, arch, backend, contrat)",78,0
src/kernel/core/kal/contrat.h,actif,"étape 4 (KAL) : KAL décomposé (dispatcher, arch, backend, contrat)",18,0
src/kernel/core/kernel.h,actif,"déclaré par tauon_7.80/tauon-kernel-cortex-m4-debug (noyau, configuration Cortex-M4 embOS (socle))",345,43
src/kernel/core/kernel_clock.h,actif,"inclus par tauon_7.80/tauon-kernel-cortex-m4-debug (noyau, configuration Cortex-M4 embOS (socle))",11,18
src/kernel/core/kernel_compiler.h,actif,"déclaré par tauon_7.80/tauon-kernel-cortex-m4-debug (noyau, configuration Cortex-M4 embOS (socle))",23,4
src/kernel/core/kernel_device.h,actif,"inclus par tauon_7.80/tauon-kernel-cortex-m4-debug (noyau, configuration Cortex-M4 embOS (socle))",30,7
src/kernel/core/kernel_elfloader.h,actif,"inclus par tauon_7.80/tauon-kernel-cortex-m4-debug (noyau, configuration Cortex-M4 embOS (socle))",450,7
src/kernel/core/kernel_io.c,actif,"déclaré par tauon_7.80/tauon-kernel-cortex-m4-debug (noyau, configuration Cortex-M4 embOS (socle))",304,4
src/kernel/core/kernel_io.h,actif,"déclaré par tauon_7.80/tauon-kernel-cortex-m4-debug (noyau, configuration Cortex-M4 embOS (socle))",21,14
src/kernel/core/kernel_mqueue.c,actif,"déclaré par tauon_7.80/tauon-kernel-cortex-m4-debug (noyau, configuration Cortex-M4 embOS (socle))",81,3
src/kernel/core/kernel_mqueue.h,actif,"déclaré par tauon_7.80/tauon-kernel-cortex-m4-debug (noyau, configuration Cortex-M4 embOS (socle))",22,3
src/kernel/core/kernel_object.h,actif,"déclaré par tauon_7.80/tauon-kernel-cortex-m4-debug (noyau, configuration Cortex-M4 embOS (socle))",53,44
src/kernel/core/kernel_printk.c,actif,"déclaré par tauon_7.80/tauon-kernel-cortex-m4-debug (noyau, configuration Cortex-M4 embOS (socle))",546,4
src/kernel/core/kernel_printk.h,actif,"déclaré par tauon_7.80/tauon-kernel-cortex-m4-debug (noyau, configuration Cortex-M4 embOS (socle))",6,12
src/kernel/core/kernel_pthread.h,actif,"déclaré par tauon_7.80/tauon-kernel-cortex-m4-debug (noyau, configuration Cortex-M4 embOS (socle))",148,44
src/kernel/core/kernel_pthread_mutex.h,actif,"déclaré par tauon_7.80/tauon-kernel-cortex-m4-debug (noyau, configuration Cortex-M4 embOS (socle))",27,44
src/kernel/core/kernel_pthread_tsd.h,actif,"déclaré par tauon_7.80/tauon-kernel-cortex-m4-debug (noyau, configuration Cortex-M4 embOS (socle))",8,14
src/kernel/core/kernel_ring_buffer.c,actif,"déclaré par tauon_7.80/tauon-kernel-cortex-m4-debug (noyau, configuration Cortex-M4 embOS (socle))",119,4
src/kernel/core/kernel_ring_buffer.h,actif,"déclaré par tauon_7.80/tauon-kernel-cortex-m4-debug (noyau, configuration Cortex-M4 embOS (socle))",27,11
src/kernel/core/kernel_sem.h,actif,"déclaré par tauon_7.80/tauon-kernel-cortex-m4-debug (noyau, configuration Cortex-M4 embOS (socle))",35,44
src/kernel/core/kernel_sigqueue.h,actif,inclus par dev_stm32f4xx_7.20/Debug (pilotes STM32F4 (config. liée par les applications F4)),49,44
src/kernel/core/kernel_timer.h,actif,inclus par dev_stm32f4xx_7.20/Debug (pilotes STM32F4 (config. liée par les applications F4)),41,44
src/kernel/core/kernelconf.h,actif,"déclaré par tauon_7.80/tauon-kernel-cortex-m4-debug (noyau, configuration Cortex-M4 embOS (socle))",484,44
src/kernel/core/lib.c,actif,"déclaré par tauon_7.80/tauon-kernel-cortex-m4-debug (noyau, configuration Cortex-M4 embOS (socle))",30,7
src/kernel/core/lib.h,actif,"inclus par tauon_7.80/tauon-kernel-cortex-m4-debug (noyau, configuration Cortex-M4 embOS (socle))",27,16
src/kernel/core/libstd.h,actif,"déclaré par tauon_7.80/tauon-kernel-cortex-m4-debug (noyau, configuration Cortex-M4 embOS (socle))",59,15
src/kernel/core/limits.h,actif,"déclaré par tauon_7.80/tauon-kernel-cortex-m4-debug (noyau, configuration Cortex-M4 embOS (socle))",7,44
src/kernel/core/malloc.c,actif,"déclaré par tauon_7.80/tauon-kernel-cortex-m4-debug (noyau, configuration Cortex-M4 embOS (socle))",98,7
src/kernel/core/malloc.h,actif,"déclaré par tauon_7.80/tauon-kernel-cortex-m4-debug (noyau, configuration Cortex-M4 embOS (socle))",7,21
src/kernel/core/net.c,hors-projet,"non déclaré par un projet, non inclus, sans règle",243,0
src/kernel/core/net.h,actif,"déclaré par tauon_7.80/tauon-kernel-cortex-m4-debug (noyau, configuration Cortex-M4 embOS (socle))",8,7
src/kernel/core/net/bsd/inet/in.h,actif,"déclaré par tauon_7.80/tauon-kernel-cortex-m4-debug (noyau, configuration Cortex-M4 embOS (socle))",76,14
src/kernel/core/net/bsd/netdb.h,actif,"déclaré par tauon_7.80/tauon-kernel-cortex-m4-debug (noyau, configuration Cortex-M4 embOS (socle))",11,3
src/kernel/core/net/bsd/sys/socket.h,actif,"déclaré par tauon_7.80/tauon-kernel-cortex-m4-debug (noyau, configuration Cortex-M4 embOS (socle))",45,14
src/kernel/core/net/kernel_net_core_socket.c,actif,"déclaré par tauon_7.80/tauon-kernel-cortex-m4-debug (noyau, configuration Cortex-M4 embOS (socle))",320,3
src/kernel/core/net/kernel_net_core_socket.h,actif,"déclaré par tauon_7.80/tauon-kernel-cortex-m4-debug (noyau, configuration Cortex-M4 embOS (socle))",51,9
src/kernel/core/net/lwip_core/ethif_core.c,actif,"déclaré par tauon_7.80/tauon-kernel-cortex-m4-debug (noyau, configuration Cortex-M4 embOS (socle))",309,7
src/kernel/core/net/lwip_core/lwip_core.c,actif,"déclaré par tauon_7.80/tauon-kernel-cortex-m4-debug (noyau, configuration Cortex-M4 embOS (socle))",195,7
src/kernel/core/net/lwip_core/lwip_core.h,actif,"déclaré par tauon_7.80/tauon-kernel-cortex-m4-debug (noyau, configuration Cortex-M4 embOS (socle))",15,7
src/kernel/core/net/lwip_core/lwip_core_socket.c,actif,"déclaré par tauon_7.80/tauon-kernel-cortex-m4-debug (noyau, configuration Cortex-M4 embOS (socle))",302,3
src/kernel/core/net/lwip_core/lwip_core_socket.h,actif,"déclaré par tauon_7.80/tauon-kernel-cortex-m4-debug (noyau, configuration Cortex-M4 embOS (socle))",0,3
src/kernel/core/net/modem_core/modem_core.c,actif,"déclaré par tauon_7.80/tauon-kernel-cortex-m4-debug (noyau, configuration Cortex-M4 embOS (socle))",1018,3
src/kernel/core/net/modem_core/modem_core.h,actif,"déclaré par tauon_7.80/tauon-kernel-cortex-m4-debug (noyau, configuration Cortex-M4 embOS (socle))",157,3
src/kernel/core/net/modem_core/modem_core_api.h,actif,"déclaré par tauon_7.80/tauon-kernel-cortex-m4-debug (noyau, configuration Cortex-M4 embOS (socle))",21,3
src/kernel/core/net/modem_core/modem_core_socket.c,actif,"déclaré par tauon_7.80/tauon-kernel-cortex-m4-debug (noyau, configuration Cortex-M4 embOS (socle))",263,3
src/kernel/core/net/modem_core/modem_core_socket.h,actif,"déclaré par tauon_7.80/tauon-kernel-cortex-m4-debug (noyau, configuration Cortex-M4 embOS (socle))",3,3
src/kernel/core/net/modem_core/modem_socket.h,actif,"déclaré par tauon_7.80/tauon-kernel-cortex-m4-debug (noyau, configuration Cortex-M4 embOS (socle))",118,14
src/kernel/core/net/socket.h,actif,"déclaré par tauon_7.80/tauon-kernel-cortex-m4-debug (noyau, configuration Cortex-M4 embOS (socle))",13,14
src/kernel/core/net/socks.h,actif,"déclaré par tauon_7.80/tauon-kernel-cortex-m4-debug (noyau, configuration Cortex-M4 embOS (socle))",4,36
src/kernel/core/net/uip_core/uip_core.c,actif,"déclaré par tauon_7.80/tauon-kernel-cortex-m4-debug (noyau, configuration Cortex-M4 embOS (socle))",787,7
src/kernel/core/net/uip_core/uip_core.h,actif,"déclaré par tauon_7.80/tauon-kernel-cortex-m4-debug (noyau, configuration Cortex-M4 embOS (socle))",40,7
src/kernel/core/net/uip_core/uip_core_socket.c,actif,"déclaré par tauon_7.80/tauon-kernel-cortex-m4-debug (noyau, configuration Cortex-M4 embOS (socle))",913,3
src/kernel/core/net/uip_core/uip_core_socket.h,actif,"déclaré par tauon_7.80/tauon-kernel-cortex-m4-debug (noyau, configuration Cortex-M4 embOS (socle))",0,3
src/kernel/core/net/uip_core/uip_slip.c,actif,"déclaré par tauon_7.80/tauon-kernel-cortex-m4-debug (noyau, configuration Cortex-M4 embOS (socle))",78,7
src/kernel/core/net/uip_core/uip_slip.h,actif,"déclaré par tauon_7.80/tauon-kernel-cortex-m4-debug (noyau, configuration Cortex-M4 embOS (socle))",5,7
src/kernel/core/net/uip_core/uip_sock.c,actif,"déclaré par tauon_7.80/tauon-kernel-cortex-m4-debug (noyau, configuration Cortex-M4 embOS (socle))",550,7
src/kernel/core/net/uip_core/uip_sock.h,actif,"déclaré par tauon_7.80/tauon-kernel-cortex-m4-debug (noyau, configuration Cortex-M4 embOS (socle))",117,7
src/kernel/core/net/uip_core/uip_socket.h,actif,"inclus par tauon_7.80/tauon-kernel-cortex-m4-debug (noyau, configuration Cortex-M4 embOS (socle))",90,14
src/kernel/core/pipe.c,actif,"déclaré par tauon_7.80/tauon-kernel-cortex-m4-debug (noyau, configuration Cortex-M4 embOS (socle))",217,7
src/kernel/core/pipe.h,actif,"déclaré par tauon_7.80/tauon-kernel-cortex-m4-debug (noyau, configuration Cortex-M4 embOS (socle))",17,36
src/kernel/core/posix_mqueue.c,actif,"déclaré par tauon_7.80/tauon-kernel-cortex-m4-debug (noyau, configuration Cortex-M4 embOS (socle))",276,7
src/kernel/core/posix_mqueue.h,actif,"déclaré par tauon_7.80/tauon-kernel-cortex-m4-debug (noyau, configuration Cortex-M4 embOS (socle))",20,7
src/kernel/core/process.h,actif,"déclaré par tauon_7.80/tauon-kernel-cortex-m4-debug (noyau, configuration Cortex-M4 embOS (socle))",118,19
src/kernel/core/rttimer.h,actif,"déclaré par tauon_7.80/tauon-kernel-cortex-m4-debug (noyau, configuration Cortex-M4 embOS (socle))",38,7
src/kernel/core/select.c,actif,"déclaré par tauon_7.80/tauon-kernel-cortex-m4-debug (noyau, configuration Cortex-M4 embOS (socle))",209,7
src/kernel/core/select.h,actif,"déclaré par tauon_7.80/tauon-kernel-cortex-m4-debug (noyau, configuration Cortex-M4 embOS (socle))",27,13
src/kernel/core/signal.h,actif,"déclaré par tauon_7.80/tauon-kernel-cortex-m4-debug (noyau, configuration Cortex-M4 embOS (socle))",83,44
src/kernel/core/stat.c,actif,"déclaré par tauon_7.80/tauon-kernel-cortex-m4-debug (noyau, configuration Cortex-M4 embOS (socle))",62,7
src/kernel/core/stat.h,actif,"déclaré par tauon_7.80/tauon-kernel-cortex-m4-debug (noyau, configuration Cortex-M4 embOS (socle))",100,36
src/kernel/core/statvfs.c,actif,"déclaré par tauon_7.80/tauon-kernel-cortex-m4-debug (noyau, configuration Cortex-M4 embOS (socle))",33,7
src/kernel/core/statvfs.h,actif,"déclaré par tauon_7.80/tauon-kernel-cortex-m4-debug (noyau, configuration Cortex-M4 embOS (socle))",8,14
src/kernel/core/stropts.h,actif,"inclus par tauon_7.80/tauon-kernel-cortex-m4-debug (noyau, configuration Cortex-M4 embOS (socle))",5,7
src/kernel/core/sys/mqueue.h,actif,"déclaré par tauon_7.80/tauon-kernel-cortex-m4-debug (noyau, configuration Cortex-M4 embOS (socle))",11,14
src/kernel/core/sys/pthread.h,actif,"inclus par tauon_7.80/tauon-kernel-cortex-m4-debug (noyau, configuration Cortex-M4 embOS (socle))",32,14
src/kernel/core/sys/semaphore.h,actif,"inclus par tauon_7.80/tauon-kernel-cortex-m4-debug (noyau, configuration Cortex-M4 embOS (socle))",5,14
src/kernel/core/sys/siginfo.h,actif,inclus par dev_stm32f4xx_7.20/Debug (pilotes STM32F4 (config. liée par les applications F4)),36,44
src/kernel/core/sys/sysctl.h,actif,"déclaré par tauon_7.80/tauon-kernel-cortex-m4-debug (noyau, configuration Cortex-M4 embOS (socle))",8,7
src/kernel/core/sys/utsname.h,actif,"déclaré par tauon_7.80/tauon-kernel-cortex-m4-debug (noyau, configuration Cortex-M4 embOS (socle))",12,7
src/kernel/core/syscall.h,actif,"déclaré par tauon_7.80/tauon-kernel-cortex-m4-debug (noyau, configuration Cortex-M4 embOS (socle))",226,7
src/kernel/core/sysctl.c,actif,"déclaré par tauon_7.80/tauon-kernel-cortex-m4-debug (noyau, configuration Cortex-M4 embOS (socle))",46,7
src/kernel/core/sysctl.h,actif,"inclus par tauon_7.80/tauon-kernel-cortex-m4-debug (noyau, configuration Cortex-M4 embOS (socle))",4,7
src/kernel/core/system.c,actif,"déclaré par tauon_7.80/tauon-kernel-cortex-m4-debug (noyau, configuration Cortex-M4 embOS (socle))",243,7
src/kernel/core/system.h,actif,"déclaré par tauon_7.80/tauon-kernel-cortex-m4-debug (noyau, configuration Cortex-M4 embOS (socle))",23,41
src/kernel/core/systime.c,actif,"déclaré par tauon_7.80/tauon-kernel-cortex-m4-debug (noyau, configuration Cortex-M4 embOS (socle))",262,7
src/kernel/core/systime.h,actif,"déclaré par tauon_7.80/tauon-kernel-cortex-m4-debug (noyau, configuration Cortex-M4 embOS (socle))",25,7
src/kernel/core/time.c,actif,"déclaré par tauon_7.80/tauon-kernel-cortex-m4-debug (noyau, configuration Cortex-M4 embOS (socle))",359,7
src/kernel/core/time.h,actif,"déclaré par tauon_7.80/tauon-kernel-cortex-m4-debug (noyau, configuration Cortex-M4 embOS (socle))",72,18
src/kernel/core/timer.c,actif,"déclaré par tauon_7.80/tauon-kernel-cortex-m4-debug (noyau, configuration Cortex-M4 embOS (socle))",37,7
src/kernel/core/timer.h,actif,"déclaré par tauon_7.80/tauon-kernel-cortex-m4-debug (noyau, configuration Cortex-M4 embOS (socle))",27,44
src/kernel/core/truncate.c,actif,"déclaré par tauon_7.80/tauon-kernel-cortex-m4-debug (noyau, configuration Cortex-M4 embOS (socle))",25,7
src/kernel/core/types.h,actif,"déclaré par tauon_7.80/tauon-kernel-cortex-m4-debug (noyau, configuration Cortex-M4 embOS (socle))",80,44
src/kernel/core/ucore/cmsis-5/CMSIS/Core/Include/cachel1_armv7.h,actif,"étape 6 : CMSIS-Core 5 du Cortex-M7 (tiers, copie du paquet embOS)",244,0
src/kernel/core/ucore/cmsis-5/CMSIS/Core/Include/cmsis_compiler.h,actif,"étape 6 : CMSIS-Core 5 du Cortex-M7 (tiers, copie du paquet embOS)",206,0
src/kernel/core/ucore/cmsis-5/CMSIS/Core/Include/cmsis_gcc.h,actif,"étape 6 : CMSIS-Core 5 du Cortex-M7 (tiers, copie du paquet embOS)",1202,0
src/kernel/core/ucore/cmsis-5/CMSIS/Core/Include/cmsis_version.h,actif,"étape 6 : CMSIS-Core 5 du Cortex-M7 (tiers, copie du paquet embOS)",12,0
src/kernel/core/ucore/cmsis-5/CMSIS/Core/Include/core_cm0plus.h,actif,"étape 6 : CMSIS-Core 5 du Cortex-M0+ (tiers, copie du paquet embOS)",529,0
src/kernel/core/ucore/cmsis-5/CMSIS/Core/Include/core_cm7.h,actif,"étape 6 : CMSIS-Core 5 du Cortex-M7 (tiers, copie du paquet embOS)",1346,0
src/kernel/core/ucore/cmsis-5/CMSIS/Core/Include/mpu_armv7.h,actif,"étape 6 : CMSIS-Core 5 du Cortex-M7 (tiers, copie du paquet embOS)",125,0
src/kernel/core/ucore/cmsis-5/Device/ARM/ARMCM0/Include/ARMCM0.h,hors-projet,"non déclaré par un projet, non inclus, sans règle",169,0
src/kernel/core/ucore/cmsis-5/Device/ARM/ARMCM0/Include/system_ARMCM0.h,hors-projet,"non déclaré par un projet, non inclus, sans règle",12,0
src/kernel/core/ucore/cmsis-5/Device/ARM/ARMCM0/Source/ARM/startup_ARMCM0.s,hors-projet,"non déclaré par un projet, non inclus, sans règle",163,0
src/kernel/core/ucore/cmsis-5/Device/ARM/ARMCM0/Source/GCC/startup_ARMCM0.S,hors-projet,"non déclaré par un projet, non inclus, sans règle",186,0
src/kernel/core/ucore/cmsis-5/Device/ARM/ARMCM0/Source/GCC/startup_ARMCM0.c,hors-projet,"non déclaré par un projet, non inclus, sans règle",154,0
src/kernel/core/ucore/cmsis-5/Device/ARM/ARMCM0/Source/IAR/startup_ARMCM0.s,hors-projet,"non déclaré par un projet, non inclus, sans règle",185,0
src/kernel/core/ucore/cmsis-5/Device/ARM/ARMCM0/Source/system_ARMCM0.c,hors-projet,"non déclaré par un projet, non inclus, sans règle",12,0
src/kernel/core/ucore/cmsis-5/Device/ARM/ARMCM0plus/Include/ARMCM0plus.h,hors-projet,"non déclaré par un projet, non inclus, sans règle",169,0
src/kernel/core/ucore/cmsis-5/Device/ARM/ARMCM0plus/Include/system_ARMCM0plus.h,hors-projet,"non déclaré par un projet, non inclus, sans règle",12,0
src/kernel/core/ucore/cmsis-5/Device/ARM/ARMCM0plus/Source/ARM/startup_ARMCM0plus.s,hors-projet,"non déclaré par un projet, non inclus, sans règle",163,0
src/kernel/core/ucore/cmsis-5/Device/ARM/ARMCM0plus/Source/GCC/startup_ARMCM0plus.S,hors-projet,"non déclaré par un projet, non inclus, sans règle",186,0
src/kernel/core/ucore/cmsis-5/Device/ARM/ARMCM0plus/Source/GCC/startup_ARMCM0plus.c,hors-projet,"non déclaré par un projet, non inclus, sans règle",154,0
src/kernel/core/ucore/cmsis-5/Device/ARM/ARMCM0plus/Source/IAR/startup_ARMCM0plus.s,hors-projet,"non déclaré par un projet, non inclus, sans règle",185,0
src/kernel/core/ucore/cmsis-5/Device/ARM/ARMCM0plus/Source/system_ARMCM0plus.c,hors-projet,"non déclaré par un projet, non inclus, sans règle",18,0
src/kernel/core/ucore/cmsis-5/Device/ARM/ARMCM23/Include/ARMCM23.h,hors-projet,"non déclaré par un projet, non inclus, sans règle",170,0
src/kernel/core/ucore/cmsis-5/Device/ARM/ARMCM23/Include/ARMCM23_TZ.h,hors-projet,"non déclaré par un projet, non inclus, sans règle",170,0
src/kernel/core/ucore/cmsis-5/Device/ARM/ARMCM23/Include/Template/partition_ARMCM23.h,hors-projet,"non déclaré par un projet, non inclus, sans règle",178,0
src/kernel/core/ucore/cmsis-5/Device/ARM/ARMCM23/Include/system_ARMCM23.h,hors-projet,"non déclaré par un projet, non inclus, sans règle",12,0
src/kernel/core/ucore/cmsis-5/Device/ARM/ARMCM23/Source/ARM/startup_ARMCM23.s,hors-projet,"non déclaré par un projet, non inclus, sans règle",163,0
src/kernel/core/ucore/cmsis-5/Device/ARM/ARMCM23/Source/GCC/startup_ARMCM23.S,hors-projet,"non déclaré par un projet, non inclus, sans règle",186,0
src/kernel/core/ucore/cmsis-5/Device/ARM/ARMCM23/Source/GCC/startup_ARMCM23.c,hors-projet,"non déclaré par un projet, non inclus, sans règle",154,0
src/kernel/core/ucore/cmsis-5/Device/ARM/ARMCM23/Source/IAR/startup_ARMCM23.s,hors-projet,"non déclaré par un projet, non inclus, sans règle",185,0
src/kernel/core/ucore/cmsis-5/Device/ARM/ARMCM23/Source/system_ARMCM23.c,hors-projet,"non déclaré par un projet, non inclus, sans règle",30,0
src/kernel/core/ucore/cmsis-5/Device/ARM/ARMCM3/Include/ARMCM3.h,hors-projet,"non déclaré par un projet, non inclus, sans règle",173,0
src/kernel/core/ucore/cmsis-5/Device/ARM/ARMCM3/Include/system_ARMCM3.h,hors-projet,"non déclaré par un projet, non inclus, sans règle",12,0
src/kernel/core/ucore/cmsis-5/Device/ARM/ARMCM3/Source/ARM/startup_ARMCM3.s,hors-projet,"non déclaré par un projet, non inclus, sans règle",183,0
src/kernel/core/ucore/cmsis-5/Device/ARM/ARMCM3/Source/GCC/startup_ARMCM3.S,hors-projet,"non déclaré par un projet, non inclus, sans règle",184,0
src/kernel/core/ucore/cmsis-5/Device/ARM/ARMCM3/Source/GCC/startup_ARMCM3.c,hors-projet,"non déclaré par un projet, non inclus, sans règle",158,0
src/kernel/core/ucore/cmsis-5/Device/ARM/ARMCM3/Source/IAR/startup_ARMCM3.s,hors-projet,"non déclaré par un projet, non inclus, sans règle",201,0
src/kernel/core/ucore/cmsis-5/Device/ARM/ARMCM3/Source/system_ARMCM3.c,hors-projet,"non déclaré par un projet, non inclus, sans règle",18,0
src/kernel/core/ucore/cmsis-5/Device/ARM/ARMCM33/Include/ARMCM33.h,hors-projet,"non déclaré par un projet, non inclus, sans règle",177,0
src/kernel/core/ucore/cmsis-5/Device/ARM/ARMCM33/Include/ARMCM33_DSP_FP.h,hors-projet,"non déclaré par un projet, non inclus, sans règle",177,0
src/kernel/core/ucore/cmsis-5/Device/ARM/ARMCM33/Include/ARMCM33_DSP_FP_TZ.h,hors-projet,"non déclaré par un projet, non inclus, sans règle",177,0
src/kernel/core/ucore/cmsis-5/Device/ARM/ARMCM33/Include/ARMCM33_TZ.h,hors-projet,"non déclaré par un projet, non inclus, sans règle",177,0
src/kernel/core/ucore/cmsis-5/Device/ARM/ARMCM33/Include/Template/partition_ARMCM33.h,hors-projet,"non déclaré par un projet, non inclus, sans règle",186,0
src/kernel/core/ucore/cmsis-5/Device/ARM/ARMCM33/Include/system_ARMCM33.h,hors-projet,"non déclaré par un projet, non inclus, sans règle",12,0
src/kernel/core/ucore/cmsis-5/Device/ARM/ARMCM33/Source/ARM/startup_ARMCM33.s,hors-projet,"non déclaré par un projet, non inclus, sans règle",188,0
src/kernel/core/ucore/cmsis-5/Device/ARM/ARMCM33/Source/GCC/startup_ARMCM33.S,hors-projet,"non déclaré par un projet, non inclus, sans règle",185,0
src/kernel/core/ucore/cmsis-5/Device/ARM/ARMCM33/Source/GCC/startup_ARMCM33.c,hors-projet,"non déclaré par un projet, non inclus, sans règle",159,0
src/kernel/core/ucore/cmsis-5/Device/ARM/ARMCM33/Source/IAR/startup_ARMCM33.s,hors-projet,"non déclaré par un projet, non inclus, sans règle",205,0
src/kernel/core/ucore/cmsis-5/Device/ARM/ARMCM33/Source/system_ARMCM33.c,hors-projet,"non déclaré par un projet, non inclus, sans règle",44,0
src/kernel/core/ucore/cmsis-5/Device/ARM/ARMCM4/Include/ARMCM4.h,hors-projet,"non déclaré par un projet, non inclus, sans règle",174,0
src/kernel/core/ucore/cmsis-5/Device/ARM/ARMCM4/Include/ARMCM4_FP.h,hors-projet,"non déclaré par un projet, non inclus, sans règle",174,0
src/kernel/core/ucore/cmsis-5/Device/ARM/ARMCM4/Include/system_ARMCM4.h,hors-projet,"non déclaré par un projet, non inclus, sans règle",12,0
src/kernel/core/ucore/cmsis-5/Device/ARM/ARMCM4/Source/ARM/startup_ARMCM4.s,hors-projet,"non déclaré par un projet, non inclus, sans règle",183,0
src/kernel/core/ucore/cmsis-5/Device/ARM/ARMCM4/Source/GCC/startup_ARMCM4.S,hors-projet,"non déclaré par un projet, non inclus, sans règle",184,0
src/kernel/core/ucore/cmsis-5/Device/ARM/ARMCM4/Source/GCC/startup_ARMCM4.c,hors-projet,"non déclaré par un projet, non inclus, sans règle",158,0
src/kernel/core/ucore/cmsis-5/Device/ARM/ARMCM4/Source/IAR/startup_ARMCM4.s,hors-projet,"non déclaré par un projet, non inclus, sans règle",201,0
src/kernel/core/ucore/cmsis-5/Device/ARM/ARMCM4/Source/system_ARMCM4.c,hors-projet,"non déclaré par un projet, non inclus, sans règle",31,0
src/kernel/core/ucore/cmsis-5/Device/ARM/ARMCM7/Include/ARMCM7.h,hors-projet,"non déclaré par un projet, non inclus, sans règle",178,0
src/kernel/core/ucore/cmsis-5/Device/ARM/ARMCM7/Include/ARMCM7_DP.h,actif,"étape 6 : modèle de périphériques Cortex-M7 de mps2-an500 (tiers, CMSIS 5)",178,0
src/kernel/core/ucore/cmsis-5/Device/ARM/ARMCM7/Include/ARMCM7_SP.h,hors-projet,"non déclaré par un projet, non inclus, sans règle",178,0
src/kernel/core/ucore/cmsis-5/Device/ARM/ARMCM7/Include/system_ARMCM7.h,actif,"étape 6 : modèle de périphériques Cortex-M7 de mps2-an500 (tiers, CMSIS 5)",12,0
src/kernel/core/ucore/cmsis-5/Device/ARM/ARMCM7/Source/ARM/startup_ARMCM7.s,hors-projet,"non déclaré par un projet, non inclus, sans règle",183,0
src/kernel/core/ucore/cmsis-5/Device/ARM/ARMCM7/Source/GCC/startup_ARMCM7.S,hors-projet,"non déclaré par un projet, non inclus, sans règle",184,0
src/kernel/core/ucore/cmsis-5/Device/ARM/ARMCM7/Source/GCC/startup_ARMCM7.c,hors-projet,"non déclaré par un projet, non inclus, sans règle",158,0
src/kernel/core/ucore/cmsis-5/Device/ARM/ARMCM7/Source/IAR/startup_ARMCM7.s,hors-projet,"non déclaré par un projet, non inclus, sans règle",201,0
src/kernel/core/ucore/cmsis-5/Device/ARM/ARMCM7/Source/system_ARMCM7.c,hors-projet,"non déclaré par un projet, non inclus, sans règle",33,0
src/kernel/core/ucore/cmsis-5/Device/ARM/ARMSC000/Include/ARMSC000.h,hors-projet,"non déclaré par un projet, non inclus, sans règle",169,0
src/kernel/core/ucore/cmsis-5/Device/ARM/ARMSC000/Include/system_ARMSC000.h,hors-projet,"non déclaré par un projet, non inclus, sans règle",12,0
src/kernel/core/ucore/cmsis-5/Device/ARM/ARMSC000/Source/ARM/startup_ARMSC000.s,hors-projet,"non déclaré par un projet, non inclus, sans règle",163,0
src/kernel/core/ucore/cmsis-5/Device/ARM/ARMSC000/Source/GCC/startup_ARMSC000.S,hors-projet,"non déclaré par un projet, non inclus, sans règle",186,0
src/kernel/core/ucore/cmsis-5/Device/ARM/ARMSC000/Source/GCC/startup_ARMSC000.c,hors-projet,"non déclaré par un projet, non inclus, sans règle",154,0
src/kernel/core/ucore/cmsis-5/Device/ARM/ARMSC000/Source/IAR/startup_ARMSC000.s,hors-projet,"non déclaré par un projet, non inclus, sans règle",185,0
src/kernel/core/ucore/cmsis-5/Device/ARM/ARMSC000/Source/system_ARMSC000.c,hors-projet,"non déclaré par un projet, non inclus, sans règle",12,0
src/kernel/core/ucore/cmsis-5/Device/ARM/ARMSC300/Include/ARMSC300.h,hors-projet,"non déclaré par un projet, non inclus, sans règle",173,0
src/kernel/core/ucore/cmsis-5/Device/ARM/ARMSC300/Include/system_ARMSC300.h,hors-projet,"non déclaré par un projet, non inclus, sans règle",12,0
src/kernel/core/ucore/cmsis-5/Device/ARM/ARMSC300/Source/ARM/startup_ARMSC300.s,hors-projet,"non déclaré par un projet, non inclus, sans règle",183,0
src/kernel/core/ucore/cmsis-5/Device/ARM/ARMSC300/Source/GCC/startup_ARMSC300.S,hors-projet,"non déclaré par un projet, non inclus, sans règle",184,0
src/kernel/core/ucore/cmsis-5/Device/ARM/ARMSC300/Source/GCC/startup_ARMSC300.c,hors-projet,"non déclaré par un projet, non inclus, sans règle",158,0
src/kernel/core/ucore/cmsis-5/Device/ARM/ARMSC300/Source/IAR/startup_ARMSC300.s,hors-projet,"non déclaré par un projet, non inclus, sans règle",201,0
src/kernel/core/ucore/cmsis-5/Device/ARM/ARMSC300/Source/system_ARMSC300.c,hors-projet,"non déclaré par un projet, non inclus, sans règle",21,0
src/kernel/core/ucore/cmsis-5/Device/ARM/ARMv8MBL/Include/ARMv8MBL.h,hors-projet,"non déclaré par un projet, non inclus, sans règle",170,0
src/kernel/core/ucore/cmsis-5/Device/ARM/ARMv8MBL/Include/Template/partition_ARMv8MBL.h,hors-projet,"non déclaré par un projet, non inclus, sans règle",178,0
src/kernel/core/ucore/cmsis-5/Device/ARM/ARMv8MBL/Include/system_ARMv8MBL.h,hors-projet,"non déclaré par un projet, non inclus, sans règle",12,0
src/kernel/core/ucore/cmsis-5/Device/ARM/ARMv8MBL/Source/ARM/startup_ARMv8MBL.s,hors-projet,"non déclaré par un projet, non inclus, sans règle",163,0
src/kernel/core/ucore/cmsis-5/Device/ARM/ARMv8MBL/Source/GCC/startup_ARMv8MBL.S,hors-projet,"non déclaré par un projet, non inclus, sans règle",186,0
src/kernel/core/ucore/cmsis-5/Device/ARM/ARMv8MBL/Source/GCC/startup_ARMv8MBL.c,hors-projet,"non déclaré par un projet, non inclus, sans règle",154,0
src/kernel/core/ucore/cmsis-5/Device/ARM/ARMv8MBL/Source/IAR/startup_ARMv8MBL.s,hors-projet,"non déclaré par un projet, non inclus, sans règle",185,0
src/kernel/core/ucore/cmsis-5/Device/ARM/ARMv8MBL/Source/system_ARMv8MBL.c,hors-projet,"non déclaré par un projet, non inclus, sans règle",24,0
src/kernel/core/ucore/cmsis-5/Device/ARM/ARMv8MML/Include/ARMv8MML.h,hors-projet,"non déclaré par un projet, non inclus, sans règle",177,0
src/kernel/core/ucore/cmsis-5/Device/ARM/ARMv8MML/Include/ARMv8MML_DP.h,hors-projet,"non déclaré par un projet, non inclus, sans règle",178,0
src/kernel/core/ucore/cmsis-5/Device/ARM/ARMv8MML/Include/ARMv8MML_DSP.h,hors-projet,"non déclaré par un projet, non inclus, sans règle",177,0
src/kernel/core/ucore/cmsis-5/Device/ARM/ARMv8MML/Include/ARMv8MML_DSP_DP.h,hors-projet,"non déclaré par un projet, non inclus, sans règle",178,0
src/kernel/core/ucore/cmsis-5/Device/ARM/ARMv8MML/Include/ARMv8MML_DSP_SP.h,hors-projet,"non déclaré par un projet, non inclus, sans règle",178,0
src/kernel/core/ucore/cmsis-5/Device/ARM/ARMv8MML/Include/ARMv8MML_SP.h,hors-projet,"non déclaré par un projet, non inclus, sans règle",178,0
src/kernel/core/ucore/cmsis-5/Device/ARM/ARMv8MML/Include/Template/partition_ARMv8MML.h,hors-projet,"non déclaré par un projet, non inclus, sans règle",186,0
src/kernel/core/ucore/cmsis-5/Device/ARM/ARMv8MML/Include/system_ARMv8MML.h,hors-projet,"non déclaré par un projet, non inclus, sans règle",12,0
src/kernel/core/ucore/cmsis-5/Device/ARM/ARMv8MML/Source/ARM/startup_ARMv8MML.s,hors-projet,"non déclaré par un projet, non inclus, sans règle",188,0
src/kernel/core/ucore/cmsis-5/Device/ARM/ARMv8MML/Source/GCC/startup_ARMv8MML.S,hors-projet,"non déclaré par un projet, non inclus, sans règle",185,0
src/kernel/core/ucore/cmsis-5/Device/ARM/ARMv8MML/Source/GCC/startup_ARMv8MML.c,hors-projet,"non déclaré par un projet, non inclus, sans règle",159,0
src/kernel/core/ucore/cmsis-5/Device/ARM/ARMv8MML/Source/IAR/startup_ARMv8MML.s,hors-projet,"non déclaré par un projet, non inclus, sans règle",205,0
src/kernel/core/ucore/cmsis-5/Device/ARM/ARMv8MML/Source/system_ARMv8MML.c,hors-projet,"non déclaré par un projet, non inclus, sans règle",45,0
src/kernel/core/ucore/cmsis-5/Device/Atmel/samv71/RTE/RTE_Components.h,hors-projet,"non déclaré par un projet, non inclus, sans règle",4,0
src/kernel/core/ucore/cmsis-5/Device/Atmel/samv71/include/acc.h,hors-projet,"non déclaré par un projet, non inclus, sans règle",68,0
src/kernel/core/ucore/cmsis-5/Device/Atmel/samv71/include/adc.h,hors-projet,"non déclaré par un projet, non inclus, sans règle",86,0
src/kernel/core/ucore/cmsis-5/Device/Atmel/samv71/include/aes.h,hors-projet,"non déclaré par un projet, non inclus, sans règle",23,0
src/kernel/core/ucore/cmsis-5/Device/Atmel/samv71/include/afe_dma.h,hors-projet,"non déclaré par un projet, non inclus, sans règle",28,0
src/kernel/core/ucore/cmsis-5/Device/Atmel/samv71/include/afec.h,hors-projet,"non déclaré par un projet, non inclus, sans règle",77,0
src/kernel/core/ucore/cmsis-5/Device/Atmel/samv71/include/can.h,hors-projet,"non déclaré par un projet, non inclus, sans règle",61,0
src/kernel/core/ucore/cmsis-5/Device/Atmel/samv71/include/dac_dma.h,hors-projet,"non déclaré par un projet, non inclus, sans règle",51,0
src/kernel/core/ucore/cmsis-5/Device/Atmel/samv71/include/dacc.h,hors-projet,"non déclaré par un projet, non inclus, sans règle",62,0
src/kernel/core/ucore/cmsis-5/Device/Atmel/samv71/include/efc.h,hors-projet,"non déclaré par un projet, non inclus, sans règle",46,0
src/kernel/core/ucore/cmsis-5/Device/Atmel/samv71/include/exceptions.h,hors-projet,"non déclaré par un projet, non inclus, sans règle",47,0
src/kernel/core/ucore/cmsis-5/Device/Atmel/samv71/include/flashd.h,hors-projet,"non déclaré par un projet, non inclus, sans règle",31,0
src/kernel/core/ucore/cmsis-5/Device/Atmel/samv71/include/gmac.h,hors-projet,"non déclaré par un projet, non inclus, sans règle",147,0
src/kernel/core/ucore/cmsis-5/Device/Atmel/samv71/include/gmacd.h,hors-projet,"non déclaré par un projet, non inclus, sans règle",76,0
src/kernel/core/ucore/cmsis-5/Device/Atmel/samv71/include/hsmci.h,hors-projet,"non déclaré par un projet, non inclus, sans règle",47,0
src/kernel/core/ucore/cmsis-5/Device/Atmel/samv71/include/icm.h,hors-projet,"non déclaré par un projet, non inclus, sans règle",44,0
src/kernel/core/ucore/cmsis-5/Device/Atmel/samv71/include/isi.h,hors-projet,"non déclaré par un projet, non inclus, sans règle",26,0
src/kernel/core/ucore/cmsis-5/Device/Atmel/samv71/include/mcid.h,hors-projet,"non déclaré par un projet, non inclus, sans règle",45,0
src/kernel/core/ucore/cmsis-5/Device/Atmel/samv71/include/mediaLB.h,hors-projet,"non déclaré par un projet, non inclus, sans règle",3,0
src/kernel/core/ucore/cmsis-5/Device/Atmel/samv71/include/mpu.h,hors-projet,"non déclaré par un projet, non inclus, sans règle",93,0
src/kernel/core/ucore/cmsis-5/Device/Atmel/samv71/include/pio.h,hors-projet,"non déclaré par un projet, non inclus, sans règle",52,0
src/kernel/core/ucore/cmsis-5/Device/Atmel/samv71/include/pio_capture.h,hors-projet,"non déclaré par un projet, non inclus, sans règle",21,0
src/kernel/core/ucore/cmsis-5/Device/Atmel/samv71/include/pio_it.h,hors-projet,"non déclaré par un projet, non inclus, sans règle",17,0
src/kernel/core/ucore/cmsis-5/Device/Atmel/samv71/include/pmc.h,hors-projet,"non déclaré par un projet, non inclus, sans règle",39,0
src/kernel/core/ucore/cmsis-5/Device/Atmel/samv71/include/pwmc.h,hors-projet,"non déclaré par un projet, non inclus, sans règle",58,0
src/kernel/core/ucore/cmsis-5/Device/Atmel/samv71/include/qspi.h,hors-projet,"non déclaré par un projet, non inclus, sans règle",51,0
src/kernel/core/ucore/cmsis-5/Device/Atmel/samv71/include/qspi_dma.h,hors-projet,"non déclaré par un projet, non inclus, sans règle",43,0
src/kernel/core/ucore/cmsis-5/Device/Atmel/samv71/include/rstc.h,hors-projet,"non déclaré par un projet, non inclus, sans règle",15,0
src/kernel/core/ucore/cmsis-5/Device/Atmel/samv71/include/rtc.h,hors-projet,"non déclaré par un projet, non inclus, sans règle",34,0
src/kernel/core/ucore/cmsis-5/Device/Atmel/samv71/include/rtt.h,hors-projet,"non déclaré par un projet, non inclus, sans règle",16,0
src/kernel/core/ucore/cmsis-5/Device/Atmel/samv71/include/samv7/component/component_acc.h,hors-projet,"non déclaré par un projet, non inclus, sans règle",80,0
src/kernel/core/ucore/cmsis-5/Device/Atmel/samv71/include/samv7/component/component_aes.h,hors-projet,"non déclaré par un projet, non inclus, sans règle",113,0
src/kernel/core/ucore/cmsis-5/Device/Atmel/samv71/include/samv7/component/component_afec.h,hors-projet,"non déclaré par un projet, non inclus, sans règle",421,0
src/kernel/core/ucore/cmsis-5/Device/Atmel/samv71/include/samv7/component/component_chipid.h,hors-projet,"non déclaré par un projet, non inclus, sans règle",109,0
src/kernel/core/ucore/cmsis-5/Device/Atmel/samv71/include/samv7/component/component_dacc.h,hors-projet,"non déclaré par un projet, non inclus, sans règle",145,0
src/kernel/core/ucore/cmsis-5/Device/Atmel/samv71/include/samv7/component/component_efc.h,hors-projet,"non déclaré par un projet, non inclus, sans règle",63,0
src/kernel/core/ucore/cmsis-5/Device/Atmel/samv71/include/samv7/component/component_gmac.h,hors-projet,"non déclaré par un projet, non inclus, sans règle",565,0
src/kernel/core/ucore/cmsis-5/Device/Atmel/samv71/include/samv7/component/component_gpbr.h,hors-projet,"non déclaré par un projet, non inclus, sans règle",11,0
src/kernel/core/ucore/cmsis-5/Device/Atmel/samv71/include/samv7/component/component_hsmci.h,hors-projet,"non déclaré par un projet, non inclus, sans règle",266,0
src/kernel/core/ucore/cmsis-5/Device/Atmel/samv71/include/samv7/component/component_icm.h,hors-projet,"non déclaré par un projet, non inclus, sans règle",167,0
src/kernel/core/ucore/cmsis-5/Device/Atmel/samv71/include/samv7/component/component_isi.h,hors-projet,"non déclaré par un projet, non inclus, sans règle",216,0
src/kernel/core/ucore/cmsis-5/Device/Atmel/samv71/include/samv7/component/component_matrix.h,hors-projet,"non déclaré par un projet, non inclus, sans règle",292,0
src/kernel/core/ucore/cmsis-5/Device/Atmel/samv71/include/samv7/component/component_pio.h,hors-projet,"non déclaré par un projet, non inclus, sans règle",1588,0
src/kernel/core/ucore/cmsis-5/Device/Atmel/samv71/include/samv7/component/component_pmc.h,hors-projet,"non déclaré par un projet, non inclus, sans règle",655,0
src/kernel/core/ucore/cmsis-5/Device/Atmel/samv71/include/samv7/component/component_pwm.h,hors-projet,"non déclaré par un projet, non inclus, sans règle",615,0
src/kernel/core/ucore/cmsis-5/Device/Atmel/samv71/include/samv7/component/component_qspi.h,hors-projet,"non déclaré par un projet, non inclus, sans règle",166,0
src/kernel/core/ucore/cmsis-5/Device/Atmel/samv71/include/samv7/component/component_rstc.h,hors-projet,"non déclaré par un projet, non inclus, sans règle",33,0
src/kernel/core/ucore/cmsis-5/Device/Atmel/samv71/include/samv7/component/component_rtc.h,hors-projet,"non déclaré par un projet, non inclus, sans règle",208,0
src/kernel/core/ucore/cmsis-5/Device/Atmel/samv71/include/samv7/component/component_rtt.h,hors-projet,"non déclaré par un projet, non inclus, sans règle",26,0
src/kernel/core/ucore/cmsis-5/Device/Atmel/samv71/include/samv7/component/component_sdramc.h,hors-projet,"non déclaré par un projet, non inclus, sans règle",141,0
src/kernel/core/ucore/cmsis-5/Device/Atmel/samv71/include/samv7/component/component_smc.h,hors-projet,"non déclaré par un projet, non inclus, sans règle",99,0
src/kernel/core/ucore/cmsis-5/Device/Atmel/samv71/include/samv7/component/component_spi.h,hors-projet,"non déclaré par un projet, non inclus, sans règle",113,0
src/kernel/core/ucore/cmsis-5/Device/Atmel/samv71/include/samv7/component/component_ssc.h,hors-projet,"non déclaré par un projet, non inclus, sans règle",213,0
src/kernel/core/ucore/cmsis-5/Device/Atmel/samv71/include/samv7/component/component_supc.h,hors-projet,"non déclaré par un projet, non inclus, sans règle",266,0
src/kernel/core/ucore/cmsis-5/Device/Atmel/samv71/include/samv7/component/component_tc.h,hors-projet,"non déclaré par un projet, non inclus, sans règle",267,0
src/kernel/core/ucore/cmsis-5/Device/Atmel/samv71/include/samv7/component/component_trng.h,hors-projet,"non déclaré par un projet, non inclus, sans règle",31,0
src/kernel/core/ucore/cmsis-5/Device/Atmel/samv71/include/samv7/component/component_twi.h,hors-projet,"non déclaré par un projet, non inclus, sans règle",111,0
src/kernel/core/ucore/cmsis-5/Device/Atmel/samv71/include/samv7/component/component_twihs.h,hors-projet,"non déclaré par un projet, non inclus, sans règle",232,0
src/kernel/core/ucore/cmsis-5/Device/Atmel/samv71/include/samv7/component/component_uart.h,hors-projet,"non déclaré par un projet, non inclus, sans règle",96,0
src/kernel/core/ucore/cmsis-5/Device/Atmel/samv71/include/samv7/component/component_uotghs.h,hors-projet,"non déclaré par un projet, non inclus, sans règle",933,0
src/kernel/core/ucore/cmsis-5/Device/Atmel/samv71/include/samv7/component/component_usart.h,hors-projet,"non déclaré par un projet, non inclus, sans règle",395,0
src/kernel/core/ucore/cmsis-5/Device/Atmel/samv71/include/samv7/component/component_wdt.h,hors-projet,"non déclaré par un projet, non inclus, sans règle",27,0
src/kernel/core/ucore/cmsis-5/Device/Atmel/samv71/include/samv7/component/component_xdmac.h,hors-projet,"non déclaré par un projet, non inclus, sans règle",548,0
src/kernel/core/ucore/cmsis-5/Device/Atmel/samv71/include/samv7/instance/instance_acc.h,hors-projet,"non déclaré par un projet, non inclus, sans règle",26,0
src/kernel/core/ucore/cmsis-5/Device/Atmel/samv71/include/samv7/instance/instance_aes.h,hors-projet,"non déclaré par un projet, non inclus, sans règle",40,0
src/kernel/core/ucore/cmsis-5/Device/Atmel/samv71/include/samv7/instance/instance_afec0.h,hors-projet,"non déclaré par un projet, non inclus, sans règle",68,0
src/kernel/core/ucore/cmsis-5/Device/Atmel/samv71/include/samv7/instance/instance_afec1.h,hors-projet,"non déclaré par un projet, non inclus, sans règle",68,0
src/kernel/core/ucore/cmsis-5/Device/Atmel/samv71/include/samv7/instance/instance_chipid.h,hors-projet,"non déclaré par un projet, non inclus, sans règle",10,0
src/kernel/core/ucore/cmsis-5/Device/Atmel/samv71/include/samv7/instance/instance_dacc.h,hors-projet,"non déclaré par un projet, non inclus, sans règle",34,0
src/kernel/core/ucore/cmsis-5/Device/Atmel/samv71/include/samv7/instance/instance_efc.h,hors-projet,"non déclaré par un projet, non inclus, sans règle",16,0
src/kernel/core/ucore/cmsis-5/Device/Atmel/samv71/include/samv7/instance/instance_gmac.h,hors-projet,"non déclaré par un projet, non inclus, sans règle",210,0
src/kernel/core/ucore/cmsis-5/Device/Atmel/samv71/include/samv7/instance/instance_gpbr.h,hors-projet,"non déclaré par un projet, non inclus, sans règle",8,0
src/kernel/core/ucore/cmsis-5/Device/Atmel/samv71/include/samv7/instance/instance_hsmci.h,hors-projet,"non déclaré par un projet, non inclus, sans règle",48,0
src/kernel/core/ucore/cmsis-5/Device/Atmel/samv71/include/samv7/instance/instance_icm.h,hors-projet,"non déclaré par un projet, non inclus, sans règle",36,0
src/kernel/core/ucore/cmsis-5/Device/Atmel/samv71/include/samv7/instance/instance_isi.h,hors-projet,"non déclaré par un projet, non inclus, sans règle",58,0
src/kernel/core/ucore/cmsis-5/Device/Atmel/samv71/include/samv7/instance/instance_matrix.h,hors-projet,"non déclaré par un projet, non inclus, sans règle",102,0
src/kernel/core/ucore/cmsis-5/Device/Atmel/samv71/include/samv7/instance/instance_pioa.h,hors-projet,"non déclaré par un projet, non inclus, sans règle",132,0
src/kernel/core/ucore/cmsis-5/Device/Atmel/samv71/include/samv7/instance/instance_piob.h,hors-projet,"non déclaré par un projet, non inclus, sans règle",132,0
src/kernel/core/ucore/cmsis-5/Device/Atmel/samv71/include/samv7/instance/instance_pioc.h,hors-projet,"non déclaré par un projet, non inclus, sans règle",132,0
src/kernel/core/ucore/cmsis-5/Device/Atmel/samv71/include/samv7/instance/instance_piod.h,hors-projet,"non déclaré par un projet, non inclus, sans règle",132,0
src/kernel/core/ucore/cmsis-5/Device/Atmel/samv71/include/samv7/instance/instance_pioe.h,hors-projet,"non déclaré par un projet, non inclus, sans règle",132,0
src/kernel/core/ucore/cmsis-5/Device/Atmel/samv71/include/samv7/instance/instance_pmc.h,hors-projet,"non déclaré par un projet, non inclus, sans règle",88,0
src/kernel/core/ucore/cmsis-5/Device/Atmel/samv71/include/samv7/instance/instance_pwm0.h,hors-projet,"non déclaré par un projet, non inclus, sans règle",242,0
src/kernel/core/ucore/cmsis-5/Device/Atmel/samv71/include/samv7/instance/instance_pwm1.h,hors-projet,"non déclaré par un projet, non inclus, sans règle",242,0
src/kernel/core/ucore/cmsis-5/Device/Atmel/samv71/include/samv7/instance/instance_qspi.h,hors-projet,"non déclaré par un projet, non inclus, sans règle",40,0
src/kernel/core/ucore/cmsis-5/Device/Atmel/samv71/include/samv7/instance/instance_rstc.h,hors-projet,"non déclaré par un projet, non inclus, sans règle",12,0
src/kernel/core/ucore/cmsis-5/Device/Atmel/samv71/include/samv7/instance/instance_rtc.h,hors-projet,"non déclaré par un projet, non inclus, sans règle",46,0
src/kernel/core/ucore/cmsis-5/Device/Atmel/samv71/include/samv7/instance/instance_rtt.h,hors-projet,"non déclaré par un projet, non inclus, sans règle",14,0
src/kernel/core/ucore/cmsis-5/Device/Atmel/samv71/include/samv7/instance/instance_sdramc.h,hors-projet,"non déclaré par un projet, non inclus, sans règle",30,0
src/kernel/core/ucore/cmsis-5/Device/Atmel/samv71/include/samv7/instance/instance_smc.h,hors-projet,"non déclaré par un projet, non inclus, sans règle",56,0
src/kernel/core/ucore/cmsis-5/Device/Atmel/samv71/include/samv7/instance/instance_spi0.h,hors-projet,"non déclaré par un projet, non inclus, sans règle",30,0
src/kernel/core/ucore/cmsis-5/Device/Atmel/samv71/include/samv7/instance/instance_spi1.h,hors-projet,"non déclaré par un projet, non inclus, sans règle",30,0
src/kernel/core/ucore/cmsis-5/Device/Atmel/samv71/include/samv7/instance/instance_ssc.h,hors-projet,"non déclaré par un projet, non inclus, sans règle",44,0
src/kernel/core/ucore/cmsis-5/Device/Atmel/samv71/include/samv7/instance/instance_supc.h,hors-projet,"non déclaré par un projet, non inclus, sans règle",20,0
src/kernel/core/ucore/cmsis-5/Device/Atmel/samv71/include/samv7/instance/instance_tc0.h,hors-projet,"non déclaré par un projet, non inclus, sans règle",102,0
src/kernel/core/ucore/cmsis-5/Device/Atmel/samv71/include/samv7/instance/instance_tc1.h,hors-projet,"non déclaré par un projet, non inclus, sans règle",102,0
src/kernel/core/ucore/cmsis-5/Device/Atmel/samv71/include/samv7/instance/instance_tc2.h,hors-projet,"non déclaré par un projet, non inclus, sans règle",102,0
src/kernel/core/ucore/cmsis-5/Device/Atmel/samv71/include/samv7/instance/instance_tc3.h,hors-projet,"non déclaré par un projet, non inclus, sans règle",102,0
src/kernel/core/ucore/cmsis-5/Device/Atmel/samv71/include/samv7/instance/instance_trng.h,hors-projet,"non déclaré par un projet, non inclus, sans règle",20,0
src/kernel/core/ucore/cmsis-5/Device/Atmel/samv71/include/samv7/instance/instance_twi0.h,hors-projet,"non déclaré par un projet, non inclus, sans règle",44,0
src/kernel/core/ucore/cmsis-5/Device/Atmel/samv71/include/samv7/instance/instance_twi1.h,hors-projet,"non déclaré par un projet, non inclus, sans règle",32,0
src/kernel/core/ucore/cmsis-5/Device/Atmel/samv71/include/samv7/instance/instance_twi2.h,hors-projet,"non déclaré par un projet, non inclus, sans règle",32,0
src/kernel/core/ucore/cmsis-5/Device/Atmel/samv71/include/samv7/instance/instance_uart0.h,hors-projet,"non déclaré par un projet, non inclus, sans règle",28,0
src/kernel/core/ucore/cmsis-5/Device/Atmel/samv71/include/samv7/instance/instance_uart1.h,hors-projet,"non déclaré par un projet, non inclus, sans règle",28,0
src/kernel/core/ucore/cmsis-5/Device/Atmel/samv71/include/samv7/instance/instance_uart2.h,hors-projet,"non déclaré par un projet, non inclus, sans règle",28,0
src/kernel/core/ucore/cmsis-5/Device/Atmel/samv71/include/samv7/instance/instance_uart3.h,hors-projet,"non déclaré par un projet, non inclus, sans règle",28,0
src/kernel/core/ucore/cmsis-5/Device/Atmel/samv71/include/samv7/instance/instance_uart4.h,hors-projet,"non déclaré par un projet, non inclus, sans règle",28,0
src/kernel/core/ucore/cmsis-5/Device/Atmel/samv71/include/samv7/instance/instance_usart0.h,hors-projet,"non déclaré par un projet, non inclus, sans règle",70,0
src/kernel/core/ucore/cmsis-5/Device/Atmel/samv71/include/samv7/instance/instance_usart1.h,hors-projet,"non déclaré par un projet, non inclus, sans règle",70,0
src/kernel/core/ucore/cmsis-5/Device/Atmel/samv71/include/samv7/instance/instance_usart2.h,hors-projet,"non déclaré par un projet, non inclus, sans règle",70,0
src/kernel/core/ucore/cmsis-5/Device/Atmel/samv71/include/samv7/instance/instance_usbhs.h,hors-projet,"non déclaré par un projet, non inclus, sans règle",216,0
src/kernel/core/ucore/cmsis-5/Device/Atmel/samv71/include/samv7/instance/instance_wdt0.h,hors-projet,"non déclaré par un projet, non inclus, sans règle",12,0
src/kernel/core/ucore/cmsis-5/Device/Atmel/samv71/include/samv7/instance/instance_wdt1.h,hors-projet,"non déclaré par un projet, non inclus, sans règle",12,0
src/kernel/core/ucore/cmsis-5/Device/Atmel/samv71/include/samv7/instance/instance_xdmac.h,hors-projet,"non déclaré par un projet, non inclus, sans règle",714,0
src/kernel/core/ucore/cmsis-5/Device/Atmel/samv71/include/samv7/pio/pio_samv70j19.h,hors-projet,"non déclaré par un projet, non inclus, sans règle",364,0
src/kernel/core/ucore/cmsis-5/Device/Atmel/samv71/include/samv7/pio/pio_samv70j20.h,hors-projet,"non déclaré par un projet, non inclus, sans règle",367,0
src/kernel/core/ucore/cmsis-5/Device/Atmel/samv71/include/samv7/pio/pio_samv70n19.h,hors-projet,"non déclaré par un projet, non inclus, sans règle",423,0
src/kernel/core/ucore/cmsis-5/Device/Atmel/samv71/include/samv7/pio/pio_samv70n20.h,hors-projet,"non déclaré par un projet, non inclus, sans règle",420,0
src/kernel/core/ucore/cmsis-5/Device/Atmel/samv71/include/samv7/pio/pio_samv70q19.h,hors-projet,"non déclaré par un projet, non inclus, sans règle",593,0
src/kernel/core/ucore/cmsis-5/Device/Atmel/samv71/include/samv7/pio/pio_samv70q20.h,hors-projet,"non déclaré par un projet, non inclus, sans règle",593,0
src/kernel/core/ucore/cmsis-5/Device/Atmel/samv71/include/samv7/pio/pio_samv71j19.h,hors-projet,"non déclaré par un projet, non inclus, sans règle",367,0
src/kernel/core/ucore/cmsis-5/Device/Atmel/samv71/include/samv7/pio/pio_samv71j20.h,hors-projet,"non déclaré par un projet, non inclus, sans règle",367,0
src/kernel/core/ucore/cmsis-5/Device/Atmel/samv71/include/samv7/pio/pio_samv71j21.h,hors-projet,"non déclaré par un projet, non inclus, sans règle",367,0
src/kernel/core/ucore/cmsis-5/Device/Atmel/samv71/include/samv7/pio/pio_samv71n19.h,hors-projet,"non déclaré par un projet, non inclus, sans règle",420,0
src/kernel/core/ucore/cmsis-5/Device/Atmel/samv71/include/samv7/pio/pio_samv71n20.h,hors-projet,"non déclaré par un projet, non inclus, sans règle",420,0
src/kernel/core/ucore/cmsis-5/Device/Atmel/samv71/include/samv7/pio/pio_samv71n21.h,hors-projet,"non déclaré par un projet, non inclus, sans règle",420,0
src/kernel/core/ucore/cmsis-5/Device/Atmel/samv71/include/samv7/pio/pio_samv71q19.h,hors-projet,"non déclaré par un projet, non inclus, sans règle",593,0
src/kernel/core/ucore/cmsis-5/Device/Atmel/samv71/include/samv7/pio/pio_samv71q20.h,hors-projet,"non déclaré par un projet, non inclus, sans règle",593,0
src/kernel/core/ucore/cmsis-5/Device/Atmel/samv71/include/samv7/pio/pio_samv71q21.h,hors-projet,"non déclaré par un projet, non inclus, sans règle",593,0
src/kernel/core/ucore/cmsis-5/Device/Atmel/samv71/include/samv7/sam.h,hors-projet,"non déclaré par un projet, non inclus, sans règle",72,0
src/kernel/core/ucore/cmsis-5/Device/Atmel/samv71/include/samv7/samv70j19.h,hors-projet,"non déclaré par un projet, non inclus, sans règle",459,0
src/kernel/core/ucore/cmsis-5/Device/Atmel/samv71/include/samv7/samv70j20.h,hors-projet,"non déclaré par un projet, non inclus, sans règle",465,0
src/kernel/core/ucore/cmsis-5/Device/Atmel/samv71/include/samv7/samv70n19.h,hors-projet,"non déclaré par un projet, non inclus, sans règle",472,0
src/kernel/core/ucore/cmsis-5/Device/Atmel/samv71/include/samv7/samv70n20.h,hors-projet,"non déclaré par un projet, non inclus, sans règle",464,0
src/kernel/core/ucore/cmsis-5/Device/Atmel/samv71/include/samv7/samv70q19.h,hors-projet,"non déclaré par un projet, non inclus, sans règle",519,0
src/kernel/core/ucore/cmsis-5/Device/Atmel/samv71/include/samv7/samv70q20.h,hors-projet,"non déclaré par un projet, non inclus, sans règle",520,0
src/kernel/core/ucore/cmsis-5/Device/Atmel/samv71/include/samv7/samv71j19.h,hors-projet,"non déclaré par un projet, non inclus, sans règle",461,0
src/kernel/core/ucore/cmsis-5/Device/Atmel/samv71/include/samv7/samv71j20.h,hors-projet,"non déclaré par un projet, non inclus, sans règle",465,0
src/kernel/core/ucore/cmsis-5/Device/Atmel/samv71/include/samv7/samv71j21.h,hors-projet,"non déclaré par un projet, non inclus, sans règle",461,0
src/kernel/core/ucore/cmsis-5/Device/Atmel/samv71/include/samv7/samv71n19.h,hors-projet,"non déclaré par un projet, non inclus, sans règle",465,0
src/kernel/core/ucore/cmsis-5/Device/Atmel/samv71/include/samv7/samv71n20.h,hors-projet,"non déclaré par un projet, non inclus, sans règle",460,0
src/kernel/core/ucore/cmsis-5/Device/Atmel/samv71/include/samv7/samv71n21.h,hors-projet,"non déclaré par un projet, non inclus, sans règle",465,0
src/kernel/core/ucore/cmsis-5/Device/Atmel/samv71/include/samv7/samv71q19.h,hors-projet,"non déclaré par un projet, non inclus, sans règle",514,0
src/kernel/core/ucore/cmsis-5/Device/Atmel/samv71/include/samv7/samv71q20.h,hors-projet,"non déclaré par un projet, non inclus, sans règle",520,0
src/kernel/core/ucore/cmsis-5/Device/Atmel/samv71/include/samv7/samv71q21.h,hors-projet,"non déclaré par un projet, non inclus, sans règle",539,0
src/kernel/core/ucore/cmsis-5/Device/Atmel/samv71/include/samv7/system_sam.h,hors-projet,"non déclaré par un projet, non inclus, sans règle",14,0
src/kernel/core/ucore/cmsis-5/Device/Atmel/samv71/include/sdramc.h,hors-projet,"non déclaré par un projet, non inclus, sans règle",22,0
src/kernel/core/ucore/cmsis-5/Device/Atmel/samv71/include/smc.h,hors-projet,"non déclaré par un projet, non inclus, sans règle",67,0
src/kernel/core/ucore/cmsis-5/Device/Atmel/samv71/include/spi.h,hors-projet,"non déclaré par un projet, non inclus, sans règle",29,0
src/kernel/core/ucore/cmsis-5/Device/Atmel/samv71/include/spi_dma.h,hors-projet,"non déclaré par un projet, non inclus, sans règle",44,0
src/kernel/core/ucore/cmsis-5/Device/Atmel/samv71/include/ssc.h,hors-projet,"non déclaré par un projet, non inclus, sans règle",23,0
src/kernel/core/ucore/cmsis-5/Device/Atmel/samv71/include/supc.h,hors-projet,"non déclaré par un projet, non inclus, sans règle",11,0
src/kernel/core/ucore/cmsis-5/Device/Atmel/samv71/include/tc.h,hors-projet,"non déclaré par un projet, non inclus, sans règle",15,0
src/kernel/core/ucore/cmsis-5/Device/Atmel/samv71/include/timetick.h,hors-projet,"non déclaré par un projet, non inclus, sans règle",10,0
src/kernel/core/ucore/cmsis-5/Device/Atmel/samv71/include/trace.h,hors-projet,"non déclaré par un projet, non inclus, sans règle",102,0
src/kernel/core/ucore/cmsis-5/Device/Atmel/samv71/include/trng.h,hors-projet,"non déclaré par un projet, non inclus, sans règle",10,0
src/kernel/core/ucore/cmsis-5/Device/Atmel/samv71/include/twi.h,hors-projet,"non déclaré par un projet, non inclus, sans règle",38,0
src/kernel/core/ucore/cmsis-5/Device/Atmel/samv71/include/twid.h,hors-projet,"non déclaré par un projet, non inclus, sans règle",62,0
src/kernel/core/ucore/cmsis-5/Device/Atmel/samv71/include/uart.h,hors-projet,"non déclaré par un projet, non inclus, sans règle",17,0
src/kernel/core/ucore/cmsis-5/Device/Atmel/samv71/include/uart_dma.h,hors-projet,"non déclaré par un projet, non inclus, sans règle",39,0
src/kernel/core/ucore/cmsis-5/Device/Atmel/samv71/include/udphs.h,hors-projet,"non déclaré par un projet, non inclus, sans règle",12,0
src/kernel/core/ucore/cmsis-5/Device/Atmel/samv71/include/usart.h,hors-projet,"non déclaré par un projet, non inclus, sans règle",38,0
src/kernel/core/ucore/cmsis-5/Device/Atmel/samv71/include/usart_dma.h,hors-projet,"non déclaré par un projet, non inclus, sans règle",40,0
src/kernel/core/ucore/cmsis-5/Device/Atmel/samv71/include/video.h,hors-projet,"non déclaré par un projet, non inclus, sans règle",22,0
src/kernel/core/ucore/cmsis-5/Device/Atmel/samv71/include/wdt.h,hors-projet,"non déclaré par un projet, non inclus, sans règle",16,0
src/kernel/core/ucore/cmsis-5/Device/Atmel/samv71/include/xdma_hardware_interface.h,hors-projet,"non déclaré par un projet, non inclus, sans règle",12,0
src/kernel/core/ucore/cmsis-5/Device/Atmel/samv71/include/xdmac.h,hors-projet,"non déclaré par un projet, non inclus, sans règle",61,0
src/kernel/core/ucore/cmsis-5/Device/Atmel/samv71/include/xdmad.h,hors-projet,"non déclaré par un projet, non inclus, sans règle",122,0
src/kernel/core/ucore/cmsis-5/Device/Atmel/samv71/source/iar/startup_sam.c,hors-projet,"non déclaré par un projet, non inclus, sans règle",216,0
src/kernel/core/ucore/cmsis-5/Device/Atmel/samv71/source/iar/startup_samv71.c,différé,"déclaré par tauon-basic_at91samv71_7.80/Debug (Cortex-M7 Atmel SAMV71/SAME70, référence M7 (décision 2026-09-30))",287,1
src/kernel/core/ucore/cmsis-5/Device/Atmel/samv71/source/system_sam.c,hors-projet,"non déclaré par un projet, non inclus, sans règle",148,0
src/kernel/core/ucore/cmsis-5/Device/Atmel/samv71/source/system_samv71.c,différé,"déclaré par tauon-basic_at91samv71_7.80/Debug (Cortex-M7 Atmel SAMV71/SAME70, référence M7 (décision 2026-09-30))",163,1
src/kernel/core/ucore/cmsis-5/Device/Microchip/SAMD21/include/component-version.h,actif,"étape 6 : en-têtes de la SAMD21J18A (tiers, Microchip SAMD21_DFP 3.8.270)",9,0
src/kernel/core/ucore/cmsis-5/Device/Microchip/SAMD21/include/component/ac.h,actif,"étape 6 : en-têtes de la SAMD21J18A (tiers, Microchip SAMD21_DFP 3.8.270)",301,0
src/kernel/core/ucore/cmsis-5/Device/Microchip/SAMD21/include/component/adc.h,actif,"étape 6 : en-têtes de la SAMD21J18A (tiers, Microchip SAMD21_DFP 3.8.270)",384,0
src/kernel/core/ucore/cmsis-5/Device/Microchip/SAMD21/include/component/dac.h,actif,"étape 6 : en-têtes de la SAMD21J18A (tiers, Microchip SAMD21_DFP 3.8.270)",122,0
src/kernel/core/ucore/cmsis-5/Device/Microchip/SAMD21/include/component/dmac.h,actif,"étape 6 : en-têtes de la SAMD21J18A (tiers, Microchip SAMD21_DFP 3.8.270)",635,0
src/kernel/core/ucore/cmsis-5/Device/Microchip/SAMD21/include/component/dsu.h,actif,"étape 6 : en-têtes de la SAMD21J18A (tiers, Microchip SAMD21_DFP 3.8.270)",234,0
src/kernel/core/ucore/cmsis-5/Device/Microchip/SAMD21/include/component/eic.h,actif,"étape 6 : en-têtes de la SAMD21J18A (tiers, Microchip SAMD21_DFP 3.8.270)",480,0
src/kernel/core/ucore/cmsis-5/Device/Microchip/SAMD21/include/component/evsys.h,actif,"étape 6 : en-têtes de la SAMD21J18A (tiers, Microchip SAMD21_DFP 3.8.270)",370,0
src/kernel/core/ucore/cmsis-5/Device/Microchip/SAMD21/include/component/fuses.h,actif,"étape 6 : en-têtes de la SAMD21J18A (tiers, Microchip SAMD21_DFP 3.8.270)",238,0
src/kernel/core/ucore/cmsis-5/Device/Microchip/SAMD21/include/component/gclk.h,actif,"étape 6 : en-têtes de la SAMD21J18A (tiers, Microchip SAMD21_DFP 3.8.270)",189,0
src/kernel/core/ucore/cmsis-5/Device/Microchip/SAMD21/include/component/hmatrixb.h,actif,"étape 6 : en-têtes de la SAMD21J18A (tiers, Microchip SAMD21_DFP 3.8.270)",47,0
src/kernel/core/ucore/cmsis-5/Device/Microchip/SAMD21/include/component/i2s.h,actif,"étape 6 : en-têtes de la SAMD21J18A (tiers, Microchip SAMD21_DFP 3.8.270)",422,0
src/kernel/core/ucore/cmsis-5/Device/Microchip/SAMD21/include/component/mtb.h,actif,"étape 6 : en-têtes de la SAMD21J18A (tiers, Microchip SAMD21_DFP 3.8.270)",126,0
src/kernel/core/ucore/cmsis-5/Device/Microchip/SAMD21/include/component/nvmctrl.h,actif,"étape 6 : en-têtes de la SAMD21J18A (tiers, Microchip SAMD21_DFP 3.8.270)",180,0
src/kernel/core/ucore/cmsis-5/Device/Microchip/SAMD21/include/component/pac.h,actif,"étape 6 : en-têtes de la SAMD21J18A (tiers, Microchip SAMD21_DFP 3.8.270)",23,0
src/kernel/core/ucore/cmsis-5/Device/Microchip/SAMD21/include/component/pm.h,actif,"étape 6 : en-têtes de la SAMD21J18A (tiers, Microchip SAMD21_DFP 3.8.270)",331,0
src/kernel/core/ucore/cmsis-5/Device/Microchip/SAMD21/include/component/port.h,actif,"étape 6 : en-têtes de la SAMD21J18A (tiers, Microchip SAMD21_DFP 3.8.270)",223,0
src/kernel/core/ucore/cmsis-5/Device/Microchip/SAMD21/include/component/ptc.h,actif,"étape 6 : en-têtes de la SAMD21J18A (tiers, Microchip SAMD21_DFP 3.8.270)",7,0
src/kernel/core/ucore/cmsis-5/Device/Microchip/SAMD21/include/component/rtc.h,actif,"étape 6 : en-têtes de la SAMD21J18A (tiers, Microchip SAMD21_DFP 3.8.270)",603,0
src/kernel/core/ucore/cmsis-5/Device/Microchip/SAMD21/include/component/sercom.h,actif,"étape 6 : en-têtes de la SAMD21J18A (tiers, Microchip SAMD21_DFP 3.8.270)",2088,0
src/kernel/core/ucore/cmsis-5/Device/Microchip/SAMD21/include/component/sysctrl.h,actif,"étape 6 : en-têtes de la SAMD21J18A (tiers, Microchip SAMD21_DFP 3.8.270)",666,0
src/kernel/core/ucore/cmsis-5/Device/Microchip/SAMD21/include/component/tc.h,actif,"étape 6 : en-têtes de la SAMD21J18A (tiers, Microchip SAMD21_DFP 3.8.270)",365,0
src/kernel/core/ucore/cmsis-5/Device/Microchip/SAMD21/include/component/tcc.h,actif,"étape 6 : en-têtes de la SAMD21J18A (tiers, Microchip SAMD21_DFP 3.8.270)",1263,0
src/kernel/core/ucore/cmsis-5/Device/Microchip/SAMD21/include/component/usb.h,actif,"étape 6 : en-têtes de la SAMD21J18A (tiers, Microchip SAMD21_DFP 3.8.270)",1056,0
src/kernel/core/ucore/cmsis-5/Device/Microchip/SAMD21/include/component/wdt.h,actif,"étape 6 : en-têtes de la SAMD21J18A (tiers, Microchip SAMD21_DFP 3.8.270)",149,0
src/kernel/core/ucore/cmsis-5/Device/Microchip/SAMD21/include/instance/ac.h,actif,"étape 6 : en-têtes de la SAMD21J18A (tiers, Microchip SAMD21_DFP 3.8.270)",9,0
src/kernel/core/ucore/cmsis-5/Device/Microchip/SAMD21/include/instance/adc.h,actif,"étape 6 : en-têtes de la SAMD21J18A (tiers, Microchip SAMD21_DFP 3.8.270)",9,0
src/kernel/core/ucore/cmsis-5/Device/Microchip/SAMD21/include/instance/dac.h,actif,"étape 6 : en-têtes de la SAMD21J18A (tiers, Microchip SAMD21_DFP 3.8.270)",6,0
src/kernel/core/ucore/cmsis-5/Device/Microchip/SAMD21/include/instance/dmac.h,actif,"étape 6 : en-têtes de la SAMD21J18A (tiers, Microchip SAMD21_DFP 3.8.270)",12,0
src/kernel/core/ucore/cmsis-5/Device/Microchip/SAMD21/include/instance/dsu.h,actif,"étape 6 : en-têtes de la SAMD21J18A (tiers, Microchip SAMD21_DFP 3.8.270)",4,0
src/kernel/core/ucore/cmsis-5/Device/Microchip/SAMD21/include/instance/eic.h,actif,"étape 6 : en-têtes de la SAMD21J18A (tiers, Microchip SAMD21_DFP 3.8.270)",7,0
src/kernel/core/ucore/cmsis-5/Device/Microchip/SAMD21/include/instance/evsys.h,actif,"étape 6 : en-têtes de la SAMD21J18A (tiers, Microchip SAMD21_DFP 3.8.270)",24,0
src/kernel/core/ucore/cmsis-5/Device/Microchip/SAMD21/include/instance/fuses.h,actif,"étape 6 : en-têtes de la SAMD21J18A (tiers, Microchip SAMD21_DFP 3.8.270)",3,0
src/kernel/core/ucore/cmsis-5/Device/Microchip/SAMD21/include/instance/gclk.h,actif,"étape 6 : en-têtes de la SAMD21J18A (tiers, Microchip SAMD21_DFP 3.8.270)",19,0
src/kernel/core/ucore/cmsis-5/Device/Microchip/SAMD21/include/instance/i2s.h,actif,"étape 6 : en-têtes de la SAMD21J18A (tiers, Microchip SAMD21_DFP 3.8.270)",9,0
src/kernel/core/ucore/cmsis-5/Device/Microchip/SAMD21/include/instance/mtb.h,actif,"étape 6 : en-têtes de la SAMD21J18A (tiers, Microchip SAMD21_DFP 3.8.270)",4,0
src/kernel/core/ucore/cmsis-5/Device/Microchip/SAMD21/include/instance/nvmctrl.h,actif,"étape 6 : en-têtes de la SAMD21J18A (tiers, Microchip SAMD21_DFP 3.8.270)",22,0
src/kernel/core/ucore/cmsis-5/Device/Microchip/SAMD21/include/instance/pac0.h,actif,"étape 6 : en-têtes de la SAMD21J18A (tiers, Microchip SAMD21_DFP 3.8.270)",5,0
src/kernel/core/ucore/cmsis-5/Device/Microchip/SAMD21/include/instance/pac1.h,actif,"étape 6 : en-têtes de la SAMD21J18A (tiers, Microchip SAMD21_DFP 3.8.270)",5,0
src/kernel/core/ucore/cmsis-5/Device/Microchip/SAMD21/include/instance/pac2.h,actif,"étape 6 : en-têtes de la SAMD21J18A (tiers, Microchip SAMD21_DFP 3.8.270)",5,0
src/kernel/core/ucore/cmsis-5/Device/Microchip/SAMD21/include/instance/pm.h,actif,"étape 6 : en-têtes de la SAMD21J18A (tiers, Microchip SAMD21_DFP 3.8.270)",9,0
src/kernel/core/ucore/cmsis-5/Device/Microchip/SAMD21/include/instance/port.h,actif,"étape 6 : en-têtes de la SAMD21J18A (tiers, Microchip SAMD21_DFP 3.8.270)",9,0
src/kernel/core/ucore/cmsis-5/Device/Microchip/SAMD21/include/instance/ptc.h,actif,"étape 6 : en-têtes de la SAMD21J18A (tiers, Microchip SAMD21_DFP 3.8.270)",5,0
src/kernel/core/ucore/cmsis-5/Device/Microchip/SAMD21/include/instance/rtc.h,actif,"étape 6 : en-têtes de la SAMD21J18A (tiers, Microchip SAMD21_DFP 3.8.270)",11,0
src/kernel/core/ucore/cmsis-5/Device/Microchip/SAMD21/include/instance/sbmatrix.h,actif,"étape 6 : en-têtes de la SAMD21J18A (tiers, Microchip SAMD21_DFP 3.8.270)",16,0
src/kernel/core/ucore/cmsis-5/Device/Microchip/SAMD21/include/instance/sercom0.h,actif,"étape 6 : en-têtes de la SAMD21J18A (tiers, Microchip SAMD21_DFP 3.8.270)",9,0
src/kernel/core/ucore/cmsis-5/Device/Microchip/SAMD21/include/instance/sercom1.h,actif,"étape 6 : en-têtes de la SAMD21J18A (tiers, Microchip SAMD21_DFP 3.8.270)",9,0
src/kernel/core/ucore/cmsis-5/Device/Microchip/SAMD21/include/instance/sercom2.h,actif,"étape 6 : en-têtes de la SAMD21J18A (tiers, Microchip SAMD21_DFP 3.8.270)",9,0
src/kernel/core/ucore/cmsis-5/Device/Microchip/SAMD21/include/instance/sercom3.h,actif,"étape 6 : en-têtes de la SAMD21J18A (tiers, Microchip SAMD21_DFP 3.8.270)",9,0
src/kernel/core/ucore/cmsis-5/Device/Microchip/SAMD21/include/instance/sercom4.h,actif,"étape 6 : en-têtes de la SAMD21J18A (tiers, Microchip SAMD21_DFP 3.8.270)",9,0
src/kernel/core/ucore/cmsis-5/Device/Microchip/SAMD21/include/instance/sercom5.h,actif,"étape 6 : en-têtes de la SAMD21J18A (tiers, Microchip SAMD21_DFP 3.8.270)",9,0
src/kernel/core/ucore/cmsis-5/Device/Microchip/SAMD21/include/instance/sysctrl.h,actif,"étape 6 : en-têtes de la SAMD21J18A (tiers, Microchip SAMD21_DFP 3.8.270)",31,0
src/kernel/core/ucore/cmsis-5/Device/Microchip/SAMD21/include/instance/tc3.h,actif,"étape 6 : en-têtes de la SAMD21J18A (tiers, Microchip SAMD21_DFP 3.8.270)",16,0
src/kernel/core/ucore/cmsis-5/Device/Microchip/SAMD21/include/instance/tc4.h,actif,"étape 6 : en-têtes de la SAMD21J18A (tiers, Microchip SAMD21_DFP 3.8.270)",16,0
src/kernel/core/ucore/cmsis-5/Device/Microchip/SAMD21/include/instance/tc5.h,actif,"étape 6 : en-têtes de la SAMD21J18A (tiers, Microchip SAMD21_DFP 3.8.270)",16,0
src/kernel/core/ucore/cmsis-5/Device/Microchip/SAMD21/include/instance/tc6.h,actif,"étape 6 : en-têtes de la SAMD21J18A (tiers, Microchip SAMD21_DFP 3.8.270)",16,0
src/kernel/core/ucore/cmsis-5/Device/Microchip/SAMD21/include/instance/tc7.h,actif,"étape 6 : en-têtes de la SAMD21J18A (tiers, Microchip SAMD21_DFP 3.8.270)",16,0
src/kernel/core/ucore/cmsis-5/Device/Microchip/SAMD21/include/instance/tcc0.h,actif,"étape 6 : en-têtes de la SAMD21J18A (tiers, Microchip SAMD21_DFP 3.8.270)",20,0
src/kernel/core/ucore/cmsis-5/Device/Microchip/SAMD21/include/instance/tcc1.h,actif,"étape 6 : en-têtes de la SAMD21J18A (tiers, Microchip SAMD21_DFP 3.8.270)",18,0
src/kernel/core/ucore/cmsis-5/Device/Microchip/SAMD21/include/instance/tcc2.h,actif,"étape 6 : en-têtes de la SAMD21J18A (tiers, Microchip SAMD21_DFP 3.8.270)",18,0
src/kernel/core/ucore/cmsis-5/Device/Microchip/SAMD21/include/instance/usb.h,actif,"étape 6 : en-têtes de la SAMD21J18A (tiers, Microchip SAMD21_DFP 3.8.270)",8,0
src/kernel/core/ucore/cmsis-5/Device/Microchip/SAMD21/include/instance/wdt.h,actif,"étape 6 : en-têtes de la SAMD21J18A (tiers, Microchip SAMD21_DFP 3.8.270)",5,0
src/kernel/core/ucore/cmsis-5/Device/Microchip/SAMD21/include/pio/samd21j18a.h,actif,"étape 6 : en-têtes de la SAMD21J18A (tiers, Microchip SAMD21_DFP 3.8.270)",1302,0
src/kernel/core/ucore/cmsis-5/Device/Microchip/SAMD21/include/samd21j18a.h,actif,"étape 6 : en-têtes de la SAMD21J18A (tiers, Microchip SAMD21_DFP 3.8.270)",493,0
src/kernel/core/ucore/cmsis-5/Device/Microchip/SAMD21/include/system_samd21j18a.h,actif,"étape 6 : en-têtes de la SAMD21J18A (tiers, Microchip SAMD21_DFP 3.8.270)",13,0
src/kernel/core/ucore/cmsis-5/Device/ST/STM32F7xx/Include/stm32f746xx.h,actif,"étape 6 : CMSIS Device STM32F7 (tiers, STM32CubeF7 v1.17.4)",15727,0
src/kernel/core/ucore/cmsis-5/Device/ST/STM32F7xx/Include/stm32f7xx.h,actif,"étape 6 : CMSIS Device STM32F7 (tiers, STM32CubeF7 v1.17.4)",127,0
src/kernel/core/ucore/cmsis-5/Device/ST/STM32F7xx/Include/system_stm32f7xx.h,actif,"étape 6 : CMSIS Device STM32F7 (tiers, STM32CubeF7 v1.17.4)",14,0
src/kernel/core/ucore/cmsis/CMSIS/Include/arm_common_tables.h,actif,déclaré par tauon-basic_stm32f4-olimex_p407_7.20/Debug (application STM32F4 embOS),50,8
src/kernel/core/ucore/cmsis/CMSIS/Include/arm_const_structs.h,actif,rattaché par répertoire (src/kernel/core/ucore/cmsis/CMSIS/Include),14,0
src/kernel/core/ucore/cmsis/CMSIS/Include/arm_math.h,actif,déclaré par tauon-basic_stm32f4-olimex_p407_7.20/Debug (application STM32F4 embOS),2864,8
src/kernel/core/ucore/cmsis/CMSIS/Include/core_cm0.h,actif,déclaré par tauon-basic_stm32f4-olimex_p407_7.20/Debug (application STM32F4 embOS),325,8
src/kernel/core/ucore/cmsis/CMSIS/Include/core_cm0plus.h,actif,inclus par tauon-basic_stm32f4-olimex_p407_7.20/Debug (application STM32F4 embOS),395,12
src/kernel/core/ucore/cmsis/CMSIS/Include/core_cm3.h,actif,déclaré par tauon-basic_stm32f4-olimex_p407_7.20/Debug (application STM32F4 embOS),883,8
src/kernel/core/ucore/cmsis/CMSIS/Include/core_cm4.h,actif,déclaré par tauon-basic_stm32f4-olimex_p407_7.20/Debug (application STM32F4 embOS),989,22
src/kernel/core/ucore/cmsis/CMSIS/Include/core_cm4_simd.h,actif,déclaré par tauon-basic_stm32f4-olimex_p407_7.20/Debug (application STM32F4 embOS),494,22
src/kernel/core/ucore/cmsis/CMSIS/Include/core_cmFunc.h,actif,déclaré par tauon-basic_stm32f4-olimex_p407_7.20/Debug (application STM32F4 embOS),231,22
src/kernel/core/ucore/cmsis/CMSIS/Include/core_cmInstr.h,actif,déclaré par tauon-basic_stm32f4-olimex_p407_7.20/Debug (application STM32F4 embOS),193,22
src/kernel/core/ucore/cmsis/CMSIS/Include/core_sc000.h,actif,rattaché par répertoire (src/kernel/core/ucore/cmsis/CMSIS/Include),399,0
src/kernel/core/ucore/cmsis/CMSIS/Include/core_sc300.h,actif,rattaché par répertoire (src/kernel/core/ucore/cmsis/CMSIS/Include),868,0
src/kernel/core/ucore/cmsis/Device/ARM/ARMCM0/Include/ARMCM0.h,hors-projet,"non déclaré par un projet, non inclus, sans règle",39,0
src/kernel/core/ucore/cmsis/Device/ARM/ARMCM0/Include/system_ARMCM0.h,hors-projet,"non déclaré par un projet, non inclus, sans règle",12,0
src/kernel/core/ucore/cmsis/Device/ARM/ARMCM0/Source/Templates/ARM/startup_ARMCM0.s,hors-projet,"non déclaré par un projet, non inclus, sans règle",87,0
src/kernel/core/ucore/cmsis/Device/ARM/ARMCM0/Source/Templates/GCC/startup_ARMCM0.s,hors-projet,"non déclaré par un projet, non inclus, sans règle",95,0
src/kernel/core/ucore/cmsis/Device/ARM/ARMCM0/Source/Templates/IAR/startup_ARMCM0.s,hors-projet,"non déclaré par un projet, non inclus, sans règle",66,0
src/kernel/core/ucore/cmsis/Device/ARM/ARMCM0/Source/Templates/system_ARMCM0.c,hors-projet,"non déclaré par un projet, non inclus, sans règle",24,0
src/kernel/core/ucore/cmsis/Device/ARM/ARMCM3/Include/ARMCM3.h,différé,déclaré par tauon-basic_cmsis_6.21/Debug (candidat M3 (étape 6)),43,1
src/kernel/core/ucore/cmsis/Device/ARM/ARMCM3/Include/system_ARMCM3.h,différé,déclaré par tauon-basic_cmsis_6.21/Debug (candidat M3 (étape 6)),12,1
src/kernel/core/ucore/cmsis/Device/ARM/ARMCM3/Source/Templates/ARM/startup_ARMCM3.s,hors-projet,"non déclaré par un projet, non inclus, sans règle",107,0
src/kernel/core/ucore/cmsis/Device/ARM/ARMCM3/Source/Templates/GCC/startup_ARMCM3.s,hors-projet,"non déclaré par un projet, non inclus, sans règle",115,0
src/kernel/core/ucore/cmsis/Device/ARM/ARMCM3/Source/Templates/IAR/startup_ARMCM3.s,différé,déclaré par tauon-basic_cmsis_6.21/Release (candidat M3 (étape 6)),82,1
src/kernel/core/ucore/cmsis/Device/ARM/ARMCM3/Source/Templates/system_ARMCM3.c,différé,déclaré par tauon-basic_cmsis_6.21/Debug (candidat M3 (étape 6)),24,1
src/kernel/core/ucore/cmsis/Device/ARM/ARMCM4/Include/ARMCM4.h,hors-projet,"non déclaré par un projet, non inclus, sans règle",44,0
src/kernel/core/ucore/cmsis/Device/ARM/ARMCM4/Include/system_ARMCM4.h,hors-projet,"non déclaré par un projet, non inclus, sans règle",12,0
src/kernel/core/ucore/cmsis/Device/ARM/ARMCM4/Source/Templates/ARM/startup_ARMCM4.s,hors-projet,"non déclaré par un projet, non inclus, sans règle",107,0
src/kernel/core/ucore/cmsis/Device/ARM/ARMCM4/Source/Templates/GCC/startup_ARMCM4.s,hors-projet,"non déclaré par un projet, non inclus, sans règle",115,0
src/kernel/core/ucore/cmsis/Device/ARM/ARMCM4/Source/Templates/IAR/startup_ARMCM4.s,hors-projet,"non déclaré par un projet, non inclus, sans règle",82,0
src/kernel/core/ucore/cmsis/Device/ARM/ARMCM4/Source/Templates/system_ARMCM4.c,hors-projet,"non déclaré par un projet, non inclus, sans règle",28,0
src/kernel/core/ucore/cmsis/Device/atmel/samd20/include/component/component_ac.h,différé,inclus par dev_at91samd20_7.20/Debug (candidat M0+ (étape 6)),465,3
src/kernel/core/ucore/cmsis/Device/atmel/samd20/include/component/component_adc.h,différé,inclus par dev_at91samd20_7.20/Debug (candidat M0+ (étape 6)),603,3
src/kernel/core/ucore/cmsis/Device/atmel/samd20/include/component/component_dac.h,différé,inclus par dev_at91samd20_7.20/Debug (candidat M0+ (étape 6)),185,3
src/kernel/core/ucore/cmsis/Device/atmel/samd20/include/component/component_dsu.h,différé,inclus par dev_at91samd20_7.20/Debug (candidat M0+ (étape 6)),479,3
src/kernel/core/ucore/cmsis/Device/atmel/samd20/include/component/component_eic.h,différé,inclus par dev_at91samd20_7.20/Debug (candidat M0+ (étape 6)),329,3
src/kernel/core/ucore/cmsis/Device/atmel/samd20/include/component/component_evsys.h,différé,inclus par dev_at91samd20_7.20/Debug (candidat M0+ (étape 6)),458,3
src/kernel/core/ucore/cmsis/Device/atmel/samd20/include/component/component_gclk.h,différé,inclus par dev_at91samd20_7.20/Debug (candidat M0+ (étape 6)),126,3
src/kernel/core/ucore/cmsis/Device/atmel/samd20/include/component/component_nvmctrl.h,différé,inclus par dev_at91samd20_7.20/Debug (candidat M0+ (étape 6)),344,3
src/kernel/core/ucore/cmsis/Device/atmel/samd20/include/component/component_pac.h,différé,inclus par dev_at91samd20_7.20/Debug (candidat M0+ (étape 6)),40,3
src/kernel/core/ucore/cmsis/Device/atmel/samd20/include/component/component_pm.h,différé,inclus par dev_at91samd20_7.20/Debug (candidat M0+ (étape 6)),350,3
src/kernel/core/ucore/cmsis/Device/atmel/samd20/include/component/component_port.h,différé,inclus par dev_at91samd20_7.20/Debug (candidat M0+ (étape 6)),264,3
src/kernel/core/ucore/cmsis/Device/atmel/samd20/include/component/component_rtc.h,différé,inclus par dev_at91samd20_7.20/Debug (candidat M0+ (étape 6)),735,3
src/kernel/core/ucore/cmsis/Device/atmel/samd20/include/component/component_sercom.h,différé,inclus par dev_at91samd20_7.20/Debug (candidat M0+ (étape 6)),972,3
src/kernel/core/ucore/cmsis/Device/atmel/samd20/include/component/component_sysctrl.h,différé,inclus par dev_at91samd20_7.20/Debug (candidat M0+ (étape 6)),662,3
src/kernel/core/ucore/cmsis/Device/atmel/samd20/include/component/component_tc.h,différé,inclus par dev_at91samd20_7.20/Debug (candidat M0+ (étape 6)),493,3
src/kernel/core/ucore/cmsis/Device/atmel/samd20/include/component/component_wdt.h,différé,inclus par dev_at91samd20_7.20/Debug (candidat M0+ (étape 6)),143,3
src/kernel/core/ucore/cmsis/Device/atmel/samd20/include/instance/instance_ac.h,différé,inclus par dev_at91samd20_7.20/Debug (candidat M0+ (étape 6)),38,3
src/kernel/core/ucore/cmsis/Device/atmel/samd20/include/instance/instance_adc.h,différé,inclus par dev_at91samd20_7.20/Debug (candidat M0+ (étape 6)),49,3
src/kernel/core/ucore/cmsis/Device/atmel/samd20/include/instance/instance_dac.h,différé,inclus par dev_at91samd20_7.20/Debug (candidat M0+ (étape 6)),25,3
src/kernel/core/ucore/cmsis/Device/atmel/samd20/include/instance/instance_dsu.h,différé,inclus par dev_at91samd20_7.20/Debug (candidat M0+ (étape 6)),63,3
src/kernel/core/ucore/cmsis/Device/atmel/samd20/include/instance/instance_eic.h,différé,inclus par dev_at91samd20_7.20/Debug (candidat M0+ (étape 6)),32,3
src/kernel/core/ucore/cmsis/Device/atmel/samd20/include/instance/instance_evsys.h,différé,inclus par dev_at91samd20_7.20/Debug (candidat M0+ (étape 6)),109,3
src/kernel/core/ucore/cmsis/Device/atmel/samd20/include/instance/instance_gclk.h,différé,inclus par dev_at91samd20_7.20/Debug (candidat M0+ (étape 6)),28,3
src/kernel/core/ucore/cmsis/Device/atmel/samd20/include/instance/instance_nvmctrl.h,différé,inclus par dev_at91samd20_7.20/Debug (candidat M0+ (étape 6)),46,3
src/kernel/core/ucore/cmsis/Device/atmel/samd20/include/instance/instance_pac0.h,différé,inclus par dev_at91samd20_7.20/Debug (candidat M0+ (étape 6)),11,3
src/kernel/core/ucore/cmsis/Device/atmel/samd20/include/instance/instance_pac1.h,différé,inclus par dev_at91samd20_7.20/Debug (candidat M0+ (étape 6)),11,3
src/kernel/core/ucore/cmsis/Device/atmel/samd20/include/instance/instance_pac2.h,différé,inclus par dev_at91samd20_7.20/Debug (candidat M0+ (étape 6)),11,3
src/kernel/core/ucore/cmsis/Device/atmel/samd20/include/instance/instance_pm.h,différé,inclus par dev_at91samd20_7.20/Debug (candidat M0+ (étape 6)),39,3
src/kernel/core/ucore/cmsis/Device/atmel/samd20/include/instance/instance_port.h,différé,inclus par dev_at91samd20_7.20/Debug (candidat M0+ (étape 6)),85,3
src/kernel/core/ucore/cmsis/Device/atmel/samd20/include/instance/instance_rtc.h,différé,inclus par dev_at91samd20_7.20/Debug (candidat M0+ (étape 6)),66,3
src/kernel/core/ucore/cmsis/Device/atmel/samd20/include/instance/instance_sercom0.h,différé,inclus par dev_at91samd20_7.20/Debug (candidat M0+ (étape 6)),84,3
src/kernel/core/ucore/cmsis/Device/atmel/samd20/include/instance/instance_sercom1.h,différé,inclus par dev_at91samd20_7.20/Debug (candidat M0+ (étape 6)),84,3
src/kernel/core/ucore/cmsis/Device/atmel/samd20/include/instance/instance_sercom2.h,différé,inclus par dev_at91samd20_7.20/Debug (candidat M0+ (étape 6)),84,3
src/kernel/core/ucore/cmsis/Device/atmel/samd20/include/instance/instance_sercom3.h,différé,inclus par dev_at91samd20_7.20/Debug (candidat M0+ (étape 6)),84,3
src/kernel/core/ucore/cmsis/Device/atmel/samd20/include/instance/instance_sercom4.h,différé,inclus par dev_at91samd20_7.20/Debug (candidat M0+ (étape 6)),84,3
src/kernel/core/ucore/cmsis/Device/atmel/samd20/include/instance/instance_sercom5.h,différé,inclus par dev_at91samd20_7.20/Debug (candidat M0+ (étape 6)),84,3
src/kernel/core/ucore/cmsis/Device/atmel/samd20/include/instance/instance_sysctrl.h,différé,inclus par dev_at91samd20_7.20/Debug (candidat M0+ (étape 6)),64,3
src/kernel/core/ucore/cmsis/Device/atmel/samd20/include/instance/instance_tc0.h,différé,inclus par dev_at91samd20_7.20/Debug (candidat M0+ (étape 6)),58,3
src/kernel/core/ucore/cmsis/Device/atmel/samd20/include/instance/instance_tc1.h,différé,inclus par dev_at91samd20_7.20/Debug (candidat M0+ (étape 6)),58,3
src/kernel/core/ucore/cmsis/Device/atmel/samd20/include/instance/instance_tc2.h,différé,inclus par dev_at91samd20_7.20/Debug (candidat M0+ (étape 6)),58,3
src/kernel/core/ucore/cmsis/Device/atmel/samd20/include/instance/instance_tc3.h,différé,inclus par dev_at91samd20_7.20/Debug (candidat M0+ (étape 6)),58,3
src/kernel/core/ucore/cmsis/Device/atmel/samd20/include/instance/instance_tc4.h,différé,inclus par dev_at91samd20_7.20/Debug (candidat M0+ (étape 6)),58,3
src/kernel/core/ucore/cmsis/Device/atmel/samd20/include/instance/instance_tc5.h,différé,inclus par dev_at91samd20_7.20/Debug (candidat M0+ (étape 6)),58,3
src/kernel/core/ucore/cmsis/Device/atmel/samd20/include/instance/instance_tc6.h,différé,inclus par dev_at91samd20_7.20/Debug (candidat M0+ (étape 6)),58,3
src/kernel/core/ucore/cmsis/Device/atmel/samd20/include/instance/instance_tc7.h,différé,inclus par dev_at91samd20_7.20/Debug (candidat M0+ (étape 6)),58,3
src/kernel/core/ucore/cmsis/Device/atmel/samd20/include/instance/instance_wdt.h,différé,inclus par dev_at91samd20_7.20/Debug (candidat M0+ (étape 6)),23,3
src/kernel/core/ucore/cmsis/Device/atmel/samd20/include/pio/pio_samd20e14.h,différé,inclus par dev_at91samd20_7.20/Debug (candidat M0+ (étape 6)),491,3
src/kernel/core/ucore/cmsis/Device/atmel/samd20/include/pio/pio_samd20e15.h,différé,inclus par dev_at91samd20_7.20/Debug (candidat M0+ (étape 6)),491,3
src/kernel/core/ucore/cmsis/Device/atmel/samd20/include/pio/pio_samd20e16.h,différé,inclus par dev_at91samd20_7.20/Debug (candidat M0+ (étape 6)),491,3
src/kernel/core/ucore/cmsis/Device/atmel/samd20/include/pio/pio_samd20e17.h,différé,inclus par dev_at91samd20_7.20/Debug (candidat M0+ (étape 6)),491,3
src/kernel/core/ucore/cmsis/Device/atmel/samd20/include/pio/pio_samd20e1f.h,différé,rattaché par répertoire (src/kernel/core/ucore/cmsis/Device/atmel/samd20/include/pio),491,0
src/kernel/core/ucore/cmsis/Device/atmel/samd20/include/pio/pio_samd20g14.h,différé,inclus par dev_at91samd20_7.20/Debug (candidat M0+ (étape 6)),747,3
src/kernel/core/ucore/cmsis/Device/atmel/samd20/include/pio/pio_samd20g15.h,différé,inclus par dev_at91samd20_7.20/Debug (candidat M0+ (étape 6)),747,3
src/kernel/core/ucore/cmsis/Device/atmel/samd20/include/pio/pio_samd20g16.h,différé,inclus par dev_at91samd20_7.20/Debug (candidat M0+ (étape 6)),747,3
src/kernel/core/ucore/cmsis/Device/atmel/samd20/include/pio/pio_samd20g17.h,différé,inclus par dev_at91samd20_7.20/Debug (candidat M0+ (étape 6)),747,3
src/kernel/core/ucore/cmsis/Device/atmel/samd20/include/pio/pio_samd20g18.h,différé,inclus par dev_at91samd20_7.20/Debug (candidat M0+ (étape 6)),747,3
src/kernel/core/ucore/cmsis/Device/atmel/samd20/include/pio/pio_samd20j14.h,différé,inclus par dev_at91samd20_7.20/Debug (candidat M0+ (étape 6)),959,3
src/kernel/core/ucore/cmsis/Device/atmel/samd20/include/pio/pio_samd20j15.h,différé,inclus par dev_at91samd20_7.20/Debug (candidat M0+ (étape 6)),959,3
src/kernel/core/ucore/cmsis/Device/atmel/samd20/include/pio/pio_samd20j16.h,différé,inclus par dev_at91samd20_7.20/Debug (candidat M0+ (étape 6)),959,3
src/kernel/core/ucore/cmsis/Device/atmel/samd20/include/pio/pio_samd20j17.h,différé,inclus par dev_at91samd20_7.20/Debug (candidat M0+ (étape 6)),959,3
src/kernel/core/ucore/cmsis/Device/atmel/samd20/include/pio/pio_samd20j18.h,différé,inclus par dev_at91samd20_7.20/Debug (candidat M0+ (étape 6)),959,3
src/kernel/core/ucore/cmsis/Device/atmel/samd20/include/samd20.h,différé,inclus par dev_at91samd20_7.20/Debug (candidat M0+ (étape 6)),38,3
src/kernel/core/ucore/cmsis/Device/atmel/samd20/include/samd20e14.h,différé,inclus par dev_at91samd20_7.20/Debug (candidat M0+ (étape 6)),322,3
src/kernel/core/ucore/cmsis/Device/atmel/samd20/include/samd20e15.h,différé,inclus par dev_at91samd20_7.20/Debug (candidat M0+ (étape 6)),322,3
src/kernel/core/ucore/cmsis/Device/atmel/samd20/include/samd20e16.h,différé,inclus par dev_at91samd20_7.20/Debug (candidat M0+ (étape 6)),322,3
src/kernel/core/ucore/cmsis/Device/atmel/samd20/include/samd20e17.h,différé,inclus par dev_at91samd20_7.20/Debug (candidat M0+ (étape 6)),322,3
src/kernel/core/ucore/cmsis/Device/atmel/samd20/include/samd20g14.h,différé,inclus par dev_at91samd20_7.20/Debug (candidat M0+ (étape 6)),346,3
src/kernel/core/ucore/cmsis/Device/atmel/samd20/include/samd20g15.h,différé,inclus par dev_at91samd20_7.20/Debug (candidat M0+ (étape 6)),346,3
src/kernel/core/ucore/cmsis/Device/atmel/samd20/include/samd20g16.h,différé,inclus par dev_at91samd20_7.20/Debug (candidat M0+ (étape 6)),346,3
src/kernel/core/ucore/cmsis/Device/atmel/samd20/include/samd20g17.h,différé,inclus par dev_at91samd20_7.20/Debug (candidat M0+ (étape 6)),346,3
src/kernel/core/ucore/cmsis/Device/atmel/samd20/include/samd20g18.h,différé,inclus par dev_at91samd20_7.20/Debug (candidat M0+ (étape 6)),346,3
src/kernel/core/ucore/cmsis/Device/atmel/samd20/include/samd20j14.h,différé,inclus par dev_at91samd20_7.20/Debug (candidat M0+ (étape 6)),346,3
src/kernel/core/ucore/cmsis/Device/atmel/samd20/include/samd20j15.h,différé,inclus par dev_at91samd20_7.20/Debug (candidat M0+ (étape 6)),346,3
src/kernel/core/ucore/cmsis/Device/atmel/samd20/include/samd20j16.h,différé,inclus par dev_at91samd20_7.20/Debug (candidat M0+ (étape 6)),346,3
src/kernel/core/ucore/cmsis/Device/atmel/samd20/include/samd20j17.h,différé,inclus par dev_at91samd20_7.20/Debug (candidat M0+ (étape 6)),346,3
src/kernel/core/ucore/cmsis/Device/atmel/samd20/include/samd20j18.h,différé,inclus par dev_at91samd20_7.20/Debug (candidat M0+ (étape 6)),346,3
src/kernel/core/ucore/cmsis/Device/atmel/samd20/source/gcc/startup_samd20.c,hors-projet,"non déclaré par un projet, non inclus, sans règle",116,0
src/kernel/core/ucore/cmsis/Device/atmel/samd20/source/iar/startup_samd20.c,différé,déclaré par tauon-basic_at91samd20_7.20/Debug (candidat M0+ (étape 6)),127,1
src/kernel/core/ucore/cmsis/Device/atmel/samd20/source/system_samd20.c,différé,déclaré par tauon-basic_at91samd20_7.20/Debug (candidat M0+ (étape 6)),13,1
src/kernel/core/ucore/cmsis/Device/atmel/samd20/source/system_samd20.h,différé,déclaré par tauon-basic_at91samd20_7.20/Debug (candidat M0+ (étape 6)),13,3
src/kernel/core/ucore/cmsis/Device/lm3s/lm3s_cmsis.h,actif,inclus par tauon-basic_stm32f4-olimex_p407_7.20/Debug (application STM32F4 embOS),773,7
src/kernel/core/ucore/cmsis/Device/lm3s/lm3s_config.h,actif,rattaché par répertoire (src/kernel/core/ucore/cmsis/Device/lm3s),40,0
src/kernel/core/ucore/cmsis/Device/lm3s/startup_ewarm.c,différé,"déclaré par tauon-basic_stm32wl55jci_nucleo_8.40/Release (STM32WL55 Nucleo, carte non listée (à décider))",182,6
src/kernel/core/ucore/cmsis/Device/lm3s/system_lm3s.c,différé,"déclaré par tauon-basic_stm32wl55jci_nucleo_8.40/Release (STM32WL55 Nucleo, carte non listée (à décider))",40,7
src/kernel/core/ucore/cmsis/Device/lm3s/system_lm3s.h,actif,inclus par tauon-basic_stm32f4-olimex_p407_7.20/Debug (application STM32F4 embOS),6,7
src/kernel/core/ucore/cmsis/Device/st/stm32f2xx/startup/arm/startup_stm32f2xx.s,hors-projet,"non déclaré par un projet, non inclus, sans règle",347,0
src/kernel/core/ucore/cmsis/Device/st/stm32f2xx/startup/iar/startup_stm32f2xx.s,différé,"déclaré par tauon-basic_stm32wl55jci_nucleo_8.40/Release (STM32WL55 Nucleo, carte non listée (à décider))",474,5
src/kernel/core/ucore/cmsis/Device/st/stm32f2xx/stm32f2xx.h,différé,"déclaré par tauon-basic_stm32wl55jci_nucleo_8.40/Release (STM32WL55 Nucleo, carte non listée (à décider))",5273,5
src/kernel/core/ucore/cmsis/Device/st/stm32f2xx/system_stm32f2xx.c,différé,"déclaré par tauon-basic_stm32wl55jci_nucleo_8.40/Release (STM32WL55 Nucleo, carte non listée (à décider))",71,5
src/kernel/core/ucore/cmsis/Device/st/stm32f2xx/system_stm32f2xx.h,différé,"déclaré par tauon-basic_stm32wl55jci_nucleo_8.40/Release (STM32WL55 Nucleo, carte non listée (à décider))",12,5
src/kernel/core/ucore/cmsis/Device/st/stm32f4xx/startup/iar/startup_stm32f401xc.s,hors-projet,"non déclaré par un projet, non inclus, sans règle",378,0
src/kernel/core/ucore/cmsis/Device/st/stm32f4xx/startup/iar/startup_stm32f401xe.s,hors-projet,"non déclaré par un projet, non inclus, sans règle",378,0
src/kernel/core/ucore/cmsis/Device/st/stm32f4xx/startup/iar/startup_stm32f405xx.s,hors-projet,"non déclaré par un projet, non inclus, sans règle",463,0
src/kernel/core/ucore/cmsis/Device/st/stm32f4xx/startup/iar/startup_stm32f407xx.s,hors-projet,"non déclaré par un projet, non inclus, sans règle",475,0
src/kernel/core/ucore/cmsis/Device/st/stm32f4xx/startup/iar/startup_stm32f411xe.s,hors-projet,"non déclaré par un projet, non inclus, sans règle",383,0
src/kernel/core/ucore/cmsis/Device/st/stm32f4xx/startup/iar/startup_stm32f415xx.s,hors-projet,"non déclaré par un projet, non inclus, sans règle",467,0
src/kernel/core/ucore/cmsis/Device/st/stm32f4xx/startup/iar/startup_stm32f417xx.s,hors-projet,"non déclaré par un projet, non inclus, sans règle",479,0
src/kernel/core/ucore/cmsis/Device/st/stm32f4xx/startup/iar/startup_stm32f427xx.s,hors-projet,"non déclaré par un projet, non inclus, sans règle",512,0
src/kernel/core/ucore/cmsis/Device/st/stm32f4xx/startup/iar/startup_stm32f429xx.s,hors-projet,"non déclaré par un projet, non inclus, sans règle",520,0
src/kernel/core/ucore/cmsis/Device/st/stm32f4xx/startup/iar/startup_stm32f437xx.s,hors-projet,"non déclaré par un projet, non inclus, sans règle",516,0
src/kernel/core/ucore/cmsis/Device/st/stm32f4xx/startup/iar/startup_stm32f439xx.s,hors-projet,"non déclaré par un projet, non inclus, sans règle",524,0
src/kernel/core/ucore/cmsis/Device/st/stm32f4xx/startup/iar/startup_stm32f446xx.s,hors-projet,"non déclaré par un projet, non inclus, sans règle",510,0
src/kernel/core/ucore/cmsis/Device/st/stm32f4xx/startup/iar/startup_stm32f4xx.s,actif,déclaré par tauon-basic_stm32f4-olimex_p407_7.20/Debug (application STM32F4 embOS),479,5
src/kernel/core/ucore/cmsis/Device/st/stm32f4xx/startup/keil/startup_stm32f4xx.s,hors-projet,"non déclaré par un projet, non inclus, sans règle",354,0
src/kernel/core/ucore/cmsis/Device/st/stm32f4xx/startup/keil/system_stm32f4xx.c,hors-projet,"non déclaré par un projet, non inclus, sans règle",141,0
src/kernel/core/ucore/cmsis/Device/st/stm32f4xx/startup/keil/system_stm32f4xx.h,hors-projet,"non déclaré par un projet, non inclus, sans règle",12,0
src/kernel/core/ucore/cmsis/Device/st/stm32f4xx/stm32f4xx.h,actif,déclaré par tauon-basic_stm32f4-olimex_p407_7.20/Debug (application STM32F4 embOS),5398,5
src/kernel/core/ucore/cmsis/Device/st/stm32f4xx/system_stm32f4xx.c,actif,déclaré par tauon-basic_stm32f4-olimex_p407_7.20/Debug (application STM32F4 embOS),340,5
src/kernel/core/ucore/cmsis/Device/st/stm32f4xx/system_stm32f4xx.h,actif,déclaré par tauon-basic_stm32f4-olimex_p407_7.20/Debug (application STM32F4 embOS),12,5
src/kernel/core/ucore/cmsis/Device/st/stm32wlxx/startup/iar/startup_stm32wl55xx_cm4.s,différé,"déclaré par tauon-basic_stm32wl55jci_nucleo_8.40/Debug (STM32WL55 Nucleo, carte non listée (à décider))",379,2
src/kernel/core/ucore/cmsis/Device/st/stm32wlxx/stm32wl55xx.h,actif,"étape 6 : CMSIS Device STM32WL (tiers, STM32CubeWL)",9648,6
src/kernel/core/ucore/cmsis/Device/st/stm32wlxx/stm32wlxx.h,actif,"étape 6 : CMSIS Device STM32WL (tiers, STM32CubeWL)",134,6
src/kernel/core/ucore/cmsis/Device/st/stm32wlxx/system_stm32wlxx.c,différé,"déclaré par tauon-basic_stm32wl55jci_nucleo_8.40/Debug (STM32WL55 Nucleo, carte non listée (à décider))",102,2
src/kernel/core/ucore/cmsis/Device/st/stm32wlxx/system_stm32wlxx.h,actif,"étape 6 : CMSIS Device STM32WL (tiers, STM32CubeWL)",16,6
src/kernel/core/ucore/freeRTOS_8-0-0/source/arch/arm9/FreeRTOSConfig_arm926ejs.h,différé,règle : backend FreeRTOS (étape 7),41,0
src/kernel/core/ucore/freeRTOS_8-0-0/source/arch/arm9/at91sam9261/FreeRTOSConfig.h,différé,règle : backend FreeRTOS (étape 7),41,0
src/kernel/core/ucore/freeRTOS_8-0-0/source/arch/arm9/at91sam9261/board.h,différé,règle : backend FreeRTOS (étape 7),116,2
src/kernel/core/ucore/freeRTOS_8-0-0/source/arch/arm9/at91sam9261/board_cstartup.S,différé,règle : backend FreeRTOS (étape 7),82,0
src/kernel/core/ucore/freeRTOS_8-0-0/source/arch/arm9/at91sam9261/board_cstartup_iar.s,différé,règle : backend FreeRTOS (étape 7),72,0
src/kernel/core/ucore/freeRTOS_8-0-0/source/arch/arm9/at91sam9261/board_cstartup_iar_sam9xe.s,différé,règle : backend FreeRTOS (étape 7),61,2
src/kernel/core/ucore/freeRTOS_8-0-0/source/arch/arm9/at91sam9261/board_cstartup_keil.s,différé,règle : backend FreeRTOS (étape 7),101,0
src/kernel/core/ucore/freeRTOS_8-0-0/source/arch/arm9/at91sam9261/board_lowlevel.c,différé,règle : backend FreeRTOS (étape 7),75,2
src/kernel/core/ucore/freeRTOS_8-0-0/source/arch/arm9/at91sam9261/board_lowlevel.h,différé,règle : backend FreeRTOS (étape 7),4,2
src/kernel/core/ucore/freeRTOS_8-0-0/source/arch/arm9/at91sam9261/board_memories.c,différé,règle : backend FreeRTOS (étape 7),218,2
src/kernel/core/ucore/freeRTOS_8-0-0/source/arch/arm9/at91sam9261/board_memories.h,différé,règle : backend FreeRTOS (étape 7),11,2
src/kernel/core/ucore/freeRTOS_8-0-0/source/arch/arm9/at91sam9261/board_powermode.c,différé,règle : backend FreeRTOS (étape 7),9,2
src/kernel/core/ucore/freeRTOS_8-0-0/source/arch/arm9/at91sam9261/board_powermode.h,différé,règle : backend FreeRTOS (étape 7),5,2
src/kernel/core/ucore/freeRTOS_8-0-0/source/arch/arm9/at91sam9261/inc/AT91SAM9261.h,différé,règle : backend FreeRTOS (étape 7),3048,2
src/kernel/core/ucore/freeRTOS_8-0-0/source/arch/arm9/at91sam9261/inc/chip.h,différé,règle : backend FreeRTOS (étape 7),23,2
src/kernel/core/ucore/freeRTOS_8-0-0/source/arch/arm9/at91sam9261/main.c,différé,règle : backend FreeRTOS (étape 7),14,2
src/kernel/core/ucore/freeRTOS_8-0-0/source/arch/cortex-m0+/FreeRTOSConfig_cortex-m0+.h,différé,règle : backend FreeRTOS (étape 7),47,4
src/kernel/core/ucore/freeRTOS_8-0-0/source/arch/cortex-m0+/at91samd20/FreeRTOSConfig.h,différé,règle : backend FreeRTOS (étape 7),47,1
src/kernel/core/ucore/freeRTOS_8-0-0/source/arch/cortex-m0+/at91samd20/main.c,différé,règle : backend FreeRTOS (étape 7),74,1
src/kernel/core/ucore/freeRTOS_8-0-0/source/arch/cortex-m4/FreeRTOSConfig_cortex-m4.h,différé,règle : backend FreeRTOS (étape 7),53,5
src/kernel/core/ucore/freeRTOS_8-0-0/source/arch/cortex-m4/stm32f4/FreeRTOSConfig.h,différé,règle : backend FreeRTOS (étape 7),53,0
src/kernel/core/ucore/freeRTOS_8-0-0/source/arch/cortex-m4/stm32f4/main.c,différé,règle : backend FreeRTOS (étape 7),34,5
src/kernel/core/ucore/freeRTOS_8-0-0/source/arch/cortex-m4/stm32f4/stm32f4xx_conf.h,différé,règle : backend FreeRTOS (étape 7),35,5
src/kernel/core/ucore/freeRTOS_8-0-0/source/arch/cortex-m4/stm32f4/stm32f4xx_it.c,différé,règle : backend FreeRTOS (étape 7),46,5
src/kernel/core/ucore/freeRTOS_8-0-0/source/arch/cortex-m4/stm32f4/stm32f4xx_it.h,différé,règle : backend FreeRTOS (étape 7),19,5
src/kernel/core/ucore/freeRTOS_8-0-0/source/croutine.c,différé,règle : backend FreeRTOS (étape 7),178,5
src/kernel/core/ucore/freeRTOS_8-0-0/source/event_groups.c,différé,règle : backend FreeRTOS (étape 7),354,5
src/kernel/core/ucore/freeRTOS_8-0-0/source/include/FreeRTOS.h,différé,règle : backend FreeRTOS (étape 7) [prime sur : inclus par dev_stm32f4xx_7.20/Debug (pilotes STM32F4 (config. liée par les applications F4))],449,27
src/kernel/core/ucore/freeRTOS_8-0-0/source/include/StackMacros.h,différé,règle : backend FreeRTOS (étape 7),68,5
src/kernel/core/ucore/freeRTOS_8-0-0/source/include/croutine.h,différé,règle : backend FreeRTOS (étape 7),68,5
src/kernel/core/ucore/freeRTOS_8-0-0/source/include/event_groups.h,différé,règle : backend FreeRTOS (étape 7) [prime sur : inclus par dev_stm32f4xx_7.20/Debug (pilotes STM32F4 (config. liée par les applications F4))],26,27
src/kernel/core/ucore/freeRTOS_8-0-0/source/include/kal_freertos.h,différé,règle : backend FreeRTOS (étape 7) [prime sur : inclus par dev_stm32f4xx_7.20/Debug (pilotes STM32F4 (config. liée par les applications F4))],63,44
src/kernel/core/ucore/freeRTOS_8-0-0/source/include/list.h,différé,règle : backend FreeRTOS (étape 7) [prime sur : inclus par dev_stm32f4xx_7.20/Debug (pilotes STM32F4 (config. liée par les applications F4))],65,27
src/kernel/core/ucore/freeRTOS_8-0-0/source/include/mpu_wrappers.h,différé,règle : backend FreeRTOS (étape 7) [prime sur : inclus par dev_stm32f4xx_7.20/Debug (pilotes STM32F4 (config. liée par les applications F4))],65,27
src/kernel/core/ucore/freeRTOS_8-0-0/source/include/portable.h,différé,règle : backend FreeRTOS (étape 7) [prime sur : inclus par dev_stm32f4xx_7.20/Debug (pilotes STM32F4 (config. liée par les applications F4))],224,27
src/kernel/core/ucore/freeRTOS_8-0-0/source/include/projdefs.h,différé,règle : backend FreeRTOS (étape 7) [prime sur : inclus par dev_stm32f4xx_7.20/Debug (pilotes STM32F4 (config. liée par les applications F4))],13,27
src/kernel/core/ucore/freeRTOS_8-0-0/source/include/queue.h,différé,règle : backend FreeRTOS (étape 7) [prime sur : inclus par dev_stm32f4xx_7.20/Debug (pilotes STM32F4 (config. liée par les applications F4))],79,27
src/kernel/core/ucore/freeRTOS_8-0-0/source/include/semphr.h,différé,règle : backend FreeRTOS (étape 7) [prime sur : inclus par dev_stm32f4xx_7.20/Debug (pilotes STM32F4 (config. liée par les applications F4))],33,27
src/kernel/core/ucore/freeRTOS_8-0-0/source/include/task.h,différé,règle : backend FreeRTOS (étape 7) [prime sur : inclus par dev_stm32f4xx_7.20/Debug (pilotes STM32F4 (config. liée par les applications F4))],124,27
src/kernel/core/ucore/freeRTOS_8-0-0/source/include/timers.h,différé,règle : backend FreeRTOS (étape 7) [prime sur : inclus par dev_stm32f4xx_7.20/Debug (pilotes STM32F4 (config. liée par les applications F4))],37,27
src/kernel/core/ucore/freeRTOS_8-0-0/source/lepton_test.c,différé,règle : backend FreeRTOS (étape 7),139,0
src/kernel/core/ucore/freeRTOS_8-0-0/source/list.c,différé,règle : backend FreeRTOS (étape 7),64,5
src/kernel/core/ucore/freeRTOS_8-0-0/source/portable/GCC/ARM_CM0/port.c,différé,règle : backend FreeRTOS (étape 7),181,0
src/kernel/core/ucore/freeRTOS_8-0-0/source/portable/GCC/ARM_CM0/portmacro.h,différé,règle : backend FreeRTOS (étape 7),49,0
src/kernel/core/ucore/freeRTOS_8-0-0/source/portable/IAR/ARM_CM0/port.c,différé,règle : backend FreeRTOS (étape 7),93,4
src/kernel/core/ucore/freeRTOS_8-0-0/source/portable/IAR/ARM_CM0/portasm.s,différé,règle : backend FreeRTOS (étape 7),65,4
src/kernel/core/ucore/freeRTOS_8-0-0/source/portable/IAR/ARM_CM0/portmacro.h,différé,règle : backend FreeRTOS (étape 7),49,7
src/kernel/core/ucore/freeRTOS_8-0-0/source/portable/IAR/ARM_CM3/port.c,différé,règle : backend FreeRTOS (étape 7),235,0
src/kernel/core/ucore/freeRTOS_8-0-0/source/portable/IAR/ARM_CM3/portasm.s,différé,règle : backend FreeRTOS (étape 7),58,0
src/kernel/core/ucore/freeRTOS_8-0-0/source/portable/IAR/ARM_CM3/portmacro.h,différé,règle : backend FreeRTOS (étape 7) [prime sur : inclus par dev_stm32f4xx_7.20/Debug (pilotes STM32F4 (config. liée par les applications F4))],67,27
src/kernel/core/ucore/freeRTOS_8-0-0/source/portable/IAR/ARM_CM4F/port.c,différé,règle : backend FreeRTOS (étape 7),244,5
src/kernel/core/ucore/freeRTOS_8-0-0/source/portable/IAR/ARM_CM4F/portasm.s,différé,règle : backend FreeRTOS (étape 7),72,5
src/kernel/core/ucore/freeRTOS_8-0-0/source/portable/IAR/ARM_CM4F/portmacro.h,différé,règle : backend FreeRTOS (étape 7) [prime sur : inclus par dev_stm32f4xx_7.20/Debug (pilotes STM32F4 (config. liée par les applications F4))],67,20
src/kernel/core/ucore/freeRTOS_8-0-0/source/portable/IAR/AtmelSAM9XE/ISR_Support.h,différé,règle : backend FreeRTOS (étape 7),56,7
src/kernel/core/ucore/freeRTOS_8-0-0/source/portable/IAR/AtmelSAM9XE/port.c,différé,règle : backend FreeRTOS (étape 7),157,5
src/kernel/core/ucore/freeRTOS_8-0-0/source/portable/IAR/AtmelSAM9XE/portasm.s79,différé,règle : backend FreeRTOS (étape 7),15,5
src/kernel/core/ucore/freeRTOS_8-0-0/source/portable/IAR/AtmelSAM9XE/portmacro.h,différé,règle : backend FreeRTOS (étape 7) [prime sur : inclus par dev_stm32f4xx_7.20/Debug (pilotes STM32F4 (config. liée par les applications F4))],52,27
src/kernel/core/ucore/freeRTOS_8-0-0/source/portable/MemMang/heap_1.c,différé,règle : backend FreeRTOS (étape 7),57,0
src/kernel/core/ucore/freeRTOS_8-0-0/source/portable/MemMang/heap_2.c,différé,règle : backend FreeRTOS (étape 7),131,5
src/kernel/core/ucore/freeRTOS_8-0-0/source/portable/MemMang/heap_3.c,différé,règle : backend FreeRTOS (étape 7),38,5
src/kernel/core/ucore/freeRTOS_8-0-0/source/portable/MemMang/heap_4.c,différé,règle : backend FreeRTOS (étape 7),229,0
src/kernel/core/ucore/freeRTOS_8-0-0/source/queue.c,différé,règle : backend FreeRTOS (étape 7),1620,5
src/kernel/core/ucore/freeRTOS_8-0-0/source/tasks.c,différé,règle : backend FreeRTOS (étape 7),2098,5
src/kernel/core/ucore/freeRTOS_8-0-0/source/timers.c,différé,règle : backend FreeRTOS (étape 7),456,5
src/kernel/core/ucore/freeRTOS_9-0-0/source/arch/arm9/FreeRTOSConfig_arm926ejs.h,différé,règle : backend FreeRTOS (étape 7),41,0
src/kernel/core/ucore/freeRTOS_9-0-0/source/arch/arm9/at91sam9261/FreeRTOSConfig.h,différé,règle : backend FreeRTOS (étape 7),41,0
src/kernel/core/ucore/freeRTOS_9-0-0/source/arch/arm9/at91sam9261/board.h,différé,règle : backend FreeRTOS (étape 7),116,0
src/kernel/core/ucore/freeRTOS_9-0-0/source/arch/arm9/at91sam9261/board_cstartup.S,différé,règle : backend FreeRTOS (étape 7),82,0
src/kernel/core/ucore/freeRTOS_9-0-0/source/arch/arm9/at91sam9261/board_cstartup_iar.s,différé,règle : backend FreeRTOS (étape 7),72,0
src/kernel/core/ucore/freeRTOS_9-0-0/source/arch/arm9/at91sam9261/board_cstartup_iar_sam9xe.s,différé,règle : backend FreeRTOS (étape 7),61,0
src/kernel/core/ucore/freeRTOS_9-0-0/source/arch/arm9/at91sam9261/board_cstartup_keil.s,différé,règle : backend FreeRTOS (étape 7),101,0
src/kernel/core/ucore/freeRTOS_9-0-0/source/arch/arm9/at91sam9261/board_lowlevel.c,différé,règle : backend FreeRTOS (étape 7),75,0
src/kernel/core/ucore/freeRTOS_9-0-0/source/arch/arm9/at91sam9261/board_lowlevel.h,différé,règle : backend FreeRTOS (étape 7),4,0
src/kernel/core/ucore/freeRTOS_9-0-0/source/arch/arm9/at91sam9261/board_memories.c,différé,règle : backend FreeRTOS (étape 7),218,0
src/kernel/core/ucore/freeRTOS_9-0-0/source/arch/arm9/at91sam9261/board_memories.h,différé,règle : backend FreeRTOS (étape 7),11,0
src/kernel/core/ucore/freeRTOS_9-0-0/source/arch/arm9/at91sam9261/board_powermode.c,différé,règle : backend FreeRTOS (étape 7),9,0
src/kernel/core/ucore/freeRTOS_9-0-0/source/arch/arm9/at91sam9261/board_powermode.h,différé,règle : backend FreeRTOS (étape 7),5,0
src/kernel/core/ucore/freeRTOS_9-0-0/source/arch/arm9/at91sam9261/inc/AT91SAM9261.h,différé,règle : backend FreeRTOS (étape 7),3048,0
src/kernel/core/ucore/freeRTOS_9-0-0/source/arch/arm9/at91sam9261/inc/chip.h,différé,règle : backend FreeRTOS (étape 7),23,0
src/kernel/core/ucore/freeRTOS_9-0-0/source/arch/arm9/at91sam9261/main.c,différé,règle : backend FreeRTOS (étape 7),14,0
src/kernel/core/ucore/freeRTOS_9-0-0/source/arch/cortex-m0+/FreeRTOSConfig_cortex-m0+.h,différé,règle : backend FreeRTOS (étape 7),47,0
src/kernel/core/ucore/freeRTOS_9-0-0/source/arch/cortex-m0+/at91samd20/FreeRTOSConfig.h,différé,règle : backend FreeRTOS (étape 7),47,1
src/kernel/core/ucore/freeRTOS_9-0-0/source/arch/cortex-m0+/at91samd20/main.c,différé,règle : backend FreeRTOS (étape 7),74,0
src/kernel/core/ucore/freeRTOS_9-0-0/source/arch/cortex-m4/FreeRTOSConfig_cortex-m4.h,différé,règle : backend FreeRTOS (étape 7),53,0
src/kernel/core/ucore/freeRTOS_9-0-0/source/arch/cortex-m4/stm32f4/FreeRTOSConfig.h,différé,règle : backend FreeRTOS (étape 7),53,0
src/kernel/core/ucore/freeRTOS_9-0-0/source/arch/cortex-m4/stm32f4/main.c,différé,règle : backend FreeRTOS (étape 7),34,0
src/kernel/core/ucore/freeRTOS_9-0-0/source/arch/cortex-m4/stm32f4/stm32f4xx_conf.h,différé,règle : backend FreeRTOS (étape 7),35,0
src/kernel/core/ucore/freeRTOS_9-0-0/source/arch/cortex-m4/stm32f4/stm32f4xx_it.c,différé,règle : backend FreeRTOS (étape 7),46,0
src/kernel/core/ucore/freeRTOS_9-0-0/source/arch/cortex-m4/stm32f4/stm32f4xx_it.h,différé,règle : backend FreeRTOS (étape 7),19,0
src/kernel/core/ucore/freeRTOS_9-0-0/source/arch/cortex-m7/FreeRTOSConfig_cortex-m7.h,différé,règle : backend FreeRTOS (étape 7),53,0
src/kernel/core/ucore/freeRTOS_9-0-0/source/arch/cortex-m7/at91samv71/FreeRTOSConfig.h,différé,règle : backend FreeRTOS (étape 7),56,3
src/kernel/core/ucore/freeRTOS_9-0-0/source/arch/cortex-m7/at91samv71/main.c,différé,règle : backend FreeRTOS (étape 7),52,0
src/kernel/core/ucore/freeRTOS_9-0-0/source/croutine.c,différé,règle : backend FreeRTOS (étape 7),179,0
src/kernel/core/ucore/freeRTOS_9-0-0/source/event_groups.c,différé,règle : backend FreeRTOS (étape 7),441,0
src/kernel/core/ucore/freeRTOS_9-0-0/source/include/FreeRTOS.h,différé,règle : backend FreeRTOS (étape 7),659,8
src/kernel/core/ucore/freeRTOS_9-0-0/source/include/StackMacros.h,différé,règle : backend FreeRTOS (étape 7),62,0
src/kernel/core/ucore/freeRTOS_9-0-0/source/include/croutine.h,différé,règle : backend FreeRTOS (étape 7),68,0
src/kernel/core/ucore/freeRTOS_9-0-0/source/include/deprecated_definitions.h,différé,règle : backend FreeRTOS (étape 7),180,8
src/kernel/core/ucore/freeRTOS_9-0-0/source/include/event_groups.h,différé,règle : backend FreeRTOS (étape 7),43,8
src/kernel/core/ucore/freeRTOS_9-0-0/source/include/list.h,différé,règle : backend FreeRTOS (étape 7),96,8
src/kernel/core/ucore/freeRTOS_9-0-0/source/include/mpu_prototypes.h,différé,règle : backend FreeRTOS (étape 7),89,0
src/kernel/core/ucore/freeRTOS_9-0-0/source/include/mpu_wrappers.h,différé,règle : backend FreeRTOS (étape 7),95,8
src/kernel/core/ucore/freeRTOS_9-0-0/source/include/portable.h,différé,règle : backend FreeRTOS (étape 7),60,8
src/kernel/core/ucore/freeRTOS_9-0-0/source/include/projdefs.h,différé,règle : backend FreeRTOS (étape 7),66,8
src/kernel/core/ucore/freeRTOS_9-0-0/source/include/queue.h,différé,règle : backend FreeRTOS (étape 7),89,8
src/kernel/core/ucore/freeRTOS_9-0-0/source/include/semphr.h,différé,règle : backend FreeRTOS (étape 7),58,8
src/kernel/core/ucore/freeRTOS_9-0-0/source/include/task.h,différé,règle : backend FreeRTOS (étape 7),175,8
src/kernel/core/ucore/freeRTOS_9-0-0/source/include/timers.h,différé,règle : backend FreeRTOS (étape 7),64,8
src/kernel/core/ucore/freeRTOS_9-0-0/source/list.c,différé,règle : backend FreeRTOS (étape 7),73,0
src/kernel/core/ucore/freeRTOS_9-0-0/source/portable/Common/mpu_wrappers.c,différé,règle : backend FreeRTOS (étape 7),752,0
src/kernel/core/ucore/freeRTOS_9-0-0/source/portable/IAR/ARM_CM0/port.c,différé,règle : backend FreeRTOS (étape 7),92,0
src/kernel/core/ucore/freeRTOS_9-0-0/source/portable/IAR/ARM_CM0/portasm.s,différé,règle : backend FreeRTOS (étape 7),68,0
src/kernel/core/ucore/freeRTOS_9-0-0/source/portable/IAR/ARM_CM0/portmacro.h,différé,règle : backend FreeRTOS (étape 7),50,1
src/kernel/core/ucore/freeRTOS_9-0-0/source/portable/IAR/ARM_CM3/port.c,différé,règle : backend FreeRTOS (étape 7),235,0
src/kernel/core/ucore/freeRTOS_9-0-0/source/portable/IAR/ARM_CM3/portasm.s,différé,règle : backend FreeRTOS (étape 7),51,0
src/kernel/core/ucore/freeRTOS_9-0-0/source/portable/IAR/ARM_CM3/portmacro.h,différé,règle : backend FreeRTOS (étape 7),79,8
src/kernel/core/ucore/freeRTOS_9-0-0/source/portable/IAR/ARM_CM4F/port.c,différé,règle : backend FreeRTOS (étape 7),249,0
src/kernel/core/ucore/freeRTOS_9-0-0/source/portable/IAR/ARM_CM4F/portasm.s,différé,règle : backend FreeRTOS (étape 7),65,0
src/kernel/core/ucore/freeRTOS_9-0-0/source/portable/IAR/ARM_CM4F/portmacro.h,différé,règle : backend FreeRTOS (étape 7),79,0
src/kernel/core/ucore/freeRTOS_9-0-0/source/portable/IAR/ARM_CM7/r0p1/port.c,différé,règle : backend FreeRTOS (étape 7),243,0
src/kernel/core/ucore/freeRTOS_9-0-0/source/portable/IAR/ARM_CM7/r0p1/portasm.s,différé,règle : backend FreeRTOS (étape 7),67,0
src/kernel/core/ucore/freeRTOS_9-0-0/source/portable/IAR/ARM_CM7/r0p1/portmacro.h,différé,règle : backend FreeRTOS (étape 7),82,8
src/kernel/core/ucore/freeRTOS_9-0-0/source/portable/MemMang/heap_1.c,différé,règle : backend FreeRTOS (étape 7),66,0
src/kernel/core/ucore/freeRTOS_9-0-0/source/portable/MemMang/heap_2.c,différé,règle : backend FreeRTOS (étape 7),137,0
src/kernel/core/ucore/freeRTOS_9-0-0/source/portable/MemMang/heap_3.c,différé,règle : backend FreeRTOS (étape 7),40,0
src/kernel/core/ucore/freeRTOS_9-0-0/source/portable/MemMang/heap_4.c,différé,règle : backend FreeRTOS (étape 7),247,0
src/kernel/core/ucore/freeRTOS_9-0-0/source/portable/MemMang/heap_5.c,différé,règle : backend FreeRTOS (étape 7),253,0
src/kernel/core/ucore/freeRTOS_9-0-0/source/queue.c,différé,règle : backend FreeRTOS (étape 7),1650,0
src/kernel/core/ucore/freeRTOS_9-0-0/source/tasks.c,différé,règle : backend FreeRTOS (étape 7),2885,0
src/kernel/core/ucore/freeRTOS_9-0-0/source/timers.c,différé,règle : backend FreeRTOS (étape 7),622,0
src/kernel/core/usb/stm32_usb_core/usb_core.c,différé,"déclaré par stm32f4_usb_core/Debug (USB device STM32F4, hors paliers des étapes 3-5)",98,2
src/kernel/core/usb/stm32_usb_core/usb_core.h,différé,"déclaré par stm32f4_usb_core/Debug (USB device STM32F4, hors paliers des étapes 3-5)",26,3
src/kernel/core/usb/stm32_usb_core/usb_core_audio.c,différé,"déclaré par Backup of stm32f4_usb_core/Debug (USB device STM32F4, hors paliers des étapes 3-5)",166,3
src/kernel/core/usb/stm32_usb_core/usb_core_audio.h,différé,"déclaré par Backup of stm32f4_usb_core/Debug (USB device STM32F4, hors paliers des étapes 3-5)",11,3
src/kernel/core/usb/stm32_usb_core/usb_core_storage.c,différé,"déclaré par stm32f4_usb_core/Debug (USB device STM32F4, hors paliers des étapes 3-5)",157,2
src/kernel/core/usb/stm32_usb_core/usb_core_storage.h,différé,"déclaré par stm32f4_usb_core/Debug (USB device STM32F4, hors paliers des étapes 3-5)",12,2
src/kernel/core/ver.h,actif,"déclaré par tauon_7.80/tauon-kernel-cortex-m4-debug (noyau, configuration Cortex-M4 embOS (socle))",6,44
src/kernel/core/wait.c,actif,"déclaré par tauon_7.80/tauon-kernel-cortex-m4-debug (noyau, configuration Cortex-M4 embOS (socle))",22,7
src/kernel/core/wait.h,actif,"déclaré par tauon_7.80/tauon-kernel-cortex-m4-debug (noyau, configuration Cortex-M4 embOS (socle))",14,15
src/kernel/dev/arch/all/debug/dev_os_debug.c,actif,"déclaré par tauon_7.80/tauon-kernel-cortex-m4-debug (noyau, configuration Cortex-M4 embOS (socle))",221,5
src/kernel/dev/arch/all/debug/dev_os_debug.h,actif,"déclaré par tauon_7.80/tauon-kernel-cortex-m4-debug (noyau, configuration Cortex-M4 embOS (socle))",25,5
src/kernel/dev/arch/all/debug/dev_os_debug_0.c,hors-projet,"non déclaré par un projet, non inclus, sans règle",32,0
src/kernel/dev/arch/all/eth/dev_eth_ksz885x/dev_eth_ksz885x.c,hors-projet,"non déclaré par un projet, non inclus, sans règle",841,0
src/kernel/dev/arch/all/eth/dev_eth_ksz885x/dev_eth_ksz885x.h,hors-projet,"non déclaré par un projet, non inclus, sans règle",399,0
src/kernel/dev/arch/all/eth/dev_eth_lan9118/dev_eth_lan9118_x.c,actif,étape 3 : pilote du socle QEMU mps2-an386,299,0
src/kernel/dev/arch/all/eth/dev_eth_lan9118/dev_eth_lan9118_x.h,actif,étape 3 : pilote du socle QEMU mps2-an386,27,0
src/kernel/dev/arch/all/flash/amd/dev_flash_am29dlxxxx_1.c,actif,"déclaré par tauon_7.80/tauon-kernel-cortex-m4-debug (noyau, configuration Cortex-M4 embOS (socle))",41,7
src/kernel/dev/arch/all/flash/amd/dev_flash_am29dlxxxx_2.c,actif,"déclaré par tauon_7.80/tauon-kernel-cortex-m4-debug (noyau, configuration Cortex-M4 embOS (socle))",41,7
src/kernel/dev/arch/all/flash/amd/dev_flash_am29dlxxxx_3.c,actif,"déclaré par tauon_7.80/tauon-kernel-cortex-m4-debug (noyau, configuration Cortex-M4 embOS (socle))",41,7
src/kernel/dev/arch/all/flash/amd/dev_flash_nor_amd.c,actif,"déclaré par tauon_7.80/tauon-kernel-cortex-m4-debug (noyau, configuration Cortex-M4 embOS (socle))",285,7
src/kernel/dev/arch/all/flash/amd/dev_flash_nor_amd.h,actif,"déclaré par tauon_7.80/tauon-kernel-cortex-m4-debug (noyau, configuration Cortex-M4 embOS (socle))",14,7
src/kernel/dev/arch/all/flash/amd/lldapi/lld.c,actif,"déclaré par tauon_7.80/tauon-kernel-cortex-m4-debug (noyau, configuration Cortex-M4 embOS (socle))",552,7
src/kernel/dev/arch/all/flash/amd/lldapi/lld.h,actif,"déclaré par tauon_7.80/tauon-kernel-cortex-m4-debug (noyau, configuration Cortex-M4 embOS (socle))",374,7
src/kernel/dev/arch/all/flash/amd/lldapi/lld_bdsxxx_asp.c,hors-projet,"non déclaré par un projet, non inclus, sans règle",357,0
src/kernel/dev/arch/all/flash/amd/lldapi/lld_bdsxxx_asp.h,actif,rattaché par répertoire (src/kernel/dev/arch/all/flash/amd/lldapi),78,0
src/kernel/dev/arch/all/flash/amd/lldapi/lld_target_specific.h,actif,"déclaré par tauon_7.80/tauon-kernel-cortex-m4-debug (noyau, configuration Cortex-M4 embOS (socle))",23,7
src/kernel/dev/arch/all/flash/amd/lldapi/trace.c,actif,"déclaré par tauon_7.80/tauon-kernel-cortex-m4-debug (noyau, configuration Cortex-M4 embOS (socle))",42,7
src/kernel/dev/arch/all/flash/amd/lldapi/trace.h,actif,"déclaré par tauon_7.80/tauon-kernel-cortex-m4-debug (noyau, configuration Cortex-M4 embOS (socle))",34,7
src/kernel/dev/arch/all/flash/dev_ftl/dev_ftl.c,actif,"déclaré par tauon_7.80/tauon-kernel-cortex-m4-debug (noyau, configuration Cortex-M4 embOS (socle))",657,7
src/kernel/dev/arch/all/flash/flash.c,actif,"déclaré par tauon_7.80/tauon-kernel-cortex-m4-debug (noyau, configuration Cortex-M4 embOS (socle))",24,7
src/kernel/dev/arch/all/flash/flash.h,actif,"déclaré par tauon_7.80/tauon-kernel-cortex-m4-debug (noyau, configuration Cortex-M4 embOS (socle))",40,7
src/kernel/dev/arch/all/i2c/bq/dev_bq24161_x.c,actif,"déclaré par tauon_7.80/tauon-kernel-cortex-m4-debug (noyau, configuration Cortex-M4 embOS (socle))",321,3
src/kernel/dev/arch/all/i2c/bq/dev_bq24161_x.h,actif,"déclaré par tauon_7.80/tauon-kernel-cortex-m4-debug (noyau, configuration Cortex-M4 embOS (socle))",31,3
src/kernel/dev/arch/all/i2c/bq/dev_bq27510_g3_x.c,actif,"déclaré par tauon_7.80/tauon-kernel-cortex-m4-debug (noyau, configuration Cortex-M4 embOS (socle))",605,3
src/kernel/dev/arch/all/i2c/bq/dev_bq27510_g3_x.h,actif,"déclaré par tauon_7.80/tauon-kernel-cortex-m4-debug (noyau, configuration Cortex-M4 embOS (socle))",43,3
src/kernel/dev/arch/all/i2c/dev_eeprom_24xxx.c,actif,"déclaré par tauon_7.80/tauon-kernel-cortex-m4-debug (noyau, configuration Cortex-M4 embOS (socle))",160,7
src/kernel/dev/arch/all/i2c/dev_eeprom_24xxx.h,actif,"déclaré par tauon_7.80/tauon-kernel-cortex-m4-debug (noyau, configuration Cortex-M4 embOS (socle))",16,7
src/kernel/dev/arch/all/i2c/dev_eeprom_24xxx_0.c,actif,"déclaré par tauon_7.80/tauon-kernel-cortex-m4-debug (noyau, configuration Cortex-M4 embOS (socle))",39,7
src/kernel/dev/arch/all/i2c/dev_eeprom_24xxx_0.h,actif,rattaché par répertoire (src/kernel/dev/arch/all/i2c),5,0
src/kernel/dev/arch/all/i2c/dev_eeprom_24xxx_1.c,hors-projet,"non déclaré par un projet, non inclus, sans règle",36,0
src/kernel/dev/arch/all/i2c/dev_eeprom_24xxx_1.h,actif,rattaché par répertoire (src/kernel/dev/arch/all/i2c),5,0
src/kernel/dev/arch/all/i2c/dev_eeprom_24xxx_2.c,hors-projet,"non déclaré par un projet, non inclus, sans règle",36,0
src/kernel/dev/arch/all/i2c/dev_eeprom_24xxx_2.h,actif,rattaché par répertoire (src/kernel/dev/arch/all/i2c),5,0
src/kernel/dev/arch/all/i2c/fram/dev_fram_24clxx.c,actif,"déclaré par tauon_7.80/tauon-kernel-cortex-m4-debug (noyau, configuration Cortex-M4 embOS (socle))",224,3
src/kernel/dev/arch/all/i2c/nxp-nfc/pn7150/dev_nxp_nfc_pn7150_x.c,différé,déclaré par dev_nxp_nfc_pn7150/cortex-m4-debug (périphérique NFC PN7150 optionnel),163,1
src/kernel/dev/arch/all/i2c/nxp-nfc/pn7150/dev_nxp_nfc_pn7150_x.h,différé,déclaré par dev_nxp_nfc_pn7150/cortex-m4-debug (périphérique NFC PN7150 optionnel),22,2
src/kernel/dev/arch/all/i2c/rtc/dev_rtc_m41t81.c,hors-projet,"non déclaré par un projet, non inclus, sans règle",185,0
src/kernel/dev/arch/all/i2c/rtc/dev_rtc_m41t81.h,actif,rattaché par répertoire (src/kernel/dev/arch/all/i2c/rtc),5,0
src/kernel/dev/arch/all/i2c/rtc/dev_rtc_nxp_pca8565.c,actif,"déclaré par tauon_7.80/tauon-kernel-cortex-m4-debug (noyau, configuration Cortex-M4 embOS (socle))",270,3
src/kernel/dev/arch/all/i2c/rtc/dev_rtc_nxp_pca8565.h,actif,"déclaré par tauon_7.80/tauon-kernel-cortex-m4-debug (noyau, configuration Cortex-M4 embOS (socle))",4,3
src/kernel/dev/arch/all/i2c/rtc/dev_rtc_x1203.c,hors-projet,"non déclaré par un projet, non inclus, sans règle",184,0
src/kernel/dev/arch/all/i2c/rtc/dev_rtc_x1203.h,actif,rattaché par répertoire (src/kernel/dev/arch/all/i2c/rtc),5,0
src/kernel/dev/arch/all/i2c/sensor/dev_bme280_sensor.c,hors-projet,"non déclaré par un projet, non inclus, sans règle",219,0
src/kernel/dev/arch/all/i2c/sensor/dev_bme280_sensor.h,actif,rattaché par répertoire (src/kernel/dev/arch/all/i2c),3,0
src/kernel/dev/arch/all/i2c/sensor/dev_te86bsd_sensor.c,hors-projet,"non déclaré par un projet, non inclus, sans règle",213,0
src/kernel/dev/arch/all/i2c/sensor/dev_te86bsd_sensor.h,actif,rattaché par répertoire (src/kernel/dev/arch/all/i2c),3,0
src/kernel/dev/arch/all/lcd/dev_lcd_jrc_nju6433.c,hors-projet,"non déclaré par un projet, non inclus, sans règle",312,0
src/kernel/dev/arch/all/lcd/dev_lcd_jrc_nju6433.h,actif,rattaché par répertoire (src/kernel/dev/arch/all/lcd),125,0
src/kernel/dev/arch/all/lcd/dev_lcd_sanyo_lc75813.c,hors-projet,"non déclaré par un projet, non inclus, sans règle",408,0
src/kernel/dev/arch/all/lcd/dev_oled_ssd1305.c,actif,"déclaré par tauon_7.80/tauon-kernel-cortex-m4-debug (noyau, configuration Cortex-M4 embOS (socle))",407,3
src/kernel/dev/arch/all/lcd/dev_oled_ssd1305.h,actif,"déclaré par tauon_7.80/tauon-kernel-cortex-m4-debug (noyau, configuration Cortex-M4 embOS (socle))",7,4
src/kernel/dev/arch/all/lcd/dev_oled_ssd1322.c,actif,"déclaré par tauon_7.80/tauon-kernel-cortex-m4-debug (noyau, configuration Cortex-M4 embOS (socle))",351,4
src/kernel/dev/arch/all/lcd/dev_oled_ssd1322.h,actif,"déclaré par tauon_7.80/tauon-kernel-cortex-m4-debug (noyau, configuration Cortex-M4 embOS (socle))",7,4
src/kernel/dev/arch/all/modem/simcom/dev_modem_simcom.c,actif,"déclaré par tauon_7.80/tauon-kernel-cortex-m4-debug (noyau, configuration Cortex-M4 embOS (socle))",588,3
src/kernel/dev/arch/all/modem/ublox/dev_modem_ublox_sarag3.c,actif,"déclaré par tauon_7.80/tauon-kernel-cortex-m4-debug (noyau, configuration Cortex-M4 embOS (socle))",890,3
src/kernel/dev/arch/all/modem/ublox/dev_modem_ublox_sarag3.h,actif,"déclaré par tauon_7.80/tauon-kernel-cortex-m4-debug (noyau, configuration Cortex-M4 embOS (socle))",11,3
src/kernel/dev/arch/all/ppp/dev_ppp_uip/ahdlc.c,actif,"déclaré par tauon_7.80/tauon-kernel-cortex-m4-debug (noyau, configuration Cortex-M4 embOS (socle))",178,6
src/kernel/dev/arch/all/ppp/dev_ppp_uip/ahdlc.h,actif,"déclaré par tauon_7.80/tauon-kernel-cortex-m4-debug (noyau, configuration Cortex-M4 embOS (socle))",10,6
src/kernel/dev/arch/all/ppp/dev_ppp_uip/dev_ppp_uip.c,actif,"déclaré par tauon_7.80/tauon-kernel-cortex-m4-debug (noyau, configuration Cortex-M4 embOS (socle))",305,6
src/kernel/dev/arch/all/ppp/dev_ppp_uip/dev_ppp_uip.h,actif,"déclaré par tauon_7.80/tauon-kernel-cortex-m4-debug (noyau, configuration Cortex-M4 embOS (socle))",22,8
src/kernel/dev/arch/all/ppp/dev_ppp_uip/ipcp.c,actif,"déclaré par tauon_7.80/tauon-kernel-cortex-m4-debug (noyau, configuration Cortex-M4 embOS (socle))",315,6
src/kernel/dev/arch/all/ppp/dev_ppp_uip/ipcp.h,actif,"déclaré par tauon_7.80/tauon-kernel-cortex-m4-debug (noyau, configuration Cortex-M4 embOS (socle))",33,6
src/kernel/dev/arch/all/ppp/dev_ppp_uip/ipv6cp.c,actif,"déclaré par tauon_7.80/tauon-kernel-cortex-m4-debug (noyau, configuration Cortex-M4 embOS (socle))",294,6
src/kernel/dev/arch/all/ppp/dev_ppp_uip/ipv6cp.h,actif,"déclaré par tauon_7.80/tauon-kernel-cortex-m4-debug (noyau, configuration Cortex-M4 embOS (socle))",26,6
src/kernel/dev/arch/all/ppp/dev_ppp_uip/lcp.c,actif,"déclaré par tauon_7.80/tauon-kernel-cortex-m4-debug (noyau, configuration Cortex-M4 embOS (socle))",322,6
src/kernel/dev/arch/all/ppp/dev_ppp_uip/lcp.h,actif,"déclaré par tauon_7.80/tauon-kernel-cortex-m4-debug (noyau, configuration Cortex-M4 embOS (socle))",38,6
src/kernel/dev/arch/all/ppp/dev_ppp_uip/pap.c,actif,"déclaré par tauon_7.80/tauon-kernel-cortex-m4-debug (noyau, configuration Cortex-M4 embOS (socle))",95,6
src/kernel/dev/arch/all/ppp/dev_ppp_uip/pap.h,actif,"déclaré par tauon_7.80/tauon-kernel-cortex-m4-debug (noyau, configuration Cortex-M4 embOS (socle))",22,6
src/kernel/dev/arch/all/ppp/dev_ppp_uip/ppp.c,actif,"déclaré par tauon_7.80/tauon-kernel-cortex-m4-debug (noyau, configuration Cortex-M4 embOS (socle))",277,6
src/kernel/dev/arch/all/ppp/dev_ppp_uip/ppp.h,actif,"déclaré par tauon_7.80/tauon-kernel-cortex-m4-debug (noyau, configuration Cortex-M4 embOS (socle))",55,6
src/kernel/dev/arch/all/sd/dev_sd.c,hors-projet,"non déclaré par un projet, non inclus, sans règle",145,0
src/kernel/dev/arch/all/sd/dev_sd.h,hors-projet,"non déclaré par un projet, non inclus, sans règle",270,0
src/kernel/dev/arch/all/sd/drv_sd.c,hors-projet,"non déclaré par un projet, non inclus, sans règle",613,0
src/kernel/dev/arch/all/slip/dev_slip.c,actif,"déclaré par tauon_7.80/tauon-kernel-cortex-m4-debug (noyau, configuration Cortex-M4 embOS (socle))",308,7
src/kernel/dev/arch/all/uart/dev_cmsdk_uart/dev_cmsdk_uart_x.c,actif,étape 3 : pilote du socle QEMU mps2-an386,136,0
src/kernel/dev/arch/all/uart/dev_cmsdk_uart/dev_cmsdk_uart_x.h,actif,étape 3 : pilote du socle QEMU mps2-an386,26,0
src/kernel/dev/arch/all/usb/class/eth/usbeth.c,hors-projet,"non déclaré par un projet, non inclus, sans règle",372,0
src/kernel/dev/arch/all/usb/class/eth/usbeth.h,hors-projet,"non déclaré par un projet, non inclus, sans règle",71,0
src/kernel/dev/arch/all/usb/class/msd/lun.h,hors-projet,"non déclaré par un projet, non inclus, sans règle",17,0
src/kernel/dev/arch/all/usb/class/msd/msd.h,hors-projet,"non déclaré par un projet, non inclus, sans règle",44,0
src/kernel/dev/arch/all/usb/class/msd/sbc.c,hors-projet,"non déclaré par un projet, non inclus, sans règle",450,0
src/kernel/dev/arch/all/usb/class/msd/sbc.h,hors-projet,"non déclaré par un projet, non inclus, sans règle",296,0
src/kernel/dev/arch/all/usb/class/msd/usbmsd.c,hors-projet,"non déclaré par un projet, non inclus, sans règle",673,0
src/kernel/dev/arch/all/usb/class/msd/usbmsd.h,hors-projet,"non déclaré par un projet, non inclus, sans règle",47,0
src/kernel/dev/arch/all/usb/class/serial/usbserial.c,hors-projet,"non déclaré par un projet, non inclus, sans règle",464,0
src/kernel/dev/arch/all/usb/class/serial/usbserial.h,hors-projet,"non déclaré par un projet, non inclus, sans règle",99,0
src/kernel/dev/arch/all/usb/class/std/usbstd.c,hors-projet,"non déclaré par un projet, non inclus, sans règle",173,0
src/kernel/dev/arch/all/usb/class/std/usbstd.h,hors-projet,"non déclaré par un projet, non inclus, sans règle",7,0
src/kernel/dev/arch/all/usb/usbcore.h,hors-projet,"non déclaré par un projet, non inclus, sans règle",183,0
src/kernel/dev/arch/all/usb/usbslave.c,hors-projet,"non déclaré par un projet, non inclus, sans règle",231,0
src/kernel/dev/arch/all/usb/usbslave.h,hors-projet,"non déclaré par un projet, non inclus, sans règle",85,0
src/kernel/dev/arch/all/usb/usbstring.c,hors-projet,"non déclaré par un projet, non inclus, sans règle",32,0
src/kernel/dev/arch/at91/asf/common/boards/board.h,différé,inclus par bsp_samd20xplained_pro_7.30/Debug (candidat M0+ (étape 6)),250,1
src/kernel/dev/arch/at91/asf/common/services/serial/sam0_usart/usart_serial.h,différé,"règle de répertoire : Atmel ASF SAMD20, candidat M0+ (étape 6)",43,0
src/kernel/dev/arch/at91/asf/common/services/serial/serial.h,différé,"règle de répertoire : Atmel ASF SAMD20, candidat M0+ (étape 6)",18,0
src/kernel/dev/arch/at91/asf/common/utils/interrupt.h,différé,inclus par dev_at91samd20_7.20/Debug (candidat M0+ (étape 6)),16,3
src/kernel/dev/arch/at91/asf/common/utils/interrupt/interrupt_sam_nvic.c,différé,déclaré par dev_at91samd20_7.20/Debug (candidat M0+ (étape 6)),24,1
src/kernel/dev/arch/at91/asf/common/utils/interrupt/interrupt_sam_nvic.h,différé,déclaré par dev_at91samd20_7.20/Debug (candidat M0+ (étape 6)),54,3
src/kernel/dev/arch/at91/asf/common/utils/parts.h,différé,inclus par dev_at91samd20_7.20/Debug (candidat M0+ (étape 6)),539,3
src/kernel/dev/arch/at91/asf/sam0/drivers/events/events.c,différé,"règle de répertoire : Atmel ASF SAMD20, candidat M0+ (étape 6)",177,0
src/kernel/dev/arch/at91/asf/sam0/drivers/events/events.h,différé,"règle de répertoire : Atmel ASF SAMD20, candidat M0+ (étape 6)",59,0
src/kernel/dev/arch/at91/asf/sam0/drivers/events/events_common.h,différé,"règle de répertoire : Atmel ASF SAMD20, candidat M0+ (étape 6)",12,0
src/kernel/dev/arch/at91/asf/sam0/drivers/events/events_hooks.c,différé,"règle de répertoire : Atmel ASF SAMD20, candidat M0+ (étape 6)",120,0
src/kernel/dev/arch/at91/asf/sam0/drivers/events/events_hooks.h,différé,"règle de répertoire : Atmel ASF SAMD20, candidat M0+ (étape 6)",21,0
src/kernel/dev/arch/at91/asf/sam0/drivers/port/port.c,différé,déclaré par dev_at91samd20_7.20/Debug (candidat M0+ (étape 6)),29,1
src/kernel/dev/arch/at91/asf/sam0/drivers/port/port.h,différé,déclaré par dev_at91samd20_7.20/Debug (candidat M0+ (étape 6)),121,2
src/kernel/dev/arch/at91/asf/sam0/drivers/sercom/sercom.c,différé,déclaré par dev_at91samd20_7.20/Debug (candidat M0+ (étape 6)),104,1
src/kernel/dev/arch/at91/asf/sam0/drivers/sercom/sercom.h,différé,déclaré par dev_at91samd20_7.20/Debug (candidat M0+ (étape 6)),53,2
src/kernel/dev/arch/at91/asf/sam0/drivers/sercom/sercom_interrupt.c,différé,déclaré par dev_at91samd20_7.20/Debug (candidat M0+ (étape 6)),52,1
src/kernel/dev/arch/at91/asf/sam0/drivers/sercom/sercom_interrupt.h,différé,déclaré par dev_at91samd20_7.20/Debug (candidat M0+ (étape 6)),20,2
src/kernel/dev/arch/at91/asf/sam0/drivers/sercom/sercom_pinout.h,différé,déclaré par dev_at91samd20_7.20/Debug (candidat M0+ (étape 6)),28,2
src/kernel/dev/arch/at91/asf/sam0/drivers/sercom/usart/usart.c,différé,déclaré par dev_at91samd20_7.20/Debug (candidat M0+ (étape 6)),353,1
src/kernel/dev/arch/at91/asf/sam0/drivers/sercom/usart/usart.h,différé,déclaré par dev_at91samd20_7.20/Debug (candidat M0+ (étape 6)),361,2
src/kernel/dev/arch/at91/asf/sam0/drivers/sercom/usart/usart_interrupt.c,différé,déclaré par dev_at91samd20_7.20/Debug (candidat M0+ (étape 6)),273,1
src/kernel/dev/arch/at91/asf/sam0/drivers/sercom/usart/usart_interrupt.h,différé,déclaré par dev_at91samd20_7.20/Debug (candidat M0+ (étape 6)),63,2
src/kernel/dev/arch/at91/asf/sam0/drivers/system/clock/clock.h,différé,inclus par dev_at91samd20_7.20/Debug (candidat M0+ (étape 6)),410,2
src/kernel/dev/arch/at91/asf/sam0/drivers/system/clock/clock_samd20/clock.c,différé,déclaré par dev_at91samd20_7.20/Release (candidat M0+ (étape 6)),462,1
src/kernel/dev/arch/at91/asf/sam0/drivers/system/clock/clock_samd20/clock_config_check.h,différé,déclaré par dev_at91samd20_7.20/Release (candidat M0+ (étape 6)),249,2
src/kernel/dev/arch/at91/asf/sam0/drivers/system/clock/clock_samd20/gclk.c,différé,déclaré par dev_at91samd20_7.20/Debug (candidat M0+ (étape 6)),186,1
src/kernel/dev/arch/at91/asf/sam0/drivers/system/clock/clock_samd20/module_config/conf_clocks-xplaindproboard.h,différé,rattaché par répertoire (src/kernel/dev/arch/at91/asf/sam0/drivers/system/clock/clock_samd20),88,0
src/kernel/dev/arch/at91/asf/sam0/drivers/system/clock/gclk.h,différé,inclus par dev_at91samd20_7.20/Debug (candidat M0+ (étape 6)),121,2
src/kernel/dev/arch/at91/asf/sam0/drivers/system/interrupt/system_interrupt.c,différé,déclaré par dev_at91samd20_7.20/Debug (candidat M0+ (étape 6)),81,1
src/kernel/dev/arch/at91/asf/sam0/drivers/system/interrupt/system_interrupt.h,différé,déclaré par dev_at91samd20_7.20/Debug (candidat M0+ (étape 6)),69,3
src/kernel/dev/arch/at91/asf/sam0/drivers/system/interrupt/system_interrupt_samd20/system_interrupt_features.h,différé,inclus par dev_at91samd20_7.20/Debug (candidat M0+ (étape 6)),41,3
src/kernel/dev/arch/at91/asf/sam0/drivers/system/pinmux/pinmux.c,différé,déclaré par dev_at91samd20_7.20/Debug (candidat M0+ (étape 6)),82,1
src/kernel/dev/arch/at91/asf/sam0/drivers/system/pinmux/pinmux.h,différé,déclaré par dev_at91samd20_7.20/Debug (candidat M0+ (étape 6)),92,2
src/kernel/dev/arch/at91/asf/sam0/drivers/system/system.c,différé,déclaré par dev_at91samd20_7.20/Debug (candidat M0+ (étape 6)),36,1
src/kernel/dev/arch/at91/asf/sam0/drivers/system/system.h,différé,déclaré par dev_at91samd20_7.20/Debug (candidat M0+ (étape 6)),101,2
src/kernel/dev/arch/at91/asf/sam0/drivers/system/system_init.c,différé,"règle de répertoire : Atmel ASF SAMD20, candidat M0+ (étape 6)",36,0
src/kernel/dev/arch/at91/asf/sam0/drivers/tc/tc.c,différé,"règle de répertoire : Atmel ASF SAMD20, candidat M0+ (étape 6)",326,0
src/kernel/dev/arch/at91/asf/sam0/drivers/tc/tc.h,différé,"règle de répertoire : Atmel ASF SAMD20, candidat M0+ (étape 6)",359,0
src/kernel/dev/arch/at91/asf/sam0/drivers/tc/tc_interrupt.c,différé,"règle de répertoire : Atmel ASF SAMD20, candidat M0+ (étape 6)",71,0
src/kernel/dev/arch/at91/asf/sam0/drivers/tc/tc_interrupt.h,différé,"règle de répertoire : Atmel ASF SAMD20, candidat M0+ (étape 6)",68,0
src/kernel/dev/arch/at91/asf/sam0/utils/compiler.h,différé,inclus par dev_at91samd20_7.20/Debug (candidat M0+ (étape 6)),537,3
src/kernel/dev/arch/at91/asf/sam0/utils/header_files/io.h,différé,inclus par dev_at91samd20_7.20/Debug (candidat M0+ (étape 6)),9,3
src/kernel/dev/arch/at91/asf/sam0/utils/preprocessor/mrepeat.h,différé,inclus par dev_at91samd20_7.20/Debug (candidat M0+ (étape 6)),263,3
src/kernel/dev/arch/at91/asf/sam0/utils/preprocessor/preprocessor.h,différé,inclus par dev_at91samd20_7.20/Debug (candidat M0+ (étape 6)),6,3
src/kernel/dev/arch/at91/asf/sam0/utils/preprocessor/stringz.h,différé,inclus par dev_at91samd20_7.20/Debug (candidat M0+ (étape 6)),5,3
src/kernel/dev/arch/at91/asf/sam0/utils/preprocessor/tpaste.h,différé,inclus par dev_at91samd20_7.20/Debug (candidat M0+ (étape 6)),21,3
src/kernel/dev/arch/at91/asf/sam0/utils/status_codes.h,différé,inclus par dev_at91samd20_7.20/Debug (candidat M0+ (étape 6)),61,3
src/kernel/dev/arch/at91/at91lib/boards/at91sam9261-ek/at91sam9261/AT91SAM9261.h,différé,"inclus par tauon_6.21/lib-debug (noyau, génération ancienne ou config. lib-debug (Cortex-M3))",3048,9
src/kernel/dev/arch/at91/at91lib/boards/at91sam9261-ek/at91sam9261/chip.h,différé,"inclus par tauon_6.21/lib-debug (noyau, génération ancienne ou config. lib-debug (Cortex-M3))",23,9
src/kernel/dev/arch/at91/at91lib/boards/at91sam9261-ek/board.h,différé,"inclus par tauon_6.21/lib-debug (noyau, génération ancienne ou config. lib-debug (Cortex-M3))",116,9
src/kernel/dev/arch/at91/at91lib/boards/at91sam9261-ek/board_lowlevel.h,différé,rattaché par répertoire (src/kernel/dev/arch/at91/at91lib/boards/at91sam9261-ek),4,0
src/kernel/dev/arch/at91/at91lib/boards/at91sam9261-ek/board_memories.h,différé,rattaché par répertoire (src/kernel/dev/arch/at91/at91lib/boards/at91sam9261-ek),11,0
src/kernel/dev/arch/at91/at91lib/boards/at91sam9261-ek/board_powermode.h,différé,rattaché par répertoire (src/kernel/dev/arch/at91/at91lib/boards/at91sam9261-ek),5,0
src/kernel/dev/arch/at91/at91lib/peripherals/aic/aic.h,différé,"inclus par tauon_6.21/lib-debug (noyau, génération ancienne ou config. lib-debug (Cortex-M3))",12,7
src/kernel/dev/arch/at91/at91lib/peripherals/pio/pio.h,différé,"inclus par tauon_6.21/lib-debug (noyau, génération ancienne ou config. lib-debug (Cortex-M3))",27,7
src/kernel/dev/arch/at91/at91lib/peripherals/pio/pio_it.h,différé,"inclus par tauon_6.21/lib-debug (noyau, génération ancienne ou config. lib-debug (Cortex-M3))",5,5
src/kernel/dev/arch/at91/at91lib/peripherals/pit/pit.h,différé,"inclus par tauon_6.21/lib-debug (noyau, génération ancienne ou config. lib-debug (Cortex-M3))",12,7
src/kernel/dev/arch/at91/at91lib/peripherals/tc/tc.h,différé,"inclus par tauon_6.21/lib-debug (noyau, génération ancienne ou config. lib-debug (Cortex-M3))",15,5
src/kernel/dev/arch/at91/at91lib/utility/led.h,différé,"inclus par tauon_6.21/lib-debug (noyau, génération ancienne ou config. lib-debug (Cortex-M3))",7,5
src/kernel/dev/arch/at91/at91lib/utility/trace.h,différé,"inclus par tauon_6.21/lib-debug (noyau, génération ancienne ou config. lib-debug (Cortex-M3))",35,5
src/kernel/dev/arch/at91/dev_at91_rtt/dev_at91_rtt.c,différé,"déclaré par tauon_6.21/lib-debug (noyau, génération ancienne ou config. lib-debug (Cortex-M3))",66,5
src/kernel/dev/arch/at91/dev_at91_rtt/dev_at91_rtt.h,différé,"déclaré par tauon_6.21/lib-debug (noyau, génération ancienne ou config. lib-debug (Cortex-M3))",21,7
src/kernel/dev/arch/at91/softpack-lib/samv71/libchip/chip.h,différé,"règle : Cortex-M7 Atmel SAMV71/SAME70, référence M7 (décision 2026-09-30)",73,3
src/kernel/dev/arch/at91/softpack-lib/samv71/libchip/compiler.h,différé,"règle : Cortex-M7 Atmel SAMV71/SAME70, référence M7 (décision 2026-09-30)",189,3
src/kernel/dev/arch/at91/softpack-lib/samv71/libchip/include/acc.h,différé,"règle : Cortex-M7 Atmel SAMV71/SAME70, référence M7 (décision 2026-09-30)",69,3
src/kernel/dev/arch/at91/softpack-lib/samv71/libchip/include/adc.h,différé,"règle : Cortex-M7 Atmel SAMV71/SAME70, référence M7 (décision 2026-09-30)",88,0
src/kernel/dev/arch/at91/softpack-lib/samv71/libchip/include/aes.h,différé,"règle : Cortex-M7 Atmel SAMV71/SAME70, référence M7 (décision 2026-09-30)",23,3
src/kernel/dev/arch/at91/softpack-lib/samv71/libchip/include/afe_dma.h,différé,"règle : Cortex-M7 Atmel SAMV71/SAME70, référence M7 (décision 2026-09-30)",26,3
src/kernel/dev/arch/at91/softpack-lib/samv71/libchip/include/afec.h,différé,"règle : Cortex-M7 Atmel SAMV71/SAME70, référence M7 (décision 2026-09-30)",81,3
src/kernel/dev/arch/at91/softpack-lib/samv71/libchip/include/dac_dma.h,différé,"règle : Cortex-M7 Atmel SAMV71/SAME70, référence M7 (décision 2026-09-30)",49,3
src/kernel/dev/arch/at91/softpack-lib/samv71/libchip/include/efc.h,différé,"règle : Cortex-M7 Atmel SAMV71/SAME70, référence M7 (décision 2026-09-30)",46,3
src/kernel/dev/arch/at91/softpack-lib/samv71/libchip/include/exceptions.h,différé,"règle : Cortex-M7 Atmel SAMV71/SAME70, référence M7 (décision 2026-09-30)",5,3
src/kernel/dev/arch/at91/softpack-lib/samv71/libchip/include/flashd.h,différé,"règle : Cortex-M7 Atmel SAMV71/SAME70, référence M7 (décision 2026-09-30)",31,3
src/kernel/dev/arch/at91/softpack-lib/samv71/libchip/include/gmac.h,différé,"règle : Cortex-M7 Atmel SAMV71/SAME70, référence M7 (décision 2026-09-30)",191,3
src/kernel/dev/arch/at91/softpack-lib/samv71/libchip/include/gmacd.h,différé,"règle : Cortex-M7 Atmel SAMV71/SAME70, référence M7 (décision 2026-09-30)",101,3
src/kernel/dev/arch/at91/softpack-lib/samv71/libchip/include/hsmci.h,différé,"règle : Cortex-M7 Atmel SAMV71/SAME70, référence M7 (décision 2026-09-30)",51,3
src/kernel/dev/arch/at91/softpack-lib/samv71/libchip/include/icm.h,différé,"règle : Cortex-M7 Atmel SAMV71/SAME70, référence M7 (décision 2026-09-30)",44,3
src/kernel/dev/arch/at91/softpack-lib/samv71/libchip/include/isi.h,différé,"règle : Cortex-M7 Atmel SAMV71/SAME70, référence M7 (décision 2026-09-30)",78,3
src/kernel/dev/arch/at91/softpack-lib/samv71/libchip/include/iso7816_4.h,différé,"règle : Cortex-M7 Atmel SAMV71/SAME70, référence M7 (décision 2026-09-30)",29,3
src/kernel/dev/arch/at91/softpack-lib/samv71/libchip/include/mcan.h,différé,"règle : Cortex-M7 Atmel SAMV71/SAME70, référence M7 (décision 2026-09-30)",221,3
src/kernel/dev/arch/at91/softpack-lib/samv71/libchip/include/mcid.h,différé,"règle : Cortex-M7 Atmel SAMV71/SAME70, référence M7 (décision 2026-09-30)",43,3
src/kernel/dev/arch/at91/softpack-lib/samv71/libchip/include/mediaLB.h,différé,"règle : Cortex-M7 Atmel SAMV71/SAME70, référence M7 (décision 2026-09-30)",3,0
src/kernel/dev/arch/at91/softpack-lib/samv71/libchip/include/mpu.h,différé,"règle : Cortex-M7 Atmel SAMV71/SAME70, référence M7 (décision 2026-09-30)",88,3
src/kernel/dev/arch/at91/softpack-lib/samv71/libchip/include/pio.h,différé,"règle : Cortex-M7 Atmel SAMV71/SAME70, référence M7 (décision 2026-09-30)",51,3
src/kernel/dev/arch/at91/softpack-lib/samv71/libchip/include/pio_capture.h,différé,"règle : Cortex-M7 Atmel SAMV71/SAME70, référence M7 (décision 2026-09-30)",21,3
src/kernel/dev/arch/at91/softpack-lib/samv71/libchip/include/pio_it.h,différé,"règle : Cortex-M7 Atmel SAMV71/SAME70, référence M7 (décision 2026-09-30)",17,3
src/kernel/dev/arch/at91/softpack-lib/samv71/libchip/include/pmc.h,différé,"règle : Cortex-M7 Atmel SAMV71/SAME70, référence M7 (décision 2026-09-30)",41,3
src/kernel/dev/arch/at91/softpack-lib/samv71/libchip/include/pwmc.h,différé,"règle : Cortex-M7 Atmel SAMV71/SAME70, référence M7 (décision 2026-09-30)",63,3
src/kernel/dev/arch/at91/softpack-lib/samv71/libchip/include/qspi.h,différé,"règle : Cortex-M7 Atmel SAMV71/SAME70, référence M7 (décision 2026-09-30)",116,3
src/kernel/dev/arch/at91/softpack-lib/samv71/libchip/include/qspi_dma.h,différé,"règle : Cortex-M7 Atmel SAMV71/SAME70, référence M7 (décision 2026-09-30)",34,3
src/kernel/dev/arch/at91/softpack-lib/samv71/libchip/include/rstc.h,différé,"règle : Cortex-M7 Atmel SAMV71/SAME70, référence M7 (décision 2026-09-30)",14,3
src/kernel/dev/arch/at91/softpack-lib/samv71/libchip/include/rtc.h,différé,"règle : Cortex-M7 Atmel SAMV71/SAME70, référence M7 (décision 2026-09-30)",36,3
src/kernel/dev/arch/at91/softpack-lib/samv71/libchip/include/rtt.h,différé,"règle : Cortex-M7 Atmel SAMV71/SAME70, référence M7 (décision 2026-09-30)",16,3
src/kernel/dev/arch/at91/softpack-lib/samv71/libchip/include/same70/component/component_acc.h,différé,"règle : Cortex-M7 Atmel SAMV71/SAME70, référence M7 (décision 2026-09-30)",78,3
src/kernel/dev/arch/at91/softpack-lib/samv71/libchip/include/same70/component/component_aes.h,différé,"règle : Cortex-M7 Atmel SAMV71/SAME70, référence M7 (décision 2026-09-30)",134,3
src/kernel/dev/arch/at91/softpack-lib/samv71/libchip/include/same70/component/component_afec.h,différé,"règle : Cortex-M7 Atmel SAMV71/SAME70, référence M7 (décision 2026-09-30)",413,3
src/kernel/dev/arch/at91/softpack-lib/samv71/libchip/include/same70/component/component_chipid.h,différé,"règle : Cortex-M7 Atmel SAMV71/SAME70, référence M7 (décision 2026-09-30)",80,3
src/kernel/dev/arch/at91/softpack-lib/samv71/libchip/include/same70/component/component_dacc.h,différé,"règle : Cortex-M7 Atmel SAMV71/SAME70, référence M7 (décision 2026-09-30)",129,3
src/kernel/dev/arch/at91/softpack-lib/samv71/libchip/include/same70/component/component_efc.h,différé,"règle : Cortex-M7 Atmel SAMV71/SAME70, référence M7 (décision 2026-09-30)",65,3
src/kernel/dev/arch/at91/softpack-lib/samv71/libchip/include/same70/component/component_gmac.h,différé,"règle : Cortex-M7 Atmel SAMV71/SAME70, référence M7 (décision 2026-09-30)",1035,3
src/kernel/dev/arch/at91/softpack-lib/samv71/libchip/include/same70/component/component_gpbr.h,différé,"règle : Cortex-M7 Atmel SAMV71/SAME70, référence M7 (décision 2026-09-30)",11,3
src/kernel/dev/arch/at91/softpack-lib/samv71/libchip/include/same70/component/component_hsmci.h,différé,"règle : Cortex-M7 Atmel SAMV71/SAME70, référence M7 (décision 2026-09-30)",274,3
src/kernel/dev/arch/at91/softpack-lib/samv71/libchip/include/same70/component/component_icm.h,différé,"règle : Cortex-M7 Atmel SAMV71/SAME70, référence M7 (décision 2026-09-30)",140,3
src/kernel/dev/arch/at91/softpack-lib/samv71/libchip/include/same70/component/component_isi.h,différé,"règle : Cortex-M7 Atmel SAMV71/SAME70, référence M7 (décision 2026-09-30)",214,3
src/kernel/dev/arch/at91/softpack-lib/samv71/libchip/include/same70/component/component_matrix.h,différé,"règle : Cortex-M7 Atmel SAMV71/SAME70, référence M7 (décision 2026-09-30)",239,3
src/kernel/dev/arch/at91/softpack-lib/samv71/libchip/include/same70/component/component_mcan.h,différé,"règle : Cortex-M7 Atmel SAMV71/SAME70, référence M7 (décision 2026-09-30)",760,3
src/kernel/dev/arch/at91/softpack-lib/samv71/libchip/include/same70/component/component_pio.h,différé,"règle : Cortex-M7 Atmel SAMV71/SAME70, référence M7 (décision 2026-09-30)",1616,3
src/kernel/dev/arch/at91/softpack-lib/samv71/libchip/include/same70/component/component_pmc.h,différé,"règle : Cortex-M7 Atmel SAMV71/SAME70, référence M7 (décision 2026-09-30)",645,3
src/kernel/dev/arch/at91/softpack-lib/samv71/libchip/include/same70/component/component_pwm.h,différé,"règle : Cortex-M7 Atmel SAMV71/SAME70, référence M7 (décision 2026-09-30)",546,3
src/kernel/dev/arch/at91/softpack-lib/samv71/libchip/include/same70/component/component_qspi.h,différé,"règle : Cortex-M7 Atmel SAMV71/SAME70, référence M7 (décision 2026-09-30)",159,3
src/kernel/dev/arch/at91/softpack-lib/samv71/libchip/include/same70/component/component_rstc.h,différé,"règle : Cortex-M7 Atmel SAMV71/SAME70, référence M7 (décision 2026-09-30)",35,3
src/kernel/dev/arch/at91/softpack-lib/samv71/libchip/include/same70/component/component_rswdt.h,différé,"règle : Cortex-M7 Atmel SAMV71/SAME70, référence M7 (décision 2026-09-30)",28,3
src/kernel/dev/arch/at91/softpack-lib/samv71/libchip/include/same70/component/component_rtc.h,différé,"règle : Cortex-M7 Atmel SAMV71/SAME70, référence M7 (décision 2026-09-30)",180,3
src/kernel/dev/arch/at91/softpack-lib/samv71/libchip/include/same70/component/component_rtt.h,différé,"règle : Cortex-M7 Atmel SAMV71/SAME70, référence M7 (décision 2026-09-30)",26,3
src/kernel/dev/arch/at91/softpack-lib/samv71/libchip/include/same70/component/component_sdramc.h,différé,"règle : Cortex-M7 Atmel SAMV71/SAME70, référence M7 (décision 2026-09-30)",119,3
src/kernel/dev/arch/at91/softpack-lib/samv71/libchip/include/same70/component/component_smc.h,différé,"règle : Cortex-M7 Atmel SAMV71/SAME70, référence M7 (décision 2026-09-30)",93,3
src/kernel/dev/arch/at91/softpack-lib/samv71/libchip/include/same70/component/component_spi.h,différé,"règle : Cortex-M7 Atmel SAMV71/SAME70, référence M7 (décision 2026-09-30)",109,3
src/kernel/dev/arch/at91/softpack-lib/samv71/libchip/include/same70/component/component_ssc.h,différé,"règle : Cortex-M7 Atmel SAMV71/SAME70, référence M7 (décision 2026-09-30)",221,3
src/kernel/dev/arch/at91/softpack-lib/samv71/libchip/include/same70/component/component_supc.h,différé,"règle : Cortex-M7 Atmel SAMV71/SAME70, référence M7 (décision 2026-09-30)",248,3
src/kernel/dev/arch/at91/softpack-lib/samv71/libchip/include/same70/component/component_tc.h,différé,"règle : Cortex-M7 Atmel SAMV71/SAME70, référence M7 (décision 2026-09-30)",283,3
src/kernel/dev/arch/at91/softpack-lib/samv71/libchip/include/same70/component/component_trng.h,différé,"règle : Cortex-M7 Atmel SAMV71/SAME70, référence M7 (décision 2026-09-30)",26,3
src/kernel/dev/arch/at91/softpack-lib/samv71/libchip/include/same70/component/component_twihs.h,différé,"règle : Cortex-M7 Atmel SAMV71/SAME70, référence M7 (décision 2026-09-30)",193,3
src/kernel/dev/arch/at91/softpack-lib/samv71/libchip/include/same70/component/component_uart.h,différé,"règle : Cortex-M7 Atmel SAMV71/SAME70, référence M7 (décision 2026-09-30)",99,3
src/kernel/dev/arch/at91/softpack-lib/samv71/libchip/include/same70/component/component_usart.h,différé,"règle : Cortex-M7 Atmel SAMV71/SAME70, référence M7 (décision 2026-09-30)",406,3
src/kernel/dev/arch/at91/softpack-lib/samv71/libchip/include/same70/component/component_usbhs.h,différé,"règle : Cortex-M7 Atmel SAMV71/SAME70, référence M7 (décision 2026-09-30)",817,3
src/kernel/dev/arch/at91/softpack-lib/samv71/libchip/include/same70/component/component_utmi.h,différé,"règle : Cortex-M7 Atmel SAMV71/SAME70, référence M7 (décision 2026-09-30)",20,3
src/kernel/dev/arch/at91/softpack-lib/samv71/libchip/include/same70/component/component_wdt.h,différé,"règle : Cortex-M7 Atmel SAMV71/SAME70, référence M7 (décision 2026-09-30)",28,3
src/kernel/dev/arch/at91/softpack-lib/samv71/libchip/include/same70/component/component_xdmac.h,différé,"règle : Cortex-M7 Atmel SAMV71/SAME70, référence M7 (décision 2026-09-30)",543,3
src/kernel/dev/arch/at91/softpack-lib/samv71/libchip/include/same70/instance/instance_acc.h,différé,"règle : Cortex-M7 Atmel SAMV71/SAME70, référence M7 (décision 2026-09-30)",24,3
src/kernel/dev/arch/at91/softpack-lib/samv71/libchip/include/same70/instance/instance_aes.h,différé,"règle : Cortex-M7 Atmel SAMV71/SAME70, référence M7 (décision 2026-09-30)",38,3
src/kernel/dev/arch/at91/softpack-lib/samv71/libchip/include/same70/instance/instance_afec0.h,différé,"règle : Cortex-M7 Atmel SAMV71/SAME70, référence M7 (décision 2026-09-30)",64,3
src/kernel/dev/arch/at91/softpack-lib/samv71/libchip/include/same70/instance/instance_afec1.h,différé,"règle : Cortex-M7 Atmel SAMV71/SAME70, référence M7 (décision 2026-09-30)",64,3
src/kernel/dev/arch/at91/softpack-lib/samv71/libchip/include/same70/instance/instance_chipid.h,différé,"règle : Cortex-M7 Atmel SAMV71/SAME70, référence M7 (décision 2026-09-30)",10,3
src/kernel/dev/arch/at91/softpack-lib/samv71/libchip/include/same70/instance/instance_dacc.h,différé,"règle : Cortex-M7 Atmel SAMV71/SAME70, référence M7 (décision 2026-09-30)",34,3
src/kernel/dev/arch/at91/softpack-lib/samv71/libchip/include/same70/instance/instance_efc.h,différé,"règle : Cortex-M7 Atmel SAMV71/SAME70, référence M7 (décision 2026-09-30)",16,3
src/kernel/dev/arch/at91/softpack-lib/samv71/libchip/include/same70/instance/instance_gmac.h,différé,"règle : Cortex-M7 Atmel SAMV71/SAME70, référence M7 (décision 2026-09-30)",338,3
src/kernel/dev/arch/at91/softpack-lib/samv71/libchip/include/same70/instance/instance_gpbr.h,différé,"règle : Cortex-M7 Atmel SAMV71/SAME70, référence M7 (décision 2026-09-30)",8,3
src/kernel/dev/arch/at91/softpack-lib/samv71/libchip/include/same70/instance/instance_hsmci.h,différé,"règle : Cortex-M7 Atmel SAMV71/SAME70, référence M7 (décision 2026-09-30)",46,3
src/kernel/dev/arch/at91/softpack-lib/samv71/libchip/include/same70/instance/instance_icm.h,différé,"règle : Cortex-M7 Atmel SAMV71/SAME70, référence M7 (décision 2026-09-30)",28,3
src/kernel/dev/arch/at91/softpack-lib/samv71/libchip/include/same70/instance/instance_isi.h,différé,"règle : Cortex-M7 Atmel SAMV71/SAME70, référence M7 (décision 2026-09-30)",56,3
src/kernel/dev/arch/at91/softpack-lib/samv71/libchip/include/same70/instance/instance_matrix.h,différé,"règle : Cortex-M7 Atmel SAMV71/SAME70, référence M7 (décision 2026-09-30)",78,3
src/kernel/dev/arch/at91/softpack-lib/samv71/libchip/include/same70/instance/instance_mcan0.h,différé,"règle : Cortex-M7 Atmel SAMV71/SAME70, référence M7 (décision 2026-09-30)",94,3
src/kernel/dev/arch/at91/softpack-lib/samv71/libchip/include/same70/instance/instance_mcan1.h,différé,"règle : Cortex-M7 Atmel SAMV71/SAME70, référence M7 (décision 2026-09-30)",94,3
src/kernel/dev/arch/at91/softpack-lib/samv71/libchip/include/same70/instance/instance_pioa.h,différé,"règle : Cortex-M7 Atmel SAMV71/SAME70, référence M7 (décision 2026-09-30)",114,3
src/kernel/dev/arch/at91/softpack-lib/samv71/libchip/include/same70/instance/instance_piob.h,différé,"règle : Cortex-M7 Atmel SAMV71/SAME70, référence M7 (décision 2026-09-30)",114,3
src/kernel/dev/arch/at91/softpack-lib/samv71/libchip/include/same70/instance/instance_pioc.h,différé,"règle : Cortex-M7 Atmel SAMV71/SAME70, référence M7 (décision 2026-09-30)",114,3
src/kernel/dev/arch/at91/softpack-lib/samv71/libchip/include/same70/instance/instance_piod.h,différé,"règle : Cortex-M7 Atmel SAMV71/SAME70, référence M7 (décision 2026-09-30)",114,3
src/kernel/dev/arch/at91/softpack-lib/samv71/libchip/include/same70/instance/instance_pioe.h,différé,"règle : Cortex-M7 Atmel SAMV71/SAME70, référence M7 (décision 2026-09-30)",114,3
src/kernel/dev/arch/at91/softpack-lib/samv71/libchip/include/same70/instance/instance_pmc.h,différé,"règle : Cortex-M7 Atmel SAMV71/SAME70, référence M7 (décision 2026-09-30)",80,3
src/kernel/dev/arch/at91/softpack-lib/samv71/libchip/include/same70/instance/instance_pwm0.h,différé,"règle : Cortex-M7 Atmel SAMV71/SAME70, référence M7 (décision 2026-09-30)",220,3
src/kernel/dev/arch/at91/softpack-lib/samv71/libchip/include/same70/instance/instance_pwm1.h,différé,"règle : Cortex-M7 Atmel SAMV71/SAME70, référence M7 (décision 2026-09-30)",220,3
src/kernel/dev/arch/at91/softpack-lib/samv71/libchip/include/same70/instance/instance_qspi.h,différé,"règle : Cortex-M7 Atmel SAMV71/SAME70, référence M7 (décision 2026-09-30)",38,3
src/kernel/dev/arch/at91/softpack-lib/samv71/libchip/include/same70/instance/instance_rstc.h,différé,"règle : Cortex-M7 Atmel SAMV71/SAME70, référence M7 (décision 2026-09-30)",12,3
src/kernel/dev/arch/at91/softpack-lib/samv71/libchip/include/same70/instance/instance_rswdt.h,différé,"règle : Cortex-M7 Atmel SAMV71/SAME70, référence M7 (décision 2026-09-30)",12,3
src/kernel/dev/arch/at91/softpack-lib/samv71/libchip/include/same70/instance/instance_rtc.h,différé,"règle : Cortex-M7 Atmel SAMV71/SAME70, référence M7 (décision 2026-09-30)",32,3
src/kernel/dev/arch/at91/softpack-lib/samv71/libchip/include/same70/instance/instance_rtt.h,différé,"règle : Cortex-M7 Atmel SAMV71/SAME70, référence M7 (décision 2026-09-30)",14,3
src/kernel/dev/arch/at91/softpack-lib/samv71/libchip/include/same70/instance/instance_sdramc.h,différé,"règle : Cortex-M7 Atmel SAMV71/SAME70, référence M7 (décision 2026-09-30)",32,3
src/kernel/dev/arch/at91/softpack-lib/samv71/libchip/include/same70/instance/instance_smc.h,différé,"règle : Cortex-M7 Atmel SAMV71/SAME70, référence M7 (décision 2026-09-30)",48,3
src/kernel/dev/arch/at91/softpack-lib/samv71/libchip/include/same70/instance/instance_spi0.h,différé,"règle : Cortex-M7 Atmel SAMV71/SAME70, référence M7 (décision 2026-09-30)",28,3
src/kernel/dev/arch/at91/softpack-lib/samv71/libchip/include/same70/instance/instance_spi1.h,différé,"règle : Cortex-M7 Atmel SAMV71/SAME70, référence M7 (décision 2026-09-30)",28,3
src/kernel/dev/arch/at91/softpack-lib/samv71/libchip/include/same70/instance/instance_ssc.h,différé,"règle : Cortex-M7 Atmel SAMV71/SAME70, référence M7 (décision 2026-09-30)",42,3
src/kernel/dev/arch/at91/softpack-lib/samv71/libchip/include/same70/instance/instance_supc.h,différé,"règle : Cortex-M7 Atmel SAMV71/SAME70, référence M7 (décision 2026-09-30)",18,3
src/kernel/dev/arch/at91/softpack-lib/samv71/libchip/include/same70/instance/instance_tc0.h,différé,"règle : Cortex-M7 Atmel SAMV71/SAME70, référence M7 (décision 2026-09-30)",100,3
src/kernel/dev/arch/at91/softpack-lib/samv71/libchip/include/same70/instance/instance_tc1.h,différé,"règle : Cortex-M7 Atmel SAMV71/SAME70, référence M7 (décision 2026-09-30)",100,3
src/kernel/dev/arch/at91/softpack-lib/samv71/libchip/include/same70/instance/instance_tc2.h,différé,"règle : Cortex-M7 Atmel SAMV71/SAME70, référence M7 (décision 2026-09-30)",100,3
src/kernel/dev/arch/at91/softpack-lib/samv71/libchip/include/same70/instance/instance_tc3.h,différé,"règle : Cortex-M7 Atmel SAMV71/SAME70, référence M7 (décision 2026-09-30)",100,3
src/kernel/dev/arch/at91/softpack-lib/samv71/libchip/include/same70/instance/instance_trng.h,différé,"règle : Cortex-M7 Atmel SAMV71/SAME70, référence M7 (décision 2026-09-30)",18,3
src/kernel/dev/arch/at91/softpack-lib/samv71/libchip/include/same70/instance/instance_twihs0.h,différé,"règle : Cortex-M7 Atmel SAMV71/SAME70, référence M7 (décision 2026-09-30)",38,3
src/kernel/dev/arch/at91/softpack-lib/samv71/libchip/include/same70/instance/instance_twihs1.h,différé,"règle : Cortex-M7 Atmel SAMV71/SAME70, référence M7 (décision 2026-09-30)",38,3
src/kernel/dev/arch/at91/softpack-lib/samv71/libchip/include/same70/instance/instance_twihs2.h,différé,"règle : Cortex-M7 Atmel SAMV71/SAME70, référence M7 (décision 2026-09-30)",38,3
src/kernel/dev/arch/at91/softpack-lib/samv71/libchip/include/same70/instance/instance_uart0.h,différé,"règle : Cortex-M7 Atmel SAMV71/SAME70, référence M7 (décision 2026-09-30)",28,3
src/kernel/dev/arch/at91/softpack-lib/samv71/libchip/include/same70/instance/instance_uart1.h,différé,"règle : Cortex-M7 Atmel SAMV71/SAME70, référence M7 (décision 2026-09-30)",28,3
src/kernel/dev/arch/at91/softpack-lib/samv71/libchip/include/same70/instance/instance_uart2.h,différé,"règle : Cortex-M7 Atmel SAMV71/SAME70, référence M7 (décision 2026-09-30)",28,3
src/kernel/dev/arch/at91/softpack-lib/samv71/libchip/include/same70/instance/instance_uart3.h,différé,"règle : Cortex-M7 Atmel SAMV71/SAME70, référence M7 (décision 2026-09-30)",28,3
src/kernel/dev/arch/at91/softpack-lib/samv71/libchip/include/same70/instance/instance_uart4.h,différé,"règle : Cortex-M7 Atmel SAMV71/SAME70, référence M7 (décision 2026-09-30)",28,3
src/kernel/dev/arch/at91/softpack-lib/samv71/libchip/include/same70/instance/instance_usart0.h,différé,"règle : Cortex-M7 Atmel SAMV71/SAME70, référence M7 (décision 2026-09-30)",68,3
src/kernel/dev/arch/at91/softpack-lib/samv71/libchip/include/same70/instance/instance_usart1.h,différé,"règle : Cortex-M7 Atmel SAMV71/SAME70, référence M7 (décision 2026-09-30)",68,3
src/kernel/dev/arch/at91/softpack-lib/samv71/libchip/include/same70/instance/instance_usart2.h,différé,"règle : Cortex-M7 Atmel SAMV71/SAME70, référence M7 (décision 2026-09-30)",68,3
src/kernel/dev/arch/at91/softpack-lib/samv71/libchip/include/same70/instance/instance_usbhs.h,différé,"règle : Cortex-M7 Atmel SAMV71/SAME70, référence M7 (décision 2026-09-30)",200,3
src/kernel/dev/arch/at91/softpack-lib/samv71/libchip/include/same70/instance/instance_utmi.h,différé,"règle : Cortex-M7 Atmel SAMV71/SAME70, référence M7 (décision 2026-09-30)",10,3
src/kernel/dev/arch/at91/softpack-lib/samv71/libchip/include/same70/instance/instance_wdt.h,différé,"règle : Cortex-M7 Atmel SAMV71/SAME70, référence M7 (décision 2026-09-30)",12,3
src/kernel/dev/arch/at91/softpack-lib/samv71/libchip/include/same70/instance/instance_xdmac.h,différé,"règle : Cortex-M7 Atmel SAMV71/SAME70, référence M7 (décision 2026-09-30)",712,3
src/kernel/dev/arch/at91/softpack-lib/samv71/libchip/include/same70/pio/pio_same70j19.h,différé,"règle : Cortex-M7 Atmel SAMV71/SAME70, référence M7 (décision 2026-09-30)",371,3
src/kernel/dev/arch/at91/softpack-lib/samv71/libchip/include/same70/pio/pio_same70j20.h,différé,"règle : Cortex-M7 Atmel SAMV71/SAME70, référence M7 (décision 2026-09-30)",377,3
src/kernel/dev/arch/at91/softpack-lib/samv71/libchip/include/same70/pio/pio_same70j21.h,différé,"règle : Cortex-M7 Atmel SAMV71/SAME70, référence M7 (décision 2026-09-30)",377,3
src/kernel/dev/arch/at91/softpack-lib/samv71/libchip/include/same70/pio/pio_same70n19.h,différé,"règle : Cortex-M7 Atmel SAMV71/SAME70, référence M7 (décision 2026-09-30)",433,3
src/kernel/dev/arch/at91/softpack-lib/samv71/libchip/include/same70/pio/pio_same70n20.h,différé,"règle : Cortex-M7 Atmel SAMV71/SAME70, référence M7 (décision 2026-09-30)",433,3
src/kernel/dev/arch/at91/softpack-lib/samv71/libchip/include/same70/pio/pio_same70n21.h,différé,"règle : Cortex-M7 Atmel SAMV71/SAME70, référence M7 (décision 2026-09-30)",433,3
src/kernel/dev/arch/at91/softpack-lib/samv71/libchip/include/same70/pio/pio_same70q19.h,différé,"règle : Cortex-M7 Atmel SAMV71/SAME70, référence M7 (décision 2026-09-30)",603,3
src/kernel/dev/arch/at91/softpack-lib/samv71/libchip/include/same70/pio/pio_same70q20.h,différé,"règle : Cortex-M7 Atmel SAMV71/SAME70, référence M7 (décision 2026-09-30)",603,3
src/kernel/dev/arch/at91/softpack-lib/samv71/libchip/include/same70/pio/pio_same70q21.h,différé,"règle : Cortex-M7 Atmel SAMV71/SAME70, référence M7 (décision 2026-09-30)",603,3
src/kernel/dev/arch/at91/softpack-lib/samv71/libchip/include/same70/same70.h,différé,"règle : Cortex-M7 Atmel SAMV71/SAME70, référence M7 (décision 2026-09-30)",24,3
src/kernel/dev/arch/at91/softpack-lib/samv71/libchip/include/same70/same70j19.h,différé,"règle : Cortex-M7 Atmel SAMV71/SAME70, référence M7 (décision 2026-09-30)",481,3
src/kernel/dev/arch/at91/softpack-lib/samv71/libchip/include/same70/same70j20.h,différé,"règle : Cortex-M7 Atmel SAMV71/SAME70, référence M7 (décision 2026-09-30)",488,3
src/kernel/dev/arch/at91/softpack-lib/samv71/libchip/include/same70/same70j21.h,différé,"règle : Cortex-M7 Atmel SAMV71/SAME70, référence M7 (décision 2026-09-30)",488,3
src/kernel/dev/arch/at91/softpack-lib/samv71/libchip/include/same70/same70n19.h,différé,"règle : Cortex-M7 Atmel SAMV71/SAME70, référence M7 (décision 2026-09-30)",494,3
src/kernel/dev/arch/at91/softpack-lib/samv71/libchip/include/same70/same70n20.h,différé,"règle : Cortex-M7 Atmel SAMV71/SAME70, référence M7 (décision 2026-09-30)",494,3
src/kernel/dev/arch/at91/softpack-lib/samv71/libchip/include/same70/same70n21.h,différé,"règle : Cortex-M7 Atmel SAMV71/SAME70, référence M7 (décision 2026-09-30)",494,3
src/kernel/dev/arch/at91/softpack-lib/samv71/libchip/include/same70/same70q19.h,différé,"règle : Cortex-M7 Atmel SAMV71/SAME70, référence M7 (décision 2026-09-30)",542,3
src/kernel/dev/arch/at91/softpack-lib/samv71/libchip/include/same70/same70q20.h,différé,"règle : Cortex-M7 Atmel SAMV71/SAME70, référence M7 (décision 2026-09-30)",542,3
src/kernel/dev/arch/at91/softpack-lib/samv71/libchip/include/same70/same70q21.h,différé,"règle : Cortex-M7 Atmel SAMV71/SAME70, référence M7 (décision 2026-09-30)",547,3
src/kernel/dev/arch/at91/softpack-lib/samv71/libchip/include/same70/system_same70.h,différé,"règle : Cortex-M7 Atmel SAMV71/SAME70, référence M7 (décision 2026-09-30)",16,3
src/kernel/dev/arch/at91/softpack-lib/samv71/libchip/include/sams70/component/component_acc.h,différé,"règle : Cortex-M7 Atmel SAMV71/SAME70, référence M7 (décision 2026-09-30)",78,0
src/kernel/dev/arch/at91/softpack-lib/samv71/libchip/include/sams70/component/component_aes.h,différé,"règle : Cortex-M7 Atmel SAMV71/SAME70, référence M7 (décision 2026-09-30)",134,0
src/kernel/dev/arch/at91/softpack-lib/samv71/libchip/include/sams70/component/component_afec.h,différé,"règle : Cortex-M7 Atmel SAMV71/SAME70, référence M7 (décision 2026-09-30)",413,0
src/kernel/dev/arch/at91/softpack-lib/samv71/libchip/include/sams70/component/component_chipid.h,différé,"règle : Cortex-M7 Atmel SAMV71/SAME70, référence M7 (décision 2026-09-30)",80,0
src/kernel/dev/arch/at91/softpack-lib/samv71/libchip/include/sams70/component/component_dacc.h,différé,"règle : Cortex-M7 Atmel SAMV71/SAME70, référence M7 (décision 2026-09-30)",129,0
src/kernel/dev/arch/at91/softpack-lib/samv71/libchip/include/sams70/component/component_efc.h,différé,"règle : Cortex-M7 Atmel SAMV71/SAME70, référence M7 (décision 2026-09-30)",65,0
src/kernel/dev/arch/at91/softpack-lib/samv71/libchip/include/sams70/component/component_gpbr.h,différé,"règle : Cortex-M7 Atmel SAMV71/SAME70, référence M7 (décision 2026-09-30)",11,0
src/kernel/dev/arch/at91/softpack-lib/samv71/libchip/include/sams70/component/component_hsmci.h,différé,"règle : Cortex-M7 Atmel SAMV71/SAME70, référence M7 (décision 2026-09-30)",274,0
src/kernel/dev/arch/at91/softpack-lib/samv71/libchip/include/sams70/component/component_icm.h,différé,"règle : Cortex-M7 Atmel SAMV71/SAME70, référence M7 (décision 2026-09-30)",140,0
src/kernel/dev/arch/at91/softpack-lib/samv71/libchip/include/sams70/component/component_isi.h,différé,"règle : Cortex-M7 Atmel SAMV71/SAME70, référence M7 (décision 2026-09-30)",214,0
src/kernel/dev/arch/at91/softpack-lib/samv71/libchip/include/sams70/component/component_matrix.h,différé,"règle : Cortex-M7 Atmel SAMV71/SAME70, référence M7 (décision 2026-09-30)",388,0
src/kernel/dev/arch/at91/softpack-lib/samv71/libchip/include/sams70/component/component_pio.h,différé,"règle : Cortex-M7 Atmel SAMV71/SAME70, référence M7 (décision 2026-09-30)",1616,0
src/kernel/dev/arch/at91/softpack-lib/samv71/libchip/include/sams70/component/component_pmc.h,différé,"règle : Cortex-M7 Atmel SAMV71/SAME70, référence M7 (décision 2026-09-30)",703,0
src/kernel/dev/arch/at91/softpack-lib/samv71/libchip/include/sams70/component/component_pwm.h,différé,"règle : Cortex-M7 Atmel SAMV71/SAME70, référence M7 (décision 2026-09-30)",570,0
src/kernel/dev/arch/at91/softpack-lib/samv71/libchip/include/sams70/component/component_qspi.h,différé,"règle : Cortex-M7 Atmel SAMV71/SAME70, référence M7 (décision 2026-09-30)",159,0
src/kernel/dev/arch/at91/softpack-lib/samv71/libchip/include/sams70/component/component_rstc.h,différé,"règle : Cortex-M7 Atmel SAMV71/SAME70, référence M7 (décision 2026-09-30)",35,0
src/kernel/dev/arch/at91/softpack-lib/samv71/libchip/include/sams70/component/component_rswdt.h,différé,"règle : Cortex-M7 Atmel SAMV71/SAME70, référence M7 (décision 2026-09-30)",28,0
src/kernel/dev/arch/at91/softpack-lib/samv71/libchip/include/sams70/component/component_rtc.h,différé,"règle : Cortex-M7 Atmel SAMV71/SAME70, référence M7 (décision 2026-09-30)",180,0
src/kernel/dev/arch/at91/softpack-lib/samv71/libchip/include/sams70/component/component_rtt.h,différé,"règle : Cortex-M7 Atmel SAMV71/SAME70, référence M7 (décision 2026-09-30)",26,0
src/kernel/dev/arch/at91/softpack-lib/samv71/libchip/include/sams70/component/component_sdramc.h,différé,"règle : Cortex-M7 Atmel SAMV71/SAME70, référence M7 (décision 2026-09-30)",119,0
src/kernel/dev/arch/at91/softpack-lib/samv71/libchip/include/sams70/component/component_smc.h,différé,"règle : Cortex-M7 Atmel SAMV71/SAME70, référence M7 (décision 2026-09-30)",93,0
src/kernel/dev/arch/at91/softpack-lib/samv71/libchip/include/sams70/component/component_spi.h,différé,"règle : Cortex-M7 Atmel SAMV71/SAME70, référence M7 (décision 2026-09-30)",109,0
src/kernel/dev/arch/at91/softpack-lib/samv71/libchip/include/sams70/component/component_ssc.h,différé,"règle : Cortex-M7 Atmel SAMV71/SAME70, référence M7 (décision 2026-09-30)",221,0
src/kernel/dev/arch/at91/softpack-lib/samv71/libchip/include/sams70/component/component_supc.h,différé,"règle : Cortex-M7 Atmel SAMV71/SAME70, référence M7 (décision 2026-09-30)",248,0
src/kernel/dev/arch/at91/softpack-lib/samv71/libchip/include/sams70/component/component_tc.h,différé,"règle : Cortex-M7 Atmel SAMV71/SAME70, référence M7 (décision 2026-09-30)",283,0
src/kernel/dev/arch/at91/softpack-lib/samv71/libchip/include/sams70/component/component_trng.h,différé,"règle : Cortex-M7 Atmel SAMV71/SAME70, référence M7 (décision 2026-09-30)",26,0
src/kernel/dev/arch/at91/softpack-lib/samv71/libchip/include/sams70/component/component_twihs.h,différé,"règle : Cortex-M7 Atmel SAMV71/SAME70, référence M7 (décision 2026-09-30)",193,0
src/kernel/dev/arch/at91/softpack-lib/samv71/libchip/include/sams70/component/component_uart.h,différé,"règle : Cortex-M7 Atmel SAMV71/SAME70, référence M7 (décision 2026-09-30)",99,0
src/kernel/dev/arch/at91/softpack-lib/samv71/libchip/include/sams70/component/component_usart.h,différé,"règle : Cortex-M7 Atmel SAMV71/SAME70, référence M7 (décision 2026-09-30)",406,0
src/kernel/dev/arch/at91/softpack-lib/samv71/libchip/include/sams70/component/component_usbhs.h,différé,"règle : Cortex-M7 Atmel SAMV71/SAME70, référence M7 (décision 2026-09-30)",813,0
src/kernel/dev/arch/at91/softpack-lib/samv71/libchip/include/sams70/component/component_utmi.h,différé,"règle : Cortex-M7 Atmel SAMV71/SAME70, référence M7 (décision 2026-09-30)",20,0
src/kernel/dev/arch/at91/softpack-lib/samv71/libchip/include/sams70/component/component_wdt.h,différé,"règle : Cortex-M7 Atmel SAMV71/SAME70, référence M7 (décision 2026-09-30)",28,0
src/kernel/dev/arch/at91/softpack-lib/samv71/libchip/include/sams70/component/component_xdmac.h,différé,"règle : Cortex-M7 Atmel SAMV71/SAME70, référence M7 (décision 2026-09-30)",543,0
src/kernel/dev/arch/at91/softpack-lib/samv71/libchip/include/sams70/instance/instance_acc.h,différé,"règle : Cortex-M7 Atmel SAMV71/SAME70, référence M7 (décision 2026-09-30)",24,0
src/kernel/dev/arch/at91/softpack-lib/samv71/libchip/include/sams70/instance/instance_aes.h,différé,"règle : Cortex-M7 Atmel SAMV71/SAME70, référence M7 (décision 2026-09-30)",38,0
src/kernel/dev/arch/at91/softpack-lib/samv71/libchip/include/sams70/instance/instance_afec0.h,différé,"règle : Cortex-M7 Atmel SAMV71/SAME70, référence M7 (décision 2026-09-30)",64,0
src/kernel/dev/arch/at91/softpack-lib/samv71/libchip/include/sams70/instance/instance_afec1.h,différé,"règle : Cortex-M7 Atmel SAMV71/SAME70, référence M7 (décision 2026-09-30)",64,0
src/kernel/dev/arch/at91/softpack-lib/samv71/libchip/include/sams70/instance/instance_chipid.h,différé,"règle : Cortex-M7 Atmel SAMV71/SAME70, référence M7 (décision 2026-09-30)",10,0
src/kernel/dev/arch/at91/softpack-lib/samv71/libchip/include/sams70/instance/instance_dacc.h,différé,"règle : Cortex-M7 Atmel SAMV71/SAME70, référence M7 (décision 2026-09-30)",34,0
src/kernel/dev/arch/at91/softpack-lib/samv71/libchip/include/sams70/instance/instance_efc.h,différé,"règle : Cortex-M7 Atmel SAMV71/SAME70, référence M7 (décision 2026-09-30)",16,0
src/kernel/dev/arch/at91/softpack-lib/samv71/libchip/include/sams70/instance/instance_gpbr.h,différé,"règle : Cortex-M7 Atmel SAMV71/SAME70, référence M7 (décision 2026-09-30)",8,0
src/kernel/dev/arch/at91/softpack-lib/samv71/libchip/include/sams70/instance/instance_hsmci.h,différé,"règle : Cortex-M7 Atmel SAMV71/SAME70, référence M7 (décision 2026-09-30)",46,0
src/kernel/dev/arch/at91/softpack-lib/samv71/libchip/include/sams70/instance/instance_icm.h,différé,"règle : Cortex-M7 Atmel SAMV71/SAME70, référence M7 (décision 2026-09-30)",28,0
src/kernel/dev/arch/at91/softpack-lib/samv71/libchip/include/sams70/instance/instance_isi.h,différé,"règle : Cortex-M7 Atmel SAMV71/SAME70, référence M7 (décision 2026-09-30)",56,0
src/kernel/dev/arch/at91/softpack-lib/samv71/libchip/include/sams70/instance/instance_matrix.h,différé,"règle : Cortex-M7 Atmel SAMV71/SAME70, référence M7 (décision 2026-09-30)",70,0
src/kernel/dev/arch/at91/softpack-lib/samv71/libchip/include/sams70/instance/instance_pioa.h,différé,"règle : Cortex-M7 Atmel SAMV71/SAME70, référence M7 (décision 2026-09-30)",114,0
src/kernel/dev/arch/at91/softpack-lib/samv71/libchip/include/sams70/instance/instance_piob.h,différé,"règle : Cortex-M7 Atmel SAMV71/SAME70, référence M7 (décision 2026-09-30)",114,0
src/kernel/dev/arch/at91/softpack-lib/samv71/libchip/include/sams70/instance/instance_pioc.h,différé,"règle : Cortex-M7 Atmel SAMV71/SAME70, référence M7 (décision 2026-09-30)",114,0
src/kernel/dev/arch/at91/softpack-lib/samv71/libchip/include/sams70/instance/instance_piod.h,différé,"règle : Cortex-M7 Atmel SAMV71/SAME70, référence M7 (décision 2026-09-30)",114,0
src/kernel/dev/arch/at91/softpack-lib/samv71/libchip/include/sams70/instance/instance_pioe.h,différé,"règle : Cortex-M7 Atmel SAMV71/SAME70, référence M7 (décision 2026-09-30)",114,0
src/kernel/dev/arch/at91/softpack-lib/samv71/libchip/include/sams70/instance/instance_pmc.h,différé,"règle : Cortex-M7 Atmel SAMV71/SAME70, référence M7 (décision 2026-09-30)",90,0
src/kernel/dev/arch/at91/softpack-lib/samv71/libchip/include/sams70/instance/instance_pwm0.h,différé,"règle : Cortex-M7 Atmel SAMV71/SAME70, référence M7 (décision 2026-09-30)",220,0
src/kernel/dev/arch/at91/softpack-lib/samv71/libchip/include/sams70/instance/instance_pwm1.h,différé,"règle : Cortex-M7 Atmel SAMV71/SAME70, référence M7 (décision 2026-09-30)",220,0
src/kernel/dev/arch/at91/softpack-lib/samv71/libchip/include/sams70/instance/instance_qspi.h,différé,"règle : Cortex-M7 Atmel SAMV71/SAME70, référence M7 (décision 2026-09-30)",38,0
src/kernel/dev/arch/at91/softpack-lib/samv71/libchip/include/sams70/instance/instance_rstc.h,différé,"règle : Cortex-M7 Atmel SAMV71/SAME70, référence M7 (décision 2026-09-30)",12,0
src/kernel/dev/arch/at91/softpack-lib/samv71/libchip/include/sams70/instance/instance_rswdt.h,différé,"règle : Cortex-M7 Atmel SAMV71/SAME70, référence M7 (décision 2026-09-30)",12,0
src/kernel/dev/arch/at91/softpack-lib/samv71/libchip/include/sams70/instance/instance_rtc.h,différé,"règle : Cortex-M7 Atmel SAMV71/SAME70, référence M7 (décision 2026-09-30)",32,0
src/kernel/dev/arch/at91/softpack-lib/samv71/libchip/include/sams70/instance/instance_rtt.h,différé,"règle : Cortex-M7 Atmel SAMV71/SAME70, référence M7 (décision 2026-09-30)",14,0
src/kernel/dev/arch/at91/softpack-lib/samv71/libchip/include/sams70/instance/instance_sdramc.h,différé,"règle : Cortex-M7 Atmel SAMV71/SAME70, référence M7 (décision 2026-09-30)",32,0
src/kernel/dev/arch/at91/softpack-lib/samv71/libchip/include/sams70/instance/instance_smc.h,différé,"règle : Cortex-M7 Atmel SAMV71/SAME70, référence M7 (décision 2026-09-30)",48,0
src/kernel/dev/arch/at91/softpack-lib/samv71/libchip/include/sams70/instance/instance_spi0.h,différé,"règle : Cortex-M7 Atmel SAMV71/SAME70, référence M7 (décision 2026-09-30)",28,0
src/kernel/dev/arch/at91/softpack-lib/samv71/libchip/include/sams70/instance/instance_spi1.h,différé,"règle : Cortex-M7 Atmel SAMV71/SAME70, référence M7 (décision 2026-09-30)",28,0
src/kernel/dev/arch/at91/softpack-lib/samv71/libchip/include/sams70/instance/instance_ssc.h,différé,"règle : Cortex-M7 Atmel SAMV71/SAME70, référence M7 (décision 2026-09-30)",42,0
src/kernel/dev/arch/at91/softpack-lib/samv71/libchip/include/sams70/instance/instance_supc.h,différé,"règle : Cortex-M7 Atmel SAMV71/SAME70, référence M7 (décision 2026-09-30)",18,0
src/kernel/dev/arch/at91/softpack-lib/samv71/libchip/include/sams70/instance/instance_tc0.h,différé,"règle : Cortex-M7 Atmel SAMV71/SAME70, référence M7 (décision 2026-09-30)",100,0
src/kernel/dev/arch/at91/softpack-lib/samv71/libchip/include/sams70/instance/instance_tc1.h,différé,"règle : Cortex-M7 Atmel SAMV71/SAME70, référence M7 (décision 2026-09-30)",100,0
src/kernel/dev/arch/at91/softpack-lib/samv71/libchip/include/sams70/instance/instance_tc2.h,différé,"règle : Cortex-M7 Atmel SAMV71/SAME70, référence M7 (décision 2026-09-30)",100,0
src/kernel/dev/arch/at91/softpack-lib/samv71/libchip/include/sams70/instance/instance_tc3.h,différé,"règle : Cortex-M7 Atmel SAMV71/SAME70, référence M7 (décision 2026-09-30)",100,0
src/kernel/dev/arch/at91/softpack-lib/samv71/libchip/include/sams70/instance/instance_trng.h,différé,"règle : Cortex-M7 Atmel SAMV71/SAME70, référence M7 (décision 2026-09-30)",18,0
src/kernel/dev/arch/at91/softpack-lib/samv71/libchip/include/sams70/instance/instance_twihs0.h,différé,"règle : Cortex-M7 Atmel SAMV71/SAME70, référence M7 (décision 2026-09-30)",38,0
src/kernel/dev/arch/at91/softpack-lib/samv71/libchip/include/sams70/instance/instance_twihs1.h,différé,"règle : Cortex-M7 Atmel SAMV71/SAME70, référence M7 (décision 2026-09-30)",38,0
src/kernel/dev/arch/at91/softpack-lib/samv71/libchip/include/sams70/instance/instance_twihs2.h,différé,"règle : Cortex-M7 Atmel SAMV71/SAME70, référence M7 (décision 2026-09-30)",38,0
src/kernel/dev/arch/at91/softpack-lib/samv71/libchip/include/sams70/instance/instance_uart0.h,différé,"règle : Cortex-M7 Atmel SAMV71/SAME70, référence M7 (décision 2026-09-30)",28,0
src/kernel/dev/arch/at91/softpack-lib/samv71/libchip/include/sams70/instance/instance_uart1.h,différé,"règle : Cortex-M7 Atmel SAMV71/SAME70, référence M7 (décision 2026-09-30)",28,0
src/kernel/dev/arch/at91/softpack-lib/samv71/libchip/include/sams70/instance/instance_uart2.h,différé,"règle : Cortex-M7 Atmel SAMV71/SAME70, référence M7 (décision 2026-09-30)",28,0
src/kernel/dev/arch/at91/softpack-lib/samv71/libchip/include/sams70/instance/instance_uart3.h,différé,"règle : Cortex-M7 Atmel SAMV71/SAME70, référence M7 (décision 2026-09-30)",28,0
src/kernel/dev/arch/at91/softpack-lib/samv71/libchip/include/sams70/instance/instance_uart4.h,différé,"règle : Cortex-M7 Atmel SAMV71/SAME70, référence M7 (décision 2026-09-30)",28,0
src/kernel/dev/arch/at91/softpack-lib/samv71/libchip/include/sams70/instance/instance_usart0.h,différé,"règle : Cortex-M7 Atmel SAMV71/SAME70, référence M7 (décision 2026-09-30)",68,0
src/kernel/dev/arch/at91/softpack-lib/samv71/libchip/include/sams70/instance/instance_usart1.h,différé,"règle : Cortex-M7 Atmel SAMV71/SAME70, référence M7 (décision 2026-09-30)",68,0
src/kernel/dev/arch/at91/softpack-lib/samv71/libchip/include/sams70/instance/instance_usart2.h,différé,"règle : Cortex-M7 Atmel SAMV71/SAME70, référence M7 (décision 2026-09-30)",68,0
src/kernel/dev/arch/at91/softpack-lib/samv71/libchip/include/sams70/instance/instance_usbhs.h,différé,"règle : Cortex-M7 Atmel SAMV71/SAME70, référence M7 (décision 2026-09-30)",200,0
src/kernel/dev/arch/at91/softpack-lib/samv71/libchip/include/sams70/instance/instance_utmi.h,différé,"règle : Cortex-M7 Atmel SAMV71/SAME70, référence M7 (décision 2026-09-30)",10,0
src/kernel/dev/arch/at91/softpack-lib/samv71/libchip/include/sams70/instance/instance_wdt.h,différé,"règle : Cortex-M7 Atmel SAMV71/SAME70, référence M7 (décision 2026-09-30)",12,0
src/kernel/dev/arch/at91/softpack-lib/samv71/libchip/include/sams70/instance/instance_xdmac.h,différé,"règle : Cortex-M7 Atmel SAMV71/SAME70, référence M7 (décision 2026-09-30)",712,0
src/kernel/dev/arch/at91/softpack-lib/samv71/libchip/include/sams70/pio/pio_sams70j19.h,différé,"règle : Cortex-M7 Atmel SAMV71/SAME70, référence M7 (décision 2026-09-30)",349,0
src/kernel/dev/arch/at91/softpack-lib/samv71/libchip/include/sams70/pio/pio_sams70j20.h,différé,"règle : Cortex-M7 Atmel SAMV71/SAME70, référence M7 (décision 2026-09-30)",349,0
src/kernel/dev/arch/at91/softpack-lib/samv71/libchip/include/sams70/pio/pio_sams70j21.h,différé,"règle : Cortex-M7 Atmel SAMV71/SAME70, référence M7 (décision 2026-09-30)",349,0
src/kernel/dev/arch/at91/softpack-lib/samv71/libchip/include/sams70/pio/pio_sams70n19.h,différé,"règle : Cortex-M7 Atmel SAMV71/SAME70, référence M7 (décision 2026-09-30)",405,0
src/kernel/dev/arch/at91/softpack-lib/samv71/libchip/include/sams70/pio/pio_sams70n20.h,différé,"règle : Cortex-M7 Atmel SAMV71/SAME70, référence M7 (décision 2026-09-30)",405,0
src/kernel/dev/arch/at91/softpack-lib/samv71/libchip/include/sams70/pio/pio_sams70n21.h,différé,"règle : Cortex-M7 Atmel SAMV71/SAME70, référence M7 (décision 2026-09-30)",405,0
src/kernel/dev/arch/at91/softpack-lib/samv71/libchip/include/sams70/pio/pio_sams70q19.h,différé,"règle : Cortex-M7 Atmel SAMV71/SAME70, référence M7 (décision 2026-09-30)",575,0
src/kernel/dev/arch/at91/softpack-lib/samv71/libchip/include/sams70/pio/pio_sams70q20.h,différé,"règle : Cortex-M7 Atmel SAMV71/SAME70, référence M7 (décision 2026-09-30)",575,0
src/kernel/dev/arch/at91/softpack-lib/samv71/libchip/include/sams70/pio/pio_sams70q21.h,différé,"règle : Cortex-M7 Atmel SAMV71/SAME70, référence M7 (décision 2026-09-30)",575,0
src/kernel/dev/arch/at91/softpack-lib/samv71/libchip/include/sams70/sams70.h,différé,"règle : Cortex-M7 Atmel SAMV71/SAME70, référence M7 (décision 2026-09-30)",24,0
src/kernel/dev/arch/at91/softpack-lib/samv71/libchip/include/sams70/sams70j19.h,différé,"règle : Cortex-M7 Atmel SAMV71/SAME70, référence M7 (décision 2026-09-30)",468,0
src/kernel/dev/arch/at91/softpack-lib/samv71/libchip/include/sams70/sams70j20.h,différé,"règle : Cortex-M7 Atmel SAMV71/SAME70, référence M7 (décision 2026-09-30)",468,0
src/kernel/dev/arch/at91/softpack-lib/samv71/libchip/include/sams70/sams70j21.h,différé,"règle : Cortex-M7 Atmel SAMV71/SAME70, référence M7 (décision 2026-09-30)",468,0
src/kernel/dev/arch/at91/softpack-lib/samv71/libchip/include/sams70/sams70n19.h,différé,"règle : Cortex-M7 Atmel SAMV71/SAME70, référence M7 (décision 2026-09-30)",474,0
src/kernel/dev/arch/at91/softpack-lib/samv71/libchip/include/sams70/sams70n20.h,différé,"règle : Cortex-M7 Atmel SAMV71/SAME70, référence M7 (décision 2026-09-30)",474,0
src/kernel/dev/arch/at91/softpack-lib/samv71/libchip/include/sams70/sams70n21.h,différé,"règle : Cortex-M7 Atmel SAMV71/SAME70, référence M7 (décision 2026-09-30)",474,0
src/kernel/dev/arch/at91/softpack-lib/samv71/libchip/include/sams70/sams70q19.h,différé,"règle : Cortex-M7 Atmel SAMV71/SAME70, référence M7 (décision 2026-09-30)",522,0
src/kernel/dev/arch/at91/softpack-lib/samv71/libchip/include/sams70/sams70q20.h,différé,"règle : Cortex-M7 Atmel SAMV71/SAME70, référence M7 (décision 2026-09-30)",522,0
src/kernel/dev/arch/at91/softpack-lib/samv71/libchip/include/sams70/sams70q21.h,différé,"règle : Cortex-M7 Atmel SAMV71/SAME70, référence M7 (décision 2026-09-30)",522,0
src/kernel/dev/arch/at91/softpack-lib/samv71/libchip/include/sams70/system_sams70.h,différé,"règle : Cortex-M7 Atmel SAMV71/SAME70, référence M7 (décision 2026-09-30)",14,0
src/kernel/dev/arch/at91/softpack-lib/samv71/libchip/include/samv71/component/component_acc.h,différé,"règle : Cortex-M7 Atmel SAMV71/SAME70, référence M7 (décision 2026-09-30)",84,4
src/kernel/dev/arch/at91/softpack-lib/samv71/libchip/include/samv71/component/component_aes.h,différé,"règle : Cortex-M7 Atmel SAMV71/SAME70, référence M7 (décision 2026-09-30)",140,4
src/kernel/dev/arch/at91/softpack-lib/samv71/libchip/include/samv71/component/component_afec.h,différé,"règle : Cortex-M7 Atmel SAMV71/SAME70, référence M7 (décision 2026-09-30)",419,4
src/kernel/dev/arch/at91/softpack-lib/samv71/libchip/include/samv71/component/component_chipid.h,différé,"règle : Cortex-M7 Atmel SAMV71/SAME70, référence M7 (décision 2026-09-30)",80,4
src/kernel/dev/arch/at91/softpack-lib/samv71/libchip/include/samv71/component/component_dacc.h,différé,"règle : Cortex-M7 Atmel SAMV71/SAME70, référence M7 (décision 2026-09-30)",135,4
src/kernel/dev/arch/at91/softpack-lib/samv71/libchip/include/samv71/component/component_efc.h,différé,"règle : Cortex-M7 Atmel SAMV71/SAME70, référence M7 (décision 2026-09-30)",71,4
src/kernel/dev/arch/at91/softpack-lib/samv71/libchip/include/samv71/component/component_gmac.h,différé,"règle : Cortex-M7 Atmel SAMV71/SAME70, référence M7 (décision 2026-09-30)",1040,4
src/kernel/dev/arch/at91/softpack-lib/samv71/libchip/include/samv71/component/component_gpbr.h,différé,"règle : Cortex-M7 Atmel SAMV71/SAME70, référence M7 (décision 2026-09-30)",11,4
src/kernel/dev/arch/at91/softpack-lib/samv71/libchip/include/samv71/component/component_hsmci.h,différé,"règle : Cortex-M7 Atmel SAMV71/SAME70, référence M7 (décision 2026-09-30)",280,4
src/kernel/dev/arch/at91/softpack-lib/samv71/libchip/include/samv71/component/component_icm.h,différé,"règle : Cortex-M7 Atmel SAMV71/SAME70, référence M7 (décision 2026-09-30)",168,4
src/kernel/dev/arch/at91/softpack-lib/samv71/libchip/include/samv71/component/component_isi.h,différé,"règle : Cortex-M7 Atmel SAMV71/SAME70, référence M7 (décision 2026-09-30)",220,4
src/kernel/dev/arch/at91/softpack-lib/samv71/libchip/include/samv71/component/component_matrix.h,différé,"règle : Cortex-M7 Atmel SAMV71/SAME70, référence M7 (décision 2026-09-30)",128,4
src/kernel/dev/arch/at91/softpack-lib/samv71/libchip/include/samv71/component/component_mcan.h,différé,"règle : Cortex-M7 Atmel SAMV71/SAME70, référence M7 (décision 2026-09-30)",781,4
src/kernel/dev/arch/at91/softpack-lib/samv71/libchip/include/samv71/component/component_mlb.h,différé,"règle : Cortex-M7 Atmel SAMV71/SAME70, référence M7 (décision 2026-09-30)",133,4
src/kernel/dev/arch/at91/softpack-lib/samv71/libchip/include/samv71/component/component_pio.h,différé,"règle : Cortex-M7 Atmel SAMV71/SAME70, référence M7 (décision 2026-09-30)",1621,4
src/kernel/dev/arch/at91/softpack-lib/samv71/libchip/include/samv71/component/component_pmc.h,différé,"règle : Cortex-M7 Atmel SAMV71/SAME70, référence M7 (décision 2026-09-30)",650,4
src/kernel/dev/arch/at91/softpack-lib/samv71/libchip/include/samv71/component/component_pwm.h,différé,"règle : Cortex-M7 Atmel SAMV71/SAME70, référence M7 (décision 2026-09-30)",552,4
src/kernel/dev/arch/at91/softpack-lib/samv71/libchip/include/samv71/component/component_qspi.h,différé,"règle : Cortex-M7 Atmel SAMV71/SAME70, référence M7 (décision 2026-09-30)",165,4
src/kernel/dev/arch/at91/softpack-lib/samv71/libchip/include/samv71/component/component_rstc.h,différé,"règle : Cortex-M7 Atmel SAMV71/SAME70, référence M7 (décision 2026-09-30)",35,4
src/kernel/dev/arch/at91/softpack-lib/samv71/libchip/include/samv71/component/component_rswdt.h,différé,"règle : Cortex-M7 Atmel SAMV71/SAME70, référence M7 (décision 2026-09-30)",28,4
src/kernel/dev/arch/at91/softpack-lib/samv71/libchip/include/samv71/component/component_rtc.h,différé,"règle : Cortex-M7 Atmel SAMV71/SAME70, référence M7 (décision 2026-09-30)",186,4
src/kernel/dev/arch/at91/softpack-lib/samv71/libchip/include/samv71/component/component_rtt.h,différé,"règle : Cortex-M7 Atmel SAMV71/SAME70, référence M7 (décision 2026-09-30)",26,4
src/kernel/dev/arch/at91/softpack-lib/samv71/libchip/include/samv71/component/component_sdramc.h,différé,"règle : Cortex-M7 Atmel SAMV71/SAME70, référence M7 (décision 2026-09-30)",125,4
src/kernel/dev/arch/at91/softpack-lib/samv71/libchip/include/samv71/component/component_smc.h,différé,"règle : Cortex-M7 Atmel SAMV71/SAME70, référence M7 (décision 2026-09-30)",99,4
src/kernel/dev/arch/at91/softpack-lib/samv71/libchip/include/samv71/component/component_spi.h,différé,"règle : Cortex-M7 Atmel SAMV71/SAME70, référence M7 (décision 2026-09-30)",115,4
src/kernel/dev/arch/at91/softpack-lib/samv71/libchip/include/samv71/component/component_ssc.h,différé,"règle : Cortex-M7 Atmel SAMV71/SAME70, référence M7 (décision 2026-09-30)",227,4
src/kernel/dev/arch/at91/softpack-lib/samv71/libchip/include/samv71/component/component_supc.h,différé,"règle : Cortex-M7 Atmel SAMV71/SAME70, référence M7 (décision 2026-09-30)",254,4
src/kernel/dev/arch/at91/softpack-lib/samv71/libchip/include/samv71/component/component_tc.h,différé,"règle : Cortex-M7 Atmel SAMV71/SAME70, référence M7 (décision 2026-09-30)",289,4
src/kernel/dev/arch/at91/softpack-lib/samv71/libchip/include/samv71/component/component_trng.h,différé,"règle : Cortex-M7 Atmel SAMV71/SAME70, référence M7 (décision 2026-09-30)",32,4
src/kernel/dev/arch/at91/softpack-lib/samv71/libchip/include/samv71/component/component_twihs.h,différé,"règle : Cortex-M7 Atmel SAMV71/SAME70, référence M7 (décision 2026-09-30)",205,4
src/kernel/dev/arch/at91/softpack-lib/samv71/libchip/include/samv71/component/component_uart.h,différé,"règle : Cortex-M7 Atmel SAMV71/SAME70, référence M7 (décision 2026-09-30)",109,4
src/kernel/dev/arch/at91/softpack-lib/samv71/libchip/include/samv71/component/component_usart.h,différé,"règle : Cortex-M7 Atmel SAMV71/SAME70, référence M7 (décision 2026-09-30)",412,4
src/kernel/dev/arch/at91/softpack-lib/samv71/libchip/include/samv71/component/component_usbhs.h,différé,"règle : Cortex-M7 Atmel SAMV71/SAME70, référence M7 (décision 2026-09-30)",865,4
src/kernel/dev/arch/at91/softpack-lib/samv71/libchip/include/samv71/component/component_utmi.h,différé,"règle : Cortex-M7 Atmel SAMV71/SAME70, référence M7 (décision 2026-09-30)",20,4
src/kernel/dev/arch/at91/softpack-lib/samv71/libchip/include/samv71/component/component_wdt.h,différé,"règle : Cortex-M7 Atmel SAMV71/SAME70, référence M7 (décision 2026-09-30)",28,4
src/kernel/dev/arch/at91/softpack-lib/samv71/libchip/include/samv71/component/component_xdmac.h,différé,"règle : Cortex-M7 Atmel SAMV71/SAME70, référence M7 (décision 2026-09-30)",551,4
src/kernel/dev/arch/at91/softpack-lib/samv71/libchip/include/samv71/instance/instance_acc.h,différé,"règle : Cortex-M7 Atmel SAMV71/SAME70, référence M7 (décision 2026-09-30)",26,4
src/kernel/dev/arch/at91/softpack-lib/samv71/libchip/include/samv71/instance/instance_aes.h,différé,"règle : Cortex-M7 Atmel SAMV71/SAME70, référence M7 (décision 2026-09-30)",40,4
src/kernel/dev/arch/at91/softpack-lib/samv71/libchip/include/samv71/instance/instance_afec0.h,différé,"règle : Cortex-M7 Atmel SAMV71/SAME70, référence M7 (décision 2026-09-30)",66,4
src/kernel/dev/arch/at91/softpack-lib/samv71/libchip/include/samv71/instance/instance_afec1.h,différé,"règle : Cortex-M7 Atmel SAMV71/SAME70, référence M7 (décision 2026-09-30)",66,4
src/kernel/dev/arch/at91/softpack-lib/samv71/libchip/include/samv71/instance/instance_chipid.h,différé,"règle : Cortex-M7 Atmel SAMV71/SAME70, référence M7 (décision 2026-09-30)",10,4
src/kernel/dev/arch/at91/softpack-lib/samv71/libchip/include/samv71/instance/instance_dacc.h,différé,"règle : Cortex-M7 Atmel SAMV71/SAME70, référence M7 (décision 2026-09-30)",36,4
src/kernel/dev/arch/at91/softpack-lib/samv71/libchip/include/samv71/instance/instance_efc.h,différé,"règle : Cortex-M7 Atmel SAMV71/SAME70, référence M7 (décision 2026-09-30)",18,4
src/kernel/dev/arch/at91/softpack-lib/samv71/libchip/include/samv71/instance/instance_gmac.h,différé,"règle : Cortex-M7 Atmel SAMV71/SAME70, référence M7 (décision 2026-09-30)",340,4
src/kernel/dev/arch/at91/softpack-lib/samv71/libchip/include/samv71/instance/instance_gpbr.h,différé,"règle : Cortex-M7 Atmel SAMV71/SAME70, référence M7 (décision 2026-09-30)",8,4
src/kernel/dev/arch/at91/softpack-lib/samv71/libchip/include/samv71/instance/instance_hsmci.h,différé,"règle : Cortex-M7 Atmel SAMV71/SAME70, référence M7 (décision 2026-09-30)",48,4
src/kernel/dev/arch/at91/softpack-lib/samv71/libchip/include/samv71/instance/instance_icm.h,différé,"règle : Cortex-M7 Atmel SAMV71/SAME70, référence M7 (décision 2026-09-30)",36,4
src/kernel/dev/arch/at91/softpack-lib/samv71/libchip/include/samv71/instance/instance_isi.h,différé,"règle : Cortex-M7 Atmel SAMV71/SAME70, référence M7 (décision 2026-09-30)",58,4
src/kernel/dev/arch/at91/softpack-lib/samv71/libchip/include/samv71/instance/instance_matrix.h,différé,"règle : Cortex-M7 Atmel SAMV71/SAME70, référence M7 (décision 2026-09-30)",60,4
src/kernel/dev/arch/at91/softpack-lib/samv71/libchip/include/samv71/instance/instance_mcan0.h,différé,"règle : Cortex-M7 Atmel SAMV71/SAME70, référence M7 (décision 2026-09-30)",98,4
src/kernel/dev/arch/at91/softpack-lib/samv71/libchip/include/samv71/instance/instance_mcan1.h,différé,"règle : Cortex-M7 Atmel SAMV71/SAME70, référence M7 (décision 2026-09-30)",98,4
src/kernel/dev/arch/at91/softpack-lib/samv71/libchip/include/samv71/instance/instance_mlb.h,différé,"règle : Cortex-M7 Atmel SAMV71/SAME70, référence M7 (décision 2026-09-30)",42,4
src/kernel/dev/arch/at91/softpack-lib/samv71/libchip/include/samv71/instance/instance_pioa.h,différé,"règle : Cortex-M7 Atmel SAMV71/SAME70, référence M7 (décision 2026-09-30)",116,4
src/kernel/dev/arch/at91/softpack-lib/samv71/libchip/include/samv71/instance/instance_piob.h,différé,"règle : Cortex-M7 Atmel SAMV71/SAME70, référence M7 (décision 2026-09-30)",116,4
src/kernel/dev/arch/at91/softpack-lib/samv71/libchip/include/samv71/instance/instance_pioc.h,différé,"règle : Cortex-M7 Atmel SAMV71/SAME70, référence M7 (décision 2026-09-30)",116,4
src/kernel/dev/arch/at91/softpack-lib/samv71/libchip/include/samv71/instance/instance_piod.h,différé,"règle : Cortex-M7 Atmel SAMV71/SAME70, référence M7 (décision 2026-09-30)",116,4
src/kernel/dev/arch/at91/softpack-lib/samv71/libchip/include/samv71/instance/instance_pioe.h,différé,"règle : Cortex-M7 Atmel SAMV71/SAME70, référence M7 (décision 2026-09-30)",116,4
src/kernel/dev/arch/at91/softpack-lib/samv71/libchip/include/samv71/instance/instance_pmc.h,différé,"règle : Cortex-M7 Atmel SAMV71/SAME70, référence M7 (décision 2026-09-30)",82,4
src/kernel/dev/arch/at91/softpack-lib/samv71/libchip/include/samv71/instance/instance_pwm0.h,différé,"règle : Cortex-M7 Atmel SAMV71/SAME70, référence M7 (décision 2026-09-30)",222,4
src/kernel/dev/arch/at91/softpack-lib/samv71/libchip/include/samv71/instance/instance_pwm1.h,différé,"règle : Cortex-M7 Atmel SAMV71/SAME70, référence M7 (décision 2026-09-30)",222,4
src/kernel/dev/arch/at91/softpack-lib/samv71/libchip/include/samv71/instance/instance_qspi.h,différé,"règle : Cortex-M7 Atmel SAMV71/SAME70, référence M7 (décision 2026-09-30)",40,4
src/kernel/dev/arch/at91/softpack-lib/samv71/libchip/include/samv71/instance/instance_rstc.h,différé,"règle : Cortex-M7 Atmel SAMV71/SAME70, référence M7 (décision 2026-09-30)",12,4
src/kernel/dev/arch/at91/softpack-lib/samv71/libchip/include/samv71/instance/instance_rswdt.h,différé,"règle : Cortex-M7 Atmel SAMV71/SAME70, référence M7 (décision 2026-09-30)",12,4
src/kernel/dev/arch/at91/softpack-lib/samv71/libchip/include/samv71/instance/instance_rtc.h,différé,"règle : Cortex-M7 Atmel SAMV71/SAME70, référence M7 (décision 2026-09-30)",34,4
src/kernel/dev/arch/at91/softpack-lib/samv71/libchip/include/samv71/instance/instance_rtt.h,différé,"règle : Cortex-M7 Atmel SAMV71/SAME70, référence M7 (décision 2026-09-30)",14,4
src/kernel/dev/arch/at91/softpack-lib/samv71/libchip/include/samv71/instance/instance_sdramc.h,différé,"règle : Cortex-M7 Atmel SAMV71/SAME70, référence M7 (décision 2026-09-30)",34,4
src/kernel/dev/arch/at91/softpack-lib/samv71/libchip/include/samv71/instance/instance_smc.h,différé,"règle : Cortex-M7 Atmel SAMV71/SAME70, référence M7 (décision 2026-09-30)",50,4
src/kernel/dev/arch/at91/softpack-lib/samv71/libchip/include/samv71/instance/instance_spi0.h,différé,"règle : Cortex-M7 Atmel SAMV71/SAME70, référence M7 (décision 2026-09-30)",30,4
src/kernel/dev/arch/at91/softpack-lib/samv71/libchip/include/samv71/instance/instance_spi1.h,différé,"règle : Cortex-M7 Atmel SAMV71/SAME70, référence M7 (décision 2026-09-30)",30,4
src/kernel/dev/arch/at91/softpack-lib/samv71/libchip/include/samv71/instance/instance_ssc.h,différé,"règle : Cortex-M7 Atmel SAMV71/SAME70, référence M7 (décision 2026-09-30)",44,4
src/kernel/dev/arch/at91/softpack-lib/samv71/libchip/include/samv71/instance/instance_supc.h,différé,"règle : Cortex-M7 Atmel SAMV71/SAME70, référence M7 (décision 2026-09-30)",20,4
src/kernel/dev/arch/at91/softpack-lib/samv71/libchip/include/samv71/instance/instance_tc0.h,différé,"règle : Cortex-M7 Atmel SAMV71/SAME70, référence M7 (décision 2026-09-30)",102,4
src/kernel/dev/arch/at91/softpack-lib/samv71/libchip/include/samv71/instance/instance_tc1.h,différé,"règle : Cortex-M7 Atmel SAMV71/SAME70, référence M7 (décision 2026-09-30)",102,4
src/kernel/dev/arch/at91/softpack-lib/samv71/libchip/include/samv71/instance/instance_tc2.h,différé,"règle : Cortex-M7 Atmel SAMV71/SAME70, référence M7 (décision 2026-09-30)",102,4
src/kernel/dev/arch/at91/softpack-lib/samv71/libchip/include/samv71/instance/instance_tc3.h,différé,"règle : Cortex-M7 Atmel SAMV71/SAME70, référence M7 (décision 2026-09-30)",102,4
src/kernel/dev/arch/at91/softpack-lib/samv71/libchip/include/samv71/instance/instance_trng.h,différé,"règle : Cortex-M7 Atmel SAMV71/SAME70, référence M7 (décision 2026-09-30)",20,4
src/kernel/dev/arch/at91/softpack-lib/samv71/libchip/include/samv71/instance/instance_twihs0.h,différé,"règle : Cortex-M7 Atmel SAMV71/SAME70, référence M7 (décision 2026-09-30)",42,4
src/kernel/dev/arch/at91/softpack-lib/samv71/libchip/include/samv71/instance/instance_twihs1.h,différé,"règle : Cortex-M7 Atmel SAMV71/SAME70, référence M7 (décision 2026-09-30)",42,4
src/kernel/dev/arch/at91/softpack-lib/samv71/libchip/include/samv71/instance/instance_twihs2.h,différé,"règle : Cortex-M7 Atmel SAMV71/SAME70, référence M7 (décision 2026-09-30)",42,4
src/kernel/dev/arch/at91/softpack-lib/samv71/libchip/include/samv71/instance/instance_uart0.h,différé,"règle : Cortex-M7 Atmel SAMV71/SAME70, référence M7 (décision 2026-09-30)",30,4
src/kernel/dev/arch/at91/softpack-lib/samv71/libchip/include/samv71/instance/instance_uart1.h,différé,"règle : Cortex-M7 Atmel SAMV71/SAME70, référence M7 (décision 2026-09-30)",30,4
src/kernel/dev/arch/at91/softpack-lib/samv71/libchip/include/samv71/instance/instance_uart2.h,différé,"règle : Cortex-M7 Atmel SAMV71/SAME70, référence M7 (décision 2026-09-30)",30,4
src/kernel/dev/arch/at91/softpack-lib/samv71/libchip/include/samv71/instance/instance_uart3.h,différé,"règle : Cortex-M7 Atmel SAMV71/SAME70, référence M7 (décision 2026-09-30)",30,4
src/kernel/dev/arch/at91/softpack-lib/samv71/libchip/include/samv71/instance/instance_uart4.h,différé,"règle : Cortex-M7 Atmel SAMV71/SAME70, référence M7 (décision 2026-09-30)",30,4
src/kernel/dev/arch/at91/softpack-lib/samv71/libchip/include/samv71/instance/instance_usart0.h,différé,"règle : Cortex-M7 Atmel SAMV71/SAME70, référence M7 (décision 2026-09-30)",70,4
src/kernel/dev/arch/at91/softpack-lib/samv71/libchip/include/samv71/instance/instance_usart1.h,différé,"règle : Cortex-M7 Atmel SAMV71/SAME70, référence M7 (décision 2026-09-30)",70,4
src/kernel/dev/arch/at91/softpack-lib/samv71/libchip/include/samv71/instance/instance_usart2.h,différé,"règle : Cortex-M7 Atmel SAMV71/SAME70, référence M7 (décision 2026-09-30)",70,4
src/kernel/dev/arch/at91/softpack-lib/samv71/libchip/include/samv71/instance/instance_usbhs.h,différé,"règle : Cortex-M7 Atmel SAMV71/SAME70, référence M7 (décision 2026-09-30)",208,4
src/kernel/dev/arch/at91/softpack-lib/samv71/libchip/include/samv71/instance/instance_utmi.h,différé,"règle : Cortex-M7 Atmel SAMV71/SAME70, référence M7 (décision 2026-09-30)",10,4
src/kernel/dev/arch/at91/softpack-lib/samv71/libchip/include/samv71/instance/instance_wdt.h,différé,"règle : Cortex-M7 Atmel SAMV71/SAME70, référence M7 (décision 2026-09-30)",12,4
src/kernel/dev/arch/at91/softpack-lib/samv71/libchip/include/samv71/instance/instance_xdmac.h,différé,"règle : Cortex-M7 Atmel SAMV71/SAME70, référence M7 (décision 2026-09-30)",714,4
src/kernel/dev/arch/at91/softpack-lib/samv71/libchip/include/samv71/pio/pio_samv71j19.h,différé,"règle : Cortex-M7 Atmel SAMV71/SAME70, référence M7 (décision 2026-09-30)",380,4
src/kernel/dev/arch/at91/softpack-lib/samv71/libchip/include/samv71/pio/pio_samv71j20.h,différé,"règle : Cortex-M7 Atmel SAMV71/SAME70, référence M7 (décision 2026-09-30)",380,4
src/kernel/dev/arch/at91/softpack-lib/samv71/libchip/include/samv71/pio/pio_samv71j21.h,différé,"règle : Cortex-M7 Atmel SAMV71/SAME70, référence M7 (décision 2026-09-30)",380,4
src/kernel/dev/arch/at91/softpack-lib/samv71/libchip/include/samv71/pio/pio_samv71n19.h,différé,"règle : Cortex-M7 Atmel SAMV71/SAME70, référence M7 (décision 2026-09-30)",436,4
src/kernel/dev/arch/at91/softpack-lib/samv71/libchip/include/samv71/pio/pio_samv71n20.h,différé,"règle : Cortex-M7 Atmel SAMV71/SAME70, référence M7 (décision 2026-09-30)",436,4
src/kernel/dev/arch/at91/softpack-lib/samv71/libchip/include/samv71/pio/pio_samv71n21.h,différé,"règle : Cortex-M7 Atmel SAMV71/SAME70, référence M7 (décision 2026-09-30)",436,4
src/kernel/dev/arch/at91/softpack-lib/samv71/libchip/include/samv71/pio/pio_samv71q19.h,différé,"règle : Cortex-M7 Atmel SAMV71/SAME70, référence M7 (décision 2026-09-30)",606,4
src/kernel/dev/arch/at91/softpack-lib/samv71/libchip/include/samv71/pio/pio_samv71q20.h,différé,"règle : Cortex-M7 Atmel SAMV71/SAME70, référence M7 (décision 2026-09-30)",606,4
src/kernel/dev/arch/at91/softpack-lib/samv71/libchip/include/samv71/pio/pio_samv71q21.h,différé,"règle : Cortex-M7 Atmel SAMV71/SAME70, référence M7 (décision 2026-09-30)",606,4
src/kernel/dev/arch/at91/softpack-lib/samv71/libchip/include/samv71/samv71.h,différé,"règle : Cortex-M7 Atmel SAMV71/SAME70, référence M7 (décision 2026-09-30)",24,4
src/kernel/dev/arch/at91/softpack-lib/samv71/libchip/include/samv71/samv71j19.h,différé,"règle : Cortex-M7 Atmel SAMV71/SAME70, référence M7 (décision 2026-09-30)",495,4
src/kernel/dev/arch/at91/softpack-lib/samv71/libchip/include/samv71/samv71j20.h,différé,"règle : Cortex-M7 Atmel SAMV71/SAME70, référence M7 (décision 2026-09-30)",495,4
src/kernel/dev/arch/at91/softpack-lib/samv71/libchip/include/samv71/samv71j21.h,différé,"règle : Cortex-M7 Atmel SAMV71/SAME70, référence M7 (décision 2026-09-30)",495,4
src/kernel/dev/arch/at91/softpack-lib/samv71/libchip/include/samv71/samv71n19.h,différé,"règle : Cortex-M7 Atmel SAMV71/SAME70, référence M7 (décision 2026-09-30)",501,4
src/kernel/dev/arch/at91/softpack-lib/samv71/libchip/include/samv71/samv71n20.h,différé,"règle : Cortex-M7 Atmel SAMV71/SAME70, référence M7 (décision 2026-09-30)",501,4
src/kernel/dev/arch/at91/softpack-lib/samv71/libchip/include/samv71/samv71n21.h,différé,"règle : Cortex-M7 Atmel SAMV71/SAME70, référence M7 (décision 2026-09-30)",501,4
src/kernel/dev/arch/at91/softpack-lib/samv71/libchip/include/samv71/samv71q19.h,différé,"règle : Cortex-M7 Atmel SAMV71/SAME70, référence M7 (décision 2026-09-30)",549,4
src/kernel/dev/arch/at91/softpack-lib/samv71/libchip/include/samv71/samv71q20.h,différé,"règle : Cortex-M7 Atmel SAMV71/SAME70, référence M7 (décision 2026-09-30)",549,4
src/kernel/dev/arch/at91/softpack-lib/samv71/libchip/include/samv71/samv71q21.h,différé,"règle : Cortex-M7 Atmel SAMV71/SAME70, référence M7 (décision 2026-09-30)",554,4
src/kernel/dev/arch/at91/softpack-lib/samv71/libchip/include/samv71/system_samv71.h,différé,"règle : Cortex-M7 Atmel SAMV71/SAME70, référence M7 (décision 2026-09-30)",16,4
src/kernel/dev/arch/at91/softpack-lib/samv71/libchip/include/sdramc.h,différé,"règle : Cortex-M7 Atmel SAMV71/SAME70, référence M7 (décision 2026-09-30)",21,1
src/kernel/dev/arch/at91/softpack-lib/samv71/libchip/include/smc.h,différé,"règle : Cortex-M7 Atmel SAMV71/SAME70, référence M7 (décision 2026-09-30)",70,0
src/kernel/dev/arch/at91/softpack-lib/samv71/libchip/include/spi.h,différé,"règle : Cortex-M7 Atmel SAMV71/SAME70, référence M7 (décision 2026-09-30)",34,3
src/kernel/dev/arch/at91/softpack-lib/samv71/libchip/include/spi_dma.h,différé,"règle : Cortex-M7 Atmel SAMV71/SAME70, référence M7 (décision 2026-09-30)",44,3
src/kernel/dev/arch/at91/softpack-lib/samv71/libchip/include/ssc.h,différé,"règle : Cortex-M7 Atmel SAMV71/SAME70, référence M7 (décision 2026-09-30)",23,3
src/kernel/dev/arch/at91/softpack-lib/samv71/libchip/include/supc.h,différé,"règle : Cortex-M7 Atmel SAMV71/SAME70, référence M7 (décision 2026-09-30)",24,3
src/kernel/dev/arch/at91/softpack-lib/samv71/libchip/include/tc.h,différé,"règle : Cortex-M7 Atmel SAMV71/SAME70, référence M7 (décision 2026-09-30)",16,3
src/kernel/dev/arch/at91/softpack-lib/samv71/libchip/include/timetick.h,différé,"règle : Cortex-M7 Atmel SAMV71/SAME70, référence M7 (décision 2026-09-30)",25,3
src/kernel/dev/arch/at91/softpack-lib/samv71/libchip/include/trace.h,différé,"règle : Cortex-M7 Atmel SAMV71/SAME70, référence M7 (décision 2026-09-30)",102,3
src/kernel/dev/arch/at91/softpack-lib/samv71/libchip/include/trng.h,différé,"règle : Cortex-M7 Atmel SAMV71/SAME70, référence M7 (décision 2026-09-30)",10,3
src/kernel/dev/arch/at91/softpack-lib/samv71/libchip/include/twi.h,différé,"règle : Cortex-M7 Atmel SAMV71/SAME70, référence M7 (décision 2026-09-30)",38,3
src/kernel/dev/arch/at91/softpack-lib/samv71/libchip/include/twid.h,différé,"règle : Cortex-M7 Atmel SAMV71/SAME70, référence M7 (décision 2026-09-30)",65,3
src/kernel/dev/arch/at91/softpack-lib/samv71/libchip/include/uart.h,différé,"règle : Cortex-M7 Atmel SAMV71/SAME70, référence M7 (décision 2026-09-30)",18,3
src/kernel/dev/arch/at91/softpack-lib/samv71/libchip/include/uart_dma.h,différé,"règle : Cortex-M7 Atmel SAMV71/SAME70, référence M7 (décision 2026-09-30)",43,3
src/kernel/dev/arch/at91/softpack-lib/samv71/libchip/include/usart.h,différé,"règle : Cortex-M7 Atmel SAMV71/SAME70, référence M7 (décision 2026-09-30)",51,3
src/kernel/dev/arch/at91/softpack-lib/samv71/libchip/include/usart_dma.h,différé,"règle : Cortex-M7 Atmel SAMV71/SAME70, référence M7 (décision 2026-09-30)",43,3
src/kernel/dev/arch/at91/softpack-lib/samv71/libchip/include/usbhs.h,différé,"règle : Cortex-M7 Atmel SAMV71/SAME70, référence M7 (décision 2026-09-30)",750,3
src/kernel/dev/arch/at91/softpack-lib/samv71/libchip/include/video.h,différé,"règle : Cortex-M7 Atmel SAMV71/SAME70, référence M7 (décision 2026-09-30)",21,3
src/kernel/dev/arch/at91/softpack-lib/samv71/libchip/include/wdt.h,différé,"règle : Cortex-M7 Atmel SAMV71/SAME70, référence M7 (décision 2026-09-30)",16,3
src/kernel/dev/arch/at91/softpack-lib/samv71/libchip/include/xdma_hardware_interface.h,différé,"règle : Cortex-M7 Atmel SAMV71/SAME70, référence M7 (décision 2026-09-30)",12,3
src/kernel/dev/arch/at91/softpack-lib/samv71/libchip/include/xdmac.h,différé,"règle : Cortex-M7 Atmel SAMV71/SAME70, référence M7 (décision 2026-09-30)",76,3
src/kernel/dev/arch/at91/softpack-lib/samv71/libchip/include/xdmad.h,différé,"règle : Cortex-M7 Atmel SAMV71/SAME70, référence M7 (décision 2026-09-30)",126,3
src/kernel/dev/arch/at91/softpack-lib/samv71/libchip/source/acc.c,différé,"règle : Cortex-M7 Atmel SAMV71/SAME70, référence M7 (décision 2026-09-30)",45,1
src/kernel/dev/arch/at91/softpack-lib/samv71/libchip/source/aes.c,différé,"règle : Cortex-M7 Atmel SAMV71/SAME70, référence M7 (décision 2026-09-30)",90,1
src/kernel/dev/arch/at91/softpack-lib/samv71/libchip/source/afe_dma.c,différé,"règle : Cortex-M7 Atmel SAMV71/SAME70, référence M7 (décision 2026-09-30)",104,1
src/kernel/dev/arch/at91/softpack-lib/samv71/libchip/source/afec.c,différé,"règle : Cortex-M7 Atmel SAMV71/SAME70, référence M7 (décision 2026-09-30)",176,1
src/kernel/dev/arch/at91/softpack-lib/samv71/libchip/source/dac_dma.c,différé,"règle : Cortex-M7 Atmel SAMV71/SAME70, référence M7 (décision 2026-09-30)",89,1
src/kernel/dev/arch/at91/softpack-lib/samv71/libchip/source/efc.c,différé,"règle : Cortex-M7 Atmel SAMV71/SAME70, référence M7 (décision 2026-09-30)",95,1
src/kernel/dev/arch/at91/softpack-lib/samv71/libchip/source/exceptions.c,différé,"règle : Cortex-M7 Atmel SAMV71/SAME70, référence M7 (décision 2026-09-30)",112,1
src/kernel/dev/arch/at91/softpack-lib/samv71/libchip/source/flashd.c,différé,"règle : Cortex-M7 Atmel SAMV71/SAME70, référence M7 (décision 2026-09-30)",256,1
src/kernel/dev/arch/at91/softpack-lib/samv71/libchip/source/gmac.c,différé,"règle : Cortex-M7 Atmel SAMV71/SAME70, référence M7 (décision 2026-09-30)",398,1
src/kernel/dev/arch/at91/softpack-lib/samv71/libchip/source/gmacd.c,différé,"règle : Cortex-M7 Atmel SAMV71/SAME70, référence M7 (décision 2026-09-30)",604,1
src/kernel/dev/arch/at91/softpack-lib/samv71/libchip/source/hsmci.c,différé,"règle : Cortex-M7 Atmel SAMV71/SAME70, référence M7 (décision 2026-09-30)",244,1
src/kernel/dev/arch/at91/softpack-lib/samv71/libchip/source/icm.c,différé,"règle : Cortex-M7 Atmel SAMV71/SAME70, référence M7 (décision 2026-09-30)",61,1
src/kernel/dev/arch/at91/softpack-lib/samv71/libchip/source/isi.c,différé,"règle : Cortex-M7 Atmel SAMV71/SAME70, référence M7 (décision 2026-09-30)",176,1
src/kernel/dev/arch/at91/softpack-lib/samv71/libchip/source/iso7816_4.c,différé,"règle : Cortex-M7 Atmel SAMV71/SAME70, référence M7 (décision 2026-09-30)",328,1
src/kernel/dev/arch/at91/softpack-lib/samv71/libchip/source/mcan.c,différé,"règle : Cortex-M7 Atmel SAMV71/SAME70, référence M7 (décision 2026-09-30)",792,1
src/kernel/dev/arch/at91/softpack-lib/samv71/libchip/source/mcid_dma.c,différé,"règle : Cortex-M7 Atmel SAMV71/SAME70, référence M7 (décision 2026-09-30)",583,1
src/kernel/dev/arch/at91/softpack-lib/samv71/libchip/source/mediaLB.c,différé,"règle : Cortex-M7 Atmel SAMV71/SAME70, référence M7 (décision 2026-09-30)",2,1
src/kernel/dev/arch/at91/softpack-lib/samv71/libchip/source/mpu.c,différé,"règle : Cortex-M7 Atmel SAMV71/SAME70, référence M7 (décision 2026-09-30)",44,1
src/kernel/dev/arch/at91/softpack-lib/samv71/libchip/source/pio.c,différé,"règle : Cortex-M7 Atmel SAMV71/SAME70, référence M7 (décision 2026-09-30)",214,1
src/kernel/dev/arch/at91/softpack-lib/samv71/libchip/source/pio_capture.c,différé,"règle : Cortex-M7 Atmel SAMV71/SAME70, référence M7 (décision 2026-09-30)",74,1
src/kernel/dev/arch/at91/softpack-lib/samv71/libchip/source/pio_it.c,différé,"règle : Cortex-M7 Atmel SAMV71/SAME70, référence M7 (décision 2026-09-30)",146,1
src/kernel/dev/arch/at91/softpack-lib/samv71/libchip/source/pmc.c,différé,"règle : Cortex-M7 Atmel SAMV71/SAME70, référence M7 (décision 2026-09-30)",240,1
src/kernel/dev/arch/at91/softpack-lib/samv71/libchip/source/pwmc.c,différé,"règle : Cortex-M7 Atmel SAMV71/SAME70, référence M7 (décision 2026-09-30)",216,1
src/kernel/dev/arch/at91/softpack-lib/samv71/libchip/source/qspi.c,différé,"règle : Cortex-M7 Atmel SAMV71/SAME70, référence M7 (décision 2026-09-30)",335,1
src/kernel/dev/arch/at91/softpack-lib/samv71/libchip/source/qspi_dma.c,différé,"règle : Cortex-M7 Atmel SAMV71/SAME70, référence M7 (décision 2026-09-30)",284,1
src/kernel/dev/arch/at91/softpack-lib/samv71/libchip/source/rstc.c,différé,"règle : Cortex-M7 Atmel SAMV71/SAME70, référence M7 (décision 2026-09-30)",69,1
src/kernel/dev/arch/at91/softpack-lib/samv71/libchip/source/rtc.c,différé,"règle : Cortex-M7 Atmel SAMV71/SAME70, référence M7 (décision 2026-09-30)",180,1
src/kernel/dev/arch/at91/softpack-lib/samv71/libchip/source/rtt.c,différé,"règle : Cortex-M7 Atmel SAMV71/SAME70, référence M7 (décision 2026-09-30)",24,1
src/kernel/dev/arch/at91/softpack-lib/samv71/libchip/source/sdramc.c,différé,"règle : Cortex-M7 Atmel SAMV71/SAME70, référence M7 (décision 2026-09-30)",59,1
src/kernel/dev/arch/at91/softpack-lib/samv71/libchip/source/smc.c,différé,"règle : Cortex-M7 Atmel SAMV71/SAME70, référence M7 (décision 2026-09-30)",379,1
src/kernel/dev/arch/at91/softpack-lib/samv71/libchip/source/spi.c,différé,"règle : Cortex-M7 Atmel SAMV71/SAME70, référence M7 (décision 2026-09-30)",76,1
src/kernel/dev/arch/at91/softpack-lib/samv71/libchip/source/spi_dma.c,différé,"règle : Cortex-M7 Atmel SAMV71/SAME70, référence M7 (décision 2026-09-30)",163,1
src/kernel/dev/arch/at91/softpack-lib/samv71/libchip/source/ssc.c,différé,"règle : Cortex-M7 Atmel SAMV71/SAME70, référence M7 (décision 2026-09-30)",60,1
src/kernel/dev/arch/at91/softpack-lib/samv71/libchip/source/supc.c,différé,"règle : Cortex-M7 Atmel SAMV71/SAME70, référence M7 (décision 2026-09-30)",74,1
src/kernel/dev/arch/at91/softpack-lib/samv71/libchip/source/tc.c,différé,"règle : Cortex-M7 Atmel SAMV71/SAME70, référence M7 (décision 2026-09-30)",51,1
src/kernel/dev/arch/at91/softpack-lib/samv71/libchip/source/timetick.c,différé,"règle : Cortex-M7 Atmel SAMV71/SAME70, référence M7 (décision 2026-09-30)",86,1
src/kernel/dev/arch/at91/softpack-lib/samv71/libchip/source/trng.c,différé,"règle : Cortex-M7 Atmel SAMV71/SAME70, référence M7 (décision 2026-09-30)",25,1
src/kernel/dev/arch/at91/softpack-lib/samv71/libchip/source/twi.c,différé,"règle : Cortex-M7 Atmel SAMV71/SAME70, référence M7 (décision 2026-09-30)",133,1
src/kernel/dev/arch/at91/softpack-lib/samv71/libchip/source/twid.c,différé,"règle : Cortex-M7 Atmel SAMV71/SAME70, référence M7 (décision 2026-09-30)",441,1
src/kernel/dev/arch/at91/softpack-lib/samv71/libchip/source/uart.c,différé,"règle : Cortex-M7 Atmel SAMV71/SAME70, référence M7 (décision 2026-09-30)",89,1
src/kernel/dev/arch/at91/softpack-lib/samv71/libchip/source/uart_dma.c,différé,"règle : Cortex-M7 Atmel SAMV71/SAME70, référence M7 (décision 2026-09-30)",320,1
src/kernel/dev/arch/at91/softpack-lib/samv71/libchip/source/usart.c,différé,"règle : Cortex-M7 Atmel SAMV71/SAME70, référence M7 (décision 2026-09-30)",200,1
src/kernel/dev/arch/at91/softpack-lib/samv71/libchip/source/usart_dma.c,différé,"règle : Cortex-M7 Atmel SAMV71/SAME70, référence M7 (décision 2026-09-30)",318,1
src/kernel/dev/arch/at91/softpack-lib/samv71/libchip/source/wdt.c,différé,"règle : Cortex-M7 Atmel SAMV71/SAME70, référence M7 (décision 2026-09-30)",24,1
src/kernel/dev/arch/at91/softpack-lib/samv71/libchip/source/xdma_hardware_interface.c,différé,"règle : Cortex-M7 Atmel SAMV71/SAME70, référence M7 (décision 2026-09-30)",72,1
src/kernel/dev/arch/at91/softpack-lib/samv71/libchip/source/xdmac.c,différé,"règle : Cortex-M7 Atmel SAMV71/SAME70, référence M7 (décision 2026-09-30)",227,1
src/kernel/dev/arch/at91/softpack-lib/samv71/libchip/source/xdmad.c,différé,"règle : Cortex-M7 Atmel SAMV71/SAME70, référence M7 (décision 2026-09-30)",287,1
src/kernel/dev/arch/at91/softpack-lib/samv71/libstoragemedia/include/MEDNandFlash.h,différé,"règle : Cortex-M7 Atmel SAMV71/SAME70, référence M7 (décision 2026-09-30)",8,0
src/kernel/dev/arch/at91/softpack-lib/samv71/libstoragemedia/include/MEDSdcard.h,différé,"règle : Cortex-M7 Atmel SAMV71/SAME70, référence M7 (décision 2026-09-30)",11,2
src/kernel/dev/arch/at91/softpack-lib/samv71/libstoragemedia/include/MEDSdram.h,différé,"règle : Cortex-M7 Atmel SAMV71/SAME70, référence M7 (décision 2026-09-30)",8,0
src/kernel/dev/arch/at91/softpack-lib/samv71/libstoragemedia/include/MedRamDisk.h,différé,"règle : Cortex-M7 Atmel SAMV71/SAME70, référence M7 (décision 2026-09-30)",9,0
src/kernel/dev/arch/at91/softpack-lib/samv71/libstoragemedia/include/Media.h,différé,"règle : Cortex-M7 Atmel SAMV71/SAME70, référence M7 (décision 2026-09-30)",76,2
src/kernel/dev/arch/at91/softpack-lib/samv71/libstoragemedia/include/nandflash/EccNandFlash.h,différé,"règle : Cortex-M7 Atmel SAMV71/SAME70, référence M7 (décision 2026-09-30)",27,0
src/kernel/dev/arch/at91/softpack-lib/samv71/libstoragemedia/include/nandflash/ManagedNandFlash.h,différé,"règle : Cortex-M7 Atmel SAMV71/SAME70, référence M7 (décision 2026-09-30)",78,0
src/kernel/dev/arch/at91/softpack-lib/samv71/libstoragemedia/include/nandflash/MappedNandFlash.h,différé,"règle : Cortex-M7 Atmel SAMV71/SAME70, référence M7 (décision 2026-09-30)",52,0
src/kernel/dev/arch/at91/softpack-lib/samv71/libstoragemedia/include/nandflash/NandCommon.h,différé,"règle : Cortex-M7 Atmel SAMV71/SAME70, référence M7 (décision 2026-09-30)",29,0
src/kernel/dev/arch/at91/softpack-lib/samv71/libstoragemedia/include/nandflash/NandFlashDma.h,différé,"règle : Cortex-M7 Atmel SAMV71/SAME70, référence M7 (décision 2026-09-30)",15,0
src/kernel/dev/arch/at91/softpack-lib/samv71/libstoragemedia/include/nandflash/NandFlashModel.h,différé,"règle : Cortex-M7 Atmel SAMV71/SAME70, référence M7 (décision 2026-09-30)",53,0
src/kernel/dev/arch/at91/softpack-lib/samv71/libstoragemedia/include/nandflash/NandFlashModelList.h,différé,"règle : Cortex-M7 Atmel SAMV71/SAME70, référence M7 (décision 2026-09-30)",6,0
src/kernel/dev/arch/at91/softpack-lib/samv71/libstoragemedia/include/nandflash/NandSpareScheme.h,différé,"règle : Cortex-M7 Atmel SAMV71/SAME70, référence M7 (décision 2026-09-30)",43,0
src/kernel/dev/arch/at91/softpack-lib/samv71/libstoragemedia/include/nandflash/RawNandFlash.h,différé,"règle : Cortex-M7 Atmel SAMV71/SAME70, référence M7 (décision 2026-09-30)",49,0
src/kernel/dev/arch/at91/softpack-lib/samv71/libstoragemedia/include/nandflash/SkipBlockNandFlash.h,différé,"règle : Cortex-M7 Atmel SAMV71/SAME70, référence M7 (décision 2026-09-30)",62,0
src/kernel/dev/arch/at91/softpack-lib/samv71/libstoragemedia/include/nandflash/TranslatedNandFlash.h,différé,"règle : Cortex-M7 Atmel SAMV71/SAME70, référence M7 (décision 2026-09-30)",45,0
src/kernel/dev/arch/at91/softpack-lib/samv71/libstoragemedia/include/sdmmc/libsdmmc.h,différé,"règle : Cortex-M7 Atmel SAMV71/SAME70, référence M7 (décision 2026-09-30)",8,2
src/kernel/dev/arch/at91/softpack-lib/samv71/libstoragemedia/include/sdmmc/sdio.h,différé,"règle : Cortex-M7 Atmel SAMV71/SAME70, référence M7 (décision 2026-09-30)",189,2
src/kernel/dev/arch/at91/softpack-lib/samv71/libstoragemedia/include/sdmmc/sdmmc.h,différé,"règle : Cortex-M7 Atmel SAMV71/SAME70, référence M7 (décision 2026-09-30)",403,2
src/kernel/dev/arch/at91/softpack-lib/samv71/libstoragemedia/include/sdmmc/sdmmc_cmd.h,différé,"règle : Cortex-M7 Atmel SAMV71/SAME70, référence M7 (décision 2026-09-30)",223,2
src/kernel/dev/arch/at91/softpack-lib/samv71/libstoragemedia/include/sdmmc/sdmmc_dbg.h,différé,"règle : Cortex-M7 Atmel SAMV71/SAME70, référence M7 (décision 2026-09-30)",5,0
src/kernel/dev/arch/at91/softpack-lib/samv71/libstoragemedia/include/sdmmc/sdmmc_hal.h,différé,"règle : Cortex-M7 Atmel SAMV71/SAME70, référence M7 (décision 2026-09-30)",13,2
src/kernel/dev/arch/at91/softpack-lib/samv71/libstoragemedia/include/sdmmc/sdmmc_trace.h,différé,"règle : Cortex-M7 Atmel SAMV71/SAME70, référence M7 (décision 2026-09-30)",91,1
src/kernel/dev/arch/at91/softpack-lib/samv71/libstoragemedia/include/spiflash/Flash_devices.h,différé,"règle : Cortex-M7 Atmel SAMV71/SAME70, référence M7 (décision 2026-09-30)",40,0
src/kernel/dev/arch/at91/softpack-lib/samv71/libstoragemedia/include/spiflash/at26.h,différé,"règle : Cortex-M7 Atmel SAMV71/SAME70, référence M7 (décision 2026-09-30)",82,0
src/kernel/dev/arch/at91/softpack-lib/samv71/libstoragemedia/include/spiflash/at26d.h,différé,"règle : Cortex-M7 Atmel SAMV71/SAME70, référence M7 (décision 2026-09-30)",19,0
src/kernel/dev/arch/at91/softpack-lib/samv71/libstoragemedia/libstoragemedia.h,différé,"règle : Cortex-M7 Atmel SAMV71/SAME70, référence M7 (décision 2026-09-30)",28,0
src/kernel/dev/arch/at91/softpack-lib/samv71/libstoragemedia/source/MEDDdram.c,différé,"règle : Cortex-M7 Atmel SAMV71/SAME70, référence M7 (décision 2026-09-30)",131,0
src/kernel/dev/arch/at91/softpack-lib/samv71/libstoragemedia/source/MEDFlash.c,différé,"règle : Cortex-M7 Atmel SAMV71/SAME70, référence M7 (décision 2026-09-30)",113,0
src/kernel/dev/arch/at91/softpack-lib/samv71/libstoragemedia/source/MEDNandFlash.c,différé,"règle : Cortex-M7 Atmel SAMV71/SAME70, référence M7 (décision 2026-09-30)",268,0
src/kernel/dev/arch/at91/softpack-lib/samv71/libstoragemedia/source/MEDRamDisk.c,différé,"règle : Cortex-M7 Atmel SAMV71/SAME70, référence M7 (décision 2026-09-30)",115,0
src/kernel/dev/arch/at91/softpack-lib/samv71/libstoragemedia/source/MEDSdcard.c,différé,"règle : Cortex-M7 Atmel SAMV71/SAME70, référence M7 (décision 2026-09-30)",221,1
src/kernel/dev/arch/at91/softpack-lib/samv71/libstoragemedia/source/MEDSdram.c,différé,"règle : Cortex-M7 Atmel SAMV71/SAME70, référence M7 (décision 2026-09-30)",123,0
src/kernel/dev/arch/at91/softpack-lib/samv71/libstoragemedia/source/Media.c,différé,"règle : Cortex-M7 Atmel SAMV71/SAME70, référence M7 (décision 2026-09-30)",92,1
src/kernel/dev/arch/at91/softpack-lib/samv71/libstoragemedia/source/nandflash/EccNandFlash.c,différé,"règle : Cortex-M7 Atmel SAMV71/SAME70, référence M7 (décision 2026-09-30)",163,0
src/kernel/dev/arch/at91/softpack-lib/samv71/libstoragemedia/source/nandflash/ManagedNandFlash.c,différé,"règle : Cortex-M7 Atmel SAMV71/SAME70, référence M7 (décision 2026-09-30)",468,0
src/kernel/dev/arch/at91/softpack-lib/samv71/libstoragemedia/source/nandflash/MappedNandFlash.c,différé,"règle : Cortex-M7 Atmel SAMV71/SAME70, référence M7 (décision 2026-09-30)",356,0
src/kernel/dev/arch/at91/softpack-lib/samv71/libstoragemedia/source/nandflash/NandFlashDma.c,différé,"règle : Cortex-M7 Atmel SAMV71/SAME70, référence M7 (décision 2026-09-30)",93,0
src/kernel/dev/arch/at91/softpack-lib/samv71/libstoragemedia/source/nandflash/NandFlashModel.c,différé,"règle : Cortex-M7 Atmel SAMV71/SAME70, référence M7 (décision 2026-09-30)",209,0
src/kernel/dev/arch/at91/softpack-lib/samv71/libstoragemedia/source/nandflash/NandFlashModelList.c,différé,"règle : Cortex-M7 Atmel SAMV71/SAME70, référence M7 (décision 2026-09-30)",62,0
src/kernel/dev/arch/at91/softpack-lib/samv71/libstoragemedia/source/nandflash/NandSpareScheme.c,différé,"règle : Cortex-M7 Atmel SAMV71/SAME70, référence M7 (décision 2026-09-30)",105,0
src/kernel/dev/arch/at91/softpack-lib/samv71/libstoragemedia/source/nandflash/RawNandFlash.c,différé,"règle : Cortex-M7 Atmel SAMV71/SAME70, référence M7 (décision 2026-09-30)",419,0
src/kernel/dev/arch/at91/softpack-lib/samv71/libstoragemedia/source/nandflash/SkipBlockNandFlash.c,différé,"règle : Cortex-M7 Atmel SAMV71/SAME70, référence M7 (décision 2026-09-30)",244,0
src/kernel/dev/arch/at91/softpack-lib/samv71/libstoragemedia/source/nandflash/TranslatedNandFlash.c,différé,"règle : Cortex-M7 Atmel SAMV71/SAME70, référence M7 (décision 2026-09-30)",311,0
src/kernel/dev/arch/at91/softpack-lib/samv71/libstoragemedia/source/sdmmc/sdmmc.c,différé,"règle : Cortex-M7 Atmel SAMV71/SAME70, référence M7 (décision 2026-09-30)",2109,1
src/kernel/dev/arch/at91/softpack-lib/samv71/libstoragemedia/source/spiflash/at26.c,différé,"règle : Cortex-M7 Atmel SAMV71/SAME70, référence M7 (décision 2026-09-30)",96,0
src/kernel/dev/arch/at91/softpack-lib/samv71/libstoragemedia/source/spiflash/at26d.c,différé,"règle : Cortex-M7 Atmel SAMV71/SAME70, référence M7 (décision 2026-09-30)",153,0
src/kernel/dev/arch/at91/softpack-lib/samv71/libstoragemedia/source/spiflash/at45.c,différé,"règle : Cortex-M7 Atmel SAMV71/SAME70, référence M7 (décision 2026-09-30)",110,0
src/kernel/dev/arch/at91/softpack-lib/samv71/libstoragemedia/source/spiflash/at45d.c,différé,"règle : Cortex-M7 Atmel SAMV71/SAME70, référence M7 (décision 2026-09-30)",82,0
src/kernel/dev/arch/at91/softpack-lib/samv71/libstoragemedia/source/spiflash/spid.c,différé,"règle : Cortex-M7 Atmel SAMV71/SAME70, référence M7 (décision 2026-09-30)",74,0
src/kernel/dev/arch/at91/softpack-lib/samv71/libstoragemedia/source/spiflash/spid_dma.c,différé,"règle : Cortex-M7 Atmel SAMV71/SAME70, référence M7 (décision 2026-09-30)",191,0
src/kernel/dev/arch/at91/softpack-lib/samv71/samv71-xplained-ultra/libboard/board.h,différé,"règle : Cortex-M7 Atmel SAMV71/SAME70, référence M7 (décision 2026-09-30)",10,3
src/kernel/dev/arch/at91/softpack-lib/samv71/samv71-xplained-ultra/libboard/board_v71_xult.h,différé,"règle : Cortex-M7 Atmel SAMV71/SAME70, référence M7 (décision 2026-09-30)",241,3
src/kernel/dev/arch/at91/softpack-lib/samv71/samv71-xplained-ultra/libboard/include/bmp.h,différé,"règle : Cortex-M7 Atmel SAMV71/SAME70, référence M7 (décision 2026-09-30)",45,3
src/kernel/dev/arch/at91/softpack-lib/samv71/samv71-xplained-ultra/libboard/include/board_lowlevel.h,différé,"règle : Cortex-M7 Atmel SAMV71/SAME70, référence M7 (décision 2026-09-30)",5,3
src/kernel/dev/arch/at91/softpack-lib/samv71/samv71-xplained-ultra/libboard/include/board_memories.h,différé,"règle : Cortex-M7 Atmel SAMV71/SAME70, référence M7 (décision 2026-09-30)",5,3
src/kernel/dev/arch/at91/softpack-lib/samv71/samv71-xplained-ultra/libboard/include/cs2100.h,différé,"règle : Cortex-M7 Atmel SAMV71/SAME70, référence M7 (décision 2026-09-30)",26,3
src/kernel/dev/arch/at91/softpack-lib/samv71/samv71-xplained-ultra/libboard/include/dbg_console.h,différé,"règle : Cortex-M7 Atmel SAMV71/SAME70, référence M7 (décision 2026-09-30)",15,3
src/kernel/dev/arch/at91/softpack-lib/samv71/samv71-xplained-ultra/libboard/include/frame_buffer.h,différé,"règle : Cortex-M7 Atmel SAMV71/SAME70, référence M7 (décision 2026-09-30)",35,3
src/kernel/dev/arch/at91/softpack-lib/samv71/samv71-xplained-ultra/libboard/include/gmacb_phy.h,différé,"règle : Cortex-M7 Atmel SAMV71/SAME70, référence M7 (décision 2026-09-30)",25,3
src/kernel/dev/arch/at91/softpack-lib/samv71/samv71-xplained-ultra/libboard/include/gmii.h,différé,"règle : Cortex-M7 Atmel SAMV71/SAME70, référence M7 (décision 2026-09-30)",56,3
src/kernel/dev/arch/at91/softpack-lib/samv71/samv71-xplained-ultra/libboard/include/ili9488.h,différé,"règle : Cortex-M7 Atmel SAMV71/SAME70, référence M7 (décision 2026-09-30)",37,3
src/kernel/dev/arch/at91/softpack-lib/samv71/samv71-xplained-ultra/libboard/include/ili9488_dma.h,différé,"règle : Cortex-M7 Atmel SAMV71/SAME70, référence M7 (décision 2026-09-30)",26,3
src/kernel/dev/arch/at91/softpack-lib/samv71/samv71-xplained-ultra/libboard/include/ili9488_ebi.h,différé,"règle : Cortex-M7 Atmel SAMV71/SAME70, référence M7 (décision 2026-09-30)",16,3
src/kernel/dev/arch/at91/softpack-lib/samv71/samv71-xplained-ultra/libboard/include/ili9488_ebi_dma.h,différé,"règle : Cortex-M7 Atmel SAMV71/SAME70, référence M7 (décision 2026-09-30)",10,3
src/kernel/dev/arch/at91/softpack-lib/samv71/samv71-xplained-ultra/libboard/include/ili9488_reg.h,différé,"règle : Cortex-M7 Atmel SAMV71/SAME70, référence M7 (décision 2026-09-30)",97,3
src/kernel/dev/arch/at91/softpack-lib/samv71/samv71-xplained-ultra/libboard/include/ili9488_spi.h,différé,"règle : Cortex-M7 Atmel SAMV71/SAME70, référence M7 (décision 2026-09-30)",22,3
src/kernel/dev/arch/at91/softpack-lib/samv71/samv71-xplained-ultra/libboard/include/ili9488_spi_dma.h,différé,"règle : Cortex-M7 Atmel SAMV71/SAME70, référence M7 (décision 2026-09-30)",10,3
src/kernel/dev/arch/at91/softpack-lib/samv71/samv71-xplained-ultra/libboard/include/image_sensor_inf.h,différé,"règle : Cortex-M7 Atmel SAMV71/SAME70, référence M7 (décision 2026-09-30)",70,3
src/kernel/dev/arch/at91/softpack-lib/samv71/samv71-xplained-ultra/libboard/include/lcd_color.h,différé,"règle : Cortex-M7 Atmel SAMV71/SAME70, référence M7 (décision 2026-09-30)",58,3
src/kernel/dev/arch/at91/softpack-lib/samv71/samv71-xplained-ultra/libboard/include/lcd_draw.h,différé,"règle : Cortex-M7 Atmel SAMV71/SAME70, référence M7 (décision 2026-09-30)",118,3
src/kernel/dev/arch/at91/softpack-lib/samv71/samv71-xplained-ultra/libboard/include/lcd_font.h,différé,"règle : Cortex-M7 Atmel SAMV71/SAME70, référence M7 (décision 2026-09-30)",21,3
src/kernel/dev/arch/at91/softpack-lib/samv71/samv71-xplained-ultra/libboard/include/lcd_font10x14.h,différé,"règle : Cortex-M7 Atmel SAMV71/SAME70, référence M7 (décision 2026-09-30)",5,3
src/kernel/dev/arch/at91/softpack-lib/samv71/samv71-xplained-ultra/libboard/include/lcd_gimp_image.h,différé,"règle : Cortex-M7 Atmel SAMV71/SAME70, référence M7 (décision 2026-09-30)",10,3
src/kernel/dev/arch/at91/softpack-lib/samv71/samv71-xplained-ultra/libboard/include/lcdd.h,différé,"règle : Cortex-M7 Atmel SAMV71/SAME70, référence M7 (décision 2026-09-30)",7,3
src/kernel/dev/arch/at91/softpack-lib/samv71/samv71-xplained-ultra/libboard/include/led.h,différé,"règle : Cortex-M7 Atmel SAMV71/SAME70, référence M7 (décision 2026-09-30)",8,3
src/kernel/dev/arch/at91/softpack-lib/samv71/samv71-xplained-ultra/libboard/include/math.h,différé,"règle : Cortex-M7 Atmel SAMV71/SAME70, référence M7 (décision 2026-09-30)",6,0
src/kernel/dev/arch/at91/softpack-lib/samv71/samv71-xplained-ultra/libboard/include/mcan_config.h,différé,"règle : Cortex-M7 Atmel SAMV71/SAME70, référence M7 (décision 2026-09-30)",57,1
src/kernel/dev/arch/at91/softpack-lib/samv71/samv71-xplained-ultra/libboard/include/rtc_calib.h,différé,"règle : Cortex-M7 Atmel SAMV71/SAME70, référence M7 (décision 2026-09-30)",8,3
src/kernel/dev/arch/at91/softpack-lib/samv71/samv71-xplained-ultra/libboard/include/s25fl1.h,différé,"règle : Cortex-M7 Atmel SAMV71/SAME70, référence M7 (décision 2026-09-30)",120,3
src/kernel/dev/arch/at91/softpack-lib/samv71/samv71-xplained-ultra/libboard/include/syscalls.h,différé,"règle : Cortex-M7 Atmel SAMV71/SAME70, référence M7 (décision 2026-09-30)",12,3
src/kernel/dev/arch/at91/softpack-lib/samv71/samv71-xplained-ultra/libboard/include/wm8904.h,différé,"règle : Cortex-M7 Atmel SAMV71/SAME70, référence M7 (décision 2026-09-30)",50,3
src/kernel/dev/arch/at91/softpack-lib/samv71/samv71-xplained-ultra/libboard/source/bmp.c,différé,"règle : Cortex-M7 Atmel SAMV71/SAME70, référence M7 (décision 2026-09-30)",158,0
src/kernel/dev/arch/at91/softpack-lib/samv71/samv71-xplained-ultra/libboard/source/board_lowlevel.c,différé,"règle : Cortex-M7 Atmel SAMV71/SAME70, référence M7 (décision 2026-09-30)",178,2
src/kernel/dev/arch/at91/softpack-lib/samv71/samv71-xplained-ultra/libboard/source/board_memories.c,différé,"règle : Cortex-M7 Atmel SAMV71/SAME70, référence M7 (décision 2026-09-30)",113,0
src/kernel/dev/arch/at91/softpack-lib/samv71/samv71-xplained-ultra/libboard/source/cs2100.c,différé,"règle : Cortex-M7 Atmel SAMV71/SAME70, référence M7 (décision 2026-09-30)",34,0
src/kernel/dev/arch/at91/softpack-lib/samv71/samv71-xplained-ultra/libboard/source/dbg_console.c,différé,"règle : Cortex-M7 Atmel SAMV71/SAME70, référence M7 (décision 2026-09-30)",266,0
src/kernel/dev/arch/at91/softpack-lib/samv71/samv71-xplained-ultra/libboard/source/gmacb_phy.c,différé,"règle : Cortex-M7 Atmel SAMV71/SAME70, référence M7 (décision 2026-09-30)",291,2
src/kernel/dev/arch/at91/softpack-lib/samv71/samv71-xplained-ultra/libboard/source/ili9488_ebi.c,différé,"règle : Cortex-M7 Atmel SAMV71/SAME70, référence M7 (décision 2026-09-30)",164,0
src/kernel/dev/arch/at91/softpack-lib/samv71/samv71-xplained-ultra/libboard/source/ili9488_ebi_dma.c,différé,"règle : Cortex-M7 Atmel SAMV71/SAME70, référence M7 (décision 2026-09-30)",210,0
src/kernel/dev/arch/at91/softpack-lib/samv71/samv71-xplained-ultra/libboard/source/ili9488_spi.c,différé,"règle : Cortex-M7 Atmel SAMV71/SAME70, référence M7 (décision 2026-09-30)",217,0
src/kernel/dev/arch/at91/softpack-lib/samv71/samv71-xplained-ultra/libboard/source/ili9488_spi_dma.c,différé,"règle : Cortex-M7 Atmel SAMV71/SAME70, référence M7 (décision 2026-09-30)",205,0
src/kernel/dev/arch/at91/softpack-lib/samv71/samv71-xplained-ultra/libboard/source/image_sensor_inf.c,différé,"règle : Cortex-M7 Atmel SAMV71/SAME70, référence M7 (décision 2026-09-30)",136,0
src/kernel/dev/arch/at91/softpack-lib/samv71/samv71-xplained-ultra/libboard/source/lcd_draw.c,différé,"règle : Cortex-M7 Atmel SAMV71/SAME70, référence M7 (décision 2026-09-30)",397,0
src/kernel/dev/arch/at91/softpack-lib/samv71/samv71-xplained-ultra/libboard/source/lcd_font.c,différé,"règle : Cortex-M7 Atmel SAMV71/SAME70, référence M7 (décision 2026-09-30)",36,0
src/kernel/dev/arch/at91/softpack-lib/samv71/samv71-xplained-ultra/libboard/source/lcd_fontsize.c,différé,"règle : Cortex-M7 Atmel SAMV71/SAME70, référence M7 (décision 2026-09-30)",492,0
src/kernel/dev/arch/at91/softpack-lib/samv71/samv71-xplained-ultra/libboard/source/lcdd.c,différé,"règle : Cortex-M7 Atmel SAMV71/SAME70, référence M7 (décision 2026-09-30)",39,0
src/kernel/dev/arch/at91/softpack-lib/samv71/samv71-xplained-ultra/libboard/source/led.c,différé,"règle : Cortex-M7 Atmel SAMV71/SAME70, référence M7 (décision 2026-09-30)",57,0
src/kernel/dev/arch/at91/softpack-lib/samv71/samv71-xplained-ultra/libboard/source/math.c,différé,"règle : Cortex-M7 Atmel SAMV71/SAME70, référence M7 (décision 2026-09-30)",24,0
src/kernel/dev/arch/at91/softpack-lib/samv71/samv71-xplained-ultra/libboard/source/mt9v022_config.c,différé,"règle : Cortex-M7 Atmel SAMV71/SAME70, référence M7 (décision 2026-09-30)",346,0
src/kernel/dev/arch/at91/softpack-lib/samv71/samv71-xplained-ultra/libboard/source/ov2640_config.c,différé,"règle : Cortex-M7 Atmel SAMV71/SAME70, référence M7 (décision 2026-09-30)",487,0
src/kernel/dev/arch/at91/softpack-lib/samv71/samv71-xplained-ultra/libboard/source/ov2643_config.c,différé,"règle : Cortex-M7 Atmel SAMV71/SAME70, référence M7 (décision 2026-09-30)",814,0
src/kernel/dev/arch/at91/softpack-lib/samv71/samv71-xplained-ultra/libboard/source/ov5640_config.c,différé,"règle : Cortex-M7 Atmel SAMV71/SAME70, référence M7 (décision 2026-09-30)",5070,0
src/kernel/dev/arch/at91/softpack-lib/samv71/samv71-xplained-ultra/libboard/source/ov7740_config.c,différé,"règle : Cortex-M7 Atmel SAMV71/SAME70, référence M7 (décision 2026-09-30)",256,0
src/kernel/dev/arch/at91/softpack-lib/samv71/samv71-xplained-ultra/libboard/source/ov9740_config.c,différé,"règle : Cortex-M7 Atmel SAMV71/SAME70, référence M7 (décision 2026-09-30)",1153,0
src/kernel/dev/arch/at91/softpack-lib/samv71/samv71-xplained-ultra/libboard/source/rtc_calib.c,différé,"règle : Cortex-M7 Atmel SAMV71/SAME70, référence M7 (décision 2026-09-30)",145,0
src/kernel/dev/arch/at91/softpack-lib/samv71/samv71-xplained-ultra/libboard/source/s25fl1.c,différé,"règle : Cortex-M7 Atmel SAMV71/SAME70, référence M7 (décision 2026-09-30)",702,0
src/kernel/dev/arch/at91/softpack-lib/samv71/samv71-xplained-ultra/libboard/source/trace.c,différé,"règle : Cortex-M7 Atmel SAMV71/SAME70, référence M7 (décision 2026-09-30)",10,0
src/kernel/dev/arch/at91/softpack-lib/samv71/samv71-xplained-ultra/libboard/source/wm8904.c,différé,"règle : Cortex-M7 Atmel SAMV71/SAME70, référence M7 (décision 2026-09-30)",137,0
src/kernel/dev/arch/at91/softpack-lib/utils/md5/md5.c,différé,"règle : Cortex-M7 Atmel SAMV71/SAME70, référence M7 (décision 2026-09-30)",262,0
src/kernel/dev/arch/at91/softpack-lib/utils/md5/md5.h,différé,"règle : Cortex-M7 Atmel SAMV71/SAME70, référence M7 (décision 2026-09-30)",20,0
src/kernel/dev/arch/at91/softpack-lib/utils/utility.h,différé,"règle : Cortex-M7 Atmel SAMV71/SAME70, référence M7 (décision 2026-09-30)",57,3
src/kernel/dev/arch/cmsis/dev_cmsis_cpu/dev_cmsis_cpu.c,actif,"déclaré par tauon_7.80/tauon-kernel-cortex-m4-debug (noyau, configuration Cortex-M4 embOS (socle))",117,5
src/kernel/dev/arch/cmsis/dev_cmsis_cpu/dev_cmsis_cpu.h,actif,"déclaré par tauon_7.80/tauon-kernel-cortex-m4-debug (noyau, configuration Cortex-M4 embOS (socle))",6,5
src/kernel/dev/arch/cmsis/dev_cmsis_itm/dev_cmsis_itm.c,actif,"déclaré par tauon_7.80/tauon-kernel-cortex-m4-debug (noyau, configuration Cortex-M4 embOS (socle))",90,5
src/kernel/dev/arch/cmsis/dev_cmsis_itm/dev_cmsis_itm.h,actif,"déclaré par tauon_7.80/tauon-kernel-cortex-m4-debug (noyau, configuration Cortex-M4 embOS (socle))",140,5
src/kernel/dev/arch/cmsis/dev_cmsis_itm/dev_cmsis_itm_0.c,actif,"déclaré par tauon_7.80/tauon-kernel-cortex-m4-debug (noyau, configuration Cortex-M4 embOS (socle))",37,5
src/kernel/dev/arch/cortexm/at91samd20/at91samd20_uart/dev_at91samd20_uart_x.c,différé,déclaré par dev_at91samd20_7.20/Debug (candidat M0+ (étape 6)),274,1
src/kernel/dev/arch/cortexm/at91samd20/at91samd20_uart/dev_at91samd20_uart_x.h,différé,déclaré par dev_at91samd20_7.20/Debug (candidat M0+ (étape 6)),17,2
src/kernel/dev/arch/cortexm/at91samv7x/dev_samv7x/dev_samv7x_adc0.c,différé,"règle : Cortex-M7 Atmel SAMV71/SAME70, référence M7 (décision 2026-09-30)",226,1
src/kernel/dev/arch/cortexm/at91samv7x/dev_samv7x/dev_samv7x_adc0.h,différé,"règle : Cortex-M7 Atmel SAMV71/SAME70, référence M7 (décision 2026-09-30)",3,1
src/kernel/dev/arch/cortexm/at91samv7x/dev_samv7x/dev_samv7x_cpu_x.c,différé,"règle : Cortex-M7 Atmel SAMV71/SAME70, référence M7 (décision 2026-09-30)",230,1
src/kernel/dev/arch/cortexm/at91samv7x/dev_samv7x/dev_samv7x_cpu_x.h,différé,"règle : Cortex-M7 Atmel SAMV71/SAME70, référence M7 (décision 2026-09-30)",6,3
src/kernel/dev/arch/cortexm/at91samv7x/dev_samv7x/dev_samv7x_eth.c,différé,"règle : Cortex-M7 Atmel SAMV71/SAME70, référence M7 (décision 2026-09-30)",301,1
src/kernel/dev/arch/cortexm/at91samv7x/dev_samv7x/dev_samv7x_hsmci_x.c,différé,"règle : Cortex-M7 Atmel SAMV71/SAME70, référence M7 (décision 2026-09-30)",198,1
src/kernel/dev/arch/cortexm/at91samv7x/dev_samv7x/dev_samv7x_hsmci_x.h,différé,"règle : Cortex-M7 Atmel SAMV71/SAME70, référence M7 (décision 2026-09-30)",25,2
src/kernel/dev/arch/cortexm/at91samv7x/dev_samv7x/dev_samv7x_i2c_x.c,différé,"règle : Cortex-M7 Atmel SAMV71/SAME70, référence M7 (décision 2026-09-30)",142,1
src/kernel/dev/arch/cortexm/at91samv7x/dev_samv7x/dev_samv7x_i2c_x.h,différé,"règle : Cortex-M7 Atmel SAMV71/SAME70, référence M7 (décision 2026-09-30)",24,2
src/kernel/dev/arch/cortexm/at91samv7x/dev_samv7x/dev_samv7x_uart_x.c,différé,"règle : Cortex-M7 Atmel SAMV71/SAME70, référence M7 (décision 2026-09-30)",187,1
src/kernel/dev/arch/cortexm/at91samv7x/dev_samv7x/dev_samv7x_uart_x.h,différé,"règle : Cortex-M7 Atmel SAMV71/SAME70, référence M7 (décision 2026-09-30)",37,2
src/kernel/dev/arch/cortexm/at91samv7x/dev_samv7x/dev_samv7x_usart_x.c,différé,"règle : Cortex-M7 Atmel SAMV71/SAME70, référence M7 (décision 2026-09-30)",208,1
src/kernel/dev/arch/cortexm/at91samv7x/dev_samv7x/dev_samv7x_usart_x.h,différé,"règle : Cortex-M7 Atmel SAMV71/SAME70, référence M7 (décision 2026-09-30)",40,2
src/kernel/dev/arch/cortexm/samd21/dev_samd21/dev_samd21_uart_x.c,actif,étape 6 : pilotes SAMD21 de Lepton,138,0
src/kernel/dev/arch/cortexm/samd21/dev_samd21/dev_samd21_uart_x.h,actif,étape 6 : pilotes SAMD21 de Lepton,28,0
src/kernel/dev/arch/cortexm/stellaris/driverlib/adc.c,différé,déclaré par dev_lm3s_6.21/Debug (candidat M3 (étape 6)),408,2
src/kernel/dev/arch/cortexm/stellaris/driverlib/adc.h,différé,inclus par dev_lm3s_6.21/Debug (candidat M3 (étape 6)),182,2
src/kernel/dev/arch/cortexm/stellaris/driverlib/can.c,différé,déclaré par dev_lm3s_6.21/Debug (candidat M3 (étape 6)),706,2
src/kernel/dev/arch/cortexm/stellaris/driverlib/can.h,différé,inclus par dev_lm3s_6.21/Debug (candidat M3 (étape 6)),108,2
src/kernel/dev/arch/cortexm/stellaris/driverlib/comp.c,différé,déclaré par dev_lm3s_6.21/Debug (candidat M3 (étape 6)),90,2
src/kernel/dev/arch/cortexm/stellaris/driverlib/comp.h,différé,inclus par dev_lm3s_6.21/Debug (candidat M3 (étape 6)),71,2
src/kernel/dev/arch/cortexm/stellaris/driverlib/cpu.c,différé,déclaré par dev_lm3s_6.21/Debug (candidat M3 (étape 6)),217,2
src/kernel/dev/arch/cortexm/stellaris/driverlib/cpu.h,différé,inclus par dev_lm3s_6.21/Debug (candidat M3 (étape 6)),16,2
src/kernel/dev/arch/cortexm/stellaris/driverlib/debug.h,différé,inclus par dev_lm3s_6.21/Debug (candidat M3 (étape 6)),14,2
src/kernel/dev/arch/cortexm/stellaris/driverlib/eeprom.c,différé,déclaré par dev_lm3s_6.21/Debug (candidat M3 (étape 6)),288,1
src/kernel/dev/arch/cortexm/stellaris/driverlib/eeprom.h,différé,inclus par dev_lm3s_6.21/Debug (candidat M3 (étape 6)),53,1
src/kernel/dev/arch/cortexm/stellaris/driverlib/epi.c,différé,déclaré par dev_lm3s_6.21/Debug (candidat M3 (étape 6)),250,2
src/kernel/dev/arch/cortexm/stellaris/driverlib/epi.h,différé,inclus par dev_lm3s_6.21/Debug (candidat M3 (étape 6)),188,2
src/kernel/dev/arch/cortexm/stellaris/driverlib/ethernet.c,différé,déclaré par dev_lm3s_6.21/Debug (candidat M3 (étape 6)),360,2
src/kernel/dev/arch/cortexm/stellaris/driverlib/ethernet.h,différé,inclus par dev_lm3s_6.21/Debug (candidat M3 (étape 6)),86,2
src/kernel/dev/arch/cortexm/stellaris/driverlib/fan.c,différé,déclaré par dev_lm3s_6.21/Debug (candidat M3 (étape 6)),132,1
src/kernel/dev/arch/cortexm/stellaris/driverlib/fan.h,différé,inclus par dev_lm3s_6.21/Debug (candidat M3 (étape 6)),104,1
src/kernel/dev/arch/cortexm/stellaris/driverlib/flash.c,différé,déclaré par dev_lm3s_6.21/Debug (candidat M3 (étape 6)),289,2
src/kernel/dev/arch/cortexm/stellaris/driverlib/flash.h,différé,inclus par dev_lm3s_6.21/Debug (candidat M3 (étape 6)),45,2
src/kernel/dev/arch/cortexm/stellaris/driverlib/fpu.c,différé,déclaré par dev_lm3s_6.21/Debug (candidat M3 (étape 6)),52,1
src/kernel/dev/arch/cortexm/stellaris/driverlib/fpu.h,différé,inclus par dev_lm3s_6.21/Debug (candidat M3 (étape 6)),29,1
src/kernel/dev/arch/cortexm/stellaris/driverlib/gpio.c,différé,déclaré par dev_lm3s_6.21/Debug (candidat M3 (étape 6)),535,2
src/kernel/dev/arch/cortexm/stellaris/driverlib/gpio.h,différé,inclus par dev_lm3s_6.21/Debug (candidat M3 (étape 6)),92,2
src/kernel/dev/arch/cortexm/stellaris/driverlib/hibernate.c,différé,déclaré par dev_lm3s_6.21/Debug (candidat M3 (étape 6)),270,2
src/kernel/dev/arch/cortexm/stellaris/driverlib/hibernate.h,différé,inclus par dev_lm3s_6.21/Debug (candidat M3 (étape 6)),67,2
src/kernel/dev/arch/cortexm/stellaris/driverlib/i2c.c,différé,déclaré par dev_lm3s_6.21/Debug (candidat M3 (étape 6)),414,2
src/kernel/dev/arch/cortexm/stellaris/driverlib/i2c.h,différé,inclus par dev_lm3s_6.21/Debug (candidat M3 (étape 6)),107,2
src/kernel/dev/arch/cortexm/stellaris/driverlib/i2s.c,différé,déclaré par dev_lm3s_6.21/Debug (candidat M3 (étape 6)),254,2
src/kernel/dev/arch/cortexm/stellaris/driverlib/i2s.h,différé,inclus par dev_lm3s_6.21/Debug (candidat M3 (étape 6)),85,2
src/kernel/dev/arch/cortexm/stellaris/driverlib/interrupt.c,différé,déclaré par dev_lm3s_6.21/Debug (candidat M3 (étape 6)),232,2
src/kernel/dev/arch/cortexm/stellaris/driverlib/interrupt.h,différé,inclus par dev_lm3s_6.21/Debug (candidat M3 (étape 6)),26,2
src/kernel/dev/arch/cortexm/stellaris/driverlib/lpc.c,différé,déclaré par dev_lm3s_6.21/Debug (candidat M3 (étape 6)),439,1
src/kernel/dev/arch/cortexm/stellaris/driverlib/lpc.h,différé,inclus par dev_lm3s_6.21/Debug (candidat M3 (étape 6)),294,1
src/kernel/dev/arch/cortexm/stellaris/driverlib/mpu.c,différé,déclaré par dev_lm3s_6.21/Debug (candidat M3 (étape 6)),75,2
src/kernel/dev/arch/cortexm/stellaris/driverlib/mpu.h,différé,inclus par dev_lm3s_6.21/Debug (candidat M3 (étape 6)),70,2
src/kernel/dev/arch/cortexm/stellaris/driverlib/peci.c,différé,déclaré par dev_lm3s_6.21/Debug (candidat M3 (étape 6)),261,1
src/kernel/dev/arch/cortexm/stellaris/driverlib/peci.h,différé,inclus par dev_lm3s_6.21/Debug (candidat M3 (étape 6)),102,1
src/kernel/dev/arch/cortexm/stellaris/driverlib/pin_map.h,différé,inclus par dev_lm3s_6.21/Debug (candidat M3 (étape 6)),42110,2
src/kernel/dev/arch/cortexm/stellaris/driverlib/pwm.c,différé,déclaré par dev_lm3s_6.21/Debug (candidat M3 (étape 6)),549,2
src/kernel/dev/arch/cortexm/stellaris/driverlib/pwm.h,différé,inclus par dev_lm3s_6.21/Debug (candidat M3 (étape 6)),176,2
src/kernel/dev/arch/cortexm/stellaris/driverlib/qei.c,différé,déclaré par dev_lm3s_6.21/Debug (candidat M3 (étape 6)),132,2
src/kernel/dev/arch/cortexm/stellaris/driverlib/qei.h,différé,inclus par dev_lm3s_6.21/Debug (candidat M3 (étape 6)),49,2
src/kernel/dev/arch/cortexm/stellaris/driverlib/rom.h,différé,inclus par dev_lm3s_6.21/Debug (candidat M3 (étape 6)),5802,1
src/kernel/dev/arch/cortexm/stellaris/driverlib/rom_map.h,différé,rattaché par répertoire (src/kernel/dev/arch/cortexm/stellaris/driverlib),4680,0
src/kernel/dev/arch/cortexm/stellaris/driverlib/ssi.c,différé,déclaré par dev_lm3s_6.21/Debug (candidat M3 (étape 6)),219,2
src/kernel/dev/arch/cortexm/stellaris/driverlib/ssi.h,différé,inclus par dev_lm3s_6.21/Debug (candidat M3 (étape 6)),58,2
src/kernel/dev/arch/cortexm/stellaris/driverlib/sysctl.c,différé,déclaré par dev_lm3s_6.21/Debug (candidat M3 (étape 6)),1035,2
src/kernel/dev/arch/cortexm/stellaris/driverlib/sysctl.h,différé,inclus par dev_lm3s_6.21/Debug (candidat M3 (étape 6)),501,2
src/kernel/dev/arch/cortexm/stellaris/driverlib/sysexc.c,différé,déclaré par dev_lm3s_6.21/Debug (candidat M3 (étape 6)),43,1
src/kernel/dev/arch/cortexm/stellaris/driverlib/sysexc.h,différé,rattaché par répertoire (src/kernel/dev/arch/cortexm/stellaris/driverlib),22,0
src/kernel/dev/arch/cortexm/stellaris/driverlib/systick.c,différé,déclaré par dev_lm3s_6.21/Debug (candidat M3 (étape 6)),54,2
src/kernel/dev/arch/cortexm/stellaris/driverlib/systick.h,différé,inclus par dev_lm3s_6.21/Debug (candidat M3 (étape 6)),19,2
src/kernel/dev/arch/cortexm/stellaris/driverlib/timer.c,différé,déclaré par dev_lm3s_6.21/Debug (candidat M3 (étape 6)),445,2
src/kernel/dev/arch/cortexm/stellaris/driverlib/timer.h,différé,inclus par dev_lm3s_6.21/Debug (candidat M3 (étape 6)),130,2
src/kernel/dev/arch/cortexm/stellaris/driverlib/uart.c,différé,déclaré par dev_lm3s_6.21/Debug (candidat M3 (étape 6)),473,2
src/kernel/dev/arch/cortexm/stellaris/driverlib/uart.h,différé,inclus par dev_lm3s_6.21/Debug (candidat M3 (étape 6)),132,2
src/kernel/dev/arch/cortexm/stellaris/driverlib/udma.c,différé,déclaré par dev_lm3s_6.21/Debug (candidat M3 (étape 6)),340,2
src/kernel/dev/arch/cortexm/stellaris/driverlib/udma.h,différé,inclus par dev_lm3s_6.21/Debug (candidat M3 (étape 6)),399,2
src/kernel/dev/arch/cortexm/stellaris/driverlib/usb.c,différé,déclaré par dev_lm3s_6.21/Debug (candidat M3 (étape 6)),1359,2
src/kernel/dev/arch/cortexm/stellaris/driverlib/usb.h,différé,inclus par dev_lm3s_6.21/Debug (candidat M3 (étape 6)),375,2
src/kernel/dev/arch/cortexm/stellaris/driverlib/watchdog.c,différé,déclaré par dev_lm3s_6.21/Debug (candidat M3 (étape 6)),127,2
src/kernel/dev/arch/cortexm/stellaris/driverlib/watchdog.h,différé,inclus par dev_lm3s_6.21/Debug (candidat M3 (étape 6)),30,2
src/kernel/dev/arch/cortexm/stellaris/drivers/dev_lm3s_cpu/dev_lm3s_cpu.c,actif,"déclaré par tauon_7.80/tauon-kernel-cortex-m4-debug (noyau, configuration Cortex-M4 embOS (socle))",117,5
src/kernel/dev/arch/cortexm/stellaris/drivers/dev_lm3s_cpu/dev_lm3s_cpu.h,actif,"déclaré par tauon_7.80/tauon-kernel-cortex-m4-debug (noyau, configuration Cortex-M4 embOS (socle))",15,5
src/kernel/dev/arch/cortexm/stellaris/drivers/dev_lm3s_uart/dev_lm3s_uart.c,différé,déclaré par dev_lm3s_6.21/Debug (candidat M3 (étape 6)),195,1
src/kernel/dev/arch/cortexm/stellaris/drivers/dev_lm3s_uart/dev_lm3s_uart.h,différé,déclaré par dev_lm3s_6.21/Debug (candidat M3 (étape 6)),131,1
src/kernel/dev/arch/cortexm/stellaris/drivers/dev_lm3s_uart/dev_lm3s_uart_0.c,différé,déclaré par dev_lm3s_6.21/Debug (candidat M3 (étape 6)),55,1
src/kernel/dev/arch/cortexm/stellaris/drivers/lm3s_reset.c,différé,déclaré par dev_lm3s_6.21/Debug (candidat M3 (étape 6)),50,1
src/kernel/dev/arch/cortexm/stellaris/drivers/lm3s_sdram.c,différé,déclaré par dev_lm3s_6.21/Debug (candidat M3 (étape 6)),126,1
src/kernel/dev/arch/cortexm/stellaris/inc/asmdefs.h,différé,rattaché par répertoire (src/kernel/dev/arch/cortexm/stellaris/inc),92,0
src/kernel/dev/arch/cortexm/stellaris/inc/hw_adc.h,différé,inclus par dev_lm3s_6.21/Debug (candidat M3 (étape 6)),748,2
src/kernel/dev/arch/cortexm/stellaris/inc/hw_can.h,différé,inclus par dev_lm3s_6.21/Debug (candidat M3 (étape 6)),291,2
src/kernel/dev/arch/cortexm/stellaris/inc/hw_comp.h,différé,inclus par dev_lm3s_6.21/Debug (candidat M3 (étape 6)),134,2
src/kernel/dev/arch/cortexm/stellaris/inc/hw_eeprom.h,différé,inclus par dev_lm3s_6.21/Debug (candidat M3 (étape 6)),67,1
src/kernel/dev/arch/cortexm/stellaris/inc/hw_epi.h,différé,inclus par dev_lm3s_6.21/Debug (candidat M3 (étape 6)),254,2
src/kernel/dev/arch/cortexm/stellaris/inc/hw_ethernet.h,différé,inclus par dev_lm3s_6.21/Debug (candidat M3 (étape 6)),297,2
src/kernel/dev/arch/cortexm/stellaris/inc/hw_fan.h,différé,inclus par dev_lm3s_6.21/Debug (candidat M3 (étape 6)),371,1
src/kernel/dev/arch/cortexm/stellaris/inc/hw_flash.h,différé,inclus par dev_lm3s_6.21/Debug (candidat M3 (étape 6)),200,2
src/kernel/dev/arch/cortexm/stellaris/inc/hw_gpio.h,différé,inclus par dev_lm3s_6.21/Debug (candidat M3 (étape 6)),79,2
src/kernel/dev/arch/cortexm/stellaris/inc/hw_hibernate.h,différé,inclus par dev_lm3s_6.21/Debug (candidat M3 (étape 6)),82,2
src/kernel/dev/arch/cortexm/stellaris/inc/hw_i2c.h,différé,inclus par dev_lm3s_6.21/Debug (candidat M3 (étape 6)),148,2
src/kernel/dev/arch/cortexm/stellaris/inc/hw_i2s.h,différé,inclus par dev_lm3s_6.21/Debug (candidat M3 (étape 6)),83,2
src/kernel/dev/arch/cortexm/stellaris/inc/hw_ints.h,différé,inclus par dev_lm3s_6.21/Debug (candidat M3 (étape 6)),140,2
src/kernel/dev/arch/cortexm/stellaris/inc/hw_lpc.h,différé,inclus par dev_lm3s_6.21/Debug (candidat M3 (étape 6)),597,1
src/kernel/dev/arch/cortexm/stellaris/inc/hw_memmap.h,différé,inclus par dev_lm3s_6.21/Debug (candidat M3 (étape 6)),105,2
src/kernel/dev/arch/cortexm/stellaris/inc/hw_nvic.h,différé,inclus par dev_lm3s_6.21/Debug (candidat M3 (étape 6)),1011,2
src/kernel/dev/arch/cortexm/stellaris/inc/hw_peci.h,différé,inclus par dev_lm3s_6.21/Debug (candidat M3 (étape 6)),176,1
src/kernel/dev/arch/cortexm/stellaris/inc/hw_pwm.h,différé,inclus par dev_lm3s_6.21/Debug (candidat M3 (étape 6)),461,2
src/kernel/dev/arch/cortexm/stellaris/inc/hw_qei.h,différé,inclus par dev_lm3s_6.21/Debug (candidat M3 (étape 6)),79,2
src/kernel/dev/arch/cortexm/stellaris/inc/hw_ssi.h,différé,inclus par dev_lm3s_6.21/Debug (candidat M3 (étape 6)),81,2
src/kernel/dev/arch/cortexm/stellaris/inc/hw_sysctl.h,différé,inclus par dev_lm3s_6.21/Debug (candidat M3 (étape 6)),1925,2
src/kernel/dev/arch/cortexm/stellaris/inc/hw_sysexc.h,différé,inclus par dev_lm3s_6.21/Debug (candidat M3 (étape 6)),31,1
src/kernel/dev/arch/cortexm/stellaris/inc/hw_timer.h,différé,inclus par dev_lm3s_6.21/Debug (candidat M3 (étape 6)),295,2
src/kernel/dev/arch/cortexm/stellaris/inc/hw_types.h,différé,inclus par dev_lm3s_6.21/Debug (candidat M3 (étape 6)),113,2
src/kernel/dev/arch/cortexm/stellaris/inc/hw_uart.h,différé,inclus par dev_lm3s_6.21/Debug (candidat M3 (étape 6)),235,2
src/kernel/dev/arch/cortexm/stellaris/inc/hw_udma.h,différé,inclus par dev_lm3s_6.21/Debug (candidat M3 (étape 6)),193,2
src/kernel/dev/arch/cortexm/stellaris/inc/hw_usb.h,différé,inclus par dev_lm3s_6.21/Debug (candidat M3 (étape 6)),2136,2
src/kernel/dev/arch/cortexm/stellaris/inc/hw_watchdog.h,différé,inclus par dev_lm3s_6.21/Debug (candidat M3 (étape 6)),62,2
src/kernel/dev/arch/cortexm/stellaris/inc/lm3s9b96.h,différé,rattaché par répertoire (src/kernel/dev/arch/cortexm/stellaris/inc),7131,0
src/kernel/dev/arch/cortexm/stellaris/inc/lm3s9d96.h,différé,rattaché par répertoire (src/kernel/dev/arch/cortexm/stellaris/inc),7039,0
src/kernel/dev/arch/cortexm/stm32f1xx/073a_target.c,différé,déclaré par dev_stm32f1xx_6.21/Debug (candidat M3 (étape 6)),125,1
src/kernel/dev/arch/cortexm/stm32f1xx/073a_target.h,différé,déclaré par dev_stm32f1xx_6.21/Debug (candidat M3 (étape 6)),258,1
src/kernel/dev/arch/cortexm/stm32f1xx/adc.c,différé,règle de répertoire : candidat M3 (étape 6),161,0
src/kernel/dev/arch/cortexm/stm32f1xx/adc.h,différé,inclus par dev_stm32f1xx_6.21/Debug (candidat M3 (étape 6)),26,1
src/kernel/dev/arch/cortexm/stm32f1xx/dev_stm32f1xx/dev_stm32f1xx_ijinus_073_board.c,différé,déclaré par dev_stm32f1xx_6.21/Debug (candidat M3 (étape 6)),98,1
src/kernel/dev/arch/cortexm/stm32f1xx/dev_stm32f1xx/dev_stm32f1xx_spi_1.c,différé,déclaré par dev_stm32f1xx_6.21/Debug (candidat M3 (étape 6)),63,1
src/kernel/dev/arch/cortexm/stm32f1xx/dev_stm32f1xx/dev_stm32f1xx_spi_x.c,différé,déclaré par dev_stm32f1xx_6.21/Debug (candidat M3 (étape 6)),123,1
src/kernel/dev/arch/cortexm/stm32f1xx/dev_stm32f1xx/dev_stm32f1xx_spi_x.h,différé,déclaré par dev_stm32f1xx_6.21/Debug (candidat M3 (étape 6)),10,1
src/kernel/dev/arch/cortexm/stm32f1xx/dev_stm32f1xx/dev_stm32f1xx_uart_1.c,différé,déclaré par dev_stm32f1xx_6.21/Debug (candidat M3 (étape 6)),72,1
src/kernel/dev/arch/cortexm/stm32f1xx/dev_stm32f1xx/dev_stm32f1xx_uart_2.c,différé,déclaré par dev_stm32f1xx_6.21/Debug (candidat M3 (étape 6)),71,1
src/kernel/dev/arch/cortexm/stm32f1xx/dev_stm32f1xx/dev_stm32f1xx_uart_3.c,différé,déclaré par dev_stm32f1xx_6.21/Debug (candidat M3 (étape 6)),72,1
src/kernel/dev/arch/cortexm/stm32f1xx/dev_stm32f1xx/dev_stm32f1xx_uart_x.c,différé,déclaré par dev_stm32f1xx_6.21/Debug (candidat M3 (étape 6)),119,1
src/kernel/dev/arch/cortexm/stm32f1xx/dev_stm32f1xx/dev_stm32f1xx_uart_x.h,différé,déclaré par dev_stm32f1xx_6.21/Debug (candidat M3 (étape 6)),11,1
src/kernel/dev/arch/cortexm/stm32f1xx/dma.h,différé,déclaré par dev_stm32f1xx_6.21/Debug (candidat M3 (étape 6)),4,1
src/kernel/dev/arch/cortexm/stm32f1xx/driverlib/stm32f10x_adc.c,différé,déclaré par dev_stm32f1xx_6.21/Debug (candidat M3 (étape 6)),535,1
src/kernel/dev/arch/cortexm/stm32f1xx/driverlib/stm32f10x_adc.h,différé,déclaré par dev_stm32f1xx_6.21/Debug (candidat M3 (étape 6)),227,1
src/kernel/dev/arch/cortexm/stm32f1xx/driverlib/stm32f10x_bkp.c,différé,déclaré par dev_stm32f1xx_6.21/Debug (candidat M3 (étape 6)),87,1
src/kernel/dev/arch/cortexm/stm32f1xx/driverlib/stm32f10x_bkp.h,différé,déclaré par dev_stm32f1xx_6.21/Debug (candidat M3 (étape 6)),91,1
src/kernel/dev/arch/cortexm/stm32f1xx/driverlib/stm32f10x_can.c,différé,déclaré par dev_stm32f1xx_6.21/Debug (candidat M3 (étape 6)),749,1
src/kernel/dev/arch/cortexm/stm32f1xx/driverlib/stm32f10x_can.h,différé,déclaré par dev_stm32f1xx_6.21/Debug (candidat M3 (étape 6)),254,1
src/kernel/dev/arch/cortexm/stm32f1xx/driverlib/stm32f10x_cec.c,différé,déclaré par dev_stm32f1xx_6.21/Debug (candidat M3 (étape 6)),130,1
src/kernel/dev/arch/cortexm/stm32f1xx/driverlib/stm32f10x_cec.h,différé,déclaré par dev_stm32f1xx_6.21/Debug (candidat M3 (étape 6)),67,1
src/kernel/dev/arch/cortexm/stm32f1xx/driverlib/stm32f10x_conf.h,différé,rattaché par répertoire (src/kernel/dev/arch/cortexm/stm32f1xx/driverlib),31,0
src/kernel/dev/arch/cortexm/stm32f1xx/driverlib/stm32f10x_crc.c,différé,déclaré par dev_stm32f1xx_6.21/Debug (candidat M3 (étape 6)),31,1
src/kernel/dev/arch/cortexm/stm32f1xx/driverlib/stm32f10x_crc.h,différé,déclaré par dev_stm32f1xx_6.21/Debug (candidat M3 (étape 6)),16,1
src/kernel/dev/arch/cortexm/stm32f1xx/driverlib/stm32f10x_dac.c,différé,déclaré par dev_stm32f1xx_6.21/Debug (candidat M3 (étape 6)),206,1
src/kernel/dev/arch/cortexm/stm32f1xx/driverlib/stm32f10x_dac.h,différé,déclaré par dev_stm32f1xx_6.21/Debug (candidat M3 (étape 6)),137,1
src/kernel/dev/arch/cortexm/stm32f1xx/driverlib/stm32f10x_dbgmcu.c,différé,déclaré par dev_stm32f1xx_6.21/Debug (candidat M3 (étape 6)),23,1
src/kernel/dev/arch/cortexm/stm32f1xx/driverlib/stm32f10x_dbgmcu.h,différé,déclaré par dev_stm32f1xx_6.21/Debug (candidat M3 (étape 6)),40,1
src/kernel/dev/arch/cortexm/stm32f1xx/driverlib/stm32f10x_dma.c,différé,déclaré par dev_stm32f1xx_6.21/Debug (candidat M3 (étape 6)),221,1
src/kernel/dev/arch/cortexm/stm32f1xx/driverlib/stm32f10x_dma.h,différé,déclaré par dev_stm32f1xx_6.21/Debug (candidat M3 (étape 6)),236,1
src/kernel/dev/arch/cortexm/stm32f1xx/driverlib/stm32f10x_exti.c,différé,déclaré par dev_stm32f1xx_6.21/Debug (candidat M3 (étape 6)),96,1
src/kernel/dev/arch/cortexm/stm32f1xx/driverlib/stm32f10x_exti.h,différé,déclaré par dev_stm32f1xx_6.21/Debug (candidat M3 (étape 6)),71,1
src/kernel/dev/arch/cortexm/stm32f1xx/driverlib/stm32f10x_flash.c,différé,déclaré par dev_stm32f1xx_6.21/Debug (candidat M3 (étape 6)),802,1
src/kernel/dev/arch/cortexm/stm32f1xx/driverlib/stm32f10x_flash.h,différé,déclaré par dev_stm32f1xx_6.21/Debug (candidat M3 (étape 6)),206,1
src/kernel/dev/arch/cortexm/stm32f1xx/driverlib/stm32f10x_fsmc.c,différé,déclaré par dev_stm32f1xx_6.21/Debug (candidat M3 (étape 6)),484,1
src/kernel/dev/arch/cortexm/stm32f1xx/driverlib/stm32f10x_fsmc.h,différé,déclaré par dev_stm32f1xx_6.21/Debug (candidat M3 (étape 6)),210,1
src/kernel/dev/arch/cortexm/stm32f1xx/driverlib/stm32f10x_gpio.c,différé,déclaré par dev_stm32f1xx_6.21/Debug (candidat M3 (étape 6)),292,1
src/kernel/dev/arch/cortexm/stm32f1xx/driverlib/stm32f10x_gpio.h,différé,déclaré par dev_stm32f1xx_6.21/Debug (candidat M3 (étape 6)),223,1
src/kernel/dev/arch/cortexm/stm32f1xx/driverlib/stm32f10x_i2c.c,différé,déclaré par dev_stm32f1xx_6.21/Debug (candidat M3 (étape 6)),494,1
src/kernel/dev/arch/cortexm/stm32f1xx/driverlib/stm32f10x_i2c.h,différé,déclaré par dev_stm32f1xx_6.21/Debug (candidat M3 (étape 6)),204,1
src/kernel/dev/arch/cortexm/stm32f1xx/driverlib/stm32f10x_iwdg.c,différé,déclaré par dev_stm32f1xx_6.21/Debug (candidat M3 (étape 6)),40,1
src/kernel/dev/arch/cortexm/stm32f1xx/driverlib/stm32f10x_iwdg.h,différé,déclaré par dev_stm32f1xx_6.21/Debug (candidat M3 (étape 6)),38,1
src/kernel/dev/arch/cortexm/stm32f1xx/driverlib/stm32f10x_pwr.c,différé,déclaré par dev_stm32f1xx_6.21/Debug (candidat M3 (étape 6)),91,1
src/kernel/dev/arch/cortexm/stm32f1xx/driverlib/stm32f10x_pwr.h,différé,déclaré par dev_stm32f1xx_6.21/Debug (candidat M3 (étape 6)),44,1
src/kernel/dev/arch/cortexm/stm32f1xx/driverlib/stm32f10x_rcc.c,différé,déclaré par dev_stm32f1xx_6.21/Debug (candidat M3 (étape 6)),579,1
src/kernel/dev/arch/cortexm/stm32f1xx/driverlib/stm32f10x_rcc.h,différé,déclaré par dev_stm32f1xx_6.21/Debug (candidat M3 (étape 6)),417,1
src/kernel/dev/arch/cortexm/stm32f1xx/driverlib/stm32f10x_rtc.c,différé,déclaré par dev_stm32f1xx_6.21/Debug (candidat M3 (étape 6)),111,1
src/kernel/dev/arch/cortexm/stm32f1xx/driverlib/stm32f10x_rtc.h,différé,déclaré par dev_stm32f1xx_6.21/Debug (candidat M3 (étape 6)),40,1
src/kernel/dev/arch/cortexm/stm32f1xx/driverlib/stm32f10x_sdio.c,différé,déclaré par dev_stm32f1xx_6.21/Debug (candidat M3 (étape 6)),252,1
src/kernel/dev/arch/cortexm/stm32f1xx/driverlib/stm32f10x_sdio.h,différé,déclaré par dev_stm32f1xx_6.21/Debug (candidat M3 (étape 6)),256,1
src/kernel/dev/arch/cortexm/stm32f1xx/driverlib/stm32f10x_spi.c,différé,déclaré par dev_stm32f1xx_6.21/Debug (candidat M3 (étape 6)),375,1
src/kernel/dev/arch/cortexm/stm32f1xx/driverlib/stm32f10x_spi.h,différé,déclaré par dev_stm32f1xx_6.21/Debug (candidat M3 (étape 6)),196,1
src/kernel/dev/arch/cortexm/stm32f1xx/driverlib/stm32f10x_tim.c,différé,déclaré par dev_stm32f1xx_6.21/Debug (candidat M3 (étape 6)),1226,1
src/kernel/dev/arch/cortexm/stm32f1xx/driverlib/stm32f10x_tim.h,différé,déclaré par dev_stm32f1xx_6.21/Debug (candidat M3 (étape 6)),615,1
src/kernel/dev/arch/cortexm/stm32f1xx/driverlib/stm32f10x_usart.c,différé,déclaré par dev_stm32f1xx_6.21/Debug (candidat M3 (étape 6)),458,1
src/kernel/dev/arch/cortexm/stm32f1xx/driverlib/stm32f10x_usart.h,différé,déclaré par dev_stm32f1xx_6.21/Debug (candidat M3 (étape 6)),171,1
src/kernel/dev/arch/cortexm/stm32f1xx/driverlib/stm32f10x_wwdg.c,différé,déclaré par dev_stm32f1xx_6.21/Debug (candidat M3 (étape 6)),53,1
src/kernel/dev/arch/cortexm/stm32f1xx/driverlib/stm32f10x_wwdg.h,différé,déclaré par dev_stm32f1xx_6.21/Debug (candidat M3 (étape 6)),28,1
src/kernel/dev/arch/cortexm/stm32f1xx/eeprom.c,différé,déclaré par dev_stm32f1xx_6.21/Debug (candidat M3 (étape 6)),40,1
src/kernel/dev/arch/cortexm/stm32f1xx/eeprom.h,différé,déclaré par dev_stm32f1xx_6.21/Debug (candidat M3 (étape 6)),12,1
src/kernel/dev/arch/cortexm/stm32f1xx/gpio.c,différé,déclaré par dev_stm32f1xx_6.21/Debug (candidat M3 (étape 6)),152,1
src/kernel/dev/arch/cortexm/stm32f1xx/gpio.h,différé,déclaré par dev_stm32f1xx_6.21/Debug (candidat M3 (étape 6)),56,1
src/kernel/dev/arch/cortexm/stm32f1xx/i2c.c,différé,déclaré par dev_stm32f1xx_6.21/Debug (candidat M3 (étape 6)),164,1
src/kernel/dev/arch/cortexm/stm32f1xx/i2c.h,différé,déclaré par dev_stm32f1xx_6.21/Debug (candidat M3 (étape 6)),16,1
src/kernel/dev/arch/cortexm/stm32f1xx/i2cio.c,différé,déclaré par dev_stm32f1xx_6.21/Debug (candidat M3 (étape 6)),94,1
src/kernel/dev/arch/cortexm/stm32f1xx/i2cio.h,différé,déclaré par dev_stm32f1xx_6.21/Debug (candidat M3 (étape 6)),26,1
src/kernel/dev/arch/cortexm/stm32f1xx/ow.c,différé,règle de répertoire : candidat M3 (étape 6),68,0
src/kernel/dev/arch/cortexm/stm32f1xx/ow.h,différé,rattaché par répertoire (src/kernel/dev/arch/cortexm/stm32f1xx),8,0
src/kernel/dev/arch/cortexm/stm32f1xx/rtc.c,différé,règle de répertoire : candidat M3 (étape 6),54,0
src/kernel/dev/arch/cortexm/stm32f1xx/rtc.h,différé,rattaché par répertoire (src/kernel/dev/arch/cortexm/stm32f1xx),8,0
src/kernel/dev/arch/cortexm/stm32f1xx/spi.c,différé,déclaré par dev_stm32f1xx_6.21/Debug (candidat M3 (étape 6)),76,1
src/kernel/dev/arch/cortexm/stm32f1xx/spi.h,différé,déclaré par dev_stm32f1xx_6.21/Debug (candidat M3 (étape 6)),25,1
src/kernel/dev/arch/cortexm/stm32f1xx/sys_types.h,différé,déclaré par dev_stm32f1xx_6.21/Debug (candidat M3 (étape 6)),70,1
src/kernel/dev/arch/cortexm/stm32f1xx/target.h,différé,déclaré par dev_stm32f1xx_6.21/Debug (candidat M3 (étape 6)),9,1
src/kernel/dev/arch/cortexm/stm32f1xx/tmr.c,différé,règle de répertoire : candidat M3 (étape 6),94,0
src/kernel/dev/arch/cortexm/stm32f1xx/tmr.h,différé,inclus par dev_stm32f1xx_6.21/Debug (candidat M3 (étape 6)),57,1
src/kernel/dev/arch/cortexm/stm32f1xx/uart.c,différé,déclaré par dev_stm32f1xx_6.21/Debug (candidat M3 (étape 6)),247,1
src/kernel/dev/arch/cortexm/stm32f1xx/uart.h,différé,déclaré par dev_stm32f1xx_6.21/Debug (candidat M3 (étape 6)),53,1
src/kernel/dev/arch/cortexm/stm32f4xx/cubemx_hal_driver/inc/Legacy/stm32_hal_legacy.h,actif,inclus par dev_stm32f4xx_7.20/Debug (pilotes STM32F4 (config. liée par les applications F4)),2328,6
src/kernel/dev/arch/cortexm/stm32f4xx/cubemx_hal_driver/inc/Legacy/stm32f4xx_hal_conf.h,actif,inclus par dev_stm32f4xx_7.20/Debug (pilotes STM32F4 (config. liée par les applications F4)),234,6
src/kernel/dev/arch/cortexm/stm32f4xx/cubemx_hal_driver/inc/stm32_assert_template.h,actif,rattaché par répertoire (src/kernel/dev/arch/cortexm/stm32f4xx/cubemx_hal_driver/inc),15,0
src/kernel/dev/arch/cortexm/stm32f4xx/cubemx_hal_driver/inc/stm32f407xx.h,actif,inclus par dev_stm32f4xx_7.20/Debug (pilotes STM32F4 (config. liée par les applications F4)),13708,6
src/kernel/dev/arch/cortexm/stm32f4xx/cubemx_hal_driver/inc/stm32f429xx.h,actif,inclus par dev_stm32f4xx_7.20/Debug (pilotes STM32F4 (config. liée par les applications F4)),14986,6
src/kernel/dev/arch/cortexm/stm32f4xx/cubemx_hal_driver/inc/stm32f469xx.h,actif,inclus par dev_stm32f4xx_7.20/Debug (pilotes STM32F4 (config. liée par les applications F4)),17914,6
src/kernel/dev/arch/cortexm/stm32f4xx/cubemx_hal_driver/inc/stm32f4xx.h,actif,inclus par dev_stm32f4xx_7.20/Debug (pilotes STM32F4 (config. liée par les applications F4)),105,6
src/kernel/dev/arch/cortexm/stm32f4xx/cubemx_hal_driver/inc/stm32f4xx_hal.h,actif,inclus par dev_stm32f4xx_7.20/Debug (pilotes STM32F4 (config. liée par les applications F4)),110,6
src/kernel/dev/arch/cortexm/stm32f4xx/cubemx_hal_driver/inc/stm32f4xx_hal_adc.h,actif,inclus par dev_stm32f4xx_7.20/Debug (pilotes STM32F4 (config. liée par les applications F4)),306,6
src/kernel/dev/arch/cortexm/stm32f4xx/cubemx_hal_driver/inc/stm32f4xx_hal_adc_ex.h,actif,inclus par dev_stm32f4xx_7.20/Debug (pilotes STM32F4 (config. liée par les applications F4)),153,6
src/kernel/dev/arch/cortexm/stm32f4xx/cubemx_hal_driver/inc/stm32f4xx_hal_can.h,actif,inclus par dev_stm32f4xx_7.20/Debug (pilotes STM32F4 (config. liée par les applications F4)),259,6
src/kernel/dev/arch/cortexm/stm32f4xx/cubemx_hal_driver/inc/stm32f4xx_hal_cec.h,actif,inclus par dev_stm32f4xx_7.20/Debug (pilotes STM32F4 (config. liée par les applications F4)),175,6
src/kernel/dev/arch/cortexm/stm32f4xx/cubemx_hal_driver/inc/stm32f4xx_hal_conf_template.h,actif,rattaché par répertoire (src/kernel/dev/arch/cortexm/stm32f4xx/cubemx_hal_driver/inc),264,0
src/kernel/dev/arch/cortexm/stm32f4xx/cubemx_hal_driver/inc/stm32f4xx_hal_cortex.h,actif,inclus par dev_stm32f4xx_7.20/Debug (pilotes STM32F4 (config. liée par les applications F4)),182,6
src/kernel/dev/arch/cortexm/stm32f4xx/cubemx_hal_driver/inc/stm32f4xx_hal_crc.h,actif,inclus par dev_stm32f4xx_7.20/Debug (pilotes STM32F4 (config. liée par les applications F4)),35,6
src/kernel/dev/arch/cortexm/stm32f4xx/cubemx_hal_driver/inc/stm32f4xx_hal_cryp.h,actif,inclus par dev_stm32f4xx_7.20/Debug (pilotes STM32F4 (config. liée par les applications F4)),340,6
src/kernel/dev/arch/cortexm/stm32f4xx/cubemx_hal_driver/inc/stm32f4xx_hal_cryp_ex.h,actif,inclus par dev_stm32f4xx_7.20/Debug (pilotes STM32F4 (config. liée par les applications F4)),57,6
src/kernel/dev/arch/cortexm/stm32f4xx/cubemx_hal_driver/inc/stm32f4xx_hal_dac.h,actif,inclus par dev_stm32f4xx_7.20/Debug (pilotes STM32F4 (config. liée par les applications F4)),108,6
src/kernel/dev/arch/cortexm/stm32f4xx/cubemx_hal_driver/inc/stm32f4xx_hal_dac_ex.h,actif,inclus par dev_stm32f4xx_7.20/Debug (pilotes STM32F4 (config. liée par les applications F4)),74,6
src/kernel/dev/arch/cortexm/stm32f4xx/cubemx_hal_driver/inc/stm32f4xx_hal_dcmi.h,actif,inclus par dev_stm32f4xx_7.20/Debug (pilotes STM32F4 (config. liée par les applications F4)),136,6
src/kernel/dev/arch/cortexm/stm32f4xx/cubemx_hal_driver/inc/stm32f4xx_hal_dcmi_ex.h,actif,inclus par dev_stm32f4xx_7.20/Debug (pilotes STM32F4 (config. liée par les applications F4)),65,6
src/kernel/dev/arch/cortexm/stm32f4xx/cubemx_hal_driver/inc/stm32f4xx_hal_def.h,actif,inclus par dev_stm32f4xx_7.20/Debug (pilotes STM32F4 (config. liée par les applications F4)),92,6
src/kernel/dev/arch/cortexm/stm32f4xx/cubemx_hal_driver/inc/stm32f4xx_hal_dfsdm.h,actif,inclus par dev_stm32f4xx_7.20/Debug (pilotes STM32F4 (config. liée par les applications F4)),519,6
src/kernel/dev/arch/cortexm/stm32f4xx/cubemx_hal_driver/inc/stm32f4xx_hal_dma.h,actif,inclus par dev_stm32f4xx_7.20/Debug (pilotes STM32F4 (config. liée par les applications F4)),318,6
src/kernel/dev/arch/cortexm/stm32f4xx/cubemx_hal_driver/inc/stm32f4xx_hal_dma2d.h,actif,inclus par dev_stm32f4xx_7.20/Debug (pilotes STM32F4 (config. liée par les applications F4)),173,6
src/kernel/dev/arch/cortexm/stm32f4xx/cubemx_hal_driver/inc/stm32f4xx_hal_dma_ex.h,actif,inclus par dev_stm32f4xx_7.20/Debug (pilotes STM32F4 (config. liée par les applications F4)),18,6
src/kernel/dev/arch/cortexm/stm32f4xx/cubemx_hal_driver/inc/stm32f4xx_hal_dsi.h,actif,inclus par dev_stm32f4xx_7.20/Debug (pilotes STM32F4 (config. liée par les applications F4)),461,6
src/kernel/dev/arch/cortexm/stm32f4xx/cubemx_hal_driver/inc/stm32f4xx_hal_eth.h,actif,inclus par dev_stm32f4xx_7.20/Debug (pilotes STM32F4 (config. liée par les applications F4)),836,6
src/kernel/dev/arch/cortexm/stm32f4xx/cubemx_hal_driver/inc/stm32f4xx_hal_flash.h,actif,inclus par dev_stm32f4xx_7.20/Debug (pilotes STM32F4 (config. liée par les applications F4)),102,6
src/kernel/dev/arch/cortexm/stm32f4xx/cubemx_hal_driver/inc/stm32f4xx_hal_flash_ex.h,actif,inclus par dev_stm32f4xx_7.20/Debug (pilotes STM32F4 (config. liée par les applications F4)),634,6
src/kernel/dev/arch/cortexm/stm32f4xx/cubemx_hal_driver/inc/stm32f4xx_hal_flash_ramfunc.h,actif,inclus par dev_stm32f4xx_7.20/Debug (pilotes STM32F4 (config. liée par les applications F4)),17,6
src/kernel/dev/arch/cortexm/stm32f4xx/cubemx_hal_driver/inc/stm32f4xx_hal_fmpi2c.h,actif,inclus par dev_stm32f4xx_7.20/Debug (pilotes STM32F4 (config. liée par les applications F4)),224,6
src/kernel/dev/arch/cortexm/stm32f4xx/cubemx_hal_driver/inc/stm32f4xx_hal_fmpi2c_ex.h,actif,inclus par dev_stm32f4xx_7.20/Debug (pilotes STM32F4 (config. liée par les applications F4)),26,6
src/kernel/dev/arch/cortexm/stm32f4xx/cubemx_hal_driver/inc/stm32f4xx_hal_gpio.h,actif,inclus par dev_stm32f4xx_7.20/Debug (pilotes STM32F4 (config. liée par les applications F4)),92,6
src/kernel/dev/arch/cortexm/stm32f4xx/cubemx_hal_driver/inc/stm32f4xx_hal_gpio_ex.h,actif,inclus par dev_stm32f4xx_7.20/Debug (pilotes STM32F4 (config. liée par les applications F4)),769,6
src/kernel/dev/arch/cortexm/stm32f4xx/cubemx_hal_driver/inc/stm32f4xx_hal_hash.h,actif,inclus par dev_stm32f4xx_7.20/Debug (pilotes STM32F4 (config. liée par les applications F4)),110,6
src/kernel/dev/arch/cortexm/stm32f4xx/cubemx_hal_driver/inc/stm32f4xx_hal_hash_ex.h,actif,inclus par dev_stm32f4xx_7.20/Debug (pilotes STM32F4 (config. liée par les applications F4)),27,6
src/kernel/dev/arch/cortexm/stm32f4xx/cubemx_hal_driver/inc/stm32f4xx_hal_hcd.h,actif,inclus par dev_stm32f4xx_7.20/Debug (pilotes STM32F4 (config. liée par les applications F4)),89,6
src/kernel/dev/arch/cortexm/stm32f4xx/cubemx_hal_driver/inc/stm32f4xx_hal_i2c.h,actif,inclus par dev_stm32f4xx_7.20/Debug (pilotes STM32F4 (config. liée par les applications F4)),214,6
src/kernel/dev/arch/cortexm/stm32f4xx/cubemx_hal_driver/inc/stm32f4xx_hal_i2c_ex.h,actif,inclus par dev_stm32f4xx_7.20/Debug (pilotes STM32F4 (config. liée par les applications F4)),21,6
src/kernel/dev/arch/cortexm/stm32f4xx/cubemx_hal_driver/inc/stm32f4xx_hal_i2s.h,actif,inclus par dev_stm32f4xx_7.20/Debug (pilotes STM32F4 (config. liée par les applications F4)),197,6
src/kernel/dev/arch/cortexm/stm32f4xx/cubemx_hal_driver/inc/stm32f4xx_hal_i2s_ex.h,actif,inclus par dev_stm32f4xx_7.20/Debug (pilotes STM32F4 (config. liée par les applications F4)),38,6
src/kernel/dev/arch/cortexm/stm32f4xx/cubemx_hal_driver/inc/stm32f4xx_hal_irda.h,actif,inclus par dev_stm32f4xx_7.20/Debug (pilotes STM32F4 (config. liée par les applications F4)),158,6
src/kernel/dev/arch/cortexm/stm32f4xx/cubemx_hal_driver/inc/stm32f4xx_hal_iwdg.h,actif,inclus par dev_stm32f4xx_7.20/Debug (pilotes STM32F4 (config. liée par les applications F4)),45,6
src/kernel/dev/arch/cortexm/stm32f4xx/cubemx_hal_driver/inc/stm32f4xx_hal_lptim.h,actif,inclus par dev_stm32f4xx_7.20/Debug (pilotes STM32F4 (config. liée par les applications F4)),221,6
src/kernel/dev/arch/cortexm/stm32f4xx/cubemx_hal_driver/inc/stm32f4xx_hal_ltdc.h,actif,inclus par dev_stm32f4xx_7.20/Debug (pilotes STM32F4 (config. liée par les applications F4)),200,6
src/kernel/dev/arch/cortexm/stm32f4xx/cubemx_hal_driver/inc/stm32f4xx_hal_ltdc_ex.h,actif,inclus par dev_stm32f4xx_7.20/Debug (pilotes STM32F4 (config. liée par les applications F4)),15,6
src/kernel/dev/arch/cortexm/stm32f4xx/cubemx_hal_driver/inc/stm32f4xx_hal_mmc.h,actif,inclus par dev_stm32f4xx_7.20/Debug (pilotes STM32F4 (config. liée par les applications F4)),220,6
src/kernel/dev/arch/cortexm/stm32f4xx/cubemx_hal_driver/inc/stm32f4xx_hal_nand.h,actif,inclus par dev_stm32f4xx_7.20/Debug (pilotes STM32F4 (config. liée par les applications F4)),115,6
src/kernel/dev/arch/cortexm/stm32f4xx/cubemx_hal_driver/inc/stm32f4xx_hal_nor.h,actif,inclus par dev_stm32f4xx_7.20/Debug (pilotes STM32F4 (config. liée par les applications F4)),96,6
src/kernel/dev/arch/cortexm/stm32f4xx/cubemx_hal_driver/inc/stm32f4xx_hal_pccard.h,actif,inclus par dev_stm32f4xx_7.20/Debug (pilotes STM32F4 (config. liée par les applications F4)),107,6
src/kernel/dev/arch/cortexm/stm32f4xx/cubemx_hal_driver/inc/stm32f4xx_hal_pcd.h,actif,inclus par dev_stm32f4xx_7.20/Debug (pilotes STM32F4 (config. liée par les applications F4)),148,6
src/kernel/dev/arch/cortexm/stm32f4xx/cubemx_hal_driver/inc/stm32f4xx_hal_pcd_ex.h,actif,inclus par dev_stm32f4xx_7.20/Debug (pilotes STM32F4 (config. liée par les applications F4)),51,6
src/kernel/dev/arch/cortexm/stm32f4xx/cubemx_hal_driver/inc/stm32f4xx_hal_pwr.h,actif,inclus par dev_stm32f4xx_7.20/Debug (pilotes STM32F4 (config. liée par les applications F4)),105,6
src/kernel/dev/arch/cortexm/stm32f4xx/cubemx_hal_driver/inc/stm32f4xx_hal_pwr_ex.h,actif,inclus par dev_stm32f4xx_7.20/Debug (pilotes STM32F4 (config. liée par les applications F4)),125,6
src/kernel/dev/arch/cortexm/stm32f4xx/cubemx_hal_driver/inc/stm32f4xx_hal_qspi.h,actif,inclus par dev_stm32f4xx_7.20/Debug (pilotes STM32F4 (config. liée par les applications F4)),260,6
src/kernel/dev/arch/cortexm/stm32f4xx/cubemx_hal_driver/inc/stm32f4xx_hal_rcc.h,actif,inclus par dev_stm32f4xx_7.20/Debug (pilotes STM32F4 (config. liée par les applications F4)),614,6
src/kernel/dev/arch/cortexm/stm32f4xx/cubemx_hal_driver/inc/stm32f4xx_hal_rcc_ex.h,actif,inclus par dev_stm32f4xx_7.20/Debug (pilotes STM32F4 (config. liée par les applications F4)),4043,6
src/kernel/dev/arch/cortexm/stm32f4xx/cubemx_hal_driver/inc/stm32f4xx_hal_rng.h,actif,inclus par dev_stm32f4xx_7.20/Debug (pilotes STM32F4 (config. liée par les applications F4)),64,6
src/kernel/dev/arch/cortexm/stm32f4xx/cubemx_hal_driver/inc/stm32f4xx_hal_rtc.h,actif,inclus par dev_stm32f4xx_7.20/Debug (pilotes STM32F4 (config. liée par les applications F4)),278,6
src/kernel/dev/arch/cortexm/stm32f4xx/cubemx_hal_driver/inc/stm32f4xx_hal_rtc_ex.h,actif,inclus par dev_stm32f4xx_7.20/Debug (pilotes STM32F4 (config. liée par les applications F4)),284,6
src/kernel/dev/arch/cortexm/stm32f4xx/cubemx_hal_driver/inc/stm32f4xx_hal_sai.h,actif,inclus par dev_stm32f4xx_7.20/Debug (pilotes STM32F4 (config. liée par les applications F4)),305,6
src/kernel/dev/arch/cortexm/stm32f4xx/cubemx_hal_driver/inc/stm32f4xx_hal_sai_ex.h,actif,inclus par dev_stm32f4xx_7.20/Debug (pilotes STM32F4 (config. liée par les applications F4)),38,6
src/kernel/dev/arch/cortexm/stm32f4xx/cubemx_hal_driver/inc/stm32f4xx_hal_sd.h,actif,inclus par dev_stm32f4xx_7.20/Debug (pilotes STM32F4 (config. liée par les applications F4)),220,6
src/kernel/dev/arch/cortexm/stm32f4xx/cubemx_hal_driver/inc/stm32f4xx_hal_sdram.h,actif,inclus par dev_stm32f4xx_7.20/Debug (pilotes STM32F4 (config. liée par les applications F4)),54,6
src/kernel/dev/arch/cortexm/stm32f4xx/cubemx_hal_driver/inc/stm32f4xx_hal_smartcard.h,actif,inclus par dev_stm32f4xx_7.20/Debug (pilotes STM32F4 (config. liée par les applications F4)),199,6
src/kernel/dev/arch/cortexm/stm32f4xx/cubemx_hal_driver/inc/stm32f4xx_hal_spdifrx.h,actif,inclus par dev_stm32f4xx_7.20/Debug (pilotes STM32F4 (config. liée par les applications F4)),163,6
src/kernel/dev/arch/cortexm/stm32f4xx/cubemx_hal_driver/inc/stm32f4xx_hal_spi.h,actif,inclus par dev_stm32f4xx_7.20/Debug (pilotes STM32F4 (config. liée par les applications F4)),190,6
src/kernel/dev/arch/cortexm/stm32f4xx/cubemx_hal_driver/inc/stm32f4xx_hal_sram.h,actif,inclus par dev_stm32f4xx_7.20/Debug (pilotes STM32F4 (config. liée par les applications F4)),57,6
src/kernel/dev/arch/cortexm/stm32f4xx/cubemx_hal_driver/inc/stm32f4xx_hal_tim.h,actif,inclus par dev_stm32f4xx_7.20/Debug (pilotes STM32F4 (config. liée par les applications F4)),688,6
src/kernel/dev/arch/cortexm/stm32f4xx/cubemx_hal_driver/inc/stm32f4xx_hal_tim_ex.h,actif,inclus par dev_stm32f4xx_7.20/Debug (pilotes STM32F4 (config. liée par les applications F4)),140,6
src/kernel/dev/arch/cortexm/stm32f4xx/cubemx_hal_driver/inc/stm32f4xx_hal_uart.h,actif,inclus par dev_stm32f4xx_7.20/Debug (pilotes STM32F4 (config. liée par les applications F4)),223,6
src/kernel/dev/arch/cortexm/stm32f4xx/cubemx_hal_driver/inc/stm32f4xx_hal_usart.h,actif,inclus par dev_stm32f4xx_7.20/Debug (pilotes STM32F4 (config. liée par les applications F4)),174,6
src/kernel/dev/arch/cortexm/stm32f4xx/cubemx_hal_driver/inc/stm32f4xx_hal_wwdg.h,actif,inclus par dev_stm32f4xx_7.20/Debug (pilotes STM32F4 (config. liée par les applications F4)),50,6
src/kernel/dev/arch/cortexm/stm32f4xx/cubemx_hal_driver/inc/stm32f4xx_ll_adc.h,actif,rattaché par répertoire (src/kernel/dev/arch/cortexm/stm32f4xx/cubemx_hal_driver/inc),1082,0
src/kernel/dev/arch/cortexm/stm32f4xx/cubemx_hal_driver/inc/stm32f4xx_ll_bus.h,actif,rattaché par répertoire (src/kernel/dev/arch/cortexm/stm32f4xx/cubemx_hal_driver/inc),425,0
src/kernel/dev/arch/cortexm/stm32f4xx/cubemx_hal_driver/inc/stm32f4xx_ll_cortex.h,actif,rattaché par répertoire (src/kernel/dev/arch/cortexm/stm32f4xx/cubemx_hal_driver/inc),191,0
src/kernel/dev/arch/cortexm/stm32f4xx/cubemx_hal_driver/inc/stm32f4xx_ll_crc.h,actif,rattaché par répertoire (src/kernel/dev/arch/cortexm/stm32f4xx/cubemx_hal_driver/inc),37,0
src/kernel/dev/arch/cortexm/stm32f4xx/cubemx_hal_driver/inc/stm32f4xx_ll_dac.h,actif,rattaché par répertoire (src/kernel/dev/arch/cortexm/stm32f4xx/cubemx_hal_driver/inc),375,0
src/kernel/dev/arch/cortexm/stm32f4xx/cubemx_hal_driver/inc/stm32f4xx_ll_dma.h,actif,rattaché par répertoire (src/kernel/dev/arch/cortexm/stm32f4xx/cubemx_hal_driver/inc),735,0
src/kernel/dev/arch/cortexm/stm32f4xx/cubemx_hal_driver/inc/stm32f4xx_ll_dma2d.h,actif,rattaché par répertoire (src/kernel/dev/arch/cortexm/stm32f4xx/cubemx_hal_driver/inc),539,0
src/kernel/dev/arch/cortexm/stm32f4xx/cubemx_hal_driver/inc/stm32f4xx_ll_exti.h,actif,rattaché par répertoire (src/kernel/dev/arch/cortexm/stm32f4xx/cubemx_hal_driver/inc),168,0
src/kernel/dev/arch/cortexm/stm32f4xx/cubemx_hal_driver/inc/stm32f4xx_ll_fmc.h,actif,inclus par dev_stm32f4xx_7.20/Debug (pilotes STM32F4 (config. liée par les applications F4)),419,6
src/kernel/dev/arch/cortexm/stm32f4xx/cubemx_hal_driver/inc/stm32f4xx_ll_fsmc.h,actif,inclus par dev_stm32f4xx_7.20/Debug (pilotes STM32F4 (config. liée par les applications F4)),333,6
src/kernel/dev/arch/cortexm/stm32f4xx/cubemx_hal_driver/inc/stm32f4xx_ll_gpio.h,actif,rattaché par répertoire (src/kernel/dev/arch/cortexm/stm32f4xx/cubemx_hal_driver/inc),188,0
src/kernel/dev/arch/cortexm/stm32f4xx/cubemx_hal_driver/inc/stm32f4xx_ll_i2c.h,actif,rattaché par répertoire (src/kernel/dev/arch/cortexm/stm32f4xx/cubemx_hal_driver/inc),559,0
src/kernel/dev/arch/cortexm/stm32f4xx/cubemx_hal_driver/inc/stm32f4xx_ll_iwdg.h,actif,rattaché par répertoire (src/kernel/dev/arch/cortexm/stm32f4xx/cubemx_hal_driver/inc),71,0
src/kernel/dev/arch/cortexm/stm32f4xx/cubemx_hal_driver/inc/stm32f4xx_ll_lptim.h,actif,rattaché par répertoire (src/kernel/dev/arch/cortexm/stm32f4xx/cubemx_hal_driver/inc),379,0
src/kernel/dev/arch/cortexm/stm32f4xx/cubemx_hal_driver/inc/stm32f4xx_ll_pwr.h,actif,rattaché par répertoire (src/kernel/dev/arch/cortexm/stm32f4xx/cubemx_hal_driver/inc),357,0
src/kernel/dev/arch/cortexm/stm32f4xx/cubemx_hal_driver/inc/stm32f4xx_ll_rcc.h,actif,inclus par dev_stm32f4xx_7.20/Debug (pilotes STM32F4 (config. liée par les applications F4)),1965,2
src/kernel/dev/arch/cortexm/stm32f4xx/cubemx_hal_driver/inc/stm32f4xx_ll_rng.h,actif,rattaché par répertoire (src/kernel/dev/arch/cortexm/stm32f4xx/cubemx_hal_driver/inc),79,0
src/kernel/dev/arch/cortexm/stm32f4xx/cubemx_hal_driver/inc/stm32f4xx_ll_rtc.h,actif,rattaché par répertoire (src/kernel/dev/arch/cortexm/stm32f4xx/cubemx_hal_driver/inc),1111,0
src/kernel/dev/arch/cortexm/stm32f4xx/cubemx_hal_driver/inc/stm32f4xx_ll_sdmmc.h,actif,inclus par dev_stm32f4xx_7.20/Debug (pilotes STM32F4 (config. liée par les applications F4)),425,6
src/kernel/dev/arch/cortexm/stm32f4xx/cubemx_hal_driver/inc/stm32f4xx_ll_spi.h,actif,rattaché par répertoire (src/kernel/dev/arch/cortexm/stm32f4xx/cubemx_hal_driver/inc),586,0
src/kernel/dev/arch/cortexm/stm32f4xx/cubemx_hal_driver/inc/stm32f4xx_ll_system.h,actif,rattaché par répertoire (src/kernel/dev/arch/cortexm/stm32f4xx/cubemx_hal_driver/inc),534,0
src/kernel/dev/arch/cortexm/stm32f4xx/cubemx_hal_driver/inc/stm32f4xx_ll_tim.h,actif,rattaché par répertoire (src/kernel/dev/arch/cortexm/stm32f4xx/cubemx_hal_driver/inc),1142,0
src/kernel/dev/arch/cortexm/stm32f4xx/cubemx_hal_driver/inc/stm32f4xx_ll_usart.h,actif,rattaché par répertoire (src/kernel/dev/arch/cortexm/stm32f4xx/cubemx_hal_driver/inc),705,0
src/kernel/dev/arch/cortexm/stm32f4xx/cubemx_hal_driver/inc/stm32f4xx_ll_usb.h,actif,inclus par dev_stm32f4xx_7.20/Debug (pilotes STM32F4 (config. liée par les applications F4)),211,6
src/kernel/dev/arch/cortexm/stm32f4xx/cubemx_hal_driver/inc/stm32f4xx_ll_utils.h,actif,rattaché par répertoire (src/kernel/dev/arch/cortexm/stm32f4xx/cubemx_hal_driver/inc),69,0
src/kernel/dev/arch/cortexm/stm32f4xx/cubemx_hal_driver/inc/stm32f4xx_ll_wwdg.h,actif,rattaché par répertoire (src/kernel/dev/arch/cortexm/stm32f4xx/cubemx_hal_driver/inc),67,0
src/kernel/dev/arch/cortexm/stm32f4xx/cubemx_hal_driver/inc/system_stm32f4xx.h,actif,inclus par dev_stm32f4xx_7.20/Debug (pilotes STM32F4 (config. liée par les applications F4)),14,6
src/kernel/dev/arch/cortexm/stm32f4xx/cubemx_hal_driver/src/stm32f4xx_hal.c,actif,déclaré par dev_stm32f4xx_7.20/Debug (pilotes STM32F4 (config. liée par les applications F4)),153,2
src/kernel/dev/arch/cortexm/stm32f4xx/cubemx_hal_driver/src/stm32f4xx_hal_adc.c,actif,déclaré par dev_stm32f4xx_7.20/Debug (pilotes STM32F4 (config. liée par les applications F4)),630,2
src/kernel/dev/arch/cortexm/stm32f4xx/cubemx_hal_driver/src/stm32f4xx_hal_adc_ex.c,actif,déclaré par dev_stm32f4xx_7.20/Debug (pilotes STM32F4 (config. liée par les applications F4)),453,2
src/kernel/dev/arch/cortexm/stm32f4xx/cubemx_hal_driver/src/stm32f4xx_hal_can.c,actif,déclaré par dev_stm32f4xx_7.20/Debug (pilotes STM32F4 (config. liée par les applications F4)),939,2
src/kernel/dev/arch/cortexm/stm32f4xx/cubemx_hal_driver/src/stm32f4xx_hal_cec.c,actif,déclaré par dev_stm32f4xx_7.20/Debug (pilotes STM32F4 (config. liée par les applications F4)),218,2
src/kernel/dev/arch/cortexm/stm32f4xx/cubemx_hal_driver/src/stm32f4xx_hal_cortex.c,actif,déclaré par dev_stm32f4xx_7.20/Debug (pilotes STM32F4 (config. liée par les applications F4)),129,2
src/kernel/dev/arch/cortexm/stm32f4xx/cubemx_hal_driver/src/stm32f4xx_hal_crc.c,actif,déclaré par dev_stm32f4xx_7.20/Debug (pilotes STM32F4 (config. liée par les applications F4)),71,2
src/kernel/dev/arch/cortexm/stm32f4xx/cubemx_hal_driver/src/stm32f4xx_hal_cryp.c,actif,déclaré par dev_stm32f4xx_7.20/Debug (pilotes STM32F4 (config. liée par les applications F4)),2380,2
src/kernel/dev/arch/cortexm/stm32f4xx/cubemx_hal_driver/src/stm32f4xx_hal_cryp_ex.c,actif,déclaré par dev_stm32f4xx_7.20/Debug (pilotes STM32F4 (config. liée par les applications F4)),3417,2
src/kernel/dev/arch/cortexm/stm32f4xx/cubemx_hal_driver/src/stm32f4xx_hal_dac.c,actif,déclaré par dev_stm32f4xx_7.20/Debug (pilotes STM32F4 (config. liée par les applications F4)),282,2
src/kernel/dev/arch/cortexm/stm32f4xx/cubemx_hal_driver/src/stm32f4xx_hal_dac_ex.c,actif,déclaré par dev_stm32f4xx_7.20/Debug (pilotes STM32F4 (config. liée par les applications F4)),90,2
src/kernel/dev/arch/cortexm/stm32f4xx/cubemx_hal_driver/src/stm32f4xx_hal_dcmi.c,actif,déclaré par dev_stm32f4xx_7.20/Debug (pilotes STM32F4 (config. liée par les applications F4)),304,2
src/kernel/dev/arch/cortexm/stm32f4xx/cubemx_hal_driver/src/stm32f4xx_hal_dcmi_ex.c,actif,déclaré par dev_stm32f4xx_7.20/Debug (pilotes STM32F4 (config. liée par les applications F4)),61,2
src/kernel/dev/arch/cortexm/stm32f4xx/cubemx_hal_driver/src/stm32f4xx_hal_dfsdm.c,hors-projet,"non déclaré par un projet, non inclus, sans règle",1985,0
src/kernel/dev/arch/cortexm/stm32f4xx/cubemx_hal_driver/src/stm32f4xx_hal_dma.c,actif,déclaré par dev_stm32f4xx_7.20/Debug (pilotes STM32F4 (config. liée par les applications F4)),625,2
src/kernel/dev/arch/cortexm/stm32f4xx/cubemx_hal_driver/src/stm32f4xx_hal_dma2d.c,actif,déclaré par dev_stm32f4xx_7.20/Debug (pilotes STM32F4 (config. liée par les applications F4)),683,2
src/kernel/dev/arch/cortexm/stm32f4xx/cubemx_hal_driver/src/stm32f4xx_hal_dma_ex.c,actif,déclaré par dev_stm32f4xx_7.20/Debug (pilotes STM32F4 (config. liée par les applications F4)),99,2
src/kernel/dev/arch/cortexm/stm32f4xx/cubemx_hal_driver/src/stm32f4xx_hal_dsi.c,hors-projet,"non déclaré par un projet, non inclus, sans règle",1077,0
src/kernel/dev/arch/cortexm/stm32f4xx/cubemx_hal_driver/src/stm32f4xx_hal_eth.c,actif,déclaré par dev_stm32f4xx_7.20/Debug (pilotes STM32F4 (config. liée par les applications F4)),1030,2
src/kernel/dev/arch/cortexm/stm32f4xx/cubemx_hal_driver/src/stm32f4xx_hal_flash.c,actif,déclaré par dev_stm32f4xx_7.20/Debug (pilotes STM32F4 (config. liée par les applications F4)),293,2
src/kernel/dev/arch/cortexm/stm32f4xx/cubemx_hal_driver/src/stm32f4xx_hal_flash_ex.c,actif,déclaré par dev_stm32f4xx_7.20/Debug (pilotes STM32F4 (config. liée par les applications F4)),565,2
src/kernel/dev/arch/cortexm/stm32f4xx/cubemx_hal_driver/src/stm32f4xx_hal_flash_ramfunc.c,actif,déclaré par dev_stm32f4xx_7.20/Debug (pilotes STM32F4 (config. liée par les applications F4)),30,2
src/kernel/dev/arch/cortexm/stm32f4xx/cubemx_hal_driver/src/stm32f4xx_hal_fmpi2c.c,actif,déclaré par dev_stm32f4xx_7.20/Debug (pilotes STM32F4 (config. liée par les applications F4)),2427,2
src/kernel/dev/arch/cortexm/stm32f4xx/cubemx_hal_driver/src/stm32f4xx_hal_fmpi2c_ex.c,actif,déclaré par dev_stm32f4xx_7.20/Debug (pilotes STM32F4 (config. liée par les applications F4)),63,2
src/kernel/dev/arch/cortexm/stm32f4xx/cubemx_hal_driver/src/stm32f4xx_hal_gpio.c,actif,déclaré par dev_stm32f4xx_7.20/Debug (pilotes STM32F4 (config. liée par les applications F4)),189,2
src/kernel/dev/arch/cortexm/stm32f4xx/cubemx_hal_driver/src/stm32f4xx_hal_hash.c,actif,déclaré par dev_stm32f4xx_7.20/Debug (pilotes STM32F4 (config. liée par les applications F4)),780,2
src/kernel/dev/arch/cortexm/stm32f4xx/cubemx_hal_driver/src/stm32f4xx_hal_hash_ex.c,actif,déclaré par dev_stm32f4xx_7.20/Debug (pilotes STM32F4 (config. liée par les applications F4)),701,2
src/kernel/dev/arch/cortexm/stm32f4xx/cubemx_hal_driver/src/stm32f4xx_hal_hcd.c,actif,déclaré par dev_stm32f4xx_7.20/Debug (pilotes STM32F4 (config. liée par les applications F4)),644,2
src/kernel/dev/arch/cortexm/stm32f4xx/cubemx_hal_driver/src/stm32f4xx_hal_i2c.c,actif,déclaré par dev_stm32f4xx_7.20/Debug (pilotes STM32F4 (config. liée par les applications F4)),2933,2
src/kernel/dev/arch/cortexm/stm32f4xx/cubemx_hal_driver/src/stm32f4xx_hal_i2c_ex.c,actif,déclaré par dev_stm32f4xx_7.20/Debug (pilotes STM32F4 (config. liée par les applications F4)),48,2
src/kernel/dev/arch/cortexm/stm32f4xx/cubemx_hal_driver/src/stm32f4xx_hal_i2s.c,actif,déclaré par dev_stm32f4xx_7.20/Debug (pilotes STM32F4 (config. liée par les applications F4)),668,2
src/kernel/dev/arch/cortexm/stm32f4xx/cubemx_hal_driver/src/stm32f4xx_hal_i2s_ex.c,actif,déclaré par dev_stm32f4xx_7.20/Debug (pilotes STM32F4 (config. liée par les applications F4)),551,2
src/kernel/dev/arch/cortexm/stm32f4xx/cubemx_hal_driver/src/stm32f4xx_hal_irda.c,actif,déclaré par dev_stm32f4xx_7.20/Debug (pilotes STM32F4 (config. liée par les applications F4)),939,2
src/kernel/dev/arch/cortexm/stm32f4xx/cubemx_hal_driver/src/stm32f4xx_hal_iwdg.c,actif,déclaré par dev_stm32f4xx_7.20/Debug (pilotes STM32F4 (config. liée par les applications F4)),34,2
src/kernel/dev/arch/cortexm/stm32f4xx/cubemx_hal_driver/src/stm32f4xx_hal_lptim.c,hors-projet,"non déclaré par un projet, non inclus, sans règle",544,0
src/kernel/dev/arch/cortexm/stm32f4xx/cubemx_hal_driver/src/stm32f4xx_hal_ltdc.c,actif,déclaré par dev_stm32f4xx_7.20/Debug (pilotes STM32F4 (config. liée par les applications F4)),631,2
src/kernel/dev/arch/cortexm/stm32f4xx/cubemx_hal_driver/src/stm32f4xx_hal_ltdc_ex.c,hors-projet,"non déclaré par un projet, non inclus, sans règle",23,0
src/kernel/dev/arch/cortexm/stm32f4xx/cubemx_hal_driver/src/stm32f4xx_hal_mmc.c,hors-projet,"non déclaré par un projet, non inclus, sans règle",1419,0
src/kernel/dev/arch/cortexm/stm32f4xx/cubemx_hal_driver/src/stm32f4xx_hal_msp_template.c,actif,déclaré par dev_stm32f4xx_7.20/Debug (pilotes STM32F4 (config. liée par les applications F4)),13,2
src/kernel/dev/arch/cortexm/stm32f4xx/cubemx_hal_driver/src/stm32f4xx_hal_nand.c,actif,déclaré par dev_stm32f4xx_7.20/Debug (pilotes STM32F4 (config. liée par les applications F4)),933,2
src/kernel/dev/arch/cortexm/stm32f4xx/cubemx_hal_driver/src/stm32f4xx_hal_nor.c,actif,déclaré par dev_stm32f4xx_7.20/Debug (pilotes STM32F4 (config. liée par les applications F4)),457,2
src/kernel/dev/arch/cortexm/stm32f4xx/cubemx_hal_driver/src/stm32f4xx_hal_pccard.c,actif,déclaré par dev_stm32f4xx_7.20/Debug (pilotes STM32F4 (config. liée par les applications F4)),273,2
src/kernel/dev/arch/cortexm/stm32f4xx/cubemx_hal_driver/src/stm32f4xx_hal_pcd.c,actif,déclaré par dev_stm32f4xx_7.20/Debug (pilotes STM32F4 (config. liée par les applications F4)),671,2
src/kernel/dev/arch/cortexm/stm32f4xx/cubemx_hal_driver/src/stm32f4xx_hal_pcd_ex.c,actif,déclaré par dev_stm32f4xx_7.20/Debug (pilotes STM32F4 (config. liée par les applications F4)),124,2
src/kernel/dev/arch/cortexm/stm32f4xx/cubemx_hal_driver/src/stm32f4xx_hal_pwr.c,actif,déclaré par dev_stm32f4xx_7.20/Debug (pilotes STM32F4 (config. liée par les applications F4)),134,2
src/kernel/dev/arch/cortexm/stm32f4xx/cubemx_hal_driver/src/stm32f4xx_hal_pwr_ex.c,actif,déclaré par dev_stm32f4xx_7.20/Debug (pilotes STM32F4 (config. liée par les applications F4)),206,2
src/kernel/dev/arch/cortexm/stm32f4xx/cubemx_hal_driver/src/stm32f4xx_hal_qspi.c,actif,déclaré par dev_stm32f4xx_7.20/Debug (pilotes STM32F4 (config. liée par les applications F4)),1161,2
src/kernel/dev/arch/cortexm/stm32f4xx/cubemx_hal_driver/src/stm32f4xx_hal_rcc.c,actif,déclaré par dev_stm32f4xx_7.20/Debug (pilotes STM32F4 (config. liée par les applications F4)),503,2
src/kernel/dev/arch/cortexm/stm32f4xx/cubemx_hal_driver/src/stm32f4xx_hal_rcc_ex.c,actif,déclaré par dev_stm32f4xx_7.20/Debug (pilotes STM32F4 (config. liée par les applications F4)),1982,2
src/kernel/dev/arch/cortexm/stm32f4xx/cubemx_hal_driver/src/stm32f4xx_hal_rng.c,actif,déclaré par dev_stm32f4xx_7.20/Debug (pilotes STM32F4 (config. liée par les applications F4)),151,2
src/kernel/dev/arch/cortexm/stm32f4xx/cubemx_hal_driver/src/stm32f4xx_hal_rtc.c,actif,déclaré par dev_stm32f4xx_7.20/Debug (pilotes STM32F4 (config. liée par les applications F4)),695,2
src/kernel/dev/arch/cortexm/stm32f4xx/cubemx_hal_driver/src/stm32f4xx_hal_rtc_ex.c,actif,déclaré par dev_stm32f4xx_7.20/Debug (pilotes STM32F4 (config. liée par les applications F4)),673,2
src/kernel/dev/arch/cortexm/stm32f4xx/cubemx_hal_driver/src/stm32f4xx_hal_sai.c,actif,déclaré par dev_stm32f4xx_7.20/Debug (pilotes STM32F4 (config. liée par les applications F4)),1051,2
src/kernel/dev/arch/cortexm/stm32f4xx/cubemx_hal_driver/src/stm32f4xx_hal_sai_ex.c,actif,déclaré par dev_stm32f4xx_7.20/Debug (pilotes STM32F4 (config. liée par les applications F4)),144,2
src/kernel/dev/arch/cortexm/stm32f4xx/cubemx_hal_driver/src/stm32f4xx_hal_sd.c,actif,déclaré par dev_stm32f4xx_7.20/Debug (pilotes STM32F4 (config. liée par les applications F4)),1714,2
src/kernel/dev/arch/cortexm/stm32f4xx/cubemx_hal_driver/src/stm32f4xx_hal_sdram.c,actif,déclaré par dev_stm32f4xx_7.20/Debug (pilotes STM32F4 (config. liée par les applications F4)),299,2
src/kernel/dev/arch/cortexm/stm32f4xx/cubemx_hal_driver/src/stm32f4xx_hal_smartcard.c,actif,déclaré par dev_stm32f4xx_7.20/Debug (pilotes STM32F4 (config. liée par les applications F4)),786,2
src/kernel/dev/arch/cortexm/stm32f4xx/cubemx_hal_driver/src/stm32f4xx_hal_spdifrx.c,actif,déclaré par dev_stm32f4xx_7.20/Debug (pilotes STM32F4 (config. liée par les applications F4)),550,2
src/kernel/dev/arch/cortexm/stm32f4xx/cubemx_hal_driver/src/stm32f4xx_hal_spi.c,actif,déclaré par dev_stm32f4xx_7.20/Debug (pilotes STM32F4 (config. liée par les applications F4)),1721,2
src/kernel/dev/arch/cortexm/stm32f4xx/cubemx_hal_driver/src/stm32f4xx_hal_sram.c,actif,déclaré par dev_stm32f4xx_7.20/Debug (pilotes STM32F4 (config. liée par les applications F4)),196,2
src/kernel/dev/arch/cortexm/stm32f4xx/cubemx_hal_driver/src/stm32f4xx_hal_tim.c,actif,déclaré par dev_stm32f4xx_7.20/Debug (pilotes STM32F4 (config. liée par les applications F4)),2451,2
src/kernel/dev/arch/cortexm/stm32f4xx/cubemx_hal_driver/src/stm32f4xx_hal_tim_ex.c,actif,déclaré par dev_stm32f4xx_7.20/Debug (pilotes STM32F4 (config. liée par les applications F4)),664,2
src/kernel/dev/arch/cortexm/stm32f4xx/cubemx_hal_driver/src/stm32f4xx_hal_timebase_rtc_alarm_template.c,hors-projet,"non déclaré par un projet, non inclus, sans règle",122,0
src/kernel/dev/arch/cortexm/stm32f4xx/cubemx_hal_driver/src/stm32f4xx_hal_timebase_rtc_wakeup_template.c,hors-projet,"non déclaré par un projet, non inclus, sans règle",96,0
src/kernel/dev/arch/cortexm/stm32f4xx/cubemx_hal_driver/src/stm32f4xx_hal_timebase_tim_template.c,hors-projet,"non déclaré par un projet, non inclus, sans règle",50,0
src/kernel/dev/arch/cortexm/stm32f4xx/cubemx_hal_driver/src/stm32f4xx_hal_uart.c,actif,déclaré par dev_stm32f4xx_7.20/Debug (pilotes STM32F4 (config. liée par les applications F4)),1112,2
src/kernel/dev/arch/cortexm/stm32f4xx/cubemx_hal_driver/src/stm32f4xx_hal_usart.c,actif,déclaré par dev_stm32f4xx_7.20/Debug (pilotes STM32F4 (config. liée par les applications F4)),1117,2
src/kernel/dev/arch/cortexm/stm32f4xx/cubemx_hal_driver/src/stm32f4xx_hal_wwdg.c,actif,déclaré par dev_stm32f4xx_7.20/Debug (pilotes STM32F4 (config. liée par les applications F4)),43,2
src/kernel/dev/arch/cortexm/stm32f4xx/cubemx_hal_driver/src/stm32f4xx_ll_adc.c,hors-projet,"non déclaré par un projet, non inclus, sans règle",486,0
src/kernel/dev/arch/cortexm/stm32f4xx/cubemx_hal_driver/src/stm32f4xx_ll_crc.c,hors-projet,"non déclaré par un projet, non inclus, sans règle",26,0
src/kernel/dev/arch/cortexm/stm32f4xx/cubemx_hal_driver/src/stm32f4xx_ll_dac.c,hors-projet,"non déclaré par un projet, non inclus, sans règle",133,0
src/kernel/dev/arch/cortexm/stm32f4xx/cubemx_hal_driver/src/stm32f4xx_ll_dma.c,hors-projet,"non déclaré par un projet, non inclus, sans règle",203,0
src/kernel/dev/arch/cortexm/stm32f4xx/cubemx_hal_driver/src/stm32f4xx_ll_dma2d.c,hors-projet,"non déclaré par un projet, non inclus, sans règle",314,0
src/kernel/dev/arch/cortexm/stm32f4xx/cubemx_hal_driver/src/stm32f4xx_ll_exti.c,hors-projet,"non déclaré par un projet, non inclus, sans règle",94,0
src/kernel/dev/arch/cortexm/stm32f4xx/cubemx_hal_driver/src/stm32f4xx_ll_fmc.c,actif,déclaré par dev_stm32f4xx_7.20/Debug (pilotes STM32F4 (config. liée par les applications F4)),744,2
src/kernel/dev/arch/cortexm/stm32f4xx/cubemx_hal_driver/src/stm32f4xx_ll_fsmc.c,actif,déclaré par dev_stm32f4xx_7.20/Debug (pilotes STM32F4 (config. liée par les applications F4)),435,2
src/kernel/dev/arch/cortexm/stm32f4xx/cubemx_hal_driver/src/stm32f4xx_ll_gpio.c,hors-projet,"non déclaré par un projet, non inclus, sans règle",174,0
src/kernel/dev/arch/cortexm/stm32f4xx/cubemx_hal_driver/src/stm32f4xx_ll_i2c.c,hors-projet,"non déclaré par un projet, non inclus, sans règle",95,0
src/kernel/dev/arch/cortexm/stm32f4xx/cubemx_hal_driver/src/stm32f4xx_ll_lptim.c,hors-projet,"non déclaré par un projet, non inclus, sans règle",77,0
src/kernel/dev/arch/cortexm/stm32f4xx/cubemx_hal_driver/src/stm32f4xx_ll_pwr.c,hors-projet,"non déclaré par un projet, non inclus, sans règle",12,0
src/kernel/dev/arch/cortexm/stm32f4xx/cubemx_hal_driver/src/stm32f4xx_ll_rcc.c,actif,déclaré par dev_stm32f4xx_7.20/Debug (pilotes STM32F4 (config. liée par les applications F4)),1024,2
src/kernel/dev/arch/cortexm/stm32f4xx/cubemx_hal_driver/src/stm32f4xx_ll_rng.c,hors-projet,"non déclaré par un projet, non inclus, sans règle",23,0
src/kernel/dev/arch/cortexm/stm32f4xx/cubemx_hal_driver/src/stm32f4xx_ll_rtc.c,hors-projet,"non déclaré par un projet, non inclus, sans règle",505,0
src/kernel/dev/arch/cortexm/stm32f4xx/cubemx_hal_driver/src/stm32f4xx_ll_sdmmc.c,actif,déclaré par dev_stm32f4xx_7.20/Debug (pilotes STM32F4 (config. liée par les applications F4)),674,2
src/kernel/dev/arch/cortexm/stm32f4xx/cubemx_hal_driver/src/stm32f4xx_ll_spi.c,hors-projet,"non déclaré par un projet, non inclus, sans règle",275,0
src/kernel/dev/arch/cortexm/stm32f4xx/cubemx_hal_driver/src/stm32f4xx_ll_tim.c,hors-projet,"non déclaré par un projet, non inclus, sans règle",604,0
src/kernel/dev/arch/cortexm/stm32f4xx/cubemx_hal_driver/src/stm32f4xx_ll_usart.c,hors-projet,"non déclaré par un projet, non inclus, sans règle",256,0
src/kernel/dev/arch/cortexm/stm32f4xx/cubemx_hal_driver/src/stm32f4xx_ll_usb.c,actif,déclaré par dev_stm32f4xx_7.20/Debug (pilotes STM32F4 (config. liée par les applications F4)),1022,2
src/kernel/dev/arch/cortexm/stm32f4xx/cubemx_hal_driver/src/stm32f4xx_ll_utils.c,hors-projet,"non déclaré par un projet, non inclus, sans règle",433,0
src/kernel/dev/arch/cortexm/stm32f4xx/dev_stm32f4xx/dev_stm32f4xx_cpu_x.c,actif,déclaré par dev_stm32f4xx_7.20/Debug (pilotes STM32F4 (config. liée par les applications F4)),217,2
src/kernel/dev/arch/cortexm/stm32f4xx/dev_stm32f4xx/dev_stm32f4xx_cubemx_eth.c,actif,déclaré par dev_stm32f4xx_7.20/Debug (pilotes STM32F4 (config. liée par les applications F4)),343,2
src/kernel/dev/arch/cortexm/stm32f4xx/dev_stm32f4xx/dev_stm32f4xx_dac_x.c,actif,déclaré par dev_stm32f4xx_7.20/Debug (pilotes STM32F4 (config. liée par les applications F4)),130,2
src/kernel/dev/arch/cortexm/stm32f4xx/dev_stm32f4xx/dev_stm32f4xx_dac_x.h,actif,déclaré par dev_stm32f4xx_7.20/Debug (pilotes STM32F4 (config. liée par les applications F4)),11,2
src/kernel/dev/arch/cortexm/stm32f4xx/dev_stm32f4xx/dev_stm32f4xx_eth.c,actif,déclaré par dev_stm32f4xx_7.20/Debug (pilotes STM32F4 (config. liée par les applications F4)),201,3
src/kernel/dev/arch/cortexm/stm32f4xx/dev_stm32f4xx/dev_stm32f4xx_flash.c,actif,déclaré par dev_stm32f4xx_7.20/Debug (pilotes STM32F4 (config. liée par les applications F4)),157,2
src/kernel/dev/arch/cortexm/stm32f4xx/dev_stm32f4xx/dev_stm32f4xx_flash.h,actif,déclaré par dev_stm32f4xx_7.20/Debug (pilotes STM32F4 (config. liée par les applications F4)),0,2
src/kernel/dev/arch/cortexm/stm32f4xx/dev_stm32f4xx/dev_stm32f4xx_i2c_x.c,actif,déclaré par dev_stm32f4xx_7.20/Debug (pilotes STM32F4 (config. liée par les applications F4)),262,2
src/kernel/dev/arch/cortexm/stm32f4xx/dev_stm32f4xx/dev_stm32f4xx_i2c_x.h,actif,déclaré par dev_stm32f4xx_7.20/Debug (pilotes STM32F4 (config. liée par les applications F4)),22,3
src/kernel/dev/arch/cortexm/stm32f4xx/dev_stm32f4xx/dev_stm32f4xx_sdio-1.16.c,hors-projet,"non déclaré par un projet, non inclus, sans règle",181,0
src/kernel/dev/arch/cortexm/stm32f4xx/dev_stm32f4xx/dev_stm32f4xx_sdio-1.16.h,actif,rattaché par répertoire (src/kernel/dev/arch/cortexm/stm32f4xx/dev_stm32f4xx),15,0
src/kernel/dev/arch/cortexm/stm32f4xx/dev_stm32f4xx/dev_stm32f4xx_sdio.c,actif,déclaré par dev_stm32f4xx_7.20/Debug (pilotes STM32F4 (config. liée par les applications F4)),210,2
src/kernel/dev/arch/cortexm/stm32f4xx/dev_stm32f4xx/dev_stm32f4xx_sdio.h,actif,déclaré par dev_stm32f4xx_7.20/Debug (pilotes STM32F4 (config. liée par les applications F4)),15,3
src/kernel/dev/arch/cortexm/stm32f4xx/dev_stm32f4xx/dev_stm32f4xx_spi_x.c,actif,déclaré par dev_stm32f4xx_7.20/Debug (pilotes STM32F4 (config. liée par les applications F4)),124,3
src/kernel/dev/arch/cortexm/stm32f4xx/dev_stm32f4xx/dev_stm32f4xx_spi_x.h,actif,déclaré par dev_stm32f4xx_7.20/Debug (pilotes STM32F4 (config. liée par les applications F4)),10,7
src/kernel/dev/arch/cortexm/stm32f4xx/dev_stm32f4xx/dev_stm32f4xx_uart_x.c,actif,déclaré par dev_stm32f4xx_7.20/Debug (pilotes STM32F4 (config. liée par les applications F4)),215,3
src/kernel/dev/arch/cortexm/stm32f4xx/dev_stm32f4xx/dev_stm32f4xx_uart_x.h,actif,déclaré par dev_stm32f4xx_7.20/Debug (pilotes STM32F4 (config. liée par les applications F4)),12,7
src/kernel/dev/arch/cortexm/stm32f4xx/dma.h,actif,déclaré par dev_stm32f4xx_7.20/Debug (pilotes STM32F4 (config. liée par les applications F4)),12,7
src/kernel/dev/arch/cortexm/stm32f4xx/driverlib/misc.c,actif,déclaré par dev_stm32f4xx_7.20/Debug (pilotes STM32F4 (config. liée par les applications F4)),62,3
src/kernel/dev/arch/cortexm/stm32f4xx/driverlib/misc.h,actif,déclaré par dev_stm32f4xx_7.20/Debug (pilotes STM32F4 (config. liée par les applications F4)),49,12
src/kernel/dev/arch/cortexm/stm32f4xx/driverlib/stm32_hal_legacy.h,actif,rattaché par répertoire (src/kernel/dev/arch/cortexm/stm32f4xx/driverlib),1571,0
src/kernel/dev/arch/cortexm/stm32f4xx/driverlib/stm32f407xx.h,actif,inclus par dev_stm32f4xx_7.20/Debug (pilotes STM32F4 (config. liée par les applications F4)),6127,12
src/kernel/dev/arch/cortexm/stm32f4xx/driverlib/stm32f429xx.h,actif,déclaré par dev_stm32f4xx_7.20/Debug (pilotes STM32F4 (config. liée par les applications F4)),6912,12
src/kernel/dev/arch/cortexm/stm32f4xx/driverlib/stm32f469xx.h,actif,inclus par dev_stm32f4xx_7.20/Debug (pilotes STM32F4 (config. liée par les applications F4)),17934,12
src/kernel/dev/arch/cortexm/stm32f4xx/driverlib/stm32f4x7_eth.c,actif,déclaré par dev_stm32f4xx_7.20/Debug (pilotes STM32F4 (config. liée par les applications F4)),1344,3
src/kernel/dev/arch/cortexm/stm32f4xx/driverlib/stm32f4x7_eth.h,actif,déclaré par dev_stm32f4xx_7.20/Debug (pilotes STM32F4 (config. liée par les applications F4)),849,3
src/kernel/dev/arch/cortexm/stm32f4xx/driverlib/stm32f4x7_eth_conf_template.h,actif,déclaré par dev_stm32f4xx_7.20/Debug (pilotes STM32F4 (config. liée par les applications F4)),29,3
src/kernel/dev/arch/cortexm/stm32f4xx/driverlib/stm32f4xx.h,actif,déclaré par dev_stm32f4xx_7.20/Debug (pilotes STM32F4 (config. liée par les applications F4)),78,12
src/kernel/dev/arch/cortexm/stm32f4xx/driverlib/stm32f4xx_adc.c,actif,déclaré par dev_stm32f4xx_7.20/Debug (pilotes STM32F4 (config. liée par les applications F4)),518,3
src/kernel/dev/arch/cortexm/stm32f4xx/driverlib/stm32f4xx_adc.h,actif,déclaré par dev_stm32f4xx_7.20/Debug (pilotes STM32F4 (config. liée par les applications F4)),339,12
src/kernel/dev/arch/cortexm/stm32f4xx/driverlib/stm32f4xx_can.c,actif,déclaré par dev_stm32f4xx_7.20/Debug (pilotes STM32F4 (config. liée par les applications F4)),749,3
src/kernel/dev/arch/cortexm/stm32f4xx/driverlib/stm32f4xx_can.h,actif,déclaré par dev_stm32f4xx_7.20/Debug (pilotes STM32F4 (config. liée par les applications F4)),250,12
src/kernel/dev/arch/cortexm/stm32f4xx/driverlib/stm32f4xx_conf.h,actif,déclaré par dev_stm32f4xx_7.20/Debug (pilotes STM32F4 (config. liée par les applications F4)),35,12
src/kernel/dev/arch/cortexm/stm32f4xx/driverlib/stm32f4xx_crc.c,actif,déclaré par dev_stm32f4xx_7.20/Debug (pilotes STM32F4 (config. liée par les applications F4)),31,3
src/kernel/dev/arch/cortexm/stm32f4xx/driverlib/stm32f4xx_crc.h,actif,déclaré par dev_stm32f4xx_7.20/Debug (pilotes STM32F4 (config. liée par les applications F4)),16,12
src/kernel/dev/arch/cortexm/stm32f4xx/driverlib/stm32f4xx_cryp.c,différé,déclaré par dev_stm32f4xx_6.21/Debug (génération ancienne ou configuration Release (squelette)),226,1
src/kernel/dev/arch/cortexm/stm32f4xx/driverlib/stm32f4xx_cryp.h,actif,déclaré par dev_stm32f4xx_7.20/Debug (pilotes STM32F4 (config. liée par les applications F4)),158,12
src/kernel/dev/arch/cortexm/stm32f4xx/driverlib/stm32f4xx_cryp_aes.c,actif,déclaré par dev_stm32f4xx_7.20/Debug (pilotes STM32F4 (config. liée par les applications F4)),389,3
src/kernel/dev/arch/cortexm/stm32f4xx/driverlib/stm32f4xx_cryp_des.c,actif,déclaré par dev_stm32f4xx_7.20/Debug (pilotes STM32F4 (config. liée par les applications F4)),122,3
src/kernel/dev/arch/cortexm/stm32f4xx/driverlib/stm32f4xx_cryp_tdes.c,actif,déclaré par dev_stm32f4xx_7.20/Debug (pilotes STM32F4 (config. liée par les applications F4)),138,3
src/kernel/dev/arch/cortexm/stm32f4xx/driverlib/stm32f4xx_dac.c,actif,déclaré par dev_stm32f4xx_7.20/Debug (pilotes STM32F4 (config. liée par les applications F4)),203,3
src/kernel/dev/arch/cortexm/stm32f4xx/driverlib/stm32f4xx_dac.h,actif,déclaré par dev_stm32f4xx_7.20/Debug (pilotes STM32F4 (config. liée par les applications F4)),129,12
src/kernel/dev/arch/cortexm/stm32f4xx/driverlib/stm32f4xx_dbgmcu.c,actif,déclaré par dev_stm32f4xx_7.20/Debug (pilotes STM32F4 (config. liée par les applications F4)),49,3
src/kernel/dev/arch/cortexm/stm32f4xx/driverlib/stm32f4xx_dbgmcu.h,actif,déclaré par dev_stm32f4xx_7.20/Debug (pilotes STM32F4 (config. liée par les applications F4)),43,12
src/kernel/dev/arch/cortexm/stm32f4xx/driverlib/stm32f4xx_dcmi.c,actif,déclaré par dev_stm32f4xx_7.20/Debug (pilotes STM32F4 (config. liée par les applications F4)),178,3
src/kernel/dev/arch/cortexm/stm32f4xx/driverlib/stm32f4xx_dcmi.h,actif,déclaré par dev_stm32f4xx_7.20/Debug (pilotes STM32F4 (config. liée par les applications F4)),121,12
src/kernel/dev/arch/cortexm/stm32f4xx/driverlib/stm32f4xx_dma.c,actif,déclaré par dev_stm32f4xx_7.20/Debug (pilotes STM32F4 (config. liée par les applications F4)),424,3
src/kernel/dev/arch/cortexm/stm32f4xx/driverlib/stm32f4xx_dma.h,actif,déclaré par dev_stm32f4xx_7.20/Debug (pilotes STM32F4 (config. liée par les applications F4)),304,12
src/kernel/dev/arch/cortexm/stm32f4xx/driverlib/stm32f4xx_exti.c,actif,déclaré par dev_stm32f4xx_7.20/Debug (pilotes STM32F4 (config. liée par les applications F4)),96,3
src/kernel/dev/arch/cortexm/stm32f4xx/driverlib/stm32f4xx_exti.h,actif,déclaré par dev_stm32f4xx_7.20/Debug (pilotes STM32F4 (config. liée par les applications F4)),76,12
src/kernel/dev/arch/cortexm/stm32f4xx/driverlib/stm32f4xx_flash.c,actif,déclaré par dev_stm32f4xx_7.20/Debug (pilotes STM32F4 (config. liée par les applications F4)),364,3
src/kernel/dev/arch/cortexm/stm32f4xx/driverlib/stm32f4xx_flash.h,actif,déclaré par dev_stm32f4xx_7.20/Debug (pilotes STM32F4 (config. liée par les applications F4)),157,12
src/kernel/dev/arch/cortexm/stm32f4xx/driverlib/stm32f4xx_fsmc.c,différé,déclaré par dev_stm32f4xx_6.21/Debug (génération ancienne ou configuration Release (squelette)),484,1
src/kernel/dev/arch/cortexm/stm32f4xx/driverlib/stm32f4xx_fsmc.h,actif,déclaré par dev_stm32f4xx_7.20/Debug (pilotes STM32F4 (config. liée par les applications F4)),210,12
src/kernel/dev/arch/cortexm/stm32f4xx/driverlib/stm32f4xx_gpio.c,actif,déclaré par dev_stm32f4xx_7.20/Debug (pilotes STM32F4 (config. liée par les applications F4)),191,3
src/kernel/dev/arch/cortexm/stm32f4xx/driverlib/stm32f4xx_gpio.h,actif,déclaré par dev_stm32f4xx_7.20/Debug (pilotes STM32F4 (config. liée par les applications F4)),209,12
src/kernel/dev/arch/cortexm/stm32f4xx/driverlib/stm32f4xx_hal_def.h,actif,inclus par bsp-stm32f469i-eval/Debug (BSP STM32F4),91,2
src/kernel/dev/arch/cortexm/stm32f4xx/driverlib/stm32f4xx_hal_gpio.h,actif,rattaché par répertoire (src/kernel/dev/arch/cortexm/stm32f4xx/driverlib),91,0
src/kernel/dev/arch/cortexm/stm32f4xx/driverlib/stm32f4xx_hal_gpio_ex.h,actif,inclus par bsp-stm32f469i-eval/Debug (BSP STM32F4),516,2
src/kernel/dev/arch/cortexm/stm32f4xx/driverlib/stm32f4xx_hash.c,différé,déclaré par dev_stm32f4xx_6.21/Debug (génération ancienne ou configuration Release (squelette)),158,1
src/kernel/dev/arch/cortexm/stm32f4xx/driverlib/stm32f4xx_hash.h,actif,déclaré par dev_stm32f4xx_7.20/Debug (pilotes STM32F4 (config. liée par les applications F4)),90,12
src/kernel/dev/arch/cortexm/stm32f4xx/driverlib/stm32f4xx_hash_md5.c,actif,déclaré par dev_stm32f4xx_7.20/Debug (pilotes STM32F4 (config. liée par les applications F4)),147,3
src/kernel/dev/arch/cortexm/stm32f4xx/driverlib/stm32f4xx_hash_sha1.c,actif,déclaré par dev_stm32f4xx_7.20/Debug (pilotes STM32F4 (config. liée par les applications F4)),151,3
src/kernel/dev/arch/cortexm/stm32f4xx/driverlib/stm32f4xx_i2c.c,actif,déclaré par dev_stm32f4xx_7.20/Debug (pilotes STM32F4 (config. liée par les applications F4)),470,3
src/kernel/dev/arch/cortexm/stm32f4xx/driverlib/stm32f4xx_i2c.h,actif,déclaré par dev_stm32f4xx_7.20/Debug (pilotes STM32F4 (config. liée par les applications F4)),205,12
src/kernel/dev/arch/cortexm/stm32f4xx/driverlib/stm32f4xx_iwdg.c,actif,déclaré par dev_stm32f4xx_7.20/Debug (pilotes STM32F4 (config. liée par les applications F4)),40,3
src/kernel/dev/arch/cortexm/stm32f4xx/driverlib/stm32f4xx_iwdg.h,actif,déclaré par dev_stm32f4xx_7.20/Debug (pilotes STM32F4 (config. liée par les applications F4)),38,12
src/kernel/dev/arch/cortexm/stm32f4xx/driverlib/stm32f4xx_legacy.h,actif,déclaré par dev_stm32f4xx_7.20/Debug (pilotes STM32F4 (config. liée par les applications F4)),5359,12
src/kernel/dev/arch/cortexm/stm32f4xx/driverlib/stm32f4xx_pwr.c,actif,déclaré par dev_stm32f4xx_7.20/Debug (pilotes STM32F4 (config. liée par les applications F4)),119,3
src/kernel/dev/arch/cortexm/stm32f4xx/driverlib/stm32f4xx_pwr.h,actif,déclaré par dev_stm32f4xx_7.20/Debug (pilotes STM32F4 (config. liée par les applications F4)),54,12
src/kernel/dev/arch/cortexm/stm32f4xx/driverlib/stm32f4xx_rcc.c,actif,déclaré par dev_stm32f4xx_7.20/Debug (pilotes STM32F4 (config. liée par les applications F4)),524,3
src/kernel/dev/arch/cortexm/stm32f4xx/driverlib/stm32f4xx_rcc.h,actif,déclaré par dev_stm32f4xx_7.20/Debug (pilotes STM32F4 (config. liée par les applications F4)),314,12
src/kernel/dev/arch/cortexm/stm32f4xx/driverlib/stm32f4xx_rng.c,actif,déclaré par dev_stm32f4xx_7.20/Debug (pilotes STM32F4 (config. liée par les applications F4)),73,3
src/kernel/dev/arch/cortexm/stm32f4xx/driverlib/stm32f4xx_rng.h,actif,déclaré par dev_stm32f4xx_7.20/Debug (pilotes STM32F4 (config. liée par les applications F4)),30,12
src/kernel/dev/arch/cortexm/stm32f4xx/driverlib/stm32f4xx_rtc.c,actif,déclaré par dev_stm32f4xx_7.20/Debug (pilotes STM32F4 (config. liée par les applications F4)),1054,3
src/kernel/dev/arch/cortexm/stm32f4xx/driverlib/stm32f4xx_rtc.h,actif,déclaré par dev_stm32f4xx_7.20/Debug (pilotes STM32F4 (config. liée par les applications F4)),387,12
src/kernel/dev/arch/cortexm/stm32f4xx/driverlib/stm32f4xx_sdio.c,différé,déclaré par dev_stm32f4xx_6.21/Debug (génération ancienne ou configuration Release (squelette)),244,1
src/kernel/dev/arch/cortexm/stm32f4xx/driverlib/stm32f4xx_sdio.h,actif,déclaré par dev_stm32f4xx_7.20/Debug (pilotes STM32F4 (config. liée par les applications F4)),256,12
src/kernel/dev/arch/cortexm/stm32f4xx/driverlib/stm32f4xx_spi.c,actif,déclaré par dev_stm32f4xx_7.20/Debug (pilotes STM32F4 (config. liée par les applications F4)),390,3
src/kernel/dev/arch/cortexm/stm32f4xx/driverlib/stm32f4xx_spi.h,actif,déclaré par dev_stm32f4xx_7.20/Debug (pilotes STM32F4 (config. liée par les applications F4)),232,12
src/kernel/dev/arch/cortexm/stm32f4xx/driverlib/stm32f4xx_syscfg.c,actif,déclaré par dev_stm32f4xx_7.20/Debug (pilotes STM32F4 (config. liée par les applications F4)),51,3
src/kernel/dev/arch/cortexm/stm32f4xx/driverlib/stm32f4xx_syscfg.h,actif,déclaré par dev_stm32f4xx_7.20/Debug (pilotes STM32F4 (config. liée par les applications F4)),78,12
src/kernel/dev/arch/cortexm/stm32f4xx/driverlib/stm32f4xx_tim.c,actif,déclaré par dev_stm32f4xx_7.20/Debug (pilotes STM32F4 (config. liée par les applications F4)),1171,3
src/kernel/dev/arch/cortexm/stm32f4xx/driverlib/stm32f4xx_tim.h,actif,déclaré par dev_stm32f4xx_7.20/Debug (pilotes STM32F4 (config. liée par les applications F4)),593,12
src/kernel/dev/arch/cortexm/stm32f4xx/driverlib/stm32f4xx_usart.c,actif,déclaré par dev_stm32f4xx_7.20/Debug (pilotes STM32F4 (config. liée par les applications F4)),472,3
src/kernel/dev/arch/cortexm/stm32f4xx/driverlib/stm32f4xx_usart.h,actif,déclaré par dev_stm32f4xx_7.20/Debug (pilotes STM32F4 (config. liée par les applications F4)),170,12
src/kernel/dev/arch/cortexm/stm32f4xx/driverlib/stm32f4xx_wwdg.c,actif,déclaré par dev_stm32f4xx_7.20/Debug (pilotes STM32F4 (config. liée par les applications F4)),61,3
src/kernel/dev/arch/cortexm/stm32f4xx/driverlib/stm32f4xx_wwdg.h,actif,déclaré par dev_stm32f4xx_7.20/Debug (pilotes STM32F4 (config. liée par les applications F4)),28,12
src/kernel/dev/arch/cortexm/stm32f4xx/driverlib/system_stm32f4xx.h,actif,déclaré par dev_stm32f4xx_7.20/Debug (pilotes STM32F4 (config. liée par les applications F4)),12,12
src/kernel/dev/arch/cortexm/stm32f4xx/eth.c,actif,déclaré par dev_stm32f4xx_7.20/Debug (pilotes STM32F4 (config. liée par les applications F4)),269,3
src/kernel/dev/arch/cortexm/stm32f4xx/eth.h,actif,déclaré par dev_stm32f4xx_7.20/Debug (pilotes STM32F4 (config. liée par les applications F4)),23,3
src/kernel/dev/arch/cortexm/stm32f4xx/flash_if.c,actif,déclaré par dev_stm32f4xx_7.20/Debug (pilotes STM32F4 (config. liée par les applications F4)),182,2
src/kernel/dev/arch/cortexm/stm32f4xx/flash_if.h,actif,déclaré par dev_stm32f4xx_7.20/Debug (pilotes STM32F4 (config. liée par les applications F4)),51,2
src/kernel/dev/arch/cortexm/stm32f4xx/gpio.c,actif,déclaré par dev_stm32f4xx_7.20/Debug (pilotes STM32F4 (config. liée par les applications F4)),108,3
src/kernel/dev/arch/cortexm/stm32f4xx/gpio.h,actif,déclaré par dev_stm32f4xx_7.20/Debug (pilotes STM32F4 (config. liée par les applications F4)),52,7
src/kernel/dev/arch/cortexm/stm32f4xx/spi.c,actif,déclaré par dev_stm32f4xx_7.20/Debug (pilotes STM32F4 (config. liée par les applications F4)),89,3
src/kernel/dev/arch/cortexm/stm32f4xx/spi.h,actif,déclaré par dev_stm32f4xx_7.20/Debug (pilotes STM32F4 (config. liée par les applications F4)),26,7
src/kernel/dev/arch/cortexm/stm32f4xx/stm32f4x7_eth_conf.h,actif,déclaré par dev_stm32f4xx_7.20/Debug (pilotes STM32F4 (config. liée par les applications F4)),36,3
src/kernel/dev/arch/cortexm/stm32f4xx/types.h,actif,déclaré par dev_stm32f4xx_7.20/Debug (pilotes STM32F4 (config. liée par les applications F4)),27,7
src/kernel/dev/arch/cortexm/stm32f4xx/uart.c,actif,déclaré par dev_stm32f4xx_7.20/Debug (pilotes STM32F4 (config. liée par les applications F4)),312,3
src/kernel/dev/arch/cortexm/stm32f4xx/uart.h,actif,déclaré par dev_stm32f4xx_7.20/Debug (pilotes STM32F4 (config. liée par les applications F4)),56,7
src/kernel/dev/arch/cortexm/stm32f7xx/dev_stm32f7xx/dev_stm32f7xx_eth_x.c,actif,étape 6 : pilotes STM32F7 de Lepton,354,0
src/kernel/dev/arch/cortexm/stm32f7xx/dev_stm32f7xx/dev_stm32f7xx_eth_x.h,actif,étape 6 : pilotes STM32F7 de Lepton,33,0
src/kernel/dev/arch/cortexm/stm32f7xx/dev_stm32f7xx/dev_stm32f7xx_hal_tick.c,actif,étape 6 : pilotes STM32F7 de Lepton,15,0
src/kernel/dev/arch/cortexm/stm32f7xx/dev_stm32f7xx/dev_stm32f7xx_uart_x.c,actif,étape 6 : pilotes STM32F7 de Lepton,126,0
src/kernel/dev/arch/cortexm/stm32f7xx/dev_stm32f7xx/dev_stm32f7xx_uart_x.h,actif,étape 6 : pilotes STM32F7 de Lepton,26,0
src/kernel/dev/arch/cortexm/stm32f7xx/hal_driver/Inc/Legacy/stm32_hal_legacy.h,actif,"étape 6 : HAL STM32F7 liée (tiers, STM32CubeF7 v1.17.4)",3349,0
src/kernel/dev/arch/cortexm/stm32f7xx/hal_driver/Inc/Legacy/stm32f7xx_hal_can_legacy.h,actif,"étape 6 : HAL STM32F7 liée (tiers, STM32CubeF7 v1.17.4)",253,0
src/kernel/dev/arch/cortexm/stm32f7xx/hal_driver/Inc/Legacy/stm32f7xx_hal_eth_legacy.h,actif,"étape 6 : HAL STM32F7 liée (tiers, STM32CubeF7 v1.17.4)",835,0
src/kernel/dev/arch/cortexm/stm32f7xx/hal_driver/Inc/stm32_assert_template.h,actif,"étape 6 : HAL STM32F7 liée (tiers, STM32CubeF7 v1.17.4)",15,0
src/kernel/dev/arch/cortexm/stm32f7xx/hal_driver/Inc/stm32f7xx_hal.h,actif,"étape 6 : HAL STM32F7 liée (tiers, STM32CubeF7 v1.17.4)",115,0
src/kernel/dev/arch/cortexm/stm32f7xx/hal_driver/Inc/stm32f7xx_hal_adc.h,actif,"étape 6 : HAL STM32F7 liée (tiers, STM32CubeF7 v1.17.4)",387,0
src/kernel/dev/arch/cortexm/stm32f7xx/hal_driver/Inc/stm32f7xx_hal_adc_ex.h,actif,"étape 6 : HAL STM32F7 liée (tiers, STM32CubeF7 v1.17.4)",122,0
src/kernel/dev/arch/cortexm/stm32f7xx/hal_driver/Inc/stm32f7xx_hal_can.h,actif,"étape 6 : HAL STM32F7 liée (tiers, STM32CubeF7 v1.17.4)",356,0
src/kernel/dev/arch/cortexm/stm32f7xx/hal_driver/Inc/stm32f7xx_hal_cec.h,actif,"étape 6 : HAL STM32F7 liée (tiers, STM32CubeF7 v1.17.4)",222,0
src/kernel/dev/arch/cortexm/stm32f7xx/hal_driver/Inc/stm32f7xx_hal_conf_template.h,actif,"étape 6 : HAL STM32F7 liée (tiers, STM32CubeF7 v1.17.4)",315,0
src/kernel/dev/arch/cortexm/stm32f7xx/hal_driver/Inc/stm32f7xx_hal_cortex.h,actif,"étape 6 : HAL STM32F7 liée (tiers, STM32CubeF7 v1.17.4)",184,0
src/kernel/dev/arch/cortexm/stm32f7xx/hal_driver/Inc/stm32f7xx_hal_crc.h,actif,"étape 6 : HAL STM32F7 liée (tiers, STM32CubeF7 v1.17.4)",78,0
src/kernel/dev/arch/cortexm/stm32f7xx/hal_driver/Inc/stm32f7xx_hal_crc_ex.h,actif,"étape 6 : HAL STM32F7 liée (tiers, STM32CubeF7 v1.17.4)",28,0
src/kernel/dev/arch/cortexm/stm32f7xx/hal_driver/Inc/stm32f7xx_hal_cryp.h,actif,"étape 6 : HAL STM32F7 liée (tiers, STM32CubeF7 v1.17.4)",254,0
src/kernel/dev/arch/cortexm/stm32f7xx/hal_driver/Inc/stm32f7xx_hal_cryp_ex.h,actif,"étape 6 : HAL STM32F7 liée (tiers, STM32CubeF7 v1.17.4)",18,0
src/kernel/dev/arch/cortexm/stm32f7xx/hal_driver/Inc/stm32f7xx_hal_dac.h,actif,"étape 6 : HAL STM32F7 liée (tiers, STM32CubeF7 v1.17.4)",154,0
src/kernel/dev/arch/cortexm/stm32f7xx/hal_driver/Inc/stm32f7xx_hal_dac_ex.h,actif,"étape 6 : HAL STM32F7 liée (tiers, STM32CubeF7 v1.17.4)",82,0
src/kernel/dev/arch/cortexm/stm32f7xx/hal_driver/Inc/stm32f7xx_hal_dcmi.h,actif,"étape 6 : HAL STM32F7 liée (tiers, STM32CubeF7 v1.17.4)",225,0
src/kernel/dev/arch/cortexm/stm32f7xx/hal_driver/Inc/stm32f7xx_hal_dcmi_ex.h,actif,"étape 6 : HAL STM32F7 liée (tiers, STM32CubeF7 v1.17.4)",3,0
src/kernel/dev/arch/cortexm/stm32f7xx/hal_driver/Inc/stm32f7xx_hal_def.h,actif,"étape 6 : HAL STM32F7 liée (tiers, STM32CubeF7 v1.17.4)",115,0
src/kernel/dev/arch/cortexm/stm32f7xx/hal_driver/Inc/stm32f7xx_hal_dfsdm.h,actif,"étape 6 : HAL STM32F7 liée (tiers, STM32CubeF7 v1.17.4)",405,0
src/kernel/dev/arch/cortexm/stm32f7xx/hal_driver/Inc/stm32f7xx_hal_dma.h,actif,"étape 6 : HAL STM32F7 liée (tiers, STM32CubeF7 v1.17.4)",272,0
src/kernel/dev/arch/cortexm/stm32f7xx/hal_driver/Inc/stm32f7xx_hal_dma2d.h,actif,"étape 6 : HAL STM32F7 liée (tiers, STM32CubeF7 v1.17.4)",239,0
src/kernel/dev/arch/cortexm/stm32f7xx/hal_driver/Inc/stm32f7xx_hal_dma_ex.h,actif,"étape 6 : HAL STM32F7 liée (tiers, STM32CubeF7 v1.17.4)",67,0
src/kernel/dev/arch/cortexm/stm32f7xx/hal_driver/Inc/stm32f7xx_hal_dsi.h,actif,"étape 6 : HAL STM32F7 liée (tiers, STM32CubeF7 v1.17.4)",583,0
src/kernel/dev/arch/cortexm/stm32f7xx/hal_driver/Inc/stm32f7xx_hal_eth.h,actif,"étape 6 : HAL STM32F7 liée (tiers, STM32CubeF7 v1.17.4)",807,0
src/kernel/dev/arch/cortexm/stm32f7xx/hal_driver/Inc/stm32f7xx_hal_exti.h,actif,"étape 6 : HAL STM32F7 liée (tiers, STM32CubeF7 v1.17.4)",135,0
src/kernel/dev/arch/cortexm/stm32f7xx/hal_driver/Inc/stm32f7xx_hal_flash.h,actif,"étape 6 : HAL STM32F7 liée (tiers, STM32CubeF7 v1.17.4)",112,0
src/kernel/dev/arch/cortexm/stm32f7xx/hal_driver/Inc/stm32f7xx_hal_flash_ex.h,actif,"étape 6 : HAL STM32F7 liée (tiers, STM32CubeF7 v1.17.4)",320,0
src/kernel/dev/arch/cortexm/stm32f7xx/hal_driver/Inc/stm32f7xx_hal_gpio.h,actif,"étape 6 : HAL STM32F7 liée (tiers, STM32CubeF7 v1.17.4)",110,0
src/kernel/dev/arch/cortexm/stm32f7xx/hal_driver/Inc/stm32f7xx_hal_gpio_ex.h,actif,"étape 6 : HAL STM32F7 liée (tiers, STM32CubeF7 v1.17.4)",408,0
src/kernel/dev/arch/cortexm/stm32f7xx/hal_driver/Inc/stm32f7xx_hal_hash.h,actif,"étape 6 : HAL STM32F7 liée (tiers, STM32CubeF7 v1.17.4)",227,0
src/kernel/dev/arch/cortexm/stm32f7xx/hal_driver/Inc/stm32f7xx_hal_hash_ex.h,actif,"étape 6 : HAL STM32F7 liée (tiers, STM32CubeF7 v1.17.4)",64,0
src/kernel/dev/arch/cortexm/stm32f7xx/hal_driver/Inc/stm32f7xx_hal_hcd.h,actif,"étape 6 : HAL STM32F7 liée (tiers, STM32CubeF7 v1.17.4)",134,0
src/kernel/dev/arch/cortexm/stm32f7xx/hal_driver/Inc/stm32f7xx_hal_i2c.h,actif,"étape 6 : HAL STM32F7 liée (tiers, STM32CubeF7 v1.17.4)",326,0
src/kernel/dev/arch/cortexm/stm32f7xx/hal_driver/Inc/stm32f7xx_hal_i2c_ex.h,actif,"étape 6 : HAL STM32F7 liée (tiers, STM32CubeF7 v1.17.4)",87,0
src/kernel/dev/arch/cortexm/stm32f7xx/hal_driver/Inc/stm32f7xx_hal_i2s.h,actif,"étape 6 : HAL STM32F7 liée (tiers, STM32CubeF7 v1.17.4)",207,0
src/kernel/dev/arch/cortexm/stm32f7xx/hal_driver/Inc/stm32f7xx_hal_irda.h,actif,"étape 6 : HAL STM32F7 liée (tiers, STM32CubeF7 v1.17.4)",264,0
src/kernel/dev/arch/cortexm/stm32f7xx/hal_driver/Inc/stm32f7xx_hal_irda_ex.h,actif,"étape 6 : HAL STM32F7 liée (tiers, STM32CubeF7 v1.17.4)",231,0
src/kernel/dev/arch/cortexm/stm32f7xx/hal_driver/Inc/stm32f7xx_hal_iwdg.h,actif,"étape 6 : HAL STM32F7 liée (tiers, STM32CubeF7 v1.17.4)",48,0
src/kernel/dev/arch/cortexm/stm32f7xx/hal_driver/Inc/stm32f7xx_hal_jpeg.h,actif,"étape 6 : HAL STM32F7 liée (tiers, STM32CubeF7 v1.17.4)",199,0
src/kernel/dev/arch/cortexm/stm32f7xx/hal_driver/Inc/stm32f7xx_hal_lptim.h,actif,"étape 6 : HAL STM32F7 liée (tiers, STM32CubeF7 v1.17.4)",272,0
src/kernel/dev/arch/cortexm/stm32f7xx/hal_driver/Inc/stm32f7xx_hal_ltdc.h,actif,"étape 6 : HAL STM32F7 liée (tiers, STM32CubeF7 v1.17.4)",255,0
src/kernel/dev/arch/cortexm/stm32f7xx/hal_driver/Inc/stm32f7xx_hal_ltdc_ex.h,actif,"étape 6 : HAL STM32F7 liée (tiers, STM32CubeF7 v1.17.4)",15,0
src/kernel/dev/arch/cortexm/stm32f7xx/hal_driver/Inc/stm32f7xx_hal_mdios.h,actif,"étape 6 : HAL STM32F7 liée (tiers, STM32CubeF7 v1.17.4)",188,0
src/kernel/dev/arch/cortexm/stm32f7xx/hal_driver/Inc/stm32f7xx_hal_mmc.h,actif,"étape 6 : HAL STM32F7 liée (tiers, STM32CubeF7 v1.17.4)",244,0
src/kernel/dev/arch/cortexm/stm32f7xx/hal_driver/Inc/stm32f7xx_hal_nand.h,actif,"étape 6 : HAL STM32F7 liée (tiers, STM32CubeF7 v1.17.4)",147,0
src/kernel/dev/arch/cortexm/stm32f7xx/hal_driver/Inc/stm32f7xx_hal_nor.h,actif,"étape 6 : HAL STM32F7 liée (tiers, STM32CubeF7 v1.17.4)",122,0
src/kernel/dev/arch/cortexm/stm32f7xx/hal_driver/Inc/stm32f7xx_hal_pcd.h,actif,"étape 6 : HAL STM32F7 liée (tiers, STM32CubeF7 v1.17.4)",223,0
src/kernel/dev/arch/cortexm/stm32f7xx/hal_driver/Inc/stm32f7xx_hal_pcd_ex.h,actif,"étape 6 : HAL STM32F7 liée (tiers, STM32CubeF7 v1.17.4)",20,0
src/kernel/dev/arch/cortexm/stm32f7xx/hal_driver/Inc/stm32f7xx_hal_pwr.h,actif,"étape 6 : HAL STM32F7 liée (tiers, STM32CubeF7 v1.17.4)",100,0
src/kernel/dev/arch/cortexm/stm32f7xx/hal_driver/Inc/stm32f7xx_hal_pwr_ex.h,actif,"étape 6 : HAL STM32F7 liée (tiers, STM32CubeF7 v1.17.4)",82,0
src/kernel/dev/arch/cortexm/stm32f7xx/hal_driver/Inc/stm32f7xx_hal_qspi.h,actif,"étape 6 : HAL STM32F7 liée (tiers, STM32CubeF7 v1.17.4)",304,0
src/kernel/dev/arch/cortexm/stm32f7xx/hal_driver/Inc/stm32f7xx_hal_rcc.h,actif,"étape 6 : HAL STM32F7 liée (tiers, STM32CubeF7 v1.17.4)",407,0
src/kernel/dev/arch/cortexm/stm32f7xx/hal_driver/Inc/stm32f7xx_hal_rcc_ex.h,actif,"étape 6 : HAL STM32F7 liée (tiers, STM32CubeF7 v1.17.4)",2204,0
src/kernel/dev/arch/cortexm/stm32f7xx/hal_driver/Inc/stm32f7xx_hal_rng.h,actif,"étape 6 : HAL STM32F7 liée (tiers, STM32CubeF7 v1.17.4)",107,0
src/kernel/dev/arch/cortexm/stm32f7xx/hal_driver/Inc/stm32f7xx_hal_rtc.h,actif,"étape 6 : HAL STM32F7 liée (tiers, STM32CubeF7 v1.17.4)",339,0
src/kernel/dev/arch/cortexm/stm32f7xx/hal_driver/Inc/stm32f7xx_hal_rtc_ex.h,actif,"étape 6 : HAL STM32F7 liée (tiers, STM32CubeF7 v1.17.4)",301,0
src/kernel/dev/arch/cortexm/stm32f7xx/hal_driver/Inc/stm32f7xx_hal_sai.h,actif,"étape 6 : HAL STM32F7 liée (tiers, STM32CubeF7 v1.17.4)",337,0
src/kernel/dev/arch/cortexm/stm32f7xx/hal_driver/Inc/stm32f7xx_hal_sai_ex.h,actif,"étape 6 : HAL STM32F7 liée (tiers, STM32CubeF7 v1.17.4)",3,0
src/kernel/dev/arch/cortexm/stm32f7xx/hal_driver/Inc/stm32f7xx_hal_sd.h,actif,"étape 6 : HAL STM32F7 liée (tiers, STM32CubeF7 v1.17.4)",254,0
src/kernel/dev/arch/cortexm/stm32f7xx/hal_driver/Inc/stm32f7xx_hal_sdram.h,actif,"étape 6 : HAL STM32F7 liée (tiers, STM32CubeF7 v1.17.4)",98,0
src/kernel/dev/arch/cortexm/stm32f7xx/hal_driver/Inc/stm32f7xx_hal_smartcard.h,actif,"étape 6 : HAL STM32F7 liée (tiers, STM32CubeF7 v1.17.4)",391,0
src/kernel/dev/arch/cortexm/stm32f7xx/hal_driver/Inc/stm32f7xx_hal_smartcard_ex.h,actif,"étape 6 : HAL STM32F7 liée (tiers, STM32CubeF7 v1.17.4)",102,0
src/kernel/dev/arch/cortexm/stm32f7xx/hal_driver/Inc/stm32f7xx_hal_smbus.h,actif,"étape 6 : HAL STM32F7 liée (tiers, STM32CubeF7 v1.17.4)",299,0
src/kernel/dev/arch/cortexm/stm32f7xx/hal_driver/Inc/stm32f7xx_hal_spdifrx.h,actif,"étape 6 : HAL STM32F7 liée (tiers, STM32CubeF7 v1.17.4)",211,0
src/kernel/dev/arch/cortexm/stm32f7xx/hal_driver/Inc/stm32f7xx_hal_spi.h,actif,"étape 6 : HAL STM32F7 liée (tiers, STM32CubeF7 v1.17.4)",302,0
src/kernel/dev/arch/cortexm/stm32f7xx/hal_driver/Inc/stm32f7xx_hal_spi_ex.h,actif,"étape 6 : HAL STM32F7 liée (tiers, STM32CubeF7 v1.17.4)",11,0
src/kernel/dev/arch/cortexm/stm32f7xx/hal_driver/Inc/stm32f7xx_hal_sram.h,actif,"étape 6 : HAL STM32F7 liée (tiers, STM32CubeF7 v1.17.4)",90,0
src/kernel/dev/arch/cortexm/stm32f7xx/hal_driver/Inc/stm32f7xx_hal_tim.h,actif,"étape 6 : HAL STM32F7 liée (tiers, STM32CubeF7 v1.17.4)",1109,0
src/kernel/dev/arch/cortexm/stm32f7xx/hal_driver/Inc/stm32f7xx_hal_tim_ex.h,actif,"étape 6 : HAL STM32F7 liée (tiers, STM32CubeF7 v1.17.4)",121,0
src/kernel/dev/arch/cortexm/stm32f7xx/hal_driver/Inc/stm32f7xx_hal_uart.h,actif,"étape 6 : HAL STM32F7 liée (tiers, STM32CubeF7 v1.17.4)",517,0
src/kernel/dev/arch/cortexm/stm32f7xx/hal_driver/Inc/stm32f7xx_hal_uart_ex.h,actif,"étape 6 : HAL STM32F7 liée (tiers, STM32CubeF7 v1.17.4)",265,0
src/kernel/dev/arch/cortexm/stm32f7xx/hal_driver/Inc/stm32f7xx_hal_usart.h,actif,"étape 6 : HAL STM32F7 liée (tiers, STM32CubeF7 v1.17.4)",340,0
src/kernel/dev/arch/cortexm/stm32f7xx/hal_driver/Inc/stm32f7xx_hal_usart_ex.h,actif,"étape 6 : HAL STM32F7 liée (tiers, STM32CubeF7 v1.17.4)",56,0
src/kernel/dev/arch/cortexm/stm32f7xx/hal_driver/Inc/stm32f7xx_hal_wwdg.h,actif,"étape 6 : HAL STM32F7 liée (tiers, STM32CubeF7 v1.17.4)",72,0
src/kernel/dev/arch/cortexm/stm32f7xx/hal_driver/Inc/stm32f7xx_ll_adc.h,actif,"étape 6 : HAL STM32F7 liée (tiers, STM32CubeF7 v1.17.4)",1070,0
src/kernel/dev/arch/cortexm/stm32f7xx/hal_driver/Inc/stm32f7xx_ll_bus.h,actif,"étape 6 : HAL STM32F7 liée (tiers, STM32CubeF7 v1.17.4)",323,0
src/kernel/dev/arch/cortexm/stm32f7xx/hal_driver/Inc/stm32f7xx_ll_cortex.h,actif,"étape 6 : HAL STM32F7 liée (tiers, STM32CubeF7 v1.17.4)",191,0
src/kernel/dev/arch/cortexm/stm32f7xx/hal_driver/Inc/stm32f7xx_ll_crc.h,actif,"étape 6 : HAL STM32F7 liée (tiers, STM32CubeF7 v1.17.4)",111,0
src/kernel/dev/arch/cortexm/stm32f7xx/hal_driver/Inc/stm32f7xx_ll_dac.h,actif,"étape 6 : HAL STM32F7 liée (tiers, STM32CubeF7 v1.17.4)",325,0
src/kernel/dev/arch/cortexm/stm32f7xx/hal_driver/Inc/stm32f7xx_ll_dma.h,actif,"étape 6 : HAL STM32F7 liée (tiers, STM32CubeF7 v1.17.4)",748,0
src/kernel/dev/arch/cortexm/stm32f7xx/hal_driver/Inc/stm32f7xx_ll_dma2d.h,actif,"étape 6 : HAL STM32F7 liée (tiers, STM32CubeF7 v1.17.4)",606,0
src/kernel/dev/arch/cortexm/stm32f7xx/hal_driver/Inc/stm32f7xx_ll_exti.h,actif,"étape 6 : HAL STM32F7 liée (tiers, STM32CubeF7 v1.17.4)",166,0
src/kernel/dev/arch/cortexm/stm32f7xx/hal_driver/Inc/stm32f7xx_ll_fmc.h,actif,"étape 6 : HAL STM32F7 liée (tiers, STM32CubeF7 v1.17.4)",369,0
src/kernel/dev/arch/cortexm/stm32f7xx/hal_driver/Inc/stm32f7xx_ll_gpio.h,actif,"étape 6 : HAL STM32F7 liée (tiers, STM32CubeF7 v1.17.4)",189,0
src/kernel/dev/arch/cortexm/stm32f7xx/hal_driver/Inc/stm32f7xx_ll_i2c.h,actif,"étape 6 : HAL STM32F7 liée (tiers, STM32CubeF7 v1.17.4)",666,0
src/kernel/dev/arch/cortexm/stm32f7xx/hal_driver/Inc/stm32f7xx_ll_iwdg.h,actif,"étape 6 : HAL STM32F7 liée (tiers, STM32CubeF7 v1.17.4)",84,0
src/kernel/dev/arch/cortexm/stm32f7xx/hal_driver/Inc/stm32f7xx_ll_lptim.h,actif,"étape 6 : HAL STM32F7 liée (tiers, STM32CubeF7 v1.17.4)",384,0
src/kernel/dev/arch/cortexm/stm32f7xx/hal_driver/Inc/stm32f7xx_ll_pwr.h,actif,"étape 6 : HAL STM32F7 liée (tiers, STM32CubeF7 v1.17.4)",322,0
src/kernel/dev/arch/cortexm/stm32f7xx/hal_driver/Inc/stm32f7xx_ll_rcc.h,actif,"étape 6 : HAL STM32F7 liée (tiers, STM32CubeF7 v1.17.4)",1234,0
src/kernel/dev/arch/cortexm/stm32f7xx/hal_driver/Inc/stm32f7xx_ll_rng.h,actif,"étape 6 : HAL STM32F7 liée (tiers, STM32CubeF7 v1.17.4)",79,0
src/kernel/dev/arch/cortexm/stm32f7xx/hal_driver/Inc/stm32f7xx_ll_rtc.h,actif,"étape 6 : HAL STM32F7 liée (tiers, STM32CubeF7 v1.17.4)",1095,0
src/kernel/dev/arch/cortexm/stm32f7xx/hal_driver/Inc/stm32f7xx_ll_sdmmc.h,actif,"étape 6 : HAL STM32F7 liée (tiers, STM32CubeF7 v1.17.4)",401,0
src/kernel/dev/arch/cortexm/stm32f7xx/hal_driver/Inc/stm32f7xx_ll_spi.h,actif,"étape 6 : HAL STM32F7 liée (tiers, STM32CubeF7 v1.17.4)",669,0
src/kernel/dev/arch/cortexm/stm32f7xx/hal_driver/Inc/stm32f7xx_ll_system.h,actif,"étape 6 : HAL STM32F7 liée (tiers, STM32CubeF7 v1.17.4)",295,0
src/kernel/dev/arch/cortexm/stm32f7xx/hal_driver/Inc/stm32f7xx_ll_tim.h,actif,"étape 6 : HAL STM32F7 liée (tiers, STM32CubeF7 v1.17.4)",1372,0
src/kernel/dev/arch/cortexm/stm32f7xx/hal_driver/Inc/stm32f7xx_ll_usart.h,actif,"étape 6 : HAL STM32F7 liée (tiers, STM32CubeF7 v1.17.4)",1145,0
src/kernel/dev/arch/cortexm/stm32f7xx/hal_driver/Inc/stm32f7xx_ll_usb.h,actif,"étape 6 : HAL STM32F7 liée (tiers, STM32CubeF7 v1.17.4)",286,0
src/kernel/dev/arch/cortexm/stm32f7xx/hal_driver/Inc/stm32f7xx_ll_utils.h,actif,"étape 6 : HAL STM32F7 liée (tiers, STM32CubeF7 v1.17.4)",70,0
src/kernel/dev/arch/cortexm/stm32f7xx/hal_driver/Inc/stm32f7xx_ll_wwdg.h,actif,"étape 6 : HAL STM32F7 liée (tiers, STM32CubeF7 v1.17.4)",67,0
src/kernel/dev/arch/cortexm/stm32f7xx/hal_driver/Src/Legacy/stm32f7xx_hal_can.c,hors-projet,"étape 6 : HAL STM32F7 non liée à ce jour (tiers, STM32CubeF7 v1.17.4)",939,0
src/kernel/dev/arch/cortexm/stm32f7xx/hal_driver/Src/Legacy/stm32f7xx_hal_eth.c,hors-projet,"étape 6 : HAL STM32F7 non liée à ce jour (tiers, STM32CubeF7 v1.17.4)",1018,0
src/kernel/dev/arch/cortexm/stm32f7xx/hal_driver/Src/stm32f7xx_hal.c,hors-projet,"étape 6 : HAL STM32F7 non liée à ce jour (tiers, STM32CubeF7 v1.17.4)",191,0
src/kernel/dev/arch/cortexm/stm32f7xx/hal_driver/Src/stm32f7xx_hal_adc.c,hors-projet,"étape 6 : HAL STM32F7 non liée à ce jour (tiers, STM32CubeF7 v1.17.4)",866,0
src/kernel/dev/arch/cortexm/stm32f7xx/hal_driver/Src/stm32f7xx_hal_adc_ex.c,hors-projet,"étape 6 : HAL STM32F7 non liée à ce jour (tiers, STM32CubeF7 v1.17.4)",459,0
src/kernel/dev/arch/cortexm/stm32f7xx/hal_driver/Src/stm32f7xx_hal_can.c,hors-projet,"étape 6 : HAL STM32F7 non liée à ce jour (tiers, STM32CubeF7 v1.17.4)",1149,0
src/kernel/dev/arch/cortexm/stm32f7xx/hal_driver/Src/stm32f7xx_hal_cec.c,hors-projet,"étape 6 : HAL STM32F7 non liée à ce jour (tiers, STM32CubeF7 v1.17.4)",409,0
src/kernel/dev/arch/cortexm/stm32f7xx/hal_driver/Src/stm32f7xx_hal_cortex.c,actif,"étape 6 : HAL STM32F7 liée (tiers, STM32CubeF7 v1.17.4)",134,0
src/kernel/dev/arch/cortexm/stm32f7xx/hal_driver/Src/stm32f7xx_hal_crc.c,hors-projet,"étape 6 : HAL STM32F7 non liée à ce jour (tiers, STM32CubeF7 v1.17.4)",184,0
src/kernel/dev/arch/cortexm/stm32f7xx/hal_driver/Src/stm32f7xx_hal_crc_ex.c,hors-projet,"étape 6 : HAL STM32F7 non liée à ce jour (tiers, STM32CubeF7 v1.17.4)",67,0
src/kernel/dev/arch/cortexm/stm32f7xx/hal_driver/Src/stm32f7xx_hal_cryp.c,hors-projet,"étape 6 : HAL STM32F7 non liée à ce jour (tiers, STM32CubeF7 v1.17.4)",4252,0
src/kernel/dev/arch/cortexm/stm32f7xx/hal_driver/Src/stm32f7xx_hal_cryp_ex.c,hors-projet,"étape 6 : HAL STM32F7 non liée à ce jour (tiers, STM32CubeF7 v1.17.4)",387,0
src/kernel/dev/arch/cortexm/stm32f7xx/hal_driver/Src/stm32f7xx_hal_dac.c,hors-projet,"étape 6 : HAL STM32F7 non liée à ce jour (tiers, STM32CubeF7 v1.17.4)",515,0
src/kernel/dev/arch/cortexm/stm32f7xx/hal_driver/Src/stm32f7xx_hal_dac_ex.c,hors-projet,"étape 6 : HAL STM32F7 non liée à ce jour (tiers, STM32CubeF7 v1.17.4)",149,0
src/kernel/dev/arch/cortexm/stm32f7xx/hal_driver/Src/stm32f7xx_hal_dcmi.c,hors-projet,"étape 6 : HAL STM32F7 non liée à ce jour (tiers, STM32CubeF7 v1.17.4)",522,0
src/kernel/dev/arch/cortexm/stm32f7xx/hal_driver/Src/stm32f7xx_hal_dcmi_ex.c,hors-projet,"étape 6 : HAL STM32F7 non liée à ce jour (tiers, STM32CubeF7 v1.17.4)",1,0
src/kernel/dev/arch/cortexm/stm32f7xx/hal_driver/Src/stm32f7xx_hal_dfsdm.c,hors-projet,"étape 6 : HAL STM32F7 non liée à ce jour (tiers, STM32CubeF7 v1.17.4)",1790,0
src/kernel/dev/arch/cortexm/stm32f7xx/hal_driver/Src/stm32f7xx_hal_dma.c,hors-projet,"étape 6 : HAL STM32F7 non liée à ce jour (tiers, STM32CubeF7 v1.17.4)",632,0
src/kernel/dev/arch/cortexm/stm32f7xx/hal_driver/Src/stm32f7xx_hal_dma2d.c,hors-projet,"étape 6 : HAL STM32F7 non liée à ce jour (tiers, STM32CubeF7 v1.17.4)",912,0
src/kernel/dev/arch/cortexm/stm32f7xx/hal_driver/Src/stm32f7xx_hal_dma_ex.c,hors-projet,"étape 6 : HAL STM32F7 non liée à ce jour (tiers, STM32CubeF7 v1.17.4)",94,0
src/kernel/dev/arch/cortexm/stm32f7xx/hal_driver/Src/stm32f7xx_hal_dsi.c,hors-projet,"étape 6 : HAL STM32F7 non liée à ce jour (tiers, STM32CubeF7 v1.17.4)",1577,0
src/kernel/dev/arch/cortexm/stm32f7xx/hal_driver/Src/stm32f7xx_hal_eth.c,actif,"étape 6 : HAL STM32F7 liée (tiers, STM32CubeF7 v1.17.4)",1627,0
src/kernel/dev/arch/cortexm/stm32f7xx/hal_driver/Src/stm32f7xx_hal_exti.c,hors-projet,"étape 6 : HAL STM32F7 non liée à ce jour (tiers, STM32CubeF7 v1.17.4)",210,0
src/kernel/dev/arch/cortexm/stm32f7xx/hal_driver/Src/stm32f7xx_hal_flash.c,hors-projet,"étape 6 : HAL STM32F7 non liée à ce jour (tiers, STM32CubeF7 v1.17.4)",323,0
src/kernel/dev/arch/cortexm/stm32f7xx/hal_driver/Src/stm32f7xx_hal_flash_ex.c,hors-projet,"étape 6 : HAL STM32F7 non liée à ce jour (tiers, STM32CubeF7 v1.17.4)",456,0
src/kernel/dev/arch/cortexm/stm32f7xx/hal_driver/Src/stm32f7xx_hal_gpio.c,actif,"étape 6 : HAL STM32F7 liée (tiers, STM32CubeF7 v1.17.4)",186,0
src/kernel/dev/arch/cortexm/stm32f7xx/hal_driver/Src/stm32f7xx_hal_hash.c,hors-projet,"étape 6 : HAL STM32F7 non liée à ce jour (tiers, STM32CubeF7 v1.17.4)",1501,0
src/kernel/dev/arch/cortexm/stm32f7xx/hal_driver/Src/stm32f7xx_hal_hash_ex.c,hors-projet,"étape 6 : HAL STM32F7 non liée à ce jour (tiers, STM32CubeF7 v1.17.4)",183,0
src/kernel/dev/arch/cortexm/stm32f7xx/hal_driver/Src/stm32f7xx_hal_hcd.c,hors-projet,"étape 6 : HAL STM32F7 non liée à ce jour (tiers, STM32CubeF7 v1.17.4)",1206,0
src/kernel/dev/arch/cortexm/stm32f7xx/hal_driver/Src/stm32f7xx_hal_i2c.c,hors-projet,"étape 6 : HAL STM32F7 non liée à ce jour (tiers, STM32CubeF7 v1.17.4)",4074,0
src/kernel/dev/arch/cortexm/stm32f7xx/hal_driver/Src/stm32f7xx_hal_i2c_ex.c,hors-projet,"étape 6 : HAL STM32F7 non liée à ce jour (tiers, STM32CubeF7 v1.17.4)",62,0
src/kernel/dev/arch/cortexm/stm32f7xx/hal_driver/Src/stm32f7xx_hal_i2s.c,hors-projet,"étape 6 : HAL STM32F7 non liée à ce jour (tiers, STM32CubeF7 v1.17.4)",884,0
src/kernel/dev/arch/cortexm/stm32f7xx/hal_driver/Src/stm32f7xx_hal_irda.c,hors-projet,"étape 6 : HAL STM32F7 non liée à ce jour (tiers, STM32CubeF7 v1.17.4)",1316,0
src/kernel/dev/arch/cortexm/stm32f7xx/hal_driver/Src/stm32f7xx_hal_iwdg.c,hors-projet,"étape 6 : HAL STM32F7 non liée à ce jour (tiers, STM32CubeF7 v1.17.4)",47,0
src/kernel/dev/arch/cortexm/stm32f7xx/hal_driver/Src/stm32f7xx_hal_jpeg.c,hors-projet,"étape 6 : HAL STM32F7 non liée à ce jour (tiers, STM32CubeF7 v1.17.4)",2285,0
src/kernel/dev/arch/cortexm/stm32f7xx/hal_driver/Src/stm32f7xx_hal_lptim.c,hors-projet,"étape 6 : HAL STM32F7 non liée à ce jour (tiers, STM32CubeF7 v1.17.4)",1022,0
src/kernel/dev/arch/cortexm/stm32f7xx/hal_driver/Src/stm32f7xx_hal_ltdc.c,hors-projet,"étape 6 : HAL STM32F7 non liée à ce jour (tiers, STM32CubeF7 v1.17.4)",807,0
src/kernel/dev/arch/cortexm/stm32f7xx/hal_driver/Src/stm32f7xx_hal_ltdc_ex.c,hors-projet,"étape 6 : HAL STM32F7 non liée à ce jour (tiers, STM32CubeF7 v1.17.4)",39,0
src/kernel/dev/arch/cortexm/stm32f7xx/hal_driver/Src/stm32f7xx_hal_mdios.c,hors-projet,"étape 6 : HAL STM32F7 non liée à ce jour (tiers, STM32CubeF7 v1.17.4)",320,0
src/kernel/dev/arch/cortexm/stm32f7xx/hal_driver/Src/stm32f7xx_hal_mmc.c,hors-projet,"étape 6 : HAL STM32F7 non liée à ce jour (tiers, STM32CubeF7 v1.17.4)",1837,0
src/kernel/dev/arch/cortexm/stm32f7xx/hal_driver/Src/stm32f7xx_hal_msp_template.c,hors-projet,"étape 6 : HAL STM32F7 non liée à ce jour (tiers, STM32CubeF7 v1.17.4)",13,0
src/kernel/dev/arch/cortexm/stm32f7xx/hal_driver/Src/stm32f7xx_hal_nand.c,hors-projet,"étape 6 : HAL STM32F7 non liée à ce jour (tiers, STM32CubeF7 v1.17.4)",1295,0
src/kernel/dev/arch/cortexm/stm32f7xx/hal_driver/Src/stm32f7xx_hal_nor.c,hors-projet,"étape 6 : HAL STM32F7 non liée à ce jour (tiers, STM32CubeF7 v1.17.4)",961,0
src/kernel/dev/arch/cortexm/stm32f7xx/hal_driver/Src/stm32f7xx_hal_pcd.c,hors-projet,"étape 6 : HAL STM32F7 non liée à ce jour (tiers, STM32CubeF7 v1.17.4)",1269,0
src/kernel/dev/arch/cortexm/stm32f7xx/hal_driver/Src/stm32f7xx_hal_pcd_ex.c,hors-projet,"étape 6 : HAL STM32F7 non liée à ce jour (tiers, STM32CubeF7 v1.17.4)",59,0
src/kernel/dev/arch/cortexm/stm32f7xx/hal_driver/Src/stm32f7xx_hal_pwr.c,hors-projet,"étape 6 : HAL STM32F7 non liée à ce jour (tiers, STM32CubeF7 v1.17.4)",145,0
src/kernel/dev/arch/cortexm/stm32f7xx/hal_driver/Src/stm32f7xx_hal_pwr_ex.c,hors-projet,"étape 6 : HAL STM32F7 non liée à ce jour (tiers, STM32CubeF7 v1.17.4)",187,0
src/kernel/dev/arch/cortexm/stm32f7xx/hal_driver/Src/stm32f7xx_hal_qspi.c,hors-projet,"étape 6 : HAL STM32F7 non liée à ce jour (tiers, STM32CubeF7 v1.17.4)",1464,0
src/kernel/dev/arch/cortexm/stm32f7xx/hal_driver/Src/stm32f7xx_hal_rcc.c,actif,"étape 6 : HAL STM32F7 liée (tiers, STM32CubeF7 v1.17.4)",596,0
src/kernel/dev/arch/cortexm/stm32f7xx/hal_driver/Src/stm32f7xx_hal_rcc_ex.c,hors-projet,"étape 6 : HAL STM32F7 non liée à ce jour (tiers, STM32CubeF7 v1.17.4)",905,0
src/kernel/dev/arch/cortexm/stm32f7xx/hal_driver/Src/stm32f7xx_hal_rng.c,hors-projet,"étape 6 : HAL STM32F7 non liée à ce jour (tiers, STM32CubeF7 v1.17.4)",339,0
src/kernel/dev/arch/cortexm/stm32f7xx/hal_driver/Src/stm32f7xx_hal_rtc.c,hors-projet,"étape 6 : HAL STM32F7 non liée à ce jour (tiers, STM32CubeF7 v1.17.4)",872,0
src/kernel/dev/arch/cortexm/stm32f7xx/hal_driver/Src/stm32f7xx_hal_rtc_ex.c,hors-projet,"étape 6 : HAL STM32F7 non liée à ce jour (tiers, STM32CubeF7 v1.17.4)",861,0
src/kernel/dev/arch/cortexm/stm32f7xx/hal_driver/Src/stm32f7xx_hal_sai.c,hors-projet,"étape 6 : HAL STM32F7 non liée à ce jour (tiers, STM32CubeF7 v1.17.4)",1373,0
src/kernel/dev/arch/cortexm/stm32f7xx/hal_driver/Src/stm32f7xx_hal_sai_ex.c,hors-projet,"étape 6 : HAL STM32F7 non liée à ce jour (tiers, STM32CubeF7 v1.17.4)",1,0
src/kernel/dev/arch/cortexm/stm32f7xx/hal_driver/Src/stm32f7xx_hal_sd.c,hors-projet,"étape 6 : HAL STM32F7 non liée à ce jour (tiers, STM32CubeF7 v1.17.4)",1887,0
src/kernel/dev/arch/cortexm/stm32f7xx/hal_driver/Src/stm32f7xx_hal_sdram.c,hors-projet,"étape 6 : HAL STM32F7 non liée à ce jour (tiers, STM32CubeF7 v1.17.4)",600,0
src/kernel/dev/arch/cortexm/stm32f7xx/hal_driver/Src/stm32f7xx_hal_smartcard.c,hors-projet,"étape 6 : HAL STM32F7 non liée à ce jour (tiers, STM32CubeF7 v1.17.4)",1365,0
src/kernel/dev/arch/cortexm/stm32f7xx/hal_driver/Src/stm32f7xx_hal_smartcard_ex.c,hors-projet,"étape 6 : HAL STM32F7 non liée à ce jour (tiers, STM32CubeF7 v1.17.4)",44,0
src/kernel/dev/arch/cortexm/stm32f7xx/hal_driver/Src/stm32f7xx_hal_smbus.c,hors-projet,"étape 6 : HAL STM32F7 non liée à ce jour (tiers, STM32CubeF7 v1.17.4)",1379,0
src/kernel/dev/arch/cortexm/stm32f7xx/hal_driver/Src/stm32f7xx_hal_spdifrx.c,hors-projet,"étape 6 : HAL STM32F7 non liée à ce jour (tiers, STM32CubeF7 v1.17.4)",745,0
src/kernel/dev/arch/cortexm/stm32f7xx/hal_driver/Src/stm32f7xx_hal_spi.c,hors-projet,"étape 6 : HAL STM32F7 non liée à ce jour (tiers, STM32CubeF7 v1.17.4)",2640,0
src/kernel/dev/arch/cortexm/stm32f7xx/hal_driver/Src/stm32f7xx_hal_spi_ex.c,hors-projet,"étape 6 : HAL STM32F7 non liée à ce jour (tiers, STM32CubeF7 v1.17.4)",20,0
src/kernel/dev/arch/cortexm/stm32f7xx/hal_driver/Src/stm32f7xx_hal_sram.c,hors-projet,"étape 6 : HAL STM32F7 non liée à ce jour (tiers, STM32CubeF7 v1.17.4)",465,0
src/kernel/dev/arch/cortexm/stm32f7xx/hal_driver/Src/stm32f7xx_hal_tim.c,hors-projet,"étape 6 : HAL STM32F7 non liée à ce jour (tiers, STM32CubeF7 v1.17.4)",4082,0
src/kernel/dev/arch/cortexm/stm32f7xx/hal_driver/Src/stm32f7xx_hal_tim_ex.c,hors-projet,"étape 6 : HAL STM32F7 non liée à ce jour (tiers, STM32CubeF7 v1.17.4)",1193,0
src/kernel/dev/arch/cortexm/stm32f7xx/hal_driver/Src/stm32f7xx_hal_timebase_rtc_alarm_template.c,hors-projet,"étape 6 : HAL STM32F7 non liée à ce jour (tiers, STM32CubeF7 v1.17.4)",141,0
src/kernel/dev/arch/cortexm/stm32f7xx/hal_driver/Src/stm32f7xx_hal_timebase_rtc_wakeup_template.c,hors-projet,"étape 6 : HAL STM32F7 non liée à ce jour (tiers, STM32CubeF7 v1.17.4)",112,0
src/kernel/dev/arch/cortexm/stm32f7xx/hal_driver/Src/stm32f7xx_hal_timebase_tim_template.c,hors-projet,"étape 6 : HAL STM32F7 non liée à ce jour (tiers, STM32CubeF7 v1.17.4)",64,0
src/kernel/dev/arch/cortexm/stm32f7xx/hal_driver/Src/stm32f7xx_hal_uart.c,hors-projet,"étape 6 : HAL STM32F7 non liée à ce jour (tiers, STM32CubeF7 v1.17.4)",1997,0
src/kernel/dev/arch/cortexm/stm32f7xx/hal_driver/Src/stm32f7xx_hal_uart_ex.c,hors-projet,"étape 6 : HAL STM32F7 non liée à ce jour (tiers, STM32CubeF7 v1.17.4)",273,0
src/kernel/dev/arch/cortexm/stm32f7xx/hal_driver/Src/stm32f7xx_hal_usart.c,hors-projet,"étape 6 : HAL STM32F7 non liée à ce jour (tiers, STM32CubeF7 v1.17.4)",1589,0
src/kernel/dev/arch/cortexm/stm32f7xx/hal_driver/Src/stm32f7xx_hal_wwdg.c,hors-projet,"étape 6 : HAL STM32F7 non liée à ce jour (tiers, STM32CubeF7 v1.17.4)",103,0
src/kernel/dev/arch/cortexm/stm32f7xx/hal_driver/Src/stm32f7xx_ll_adc.c,hors-projet,"étape 6 : HAL STM32F7 non liée à ce jour (tiers, STM32CubeF7 v1.17.4)",478,0
src/kernel/dev/arch/cortexm/stm32f7xx/hal_driver/Src/stm32f7xx_ll_crc.c,hors-projet,"étape 6 : HAL STM32F7 non liée à ce jour (tiers, STM32CubeF7 v1.17.4)",26,0
src/kernel/dev/arch/cortexm/stm32f7xx/hal_driver/Src/stm32f7xx_ll_dac.c,hors-projet,"étape 6 : HAL STM32F7 non liée à ce jour (tiers, STM32CubeF7 v1.17.4)",130,0
src/kernel/dev/arch/cortexm/stm32f7xx/hal_driver/Src/stm32f7xx_ll_dma.c,hors-projet,"étape 6 : HAL STM32F7 non liée à ce jour (tiers, STM32CubeF7 v1.17.4)",222,0
src/kernel/dev/arch/cortexm/stm32f7xx/hal_driver/Src/stm32f7xx_ll_dma2d.c,hors-projet,"étape 6 : HAL STM32F7 non liée à ce jour (tiers, STM32CubeF7 v1.17.4)",366,0
src/kernel/dev/arch/cortexm/stm32f7xx/hal_driver/Src/stm32f7xx_ll_exti.c,hors-projet,"étape 6 : HAL STM32F7 non liée à ce jour (tiers, STM32CubeF7 v1.17.4)",94,0
src/kernel/dev/arch/cortexm/stm32f7xx/hal_driver/Src/stm32f7xx_ll_fmc.c,hors-projet,"étape 6 : HAL STM32F7 non liée à ce jour (tiers, STM32CubeF7 v1.17.4)",447,0
src/kernel/dev/arch/cortexm/stm32f7xx/hal_driver/Src/stm32f7xx_ll_gpio.c,hors-projet,"étape 6 : HAL STM32F7 non liée à ce jour (tiers, STM32CubeF7 v1.17.4)",171,0
src/kernel/dev/arch/cortexm/stm32f7xx/hal_driver/Src/stm32f7xx_ll_i2c.c,hors-projet,"étape 6 : HAL STM32F7 non liée à ce jour (tiers, STM32CubeF7 v1.17.4)",88,0
src/kernel/dev/arch/cortexm/stm32f7xx/hal_driver/Src/stm32f7xx_ll_lptim.c,hors-projet,"étape 6 : HAL STM32F7 non liée à ce jour (tiers, STM32CubeF7 v1.17.4)",135,0
src/kernel/dev/arch/cortexm/stm32f7xx/hal_driver/Src/stm32f7xx_ll_pwr.c,hors-projet,"étape 6 : HAL STM32F7 non liée à ce jour (tiers, STM32CubeF7 v1.17.4)",13,0
src/kernel/dev/arch/cortexm/stm32f7xx/hal_driver/Src/stm32f7xx_ll_rcc.c,hors-projet,"étape 6 : HAL STM32F7 non liée à ce jour (tiers, STM32CubeF7 v1.17.4)",985,0
src/kernel/dev/arch/cortexm/stm32f7xx/hal_driver/Src/stm32f7xx_ll_rng.c,hors-projet,"étape 6 : HAL STM32F7 non liée à ce jour (tiers, STM32CubeF7 v1.17.4)",26,0
src/kernel/dev/arch/cortexm/stm32f7xx/hal_driver/Src/stm32f7xx_ll_rtc.c,hors-projet,"étape 6 : HAL STM32F7 non liée à ce jour (tiers, STM32CubeF7 v1.17.4)",472,0
src/kernel/dev/arch/cortexm/stm32f7xx/hal_driver/Src/stm32f7xx_ll_sdmmc.c,hors-projet,"étape 6 : HAL STM32F7 non liée à ce jour (tiers, STM32CubeF7 v1.17.4)",720,0
src/kernel/dev/arch/cortexm/stm32f7xx/hal_driver/Src/stm32f7xx_ll_spi.c,hors-projet,"étape 6 : HAL STM32F7 non liée à ce jour (tiers, STM32CubeF7 v1.17.4)",260,0
src/kernel/dev/arch/cortexm/stm32f7xx/hal_driver/Src/stm32f7xx_ll_tim.c,hors-projet,"étape 6 : HAL STM32F7 non liée à ce jour (tiers, STM32CubeF7 v1.17.4)",717,0
src/kernel/dev/arch/cortexm/stm32f7xx/hal_driver/Src/stm32f7xx_ll_usart.c,hors-projet,"étape 6 : HAL STM32F7 non liée à ce jour (tiers, STM32CubeF7 v1.17.4)",209,0
src/kernel/dev/arch/cortexm/stm32f7xx/hal_driver/Src/stm32f7xx_ll_usb.c,hors-projet,"étape 6 : HAL STM32F7 non liée à ce jour (tiers, STM32CubeF7 v1.17.4)",1507,0
src/kernel/dev/arch/cortexm/stm32f7xx/hal_driver/Src/stm32f7xx_ll_utils.c,hors-projet,"étape 6 : HAL STM32F7 non liée à ce jour (tiers, STM32CubeF7 v1.17.4)",401,0
src/kernel/dev/arch/cortexm/stm32wlxx/Utilities/Fonts/font12.c,différé,"règle de répertoire : STM32WL55 Nucleo, carte non listée (à décider)",1149,0
src/kernel/dev/arch/cortexm/stm32wlxx/Utilities/Fonts/font16.c,différé,"règle de répertoire : STM32WL55 Nucleo, carte non listée (à décider)",1529,0
src/kernel/dev/arch/cortexm/stm32wlxx/Utilities/Fonts/font20.c,différé,"règle de répertoire : STM32WL55 Nucleo, carte non listée (à décider)",1909,0
src/kernel/dev/arch/cortexm/stm32wlxx/Utilities/Fonts/font24.c,différé,"règle de répertoire : STM32WL55 Nucleo, carte non listée (à décider)",2289,0
src/kernel/dev/arch/cortexm/stm32wlxx/Utilities/Fonts/font8.c,différé,"règle de répertoire : STM32WL55 Nucleo, carte non listée (à décider)",769,0
src/kernel/dev/arch/cortexm/stm32wlxx/Utilities/Fonts/fonts.h,différé,"règle de répertoire : STM32WL55 Nucleo, carte non listée (à décider)",21,0
src/kernel/dev/arch/cortexm/stm32wlxx/Utilities/conf/utilities_conf_template.h,différé,"règle de répertoire : STM32WL55 Nucleo, carte non listée (à décider)",53,0
src/kernel/dev/arch/cortexm/stm32wlxx/Utilities/lcd/stm32_lcd.c,différé,"règle de répertoire : STM32WL55 Nucleo, carte non listée (à décider)",663,0
src/kernel/dev/arch/cortexm/stm32wlxx/Utilities/lcd/stm32_lcd.h,différé,"règle de répertoire : STM32WL55 Nucleo, carte non listée (à décider)",103,0
src/kernel/dev/arch/cortexm/stm32wlxx/Utilities/lpm/tiny_lpm/stm32_lpm.c,différé,"règle de répertoire : STM32WL55 Nucleo, carte non listée (à décider)",118,0
src/kernel/dev/arch/cortexm/stm32wlxx/Utilities/lpm/tiny_lpm/stm32_lpm.h,différé,"règle de répertoire : STM32WL55 Nucleo, carte non listée (à décider)",38,0
src/kernel/dev/arch/cortexm/stm32wlxx/Utilities/lpm/tiny_lpm/stm32_lpm_if_template.c,différé,"règle de répertoire : STM32WL55 Nucleo, carte non listée (à décider)",29,0
src/kernel/dev/arch/cortexm/stm32wlxx/Utilities/lpm/tiny_lpm/stm32_lpm_if_template.h,différé,"règle de répertoire : STM32WL55 Nucleo, carte non listée (à décider)",15,0
src/kernel/dev/arch/cortexm/stm32wlxx/Utilities/misc/stm32_mem.c,actif,étape 6 : utilitaires STM32CubeWL liés (tiers),29,2
src/kernel/dev/arch/cortexm/stm32wlxx/Utilities/misc/stm32_mem.h,actif,étape 6 : utilitaires STM32CubeWL liés (tiers),17,2
src/kernel/dev/arch/cortexm/stm32wlxx/Utilities/misc/stm32_systime.c,différé,"règle de répertoire : STM32WL55 Nucleo, carte non listée (à décider)",249,0
src/kernel/dev/arch/cortexm/stm32wlxx/Utilities/misc/stm32_systime.h,différé,rattaché par répertoire (src/kernel/dev/arch/cortexm/stm32wlxx/Utilities/misc),62,0
src/kernel/dev/arch/cortexm/stm32wlxx/Utilities/misc/stm32_systime_if_template.c,différé,"règle de répertoire : STM32WL55 Nucleo, carte non listée (à décider)",28,0
src/kernel/dev/arch/cortexm/stm32wlxx/Utilities/misc/stm32_systime_if_template.h,différé,rattaché par répertoire (src/kernel/dev/arch/cortexm/stm32wlxx/Utilities/misc),15,0
src/kernel/dev/arch/cortexm/stm32wlxx/Utilities/misc/stm32_tiny_sscanf.c,différé,"règle de répertoire : STM32WL55 Nucleo, carte non listée (à décider)",705,0
src/kernel/dev/arch/cortexm/stm32wlxx/Utilities/misc/stm32_tiny_sscanf.h,différé,rattaché par répertoire (src/kernel/dev/arch/cortexm/stm32wlxx/Utilities/misc),11,0
src/kernel/dev/arch/cortexm/stm32wlxx/Utilities/misc/stm32_tiny_vsnprintf.c,différé,"règle de répertoire : STM32WL55 Nucleo, carte non listée (à décider)",537,0
src/kernel/dev/arch/cortexm/stm32wlxx/Utilities/misc/stm32_tiny_vsnprintf.h,différé,"inclus par dev_stm32wlxx_8.40/Debug (STM32WL55 Nucleo, carte non listée (à décider))",13,2
src/kernel/dev/arch/cortexm/stm32wlxx/Utilities/sequencer/stm32_seq.c,différé,"règle de répertoire : STM32WL55 Nucleo, carte non listée (à décider)",246,0
src/kernel/dev/arch/cortexm/stm32wlxx/Utilities/sequencer/stm32_seq.h,différé,"règle de répertoire : STM32WL55 Nucleo, carte non listée (à décider)",38,0
src/kernel/dev/arch/cortexm/stm32wlxx/Utilities/timer/stm32_timer.c,différé,"règle de répertoire : STM32WL55 Nucleo, carte non listée (à décider)",348,0
src/kernel/dev/arch/cortexm/stm32wlxx/Utilities/timer/stm32_timer.h,actif,étape 6 : utilitaires STM32CubeWL liés (tiers),65,2
src/kernel/dev/arch/cortexm/stm32wlxx/Utilities/timer/stm32_timer_if_template.c,différé,"règle de répertoire : STM32WL55 Nucleo, carte non listée (à décider)",63,0
src/kernel/dev/arch/cortexm/stm32wlxx/Utilities/timer/stm32_timer_if_template.h,différé,rattaché par répertoire (src/kernel/dev/arch/cortexm/stm32wlxx/Utilities/timer),22,0
src/kernel/dev/arch/cortexm/stm32wlxx/Utilities/trace/adv_trace/stm32_adv_trace.c,différé,"règle de répertoire : STM32WL55 Nucleo, carte non listée (à décider)",560,0
src/kernel/dev/arch/cortexm/stm32wlxx/Utilities/trace/adv_trace/stm32_adv_trace.h,actif,étape 6 : utilitaires STM32CubeWL liés (tiers),56,2
src/kernel/dev/arch/cortexm/stm32wlxx/Utilities/trace/adv_trace/stm32_adv_trace_if_template.c,différé,"règle de répertoire : STM32WL55 Nucleo, carte non listée (à décider)",25,0
src/kernel/dev/arch/cortexm/stm32wlxx/Utilities/trace/adv_trace/stm32_adv_trace_if_template.h,différé,rattaché par répertoire (src/kernel/dev/arch/cortexm/stm32wlxx/Utilities/trace/adv_trace),14,0
src/kernel/dev/arch/cortexm/stm32wlxx/cubemx_hal_driver/inc/Legacy/stm32_hal_legacy.h,actif,"étape 6 : HAL STM32WL liée (tiers, STM32CubeWL, HAL V1.3.0)",3030,5
src/kernel/dev/arch/cortexm/stm32wlxx/cubemx_hal_driver/inc/stm32_assert_template.h,actif,"étape 6 : HAL STM32WL liée (tiers, STM32CubeWL, HAL V1.3.0)",15,0
src/kernel/dev/arch/cortexm/stm32wlxx/cubemx_hal_driver/inc/stm32wlxx_hal.h,actif,"étape 6 : HAL STM32WL liée (tiers, STM32CubeWL, HAL V1.3.0)",421,5
src/kernel/dev/arch/cortexm/stm32wlxx/cubemx_hal_driver/inc/stm32wlxx_hal_adc.h,actif,"étape 6 : HAL STM32WL liée (tiers, STM32CubeWL, HAL V1.3.0)",486,5
src/kernel/dev/arch/cortexm/stm32wlxx/cubemx_hal_driver/inc/stm32wlxx_hal_adc_ex.h,actif,"étape 6 : HAL STM32WL liée (tiers, STM32CubeWL, HAL V1.3.0)",40,5
src/kernel/dev/arch/cortexm/stm32wlxx/cubemx_hal_driver/inc/stm32wlxx_hal_comp.h,actif,"étape 6 : HAL STM32WL liée (tiers, STM32CubeWL, HAL V1.3.0)",234,5
src/kernel/dev/arch/cortexm/stm32wlxx/cubemx_hal_driver/inc/stm32wlxx_hal_conf_template.h,actif,"étape 6 : HAL STM32WL liée (tiers, STM32CubeWL, HAL V1.3.0)",191,0
src/kernel/dev/arch/cortexm/stm32wlxx/cubemx_hal_driver/inc/stm32wlxx_hal_cortex.h,actif,"étape 6 : HAL STM32WL liée (tiers, STM32CubeWL, HAL V1.3.0)",227,5
src/kernel/dev/arch/cortexm/stm32wlxx/cubemx_hal_driver/inc/stm32wlxx_hal_crc.h,actif,"étape 6 : HAL STM32WL liée (tiers, STM32CubeWL, HAL V1.3.0)",78,5
src/kernel/dev/arch/cortexm/stm32wlxx/cubemx_hal_driver/inc/stm32wlxx_hal_crc_ex.h,actif,"étape 6 : HAL STM32WL liée (tiers, STM32CubeWL, HAL V1.3.0)",28,5
src/kernel/dev/arch/cortexm/stm32wlxx/cubemx_hal_driver/inc/stm32wlxx_hal_cryp.h,actif,"étape 6 : HAL STM32WL liée (tiers, STM32CubeWL, HAL V1.3.0)",226,5
src/kernel/dev/arch/cortexm/stm32wlxx/cubemx_hal_driver/inc/stm32wlxx_hal_cryp_ex.h,actif,"étape 6 : HAL STM32WL liée (tiers, STM32CubeWL, HAL V1.3.0)",14,5
src/kernel/dev/arch/cortexm/stm32wlxx/cubemx_hal_driver/inc/stm32wlxx_hal_dac.h,actif,"étape 6 : HAL STM32WL liée (tiers, STM32CubeWL, HAL V1.3.0)",158,5
src/kernel/dev/arch/cortexm/stm32wlxx/cubemx_hal_driver/inc/stm32wlxx_hal_dac_ex.h,actif,"étape 6 : HAL STM32WL liée (tiers, STM32CubeWL, HAL V1.3.0)",84,5
src/kernel/dev/arch/cortexm/stm32wlxx/cubemx_hal_driver/inc/stm32wlxx_hal_def.h,actif,"étape 6 : HAL STM32WL liée (tiers, STM32CubeWL, HAL V1.3.0)",106,5
src/kernel/dev/arch/cortexm/stm32wlxx/cubemx_hal_driver/inc/stm32wlxx_hal_dma.h,actif,"étape 6 : HAL STM32WL liée (tiers, STM32CubeWL, HAL V1.3.0)",296,5
src/kernel/dev/arch/cortexm/stm32wlxx/cubemx_hal_driver/inc/stm32wlxx_hal_dma_ex.h,actif,"étape 6 : HAL STM32WL liée (tiers, STM32CubeWL, HAL V1.3.0)",102,5
src/kernel/dev/arch/cortexm/stm32wlxx/cubemx_hal_driver/inc/stm32wlxx_hal_exti.h,actif,"étape 6 : HAL STM32WL liée (tiers, STM32CubeWL, HAL V1.3.0)",138,5
src/kernel/dev/arch/cortexm/stm32wlxx/cubemx_hal_driver/inc/stm32wlxx_hal_flash.h,actif,"étape 6 : HAL STM32WL liée (tiers, STM32CubeWL, HAL V1.3.0)",399,5
src/kernel/dev/arch/cortexm/stm32wlxx/cubemx_hal_driver/inc/stm32wlxx_hal_flash_ex.h,actif,"étape 6 : HAL STM32WL liée (tiers, STM32CubeWL, HAL V1.3.0)",33,5
src/kernel/dev/arch/cortexm/stm32wlxx/cubemx_hal_driver/inc/stm32wlxx_hal_gpio.h,actif,"étape 6 : HAL STM32WL liée (tiers, STM32CubeWL, HAL V1.3.0)",117,5
src/kernel/dev/arch/cortexm/stm32wlxx/cubemx_hal_driver/inc/stm32wlxx_hal_gpio_ex.h,actif,"étape 6 : HAL STM32WL liée (tiers, STM32CubeWL, HAL V1.3.0)",48,5
src/kernel/dev/arch/cortexm/stm32wlxx/cubemx_hal_driver/inc/stm32wlxx_hal_gtzc.h,actif,"étape 6 : HAL STM32WL liée (tiers, STM32CubeWL, HAL V1.3.0)",95,5
src/kernel/dev/arch/cortexm/stm32wlxx/cubemx_hal_driver/inc/stm32wlxx_hal_hsem.h,actif,"étape 6 : HAL STM32WL liée (tiers, STM32CubeWL, HAL V1.3.0)",62,5
src/kernel/dev/arch/cortexm/stm32wlxx/cubemx_hal_driver/inc/stm32wlxx_hal_i2c.h,actif,"étape 6 : HAL STM32WL liée (tiers, STM32CubeWL, HAL V1.3.0)",328,5
src/kernel/dev/arch/cortexm/stm32wlxx/cubemx_hal_driver/inc/stm32wlxx_hal_i2c_ex.h,actif,"étape 6 : HAL STM32WL liée (tiers, STM32CubeWL, HAL V1.3.0)",35,5
src/kernel/dev/arch/cortexm/stm32wlxx/cubemx_hal_driver/inc/stm32wlxx_hal_i2s.h,actif,"étape 6 : HAL STM32WL liée (tiers, STM32CubeWL, HAL V1.3.0)",202,5
src/kernel/dev/arch/cortexm/stm32wlxx/cubemx_hal_driver/inc/stm32wlxx_hal_ipcc.h,actif,"étape 6 : HAL STM32WL liée (tiers, STM32CubeWL, HAL V1.3.0)",100,5
src/kernel/dev/arch/cortexm/stm32wlxx/cubemx_hal_driver/inc/stm32wlxx_hal_irda.h,actif,"étape 6 : HAL STM32WL liée (tiers, STM32CubeWL, HAL V1.3.0)",276,5
src/kernel/dev/arch/cortexm/stm32wlxx/cubemx_hal_driver/inc/stm32wlxx_hal_irda_ex.h,actif,"étape 6 : HAL STM32WL liée (tiers, STM32CubeWL, HAL V1.3.0)",105,5
src/kernel/dev/arch/cortexm/stm32wlxx/cubemx_hal_driver/inc/stm32wlxx_hal_iwdg.h,actif,"étape 6 : HAL STM32WL liée (tiers, STM32CubeWL, HAL V1.3.0)",48,5
src/kernel/dev/arch/cortexm/stm32wlxx/cubemx_hal_driver/inc/stm32wlxx_hal_lptim.h,actif,"étape 6 : HAL STM32WL liée (tiers, STM32CubeWL, HAL V1.3.0)",320,5
src/kernel/dev/arch/cortexm/stm32wlxx/cubemx_hal_driver/inc/stm32wlxx_hal_pka.h,actif,"étape 6 : HAL STM32WL liée (tiers, STM32CubeWL, HAL V1.3.0)",291,5
src/kernel/dev/arch/cortexm/stm32wlxx/cubemx_hal_driver/inc/stm32wlxx_hal_pwr.h,actif,"étape 6 : HAL STM32WL liée (tiers, STM32CubeWL, HAL V1.3.0)",143,5
src/kernel/dev/arch/cortexm/stm32wlxx/cubemx_hal_driver/inc/stm32wlxx_hal_pwr_ex.h,actif,"étape 6 : HAL STM32WL liée (tiers, STM32CubeWL, HAL V1.3.0)",255,5
src/kernel/dev/arch/cortexm/stm32wlxx/cubemx_hal_driver/inc/stm32wlxx_hal_rcc.h,actif,"étape 6 : HAL STM32WL liée (tiers, STM32CubeWL, HAL V1.3.0)",1048,5
src/kernel/dev/arch/cortexm/stm32wlxx/cubemx_hal_driver/inc/stm32wlxx_hal_rcc_ex.h,actif,"étape 6 : HAL STM32WL liée (tiers, STM32CubeWL, HAL V1.3.0)",204,5
src/kernel/dev/arch/cortexm/stm32wlxx/cubemx_hal_driver/inc/stm32wlxx_hal_rng.h,actif,"étape 6 : HAL STM32WL liée (tiers, STM32CubeWL, HAL V1.3.0)",114,5
src/kernel/dev/arch/cortexm/stm32wlxx/cubemx_hal_driver/inc/stm32wlxx_hal_rng_ex.h,actif,"étape 6 : HAL STM32WL liée (tiers, STM32CubeWL, HAL V1.3.0)",65,5
src/kernel/dev/arch/cortexm/stm32wlxx/cubemx_hal_driver/inc/stm32wlxx_hal_rtc.h,actif,"étape 6 : HAL STM32WL liée (tiers, STM32CubeWL, HAL V1.3.0)",360,5
src/kernel/dev/arch/cortexm/stm32wlxx/cubemx_hal_driver/inc/stm32wlxx_hal_rtc_ex.h,actif,"étape 6 : HAL STM32WL liée (tiers, STM32CubeWL, HAL V1.3.0)",392,5
src/kernel/dev/arch/cortexm/stm32wlxx/cubemx_hal_driver/inc/stm32wlxx_hal_smartcard.h,actif,"étape 6 : HAL STM32WL liée (tiers, STM32CubeWL, HAL V1.3.0)",357,5
src/kernel/dev/arch/cortexm/stm32wlxx/cubemx_hal_driver/inc/stm32wlxx_hal_smartcard_ex.h,actif,"étape 6 : HAL STM32WL liée (tiers, STM32CubeWL, HAL V1.3.0)",122,5
src/kernel/dev/arch/cortexm/stm32wlxx/cubemx_hal_driver/inc/stm32wlxx_hal_smbus.h,actif,"étape 6 : HAL STM32WL liée (tiers, STM32CubeWL, HAL V1.3.0)",302,5
src/kernel/dev/arch/cortexm/stm32wlxx/cubemx_hal_driver/inc/stm32wlxx_hal_smbus_ex.h,actif,"étape 6 : HAL STM32WL liée (tiers, STM32CubeWL, HAL V1.3.0)",28,5
src/kernel/dev/arch/cortexm/stm32wlxx/cubemx_hal_driver/inc/stm32wlxx_hal_spi.h,actif,"étape 6 : HAL STM32WL liée (tiers, STM32CubeWL, HAL V1.3.0)",298,5
src/kernel/dev/arch/cortexm/stm32wlxx/cubemx_hal_driver/inc/stm32wlxx_hal_spi_ex.h,actif,"étape 6 : HAL STM32WL liée (tiers, STM32CubeWL, HAL V1.3.0)",11,5
src/kernel/dev/arch/cortexm/stm32wlxx/cubemx_hal_driver/inc/stm32wlxx_hal_subghz.h,actif,"étape 6 : HAL STM32WL liée (tiers, STM32CubeWL, HAL V1.3.0)",211,5
src/kernel/dev/arch/cortexm/stm32wlxx/cubemx_hal_driver/inc/stm32wlxx_hal_tim.h,actif,"étape 6 : HAL STM32WL liée (tiers, STM32CubeWL, HAL V1.3.0)",1088,5
src/kernel/dev/arch/cortexm/stm32wlxx/cubemx_hal_driver/inc/stm32wlxx_hal_tim_ex.h,actif,"étape 6 : HAL STM32WL liée (tiers, STM32CubeWL, HAL V1.3.0)",126,5
src/kernel/dev/arch/cortexm/stm32wlxx/cubemx_hal_driver/inc/stm32wlxx_hal_uart.h,actif,"étape 6 : HAL STM32WL liée (tiers, STM32CubeWL, HAL V1.3.0)",545,5
src/kernel/dev/arch/cortexm/stm32wlxx/cubemx_hal_driver/inc/stm32wlxx_hal_uart_ex.h,actif,"étape 6 : HAL STM32WL liée (tiers, STM32CubeWL, HAL V1.3.0)",179,5
src/kernel/dev/arch/cortexm/stm32wlxx/cubemx_hal_driver/inc/stm32wlxx_hal_usart.h,actif,"étape 6 : HAL STM32WL liée (tiers, STM32CubeWL, HAL V1.3.0)",352,5
src/kernel/dev/arch/cortexm/stm32wlxx/cubemx_hal_driver/inc/stm32wlxx_hal_usart_ex.h,actif,"étape 6 : HAL STM32WL liée (tiers, STM32CubeWL, HAL V1.3.0)",101,5
src/kernel/dev/arch/cortexm/stm32wlxx/cubemx_hal_driver/inc/stm32wlxx_hal_wwdg.h,actif,"étape 6 : HAL STM32WL liée (tiers, STM32CubeWL, HAL V1.3.0)",82,5
src/kernel/dev/arch/cortexm/stm32wlxx/cubemx_hal_driver/inc/stm32wlxx_ll_adc.h,actif,"étape 6 : HAL STM32WL liée (tiers, STM32CubeWL, HAL V1.3.0)",1133,5
src/kernel/dev/arch/cortexm/stm32wlxx/cubemx_hal_driver/inc/stm32wlxx_ll_bus.h,actif,"étape 6 : HAL STM32WL liée (tiers, STM32CubeWL, HAL V1.3.0)",587,5
src/kernel/dev/arch/cortexm/stm32wlxx/cubemx_hal_driver/inc/stm32wlxx_ll_comp.h,actif,"étape 6 : HAL STM32WL liée (tiers, STM32CubeWL, HAL V1.3.0)",148,0
src/kernel/dev/arch/cortexm/stm32wlxx/cubemx_hal_driver/inc/stm32wlxx_ll_cortex.h,actif,"étape 6 : HAL STM32WL liée (tiers, STM32CubeWL, HAL V1.3.0)",198,0
src/kernel/dev/arch/cortexm/stm32wlxx/cubemx_hal_driver/inc/stm32wlxx_ll_crc.h,actif,"étape 6 : HAL STM32WL liée (tiers, STM32CubeWL, HAL V1.3.0)",111,0
src/kernel/dev/arch/cortexm/stm32wlxx/cubemx_hal_driver/inc/stm32wlxx_ll_dac.h,actif,"étape 6 : HAL STM32WL liée (tiers, STM32CubeWL, HAL V1.3.0)",393,0
src/kernel/dev/arch/cortexm/stm32wlxx/cubemx_hal_driver/inc/stm32wlxx_ll_dma.h,actif,"étape 6 : HAL STM32WL liée (tiers, STM32CubeWL, HAL V1.3.0)",733,5
src/kernel/dev/arch/cortexm/stm32wlxx/cubemx_hal_driver/inc/stm32wlxx_ll_dmamux.h,actif,"étape 6 : HAL STM32WL liée (tiers, STM32CubeWL, HAL V1.3.0)",491,5
src/kernel/dev/arch/cortexm/stm32wlxx/cubemx_hal_driver/inc/stm32wlxx_ll_exti.h,actif,"étape 6 : HAL STM32WL liée (tiers, STM32CubeWL, HAL V1.3.0)",302,5
src/kernel/dev/arch/cortexm/stm32wlxx/cubemx_hal_driver/inc/stm32wlxx_ll_gpio.h,actif,"étape 6 : HAL STM32WL liée (tiers, STM32CubeWL, HAL V1.3.0)",238,0
src/kernel/dev/arch/cortexm/stm32wlxx/cubemx_hal_driver/inc/stm32wlxx_ll_hsem.h,actif,"étape 6 : HAL STM32WL liée (tiers, STM32CubeWL, HAL V1.3.0)",150,0
src/kernel/dev/arch/cortexm/stm32wlxx/cubemx_hal_driver/inc/stm32wlxx_ll_i2c.h,actif,"étape 6 : HAL STM32WL liée (tiers, STM32CubeWL, HAL V1.3.0)",674,0
src/kernel/dev/arch/cortexm/stm32wlxx/cubemx_hal_driver/inc/stm32wlxx_ll_ipcc.h,actif,"étape 6 : HAL STM32WL liée (tiers, STM32CubeWL, HAL V1.3.0)",152,0
src/kernel/dev/arch/cortexm/stm32wlxx/cubemx_hal_driver/inc/stm32wlxx_ll_iwdg.h,actif,"étape 6 : HAL STM32WL liée (tiers, STM32CubeWL, HAL V1.3.0)",84,0
src/kernel/dev/arch/cortexm/stm32wlxx/cubemx_hal_driver/inc/stm32wlxx_ll_lptim.h,actif,"étape 6 : HAL STM32WL liée (tiers, STM32CubeWL, HAL V1.3.0)",468,0
src/kernel/dev/arch/cortexm/stm32wlxx/cubemx_hal_driver/inc/stm32wlxx_ll_lpuart.h,actif,"étape 6 : HAL STM32WL liée (tiers, STM32CubeWL, HAL V1.3.0)",831,0
src/kernel/dev/arch/cortexm/stm32wlxx/cubemx_hal_driver/inc/stm32wlxx_ll_pka.h,actif,"étape 6 : HAL STM32WL liée (tiers, STM32CubeWL, HAL V1.3.0)",145,0
src/kernel/dev/arch/cortexm/stm32wlxx/cubemx_hal_driver/inc/stm32wlxx_ll_pwr.h,actif,"étape 6 : HAL STM32WL liée (tiers, STM32CubeWL, HAL V1.3.0)",689,5
src/kernel/dev/arch/cortexm/stm32wlxx/cubemx_hal_driver/inc/stm32wlxx_ll_rcc.h,actif,"étape 6 : HAL STM32WL liée (tiers, STM32CubeWL, HAL V1.3.0)",1020,5
src/kernel/dev/arch/cortexm/stm32wlxx/cubemx_hal_driver/inc/stm32wlxx_ll_rng.h,actif,"étape 6 : HAL STM32WL liée (tiers, STM32CubeWL, HAL V1.3.0)",193,0
src/kernel/dev/arch/cortexm/stm32wlxx/cubemx_hal_driver/inc/stm32wlxx_ll_rtc.h,actif,"étape 6 : HAL STM32WL liée (tiers, STM32CubeWL, HAL V1.3.0)",1383,0
src/kernel/dev/arch/cortexm/stm32wlxx/cubemx_hal_driver/inc/stm32wlxx_ll_spi.h,actif,"étape 6 : HAL STM32WL liée (tiers, STM32CubeWL, HAL V1.3.0)",669,5
src/kernel/dev/arch/cortexm/stm32wlxx/cubemx_hal_driver/inc/stm32wlxx_ll_system.h,actif,"étape 6 : HAL STM32WL liée (tiers, STM32CubeWL, HAL V1.3.0)",638,5
src/kernel/dev/arch/cortexm/stm32wlxx/cubemx_hal_driver/inc/stm32wlxx_ll_tim.h,actif,"étape 6 : HAL STM32WL liée (tiers, STM32CubeWL, HAL V1.3.0)",1414,0
src/kernel/dev/arch/cortexm/stm32wlxx/cubemx_hal_driver/inc/stm32wlxx_ll_usart.h,actif,"étape 6 : HAL STM32WL liée (tiers, STM32CubeWL, HAL V1.3.0)",1272,0
src/kernel/dev/arch/cortexm/stm32wlxx/cubemx_hal_driver/inc/stm32wlxx_ll_utils.h,actif,"étape 6 : HAL STM32WL liée (tiers, STM32CubeWL, HAL V1.3.0)",78,0
src/kernel/dev/arch/cortexm/stm32wlxx/cubemx_hal_driver/inc/stm32wlxx_ll_wwdg.h,actif,"étape 6 : HAL STM32WL liée (tiers, STM32CubeWL, HAL V1.3.0)",71,0
src/kernel/dev/arch/cortexm/stm32wlxx/cubemx_hal_driver/src/stm32wlxx_hal.c,actif,"étape 6 : HAL STM32WL liée (tiers, STM32CubeWL, HAL V1.3.0)",392,2
src/kernel/dev/arch/cortexm/stm32wlxx/cubemx_hal_driver/src/stm32wlxx_hal_adc.c,différé,"déclaré par dev_stm32wlxx_8.40/Debug (STM32WL55 Nucleo, carte non listée (à décider))",1266,2
src/kernel/dev/arch/cortexm/stm32wlxx/cubemx_hal_driver/src/stm32wlxx_hal_adc_ex.c,différé,"déclaré par dev_stm32wlxx_8.40/Debug (STM32WL55 Nucleo, carte non listée (à décider))",129,2
src/kernel/dev/arch/cortexm/stm32wlxx/cubemx_hal_driver/src/stm32wlxx_hal_comp.c,différé,"déclaré par dev_stm32wlxx_8.40/Debug (STM32WL55 Nucleo, carte non listée (à décider))",420,2
src/kernel/dev/arch/cortexm/stm32wlxx/cubemx_hal_driver/src/stm32wlxx_hal_cortex.c,actif,"étape 6 : HAL STM32WL liée (tiers, STM32CubeWL, HAL V1.3.0)",141,2
src/kernel/dev/arch/cortexm/stm32wlxx/cubemx_hal_driver/src/stm32wlxx_hal_crc.c,différé,"déclaré par dev_stm32wlxx_8.40/Debug (STM32WL55 Nucleo, carte non listée (à décider))",181,2
src/kernel/dev/arch/cortexm/stm32wlxx/cubemx_hal_driver/src/stm32wlxx_hal_crc_ex.c,différé,"déclaré par dev_stm32wlxx_8.40/Debug (STM32WL55 Nucleo, carte non listée (à décider))",67,2
src/kernel/dev/arch/cortexm/stm32wlxx/cubemx_hal_driver/src/stm32wlxx_hal_cryp.c,différé,"déclaré par dev_stm32wlxx_8.40/Debug (STM32WL55 Nucleo, carte non listée (à décider))",3256,2
src/kernel/dev/arch/cortexm/stm32wlxx/cubemx_hal_driver/src/stm32wlxx_hal_cryp_ex.c,différé,"déclaré par dev_stm32wlxx_8.40/Debug (STM32WL55 Nucleo, carte non listée (à décider))",160,2
src/kernel/dev/arch/cortexm/stm32wlxx/cubemx_hal_driver/src/stm32wlxx_hal_dac.c,différé,"déclaré par dev_stm32wlxx_8.40/Debug (STM32WL55 Nucleo, carte non listée (à décider))",428,2
src/kernel/dev/arch/cortexm/stm32wlxx/cubemx_hal_driver/src/stm32wlxx_hal_dac_ex.c,différé,"déclaré par dev_stm32wlxx_8.40/Debug (STM32WL55 Nucleo, carte non listée (à décider))",124,2
src/kernel/dev/arch/cortexm/stm32wlxx/cubemx_hal_driver/src/stm32wlxx_hal_dma.c,actif,"étape 6 : HAL STM32WL liée (tiers, STM32CubeWL, HAL V1.3.0)",571,2
src/kernel/dev/arch/cortexm/stm32wlxx/cubemx_hal_driver/src/stm32wlxx_hal_dma_ex.c,actif,"étape 6 : HAL STM32WL liée (tiers, STM32CubeWL, HAL V1.3.0)",109,2
src/kernel/dev/arch/cortexm/stm32wlxx/cubemx_hal_driver/src/stm32wlxx_hal_exti.c,différé,"déclaré par dev_stm32wlxx_8.40/Debug (STM32WL55 Nucleo, carte non listée (à décider))",288,2
src/kernel/dev/arch/cortexm/stm32wlxx/cubemx_hal_driver/src/stm32wlxx_hal_flash.c,différé,"déclaré par dev_stm32wlxx_8.40/Debug (STM32WL55 Nucleo, carte non listée (à décider))",274,2
src/kernel/dev/arch/cortexm/stm32wlxx/cubemx_hal_driver/src/stm32wlxx_hal_flash_ex.c,différé,"déclaré par dev_stm32wlxx_8.40/Debug (STM32WL55 Nucleo, carte non listée (à décider))",530,2
src/kernel/dev/arch/cortexm/stm32wlxx/cubemx_hal_driver/src/stm32wlxx_hal_gpio.c,actif,"étape 6 : HAL STM32WL liée (tiers, STM32CubeWL, HAL V1.3.0)",215,2
src/kernel/dev/arch/cortexm/stm32wlxx/cubemx_hal_driver/src/stm32wlxx_hal_gtzc.c,différé,"déclaré par dev_stm32wlxx_8.40/Debug (STM32WL55 Nucleo, carte non listée (à décider))",333,2
src/kernel/dev/arch/cortexm/stm32wlxx/cubemx_hal_driver/src/stm32wlxx_hal_hsem.c,différé,"déclaré par dev_stm32wlxx_8.40/Debug (STM32WL55 Nucleo, carte non listée (à décider))",79,2
src/kernel/dev/arch/cortexm/stm32wlxx/cubemx_hal_driver/src/stm32wlxx_hal_i2c.c,différé,"déclaré par dev_stm32wlxx_8.40/Debug (STM32WL55 Nucleo, carte non listée (à décider))",3789,2
src/kernel/dev/arch/cortexm/stm32wlxx/cubemx_hal_driver/src/stm32wlxx_hal_i2c_ex.c,différé,"déclaré par dev_stm32wlxx_8.40/Debug (STM32WL55 Nucleo, carte non listée (à décider))",96,2
src/kernel/dev/arch/cortexm/stm32wlxx/cubemx_hal_driver/src/stm32wlxx_hal_i2s.c,différé,"déclaré par dev_stm32wlxx_8.40/Debug (STM32WL55 Nucleo, carte non listée (à décider))",847,2
src/kernel/dev/arch/cortexm/stm32wlxx/cubemx_hal_driver/src/stm32wlxx_hal_ipcc.c,différé,"déclaré par dev_stm32wlxx_8.40/Debug (STM32WL55 Nucleo, carte non listée (à décider))",301,2
src/kernel/dev/arch/cortexm/stm32wlxx/cubemx_hal_driver/src/stm32wlxx_hal_irda.c,différé,"déclaré par dev_stm32wlxx_8.40/Debug (STM32WL55 Nucleo, carte non listée (à décider))",1386,2
src/kernel/dev/arch/cortexm/stm32wlxx/cubemx_hal_driver/src/stm32wlxx_hal_iwdg.c,différé,"déclaré par dev_stm32wlxx_8.40/Debug (STM32WL55 Nucleo, carte non listée (à décider))",46,2
src/kernel/dev/arch/cortexm/stm32wlxx/cubemx_hal_driver/src/stm32wlxx_hal_lptim.c,différé,"déclaré par dev_stm32wlxx_8.40/Debug (STM32WL55 Nucleo, carte non listée (à décider))",1146,2
src/kernel/dev/arch/cortexm/stm32wlxx/cubemx_hal_driver/src/stm32wlxx_hal_msp_template.c,différé,"déclaré par dev_stm32wlxx_8.40/Debug (STM32WL55 Nucleo, carte non listée (à décider))",13,2
src/kernel/dev/arch/cortexm/stm32wlxx/cubemx_hal_driver/src/stm32wlxx_hal_pka.c,différé,"déclaré par dev_stm32wlxx_8.40/Debug (STM32WL55 Nucleo, carte non listée (à décider))",1004,2
src/kernel/dev/arch/cortexm/stm32wlxx/cubemx_hal_driver/src/stm32wlxx_hal_pwr.c,actif,"étape 6 : HAL STM32WL liée (tiers, STM32CubeWL, HAL V1.3.0)",193,2
src/kernel/dev/arch/cortexm/stm32wlxx/cubemx_hal_driver/src/stm32wlxx_hal_pwr_ex.c,actif,"étape 6 : HAL STM32WL liée (tiers, STM32CubeWL, HAL V1.3.0)",468,2
src/kernel/dev/arch/cortexm/stm32wlxx/cubemx_hal_driver/src/stm32wlxx_hal_rcc.c,actif,"étape 6 : HAL STM32WL liée (tiers, STM32CubeWL, HAL V1.3.0)",827,2
src/kernel/dev/arch/cortexm/stm32wlxx/cubemx_hal_driver/src/stm32wlxx_hal_rcc_ex.c,actif,"étape 6 : HAL STM32WL liée (tiers, STM32CubeWL, HAL V1.3.0)",659,2
src/kernel/dev/arch/cortexm/stm32wlxx/cubemx_hal_driver/src/stm32wlxx_hal_rng.c,différé,"déclaré par dev_stm32wlxx_8.40/Debug (STM32WL55 Nucleo, carte non listée (à décider))",461,2
src/kernel/dev/arch/cortexm/stm32wlxx/cubemx_hal_driver/src/stm32wlxx_hal_rng_ex.c,différé,"déclaré par dev_stm32wlxx_8.40/Debug (STM32WL55 Nucleo, carte non listée (à décider))",130,2
src/kernel/dev/arch/cortexm/stm32wlxx/cubemx_hal_driver/src/stm32wlxx_hal_rtc.c,différé,"déclaré par dev_stm32wlxx_8.40/Debug (STM32WL55 Nucleo, carte non listée (à décider))",979,2
src/kernel/dev/arch/cortexm/stm32wlxx/cubemx_hal_driver/src/stm32wlxx_hal_rtc_ex.c,différé,"déclaré par dev_stm32wlxx_8.40/Debug (STM32WL55 Nucleo, carte non listée (à décider))",827,2
src/kernel/dev/arch/cortexm/stm32wlxx/cubemx_hal_driver/src/stm32wlxx_hal_smartcard.c,différé,"déclaré par dev_stm32wlxx_8.40/Debug (STM32WL55 Nucleo, carte non listée (à décider))",1501,2
src/kernel/dev/arch/cortexm/stm32wlxx/cubemx_hal_driver/src/stm32wlxx_hal_smartcard_ex.c,différé,"déclaré par dev_stm32wlxx_8.40/Debug (STM32WL55 Nucleo, carte non listée (à décider))",141,2
src/kernel/dev/arch/cortexm/stm32wlxx/cubemx_hal_driver/src/stm32wlxx_hal_smbus.c,différé,"déclaré par dev_stm32wlxx_8.40/Debug (STM32WL55 Nucleo, carte non listée (à décider))",1350,2
src/kernel/dev/arch/cortexm/stm32wlxx/cubemx_hal_driver/src/stm32wlxx_hal_smbus_ex.c,différé,"déclaré par dev_stm32wlxx_8.40/Debug (STM32WL55 Nucleo, carte non listée (à décider))",51,2
src/kernel/dev/arch/cortexm/stm32wlxx/cubemx_hal_driver/src/stm32wlxx_hal_spi.c,différé,"déclaré par dev_stm32wlxx_8.40/Debug (STM32WL55 Nucleo, carte non listée (à décider))",2584,2
src/kernel/dev/arch/cortexm/stm32wlxx/cubemx_hal_driver/src/stm32wlxx_hal_spi_ex.c,différé,"déclaré par dev_stm32wlxx_8.40/Debug (STM32WL55 Nucleo, carte non listée (à décider))",20,2
src/kernel/dev/arch/cortexm/stm32wlxx/cubemx_hal_driver/src/stm32wlxx_hal_subghz.c,actif,"étape 6 : HAL STM32WL liée (tiers, STM32CubeWL, HAL V1.3.0)",863,2
src/kernel/dev/arch/cortexm/stm32wlxx/cubemx_hal_driver/src/stm32wlxx_hal_tim.c,différé,"déclaré par dev_stm32wlxx_8.40/Debug (STM32WL55 Nucleo, carte non listée (à décider))",4087,2
src/kernel/dev/arch/cortexm/stm32wlxx/cubemx_hal_driver/src/stm32wlxx_hal_tim_ex.c,différé,"déclaré par dev_stm32wlxx_8.40/Debug (STM32WL55 Nucleo, carte non listée (à décider))",1302,2
src/kernel/dev/arch/cortexm/stm32wlxx/cubemx_hal_driver/src/stm32wlxx_hal_timebase_rtc_alarm_template.c,différé,"déclaré par dev_stm32wlxx_8.40/Release (STM32WL55 Nucleo, carte non listée (à décider))",193,2
src/kernel/dev/arch/cortexm/stm32wlxx/cubemx_hal_driver/src/stm32wlxx_hal_timebase_rtc_wakeup_template.c,différé,"déclaré par dev_stm32wlxx_8.40/Release (STM32WL55 Nucleo, carte non listée (à décider))",150,2
src/kernel/dev/arch/cortexm/stm32wlxx/cubemx_hal_driver/src/stm32wlxx_hal_timebase_tim_template.c,différé,"déclaré par dev_stm32wlxx_8.40/Release (STM32WL55 Nucleo, carte non listée (à décider))",78,2
src/kernel/dev/arch/cortexm/stm32wlxx/cubemx_hal_driver/src/stm32wlxx_hal_uart.c,actif,"étape 6 : HAL STM32WL liée (tiers, STM32CubeWL, HAL V1.3.0)",2437,2
src/kernel/dev/arch/cortexm/stm32wlxx/cubemx_hal_driver/src/stm32wlxx_hal_uart_ex.c,actif,"étape 6 : HAL STM32WL liée (tiers, STM32CubeWL, HAL V1.3.0)",381,2
src/kernel/dev/arch/cortexm/stm32wlxx/cubemx_hal_driver/src/stm32wlxx_hal_usart.c,différé,"déclaré par dev_stm32wlxx_8.40/Debug (STM32WL55 Nucleo, carte non listée (à décider))",2054,2
src/kernel/dev/arch/cortexm/stm32wlxx/cubemx_hal_driver/src/stm32wlxx_hal_usart_ex.c,différé,"déclaré par dev_stm32wlxx_8.40/Debug (STM32WL55 Nucleo, carte non listée (à décider))",148,2
src/kernel/dev/arch/cortexm/stm32wlxx/cubemx_hal_driver/src/stm32wlxx_hal_wwdg.c,différé,"déclaré par dev_stm32wlxx_8.40/Debug (STM32WL55 Nucleo, carte non listée (à décider))",105,2
src/kernel/dev/arch/cortexm/stm32wlxx/cubemx_hal_driver/src/stm32wlxx_ll_adc.c,différé,"règle de répertoire : STM32WL55 Nucleo, carte non listée (à décider)",352,0
src/kernel/dev/arch/cortexm/stm32wlxx/cubemx_hal_driver/src/stm32wlxx_ll_comp.c,différé,"règle de répertoire : STM32WL55 Nucleo, carte non listée (à décider)",110,0
src/kernel/dev/arch/cortexm/stm32wlxx/cubemx_hal_driver/src/stm32wlxx_ll_crc.c,différé,"règle de répertoire : STM32WL55 Nucleo, carte non listée (à décider)",26,0
src/kernel/dev/arch/cortexm/stm32wlxx/cubemx_hal_driver/src/stm32wlxx_ll_dac.c,différé,"règle de répertoire : STM32WL55 Nucleo, carte non listée (à décider)",147,0
src/kernel/dev/arch/cortexm/stm32wlxx/cubemx_hal_driver/src/stm32wlxx_ll_dma.c,différé,"règle de répertoire : STM32WL55 Nucleo, carte non listée (à décider)",155,0
src/kernel/dev/arch/cortexm/stm32wlxx/cubemx_hal_driver/src/stm32wlxx_ll_exti.c,différé,"règle de répertoire : STM32WL55 Nucleo, carte non listée (à décider)",206,0
src/kernel/dev/arch/cortexm/stm32wlxx/cubemx_hal_driver/src/stm32wlxx_ll_gpio.c,différé,"règle de répertoire : STM32WL55 Nucleo, carte non listée (à décider)",127,0
src/kernel/dev/arch/cortexm/stm32wlxx/cubemx_hal_driver/src/stm32wlxx_ll_i2c.c,différé,"règle de répertoire : STM32WL55 Nucleo, carte non listée (à décider)",81,0
src/kernel/dev/arch/cortexm/stm32wlxx/cubemx_hal_driver/src/stm32wlxx_ll_lptim.c,différé,"règle de répertoire : STM32WL55 Nucleo, carte non listée (à décider)",173,0
src/kernel/dev/arch/cortexm/stm32wlxx/cubemx_hal_driver/src/stm32wlxx_ll_lpuart.c,différé,"règle de répertoire : STM32WL55 Nucleo, carte non listée (à décider)",103,0
src/kernel/dev/arch/cortexm/stm32wlxx/cubemx_hal_driver/src/stm32wlxx_ll_pka.c,différé,"règle de répertoire : STM32WL55 Nucleo, carte non listée (à décider)",55,0
src/kernel/dev/arch/cortexm/stm32wlxx/cubemx_hal_driver/src/stm32wlxx_ll_pwr.c,différé,"règle de répertoire : STM32WL55 Nucleo, carte non listée (à décider)",67,0
src/kernel/dev/arch/cortexm/stm32wlxx/cubemx_hal_driver/src/stm32wlxx_ll_rcc.c,différé,"règle de répertoire : STM32WL55 Nucleo, carte non listée (à décider)",671,0
src/kernel/dev/arch/cortexm/stm32wlxx/cubemx_hal_driver/src/stm32wlxx_ll_rng.c,différé,"règle de répertoire : STM32WL55 Nucleo, carte non listée (à décider)",38,0
src/kernel/dev/arch/cortexm/stm32wlxx/cubemx_hal_driver/src/stm32wlxx_ll_rtc.c,différé,"règle de répertoire : STM32WL55 Nucleo, carte non listée (à décider)",522,0
src/kernel/dev/arch/cortexm/stm32wlxx/cubemx_hal_driver/src/stm32wlxx_ll_spi.c,différé,"règle de répertoire : STM32WL55 Nucleo, carte non listée (à décider)",230,0
src/kernel/dev/arch/cortexm/stm32wlxx/cubemx_hal_driver/src/stm32wlxx_ll_tim.c,différé,"règle de répertoire : STM32WL55 Nucleo, carte non listée (à décider)",657,0
src/kernel/dev/arch/cortexm/stm32wlxx/cubemx_hal_driver/src/stm32wlxx_ll_usart.c,différé,"règle de répertoire : STM32WL55 Nucleo, carte non listée (à décider)",162,0
src/kernel/dev/arch/cortexm/stm32wlxx/cubemx_hal_driver/src/stm32wlxx_ll_utils.c,différé,"règle de répertoire : STM32WL55 Nucleo, carte non listée (à décider)",404,0
src/kernel/dev/arch/cortexm/stm32wlxx/dev_stm32wlxx/dev_stm32wlxx_bsp_radio_if.c,actif,étape 6 : pilotes STM32WL de Lepton,199,2
src/kernel/dev/arch/cortexm/stm32wlxx/dev_stm32wlxx/dev_stm32wlxx_bsp_radio_if.h,actif,étape 6 : pilotes STM32WL de Lepton,20,4
src/kernel/dev/arch/cortexm/stm32wlxx/dev_stm32wlxx/dev_stm32wlxx_cpu_x.c,différé,"déclaré par dev_stm32wlxx_8.40/Debug (STM32WL55 Nucleo, carte non listée (à décider))",180,2
src/kernel/dev/arch/cortexm/stm32wlxx/dev_stm32wlxx/dev_stm32wlxx_definitions.h,actif,étape 6 : pilotes STM32WL de Lepton,11,4
src/kernel/dev/arch/cortexm/stm32wlxx/dev_stm32wlxx/dev_stm32wlxx_hal_tick.c,actif,étape 6 : pilotes STM32WL de Lepton,15,0
src/kernel/dev/arch/cortexm/stm32wlxx/dev_stm32wlxx/dev_stm32wlxx_uart_x.c,actif,étape 6 : pilotes STM32WL de Lepton,319,2
src/kernel/dev/arch/cortexm/stm32wlxx/dev_stm32wlxx/dev_stm32wlxx_uart_x.h,actif,étape 6 : pilotes STM32WL de Lepton,23,4
src/kernel/dev/arch/cortexm/stm32wlxx/dev_stm32wlxx/dev_stm32wlxx_util_timer.c,actif,étape 6 : pilotes STM32WL de Lepton,13,0
src/kernel/dev/arch/cortexm/stm32wlxx/dev_stm32wlxx/stm32wlxx_hal_conf.h,actif,étape 6 : pilotes STM32WL de Lepton,170,5
src/kernel/dev/arch/cortexm/stm32wlxx/radio_subghz_phy/Conf/mw_log_conf_template.h,différé,rattaché par répertoire (src/kernel/dev/arch/cortexm/stm32wlxx/radio_subghz_phy),16,0
src/kernel/dev/arch/cortexm/stm32wlxx/radio_subghz_phy/Conf/radio_conf_template.h,différé,rattaché par répertoire (src/kernel/dev/arch/cortexm/stm32wlxx/radio_subghz_phy),35,0
src/kernel/dev/arch/cortexm/stm32wlxx/radio_subghz_phy/Conf/subghz_template.c,différé,"règle de répertoire : STM32WL55 Nucleo, carte non listée (à décider)",21,0
src/kernel/dev/arch/cortexm/stm32wlxx/radio_subghz_phy/Conf/subghz_template.h,différé,rattaché par répertoire (src/kernel/dev/arch/cortexm/stm32wlxx/radio_subghz_phy),12,0
src/kernel/dev/arch/cortexm/stm32wlxx/radio_subghz_phy/lr_fhss_v1_base_types.h,actif,"étape 6 : pile radio SubGHz_Phy 1.3.0 liée (tiers, STM32CubeWL)",55,2
src/kernel/dev/arch/cortexm/stm32wlxx/radio_subghz_phy/radio.h,actif,"étape 6 : pile radio SubGHz_Phy 1.3.0 liée (tiers, STM32CubeWL)",91,2
src/kernel/dev/arch/cortexm/stm32wlxx/radio_subghz_phy/radio_def.h,actif,"étape 6 : pile radio SubGHz_Phy 1.3.0 liée (tiers, STM32CubeWL)",38,2
src/kernel/dev/arch/cortexm/stm32wlxx/radio_subghz_phy/radio_ex.h,actif,"étape 6 : pile radio SubGHz_Phy 1.3.0 liée (tiers, STM32CubeWL)",203,2
src/kernel/dev/arch/cortexm/stm32wlxx/radio_subghz_phy/stm32_radio_core_inc/platform.h,actif,"étape 6 : pile radio SubGHz_Phy 1.3.0 liée (tiers, STM32CubeWL)",15,0
src/kernel/dev/arch/cortexm/stm32wlxx/radio_subghz_phy/stm32_radio_core_inc/subghz.h,actif,"étape 6 : pile radio SubGHz_Phy 1.3.0 liée (tiers, STM32CubeWL)",12,2
src/kernel/dev/arch/cortexm/stm32wlxx/radio_subghz_phy/stm32_radio_core_inc/utilities_conf.h,actif,"étape 6 : pile radio SubGHz_Phy 1.3.0 liée (tiers, STM32CubeWL)",54,2
src/kernel/dev/arch/cortexm/stm32wlxx/radio_subghz_phy/stm32_radio_core_inc/utilities_def.h,actif,"étape 6 : pile radio SubGHz_Phy 1.3.0 liée (tiers, STM32CubeWL)",25,2
src/kernel/dev/arch/cortexm/stm32wlxx/radio_subghz_phy/stm32_radio_driver/lr_fhss_mac.c,actif,"étape 6 : pile radio SubGHz_Phy 1.3.0 liée (tiers, STM32CubeWL)",540,2
src/kernel/dev/arch/cortexm/stm32wlxx/radio_subghz_phy/stm32_radio_driver/lr_fhss_mac.h,actif,"étape 6 : pile radio SubGHz_Phy 1.3.0 liée (tiers, STM32CubeWL)",42,2
src/kernel/dev/arch/cortexm/stm32wlxx/radio_subghz_phy/stm32_radio_driver/radio.c,actif,"étape 6 : pile radio SubGHz_Phy 1.3.0 liée (tiers, STM32CubeWL)",1587,2
src/kernel/dev/arch/cortexm/stm32wlxx/radio_subghz_phy/stm32_radio_driver/radio_driver.c,actif,"étape 6 : pile radio SubGHz_Phy 1.3.0 liée (tiers, STM32CubeWL)",908,2
src/kernel/dev/arch/cortexm/stm32wlxx/radio_subghz_phy/stm32_radio_driver/radio_driver.h,actif,"étape 6 : pile radio SubGHz_Phy 1.3.0 liée (tiers, STM32CubeWL)",525,2
src/kernel/dev/arch/cortexm/stm32wlxx/radio_subghz_phy/stm32_radio_driver/radio_fw.c,actif,"étape 6 : pile radio SubGHz_Phy 1.3.0 liée (tiers, STM32CubeWL)",770,2
src/kernel/dev/arch/cortexm/stm32wlxx/radio_subghz_phy/stm32_radio_driver/radio_fw.h,actif,"étape 6 : pile radio SubGHz_Phy 1.3.0 liée (tiers, STM32CubeWL)",34,2
src/kernel/dev/arch/cortexm/stm32wlxx/radio_subghz_phy/stm32_radio_driver/subghz_phy_version.h,actif,"étape 6 : pile radio SubGHz_Phy 1.3.0 liée (tiers, STM32CubeWL)",17,2
src/kernel/dev/arch/cortexm/stm32wlxx/radio_subghz_phy/stm32_radio_driver/wl_lr_fhss.c,actif,"étape 6 : pile radio SubGHz_Phy 1.3.0 liée (tiers, STM32CubeWL)",248,2
src/kernel/dev/arch/cortexm/stm32wlxx/radio_subghz_phy/stm32_radio_driver/wl_lr_fhss.h,actif,"étape 6 : pile radio SubGHz_Phy 1.3.0 liée (tiers, STM32CubeWL)",55,2
src/kernel/dev/arch/cortexm/stm32wlxx/radio_subghz_phy/stm32_radio_target/mw_log_conf.h,actif,étape 6 : adaptation de la pile radio au pilote /dev/radio (Lepton),15,2
src/kernel/dev/arch/cortexm/stm32wlxx/radio_subghz_phy/stm32_radio_target/radio_board_if.c,actif,étape 6 : adaptation de la pile radio au pilote /dev/radio (Lepton),118,2
src/kernel/dev/arch/cortexm/stm32wlxx/radio_subghz_phy/stm32_radio_target/radio_board_if.h,actif,étape 6 : adaptation de la pile radio au pilote /dev/radio (Lepton),67,4
src/kernel/dev/arch/cortexm/stm32wlxx/radio_subghz_phy/stm32_radio_target/radio_conf.h,actif,étape 6 : adaptation de la pile radio au pilote /dev/radio (Lepton),35,2
src/kernel/dev/arch/cortexm/stm32wlxx/radio_subghz_phy/stm32_radio_target/timer.h,actif,étape 6 : adaptation de la pile radio au pilote /dev/radio (Lepton),33,2
src/kernel/dev/arch/host/common/host_posix.c,actif,étape 2 : pilotes du noyau statique hôte,63,0
src/kernel/dev/arch/host/common/host_posix.h,actif,étape 2 : pilotes du noyau statique hôte,10,0
src/kernel/dev/arch/host/dev_host_fileflash/dev_host_fileflash.c,actif,étape 2 : pilotes du noyau statique hôte,120,0
src/kernel/dev/arch/host/dev_host_rtc/dev_host_rtc.c,actif,étape 2 : pilotes du noyau statique hôte,56,0
src/kernel/dev/bsp/discovery_f4-baseboard-modem/dev_discovery_f4_board/dev_discovery_f4_board-old.c,différé,règle de répertoire : variante STM32F4 + modem,207,0
src/kernel/dev/bsp/discovery_f4-baseboard-modem/dev_discovery_f4_board/dev_discovery_f4_board-old.h,différé,rattaché par répertoire (src/kernel/dev/bsp/discovery_f4-baseboard-modem/dev_discovery_f4_board),65,0
src/kernel/dev/bsp/discovery_f4-baseboard-modem/dev_discovery_f4_board/dev_discovery_f4_board.c,différé,"déclaré par bsp_discovery_f4-baseboard-modem_7.40/Debug (variante STM32F4 + modem, non retenue)",217,1
src/kernel/dev/bsp/discovery_f4-baseboard-modem/dev_discovery_f4_board/dev_discovery_f4_board.h,différé,"déclaré par bsp_discovery_f4-baseboard-modem_7.40/Debug (variante STM32F4 + modem, non retenue)",77,1
src/kernel/dev/bsp/discovery_f4-baseboard-modem/dev_discovery_f4_peripherals/dev_aedr8300_encoder_1.c,différé,"déclaré par bsp_discovery_f4-baseboard-modem_7.40/Debug (variante STM32F4 + modem, non retenue)",43,1
src/kernel/dev/bsp/discovery_f4-baseboard-modem/dev_discovery_f4_peripherals/dev_aedr8300_encoder_2.c,différé,"déclaré par bsp_discovery_f4-baseboard-modem_7.40/Debug (variante STM32F4 + modem, non retenue)",43,1
src/kernel/dev/bsp/discovery_f4-baseboard-modem/dev_discovery_f4_peripherals/dev_discovery_click_420_io.c,différé,règle de répertoire : variante STM32F4 + modem,190,0
src/kernel/dev/bsp/discovery_f4-baseboard-modem/dev_discovery_f4_peripherals/dev_discovery_click_420r_io.c,différé,"déclaré par bsp_discovery_f4-baseboard-modem_7.40/Debug (variante STM32F4 + modem, non retenue)",132,1
src/kernel/dev/bsp/discovery_f4-baseboard-modem/dev_discovery_f4_peripherals/dev_discovery_click_420r_io.h,différé,"déclaré par bsp_discovery_f4-baseboard-modem_7.40/Debug (variante STM32F4 + modem, non retenue)",6,1
src/kernel/dev/bsp/discovery_f4-baseboard-modem/dev_discovery_f4_peripherals/dev_discovery_f4_i2c_1.c,différé,"déclaré par bsp_discovery_f4-baseboard-modem_7.40/Debug (variante STM32F4 + modem, non retenue)",109,1
src/kernel/dev/bsp/discovery_f4-baseboard-modem/dev_discovery_f4_peripherals/dev_discovery_f4_nfc_pn7150.c,différé,"déclaré par bsp_discovery_f4-baseboard-modem_7.40/Debug (variante STM32F4 + modem, non retenue)",94,1
src/kernel/dev/bsp/discovery_f4-baseboard-modem/dev_discovery_f4_peripherals/dev_discovery_f4_sdio.c,différé,"déclaré par bsp_discovery_f4-baseboard-modem_7.40/Debug (variante STM32F4 + modem, non retenue)",72,1
src/kernel/dev/bsp/discovery_f4-baseboard-modem/dev_discovery_f4_peripherals/dev_discovery_f4_uart_3.c,différé,"déclaré par bsp_discovery_f4-baseboard-modem_7.40/Debug (variante STM32F4 + modem, non retenue)",63,1
src/kernel/dev/bsp/discovery_f4-baseboard-modem/dev_discovery_f4_peripherals/dev_discovery_f4_uart_6.c,différé,"déclaré par bsp_discovery_f4-baseboard-modem_7.40/Debug (variante STM32F4 + modem, non retenue)",63,1
src/kernel/dev/bsp/discovery_f4-baseboard-modem/dev_discovery_f4_peripherals/dev_discovery_oled_io.c,différé,"déclaré par bsp_discovery_f4-baseboard-modem_7.40/Debug (variante STM32F4 + modem, non retenue)",190,1
src/kernel/dev/bsp/discovery_f4-baseboard-modem/dev_discovery_f4_peripherals/dev_discovery_spi_1.c,différé,"déclaré par bsp_discovery_f4-baseboard-modem_7.40/Debug (variante STM32F4 + modem, non retenue)",52,1
src/kernel/dev/bsp/discovery_f4-baseboard-modem/dev_discovery_f4_peripherals/dev_discovery_spi_2.c,différé,"déclaré par bsp_discovery_f4-baseboard-modem_7.40/Debug (variante STM32F4 + modem, non retenue)",52,1
src/kernel/dev/bsp/discovery_f4-baseboard-modem/dev_discovery_f4_peripherals/dev_rotary_encoder_x.c,différé,"déclaré par bsp_discovery_f4-baseboard-modem_7.40/Debug (variante STM32F4 + modem, non retenue)",296,1
src/kernel/dev/bsp/discovery_f4-baseboard-modem/dev_discovery_f4_peripherals/dev_rotary_encoder_x.h,différé,"déclaré par bsp_discovery_f4-baseboard-modem_7.40/Debug (variante STM32F4 + modem, non retenue)",37,1
src/kernel/dev/bsp/discovery_f4-baseboard-modem/dev_discovery_f4_peripherals/dev_te86bsd_sensor.c,différé,"déclaré par bsp_discovery_f4-baseboard-modem_7.40/Debug (variante STM32F4 + modem, non retenue)",209,1
src/kernel/dev/bsp/discovery_f4-baseboard-modem/dev_discovery_f4_peripherals/dev_te86bsd_sensor.h,différé,"déclaré par bsp_discovery_f4-baseboard-modem_7.40/Debug (variante STM32F4 + modem, non retenue)",3,1
src/kernel/dev/bsp/discovery_f4-baseboard-modem/dev_discovery_f4_peripherals/ioctl_rotary_encoder.h,différé,"inclus par bsp_discovery_f4-baseboard-modem_7.40/Debug (variante STM32F4 + modem, non retenue)",4,1
src/kernel/dev/bsp/discovery_f4/dev_discovery_f4_board/dev_discovery_f4_board.c,actif,déclaré par bsp_discovery_f4_7.30/Debug (BSP STM32F4),129,1
src/kernel/dev/bsp/discovery_f4/dev_discovery_f4_board/dev_discovery_f4_board.h,actif,déclaré par bsp_discovery_f4_7.30/Debug (BSP STM32F4),49,1
src/kernel/dev/bsp/discovery_f4/dev_discovery_f4_peripherals/dev_discovery_f4_uart_6.c,actif,déclaré par bsp_discovery_f4_7.30/Debug (BSP STM32F4),62,1
src/kernel/dev/bsp/nucleo_f439zi/nucleo_f439zi.h,actif,étape 5 : BSP de la carte de base NUCLEO-F439ZI,47,0
src/kernel/dev/bsp/nucleo_f439zi/nucleo_f439zi_board.c,actif,étape 5 : BSP de la carte de base NUCLEO-F439ZI,201,0
src/kernel/dev/bsp/nucleo_f439zi/nucleo_f439zi_vectors.c,actif,étape 5 : BSP de la carte de base NUCLEO-F439ZI,20,0
src/kernel/dev/bsp/olimex_p407/dev_olimex_p407_board/dev_olimex_p407_board.c,actif,déclaré par bsp_olimex_p407_7.30/Debug (BSP STM32F4),131,1
src/kernel/dev/bsp/olimex_p407/dev_olimex_p407_board/dev_olimex_p407_board.h,actif,déclaré par bsp_olimex_p407_7.30/Debug (BSP STM32F4),49,1
src/kernel/dev/bsp/olimex_p407/dev_olimex_p407_peripherals/dev_olimex_p407_spi_3.c,actif,déclaré par bsp_olimex_p407_7.30/Debug (BSP STM32F4),54,1
src/kernel/dev/bsp/olimex_p407/dev_olimex_p407_peripherals/dev_olimex_p407_uart_3.c,actif,déclaré par bsp_olimex_p407_7.30/Debug (BSP STM32F4),62,1
src/kernel/dev/bsp/qemu_mps2/an386/qemu_mps2_machine.h,actif,"étape 6 : BSP commun des machines QEMU MPS2 (an386, an500)",15,0
src/kernel/dev/bsp/qemu_mps2/an500/qemu_mps2_machine.h,actif,"étape 6 : BSP commun des machines QEMU MPS2 (an386, an500)",15,0
src/kernel/dev/bsp/qemu_mps2/qemu_mps2_board.c,actif,"étape 6 : BSP commun des machines QEMU MPS2 (an386, an500)",111,0
src/kernel/dev/bsp/samd20xplained_pro/dev_samd20xplained_pro_board/dev_samd20xplained_pro_board.c,différé,déclaré par bsp_samd20xplained_pro_7.30/Debug (candidat M0+ (étape 6)),98,1
src/kernel/dev/bsp/samd20xplained_pro/dev_samd20xplained_pro_board/dev_samd20xplained_pro_board.h,différé,déclaré par bsp_samd20xplained_pro_7.30/Debug (candidat M0+ (étape 6)),319,1
src/kernel/dev/bsp/samd20xplained_pro/dev_samd20xplained_pro_board/samd20_xplained_pro_board_clock.c,différé,déclaré par bsp_samd20xplained_pro_7.30/Debug (candidat M0+ (étape 6)),462,1
src/kernel/dev/bsp/samd20xplained_pro/dev_samd20xplained_pro_board/samd20_xplained_pro_board_conf_clocks.h,différé,déclaré par bsp_samd20xplained_pro_7.30/Debug (candidat M0+ (étape 6)),88,1
src/kernel/dev/bsp/samd20xplained_pro/dev_samd20xplained_pro_board/samd20_xplained_pro_board_init.c,différé,déclaré par bsp_samd20xplained_pro_7.30/Debug (candidat M0+ (étape 6)),43,1
src/kernel/dev/bsp/samd20xplained_pro/dev_samd20xplained_pro_peripherals/dev_samd20xplained_pro_uart_3.c,différé,déclaré par bsp_samd20xplained_pro_7.30/Debug (candidat M0+ (étape 6)),59,1
src/kernel/dev/bsp/samd21_xplained_pro/samd21_xplained_pro.h,actif,étape 6 : BSP de la carte SAMD21 Xplained Pro,9,0
src/kernel/dev/bsp/samd21_xplained_pro/samd21_xplained_pro_board.c,actif,étape 6 : BSP de la carte SAMD21 Xplained Pro,113,0
src/kernel/dev/bsp/same70xplained/dev_same70xplained_board/dev_same70xplained_board.c,différé,"règle : Cortex-M7 Atmel SAMV71/SAME70, référence M7 (décision 2026-09-30)",103,1
src/kernel/dev/bsp/same70xplained/dev_same70xplained_board/dev_same70xplained_board.h,différé,"règle : Cortex-M7 Atmel SAMV71/SAME70, référence M7 (décision 2026-09-30)",319,1
src/kernel/dev/bsp/same70xplained/dev_same70xplained_peripherals/dev_same70xplained_i2c_0.c,différé,"règle : Cortex-M7 Atmel SAMV71/SAME70, référence M7 (décision 2026-09-30)",53,1
src/kernel/dev/bsp/samv71xplained_ultra/dev_samdv71xplained_ultra_board/dev_samv71xplained_ultra_board.c,différé,"règle : Cortex-M7 Atmel SAMV71/SAME70, référence M7 (décision 2026-09-30)",96,1
src/kernel/dev/bsp/samv71xplained_ultra/dev_samdv71xplained_ultra_board/dev_samv71xplained_ultra_board.h,différé,"règle : Cortex-M7 Atmel SAMV71/SAME70, référence M7 (décision 2026-09-30)",44,1
src/kernel/dev/bsp/samv71xplained_ultra/dev_samdv71xplained_ultra_peripherals/dev_samv71xplained_ultra_sdio.c,différé,"règle : Cortex-M7 Atmel SAMV71/SAME70, référence M7 (décision 2026-09-30)",53,1
src/kernel/dev/bsp/samv71xplained_ultra/dev_samdv71xplained_ultra_peripherals/dev_samv71xplained_ultra_uart_4.c,différé,"règle : Cortex-M7 Atmel SAMV71/SAME70, référence M7 (décision 2026-09-30)",53,1
src/kernel/dev/bsp/samv71xplained_ultra/dev_samdv71xplained_ultra_peripherals/dev_samv71xplained_ultra_usart_1.c,différé,"règle : Cortex-M7 Atmel SAMV71/SAME70, référence M7 (décision 2026-09-30)",62,1
src/kernel/dev/bsp/stm32f469i-eval/dev_stm32f469i_eval_board/dev_stm32f469i_eval_board.c,actif,déclaré par bsp-stm32f469i-eval/Debug (BSP STM32F4),143,1
src/kernel/dev/bsp/stm32f469i-eval/dev_stm32f469i_eval_board/dev_stm32f469i_eval_board.h,actif,déclaré par bsp-stm32f469i-eval/Debug (BSP STM32F4),18,1
src/kernel/dev/bsp/stm32f469i-eval/dev_stm32f469i_eval_peripherals/dev_stm32f469i_eval_i2c_1.c,différé,déclaré par bsp-stm32f469i-eval/Release (génération ancienne ou configuration Release (squelette)),109,1
src/kernel/dev/bsp/stm32f469i-eval/dev_stm32f469i_eval_peripherals/dev_stm32f469i_eval_spi_1.c,différé,déclaré par bsp-stm32f469i-eval/Release (génération ancienne ou configuration Release (squelette)),52,1
src/kernel/dev/bsp/stm32f469i-eval/dev_stm32f469i_eval_peripherals/dev_stm32f469i_eval_spi_2.c,différé,déclaré par bsp-stm32f469i-eval/Release (génération ancienne ou configuration Release (squelette)),52,1
src/kernel/dev/bsp/stm32f469i-eval/dev_stm32f469i_eval_peripherals/dev_stm32f469i_eval_usart_1.c,actif,déclaré par bsp-stm32f469i-eval/Debug (BSP STM32F4),63,1
src/kernel/dev/bsp/stm32f746g_disco/stm32f746g_disco.h,actif,étape 6 : BSP de la carte STM32F746G-DISCO,15,0
src/kernel/dev/bsp/stm32f746g_disco/stm32f746g_disco_board.c,actif,étape 6 : BSP de la carte STM32F746G-DISCO,106,0
src/kernel/dev/bsp/stm32f746g_disco/stm32f7xx_hal_conf.h,actif,étape 6 : BSP de la carte STM32F746G-DISCO,273,0
src/kernel/dev/bsp/stm32wl55jci_nucleo/dev_stm32wl55jci_nucleo_board/dev_stm32wl55jci_nucleo_board.c,différé,"déclaré par bsp_stm32wl55jci_nucleo_8.40/Debug (STM32WL55 Nucleo, carte non listée (à décider))",135,2
src/kernel/dev/bsp/stm32wl55jci_nucleo/dev_stm32wl55jci_nucleo_board/dev_stm32wl55jci_nucleo_board.h,différé,"déclaré par bsp_stm32wl55jci_nucleo_8.40/Debug (STM32WL55 Nucleo, carte non listée (à décider))",18,2
src/kernel/dev/bsp/stm32wl55jci_nucleo/dev_stm32wl55jci_nucleo_peripherals/dev_stm32wl55jci_nucleo_usart_2.c,actif,étape 6 : BSP de la carte NUCLEO-WL55JC1,93,2
src/kernel/dev/bsp/stm32wl55jci_nucleo/dev_stm32wl55jci_nucleo_radio/dev_stm32wl55jci_nucleo_radio.c,actif,étape 6 : BSP de la carte NUCLEO-WL55JC1,50,2
src/kernel/dev/bsp/stm32wl55jci_nucleo/dev_stm32wl55jci_nucleo_radio/stm32wlxx_nucleo_conf.h,actif,étape 6 : BSP de la carte NUCLEO-WL55JC1,13,4
src/kernel/dev/bsp/stm32wl55jci_nucleo/dev_stm32wl55jci_nucleo_radio/stm32wlxx_nucleo_conf_template.h,différé,rattaché par répertoire (src/kernel/dev/bsp/stm32wl55jci_nucleo/dev_stm32wl55jci_nucleo_radio),13,0
src/kernel/dev/bsp/stm32wl55jci_nucleo/dev_stm32wl55jci_nucleo_radio/stm32wlxx_nucleo_errno.h,actif,étape 6 : BSP de la carte NUCLEO-WL55JC1,21,4
src/kernel/dev/bsp/stm32wl55jci_nucleo/dev_stm32wl55jci_nucleo_radio/stm32wlxx_nucleo_radio.c,actif,étape 6 : BSP de la carte NUCLEO-WL55JC1,92,2
src/kernel/dev/bsp/stm32wl55jci_nucleo/dev_stm32wl55jci_nucleo_radio/stm32wlxx_nucleo_radio.h,actif,étape 6 : BSP de la carte NUCLEO-WL55JC1,60,4
src/kernel/dev/bsp/stm32wl55jci_nucleo/stm32wl55jci_nucleo.h,actif,étape 6 : BSP de la carte NUCLEO-WL55JC1,7,0
src/kernel/dev/bsp/stm32wl55jci_nucleo/stm32wl55jci_nucleo_system.c,actif,étape 6 : BSP de la carte NUCLEO-WL55JC1,48,0
src/kernel/dev/dev_cpufs/dev_cpufs.c,actif,"déclaré par tauon_7.80/tauon-kernel-cortex-m4-debug (noyau, configuration Cortex-M4 embOS (socle))",97,7
src/kernel/dev/dev_cpufs/dev_cpufs.h,actif,"déclaré par tauon_7.80/tauon-kernel-cortex-m4-debug (noyau, configuration Cortex-M4 embOS (socle))",4,7
src/kernel/dev/dev_fb/dev_fb.c,actif,"déclaré par tauon_7.80/tauon-kernel-cortex-m4-debug (noyau, configuration Cortex-M4 embOS (socle))",252,5
src/kernel/dev/dev_fb/dev_fb.h,actif,"déclaré par tauon_7.80/tauon-kernel-cortex-m4-debug (noyau, configuration Cortex-M4 embOS (socle))",3,5
src/kernel/dev/dev_head/dev_head.c,actif,"déclaré par tauon_7.80/tauon-kernel-cortex-m4-debug (noyau, configuration Cortex-M4 embOS (socle))",118,7
src/kernel/dev/dev_loadavg/dev_loadavg.c,hors-projet,"non déclaré par un projet, non inclus, sans règle",108,0
src/kernel/dev/dev_mem/dev_mem.c,actif,"déclaré par tauon_7.80/tauon-kernel-cortex-m4-debug (noyau, configuration Cortex-M4 embOS (socle))",278,7
src/kernel/dev/dev_mem/dev_mem.h,actif,"déclaré par tauon_7.80/tauon-kernel-cortex-m4-debug (noyau, configuration Cortex-M4 embOS (socle))",20,7
src/kernel/dev/dev_null/dev_null.c,actif,"déclaré par tauon_7.80/tauon-kernel-cortex-m4-debug (noyau, configuration Cortex-M4 embOS (socle))",66,7
src/kernel/dev/dev_part/dev_part.c,hors-projet,"non déclaré par un projet, non inclus, sans règle",399,0
src/kernel/dev/dev_part/dev_part.h,hors-projet,"non déclaré par un projet, non inclus, sans règle",58,0
src/kernel/dev/dev_proc/dev_proc.c,actif,"déclaré par tauon_7.80/tauon-kernel-cortex-m4-debug (noyau, configuration Cortex-M4 embOS (socle))",154,7
src/kernel/dev/dev_proc/dev_proc.h,actif,"déclaré par tauon_7.80/tauon-kernel-cortex-m4-debug (noyau, configuration Cortex-M4 embOS (socle))",4,7
src/kernel/dev/dev_tty/dev_tty.c,actif,"déclaré par tauon_7.80/tauon-kernel-cortex-m4-debug (noyau, configuration Cortex-M4 embOS (socle))",422,7
src/kernel/dev/dev_tty/tty_font-8x16.c,actif,"déclaré par tauon_7.80/tauon-kernel-cortex-m4-debug (noyau, configuration Cortex-M4 embOS (socle))",4117,7
src/kernel/dev/dev_tty/tty_font-8x8.c,actif,"déclaré par tauon_7.80/tauon-kernel-cortex-m4-debug (noyau, configuration Cortex-M4 embOS (socle))",2069,4
src/kernel/dev/dev_tty/tty_font.h,actif,"déclaré par tauon_7.80/tauon-kernel-cortex-m4-debug (noyau, configuration Cortex-M4 embOS (socle))",12,7
src/kernel/fs/fat/fat16.c,actif,"déclaré par tauon_7.80/tauon-kernel-cortex-m4-debug (noyau, configuration Cortex-M4 embOS (socle))",516,6
src/kernel/fs/fat/fat16.h,actif,"déclaré par tauon_7.80/tauon-kernel-cortex-m4-debug (noyau, configuration Cortex-M4 embOS (socle))",20,7
src/kernel/fs/fat/fat16_msdos.c,actif,"déclaré par tauon_7.80/tauon-kernel-cortex-m4-debug (noyau, configuration Cortex-M4 embOS (socle))",566,6
src/kernel/fs/fat/fat16_vfat.c,actif,"déclaré par tauon_7.80/tauon-kernel-cortex-m4-debug (noyau, configuration Cortex-M4 embOS (socle))",671,6
src/kernel/fs/fat/fatcore.c,actif,"déclaré par tauon_7.80/tauon-kernel-cortex-m4-debug (noyau, configuration Cortex-M4 embOS (socle))",422,6
src/kernel/fs/fat/fatcore.h,actif,"déclaré par tauon_7.80/tauon-kernel-cortex-m4-debug (noyau, configuration Cortex-M4 embOS (socle))",238,6
src/kernel/fs/fat/fatcore_msdos.c,actif,"déclaré par tauon_7.80/tauon-kernel-cortex-m4-debug (noyau, configuration Cortex-M4 embOS (socle))",231,6
src/kernel/fs/fat/fatcore_msdos.h,actif,"déclaré par tauon_7.80/tauon-kernel-cortex-m4-debug (noyau, configuration Cortex-M4 embOS (socle))",11,6
src/kernel/fs/fat/fatcore_vfat.c,actif,"déclaré par tauon_7.80/tauon-kernel-cortex-m4-debug (noyau, configuration Cortex-M4 embOS (socle))",663,6
src/kernel/fs/fat/fatcore_vfat.h,actif,"déclaré par tauon_7.80/tauon-kernel-cortex-m4-debug (noyau, configuration Cortex-M4 embOS (socle))",35,6
src/kernel/fs/fat/fatinfo.h,actif,"déclaré par tauon_7.80/tauon-kernel-cortex-m4-debug (noyau, configuration Cortex-M4 embOS (socle))",31,36
src/kernel/fs/fatfs/core/diskio.c,actif,"déclaré par tauon_7.80/tauon-kernel-cortex-m4-debug (noyau, configuration Cortex-M4 embOS (socle))",70,4
src/kernel/fs/fatfs/core/diskio.h,actif,"déclaré par tauon_7.80/tauon-kernel-cortex-m4-debug (noyau, configuration Cortex-M4 embOS (socle))",46,4
src/kernel/fs/fatfs/core/drivers/sd_diskio.c,actif,"déclaré par tauon_7.80/tauon-kernel-cortex-m4-debug (noyau, configuration Cortex-M4 embOS (socle))",140,4
src/kernel/fs/fatfs/core/drivers/sd_diskio.h,actif,"déclaré par tauon_7.80/tauon-kernel-cortex-m4-debug (noyau, configuration Cortex-M4 embOS (socle))",4,4
src/kernel/fs/fatfs/core/drivers/sdram_diskio.c,hors-projet,"non déclaré par un projet, non inclus, sans règle",89,0
src/kernel/fs/fatfs/core/drivers/sdram_diskio.h,actif,rattaché par répertoire (src/kernel/fs/fatfs/core/drivers),4,0
src/kernel/fs/fatfs/core/drivers/sram_diskio.c,hors-projet,"non déclaré par un projet, non inclus, sans règle",87,0
src/kernel/fs/fatfs/core/drivers/sram_diskio.h,actif,rattaché par répertoire (src/kernel/fs/fatfs/core/drivers),4,0
src/kernel/fs/fatfs/core/drivers/usbh_diskio.c,hors-projet,"non déclaré par un projet, non inclus, sans règle",196,0
src/kernel/fs/fatfs/core/drivers/usbh_diskio.h,actif,rattaché par répertoire (src/kernel/fs/fatfs/core/drivers),4,0
src/kernel/fs/fatfs/core/ff.c,actif,"déclaré par tauon_7.80/tauon-kernel-cortex-m4-debug (noyau, configuration Cortex-M4 embOS (socle))",3645,4
src/kernel/fs/fatfs/core/ff.h,actif,"déclaré par tauon_7.80/tauon-kernel-cortex-m4-debug (noyau, configuration Cortex-M4 embOS (socle))",253,4
src/kernel/fs/fatfs/core/ff_gen_drv.c,actif,"déclaré par tauon_7.80/tauon-kernel-cortex-m4-debug (noyau, configuration Cortex-M4 embOS (socle))",53,4
src/kernel/fs/fatfs/core/ff_gen_drv.h,actif,"déclaré par tauon_7.80/tauon-kernel-cortex-m4-debug (noyau, configuration Cortex-M4 embOS (socle))",34,4
src/kernel/fs/fatfs/core/ffconf.h,actif,"déclaré par tauon_7.80/tauon-kernel-cortex-m4-debug (noyau, configuration Cortex-M4 embOS (socle))",35,4
src/kernel/fs/fatfs/core/ffconf_template.h,actif,"déclaré par tauon_7.80/tauon-kernel-cortex-m4-debug (noyau, configuration Cortex-M4 embOS (socle))",41,3
src/kernel/fs/fatfs/core/integer.h,actif,"déclaré par tauon_7.80/tauon-kernel-cortex-m4-debug (noyau, configuration Cortex-M4 embOS (socle))",16,4
src/kernel/fs/fatfs/core/option/cc932.c,hors-projet,"non déclaré par un projet, non inclus, sans règle",3773,0
src/kernel/fs/fatfs/core/option/cc936.c,hors-projet,"non déclaré par un projet, non inclus, sans règle",10949,0
src/kernel/fs/fatfs/core/option/cc949.c,hors-projet,"non déclaré par un projet, non inclus, sans règle",8577,0
src/kernel/fs/fatfs/core/option/cc950.c,hors-projet,"non déclaré par un projet, non inclus, sans règle",6803,0
src/kernel/fs/fatfs/core/option/ccsbcs.c,hors-projet,"non déclaré par un projet, non inclus, sans règle",476,0
src/kernel/fs/fatfs/core/option/fatfs_syscall.c,hors-projet,"non déclaré par un projet, non inclus, sans règle",54,0
src/kernel/fs/fatfs/core/option/unicode.c,hors-projet,"non déclaré par un projet, non inclus, sans règle",14,0
src/kernel/fs/fatfs/fatfs.c,actif,"déclaré par tauon_7.80/tauon-kernel-cortex-m4-debug (noyau, configuration Cortex-M4 embOS (socle))",78,4
src/kernel/fs/fatfs/fatfs.h,actif,"déclaré par tauon_7.80/tauon-kernel-cortex-m4-debug (noyau, configuration Cortex-M4 embOS (socle))",4,7
src/kernel/fs/fatfs/fatfscore.c,actif,"déclaré par tauon_7.80/tauon-kernel-cortex-m4-debug (noyau, configuration Cortex-M4 embOS (socle))",311,4
src/kernel/fs/fatfs/fatfscore.h,actif,"déclaré par tauon_7.80/tauon-kernel-cortex-m4-debug (noyau, configuration Cortex-M4 embOS (socle))",26,4
src/kernel/fs/kofs/kofs.c,actif,"déclaré par tauon_7.80/tauon-kernel-cortex-m4-debug (noyau, configuration Cortex-M4 embOS (socle))",488,7
src/kernel/fs/kofs/kofs.h,actif,"déclaré par tauon_7.80/tauon-kernel-cortex-m4-debug (noyau, configuration Cortex-M4 embOS (socle))",28,7
src/kernel/fs/rootfs/rootfs.c,actif,"déclaré par tauon_7.80/tauon-kernel-cortex-m4-debug (noyau, configuration Cortex-M4 embOS (socle))",316,7
src/kernel/fs/rootfs/rootfs.h,actif,"déclaré par tauon_7.80/tauon-kernel-cortex-m4-debug (noyau, configuration Cortex-M4 embOS (socle))",23,7
src/kernel/fs/rootfs/rootfscore.c,actif,"déclaré par tauon_7.80/tauon-kernel-cortex-m4-debug (noyau, configuration Cortex-M4 embOS (socle))",125,7
src/kernel/fs/rootfs/rootfscore.h,actif,"déclaré par tauon_7.80/tauon-kernel-cortex-m4-debug (noyau, configuration Cortex-M4 embOS (socle))",72,7
src/kernel/fs/ufs/ufs.c,actif,"déclaré par tauon_7.80/tauon-kernel-cortex-m4-debug (noyau, configuration Cortex-M4 embOS (socle))",580,7
src/kernel/fs/ufs/ufs.h,actif,"déclaré par tauon_7.80/tauon-kernel-cortex-m4-debug (noyau, configuration Cortex-M4 embOS (socle))",22,7
src/kernel/fs/ufs/ufscore.c,actif,"déclaré par tauon_7.80/tauon-kernel-cortex-m4-debug (noyau, configuration Cortex-M4 embOS (socle))",399,7
src/kernel/fs/ufs/ufscore.h,actif,"déclaré par tauon_7.80/tauon-kernel-cortex-m4-debug (noyau, configuration Cortex-M4 embOS (socle))",55,7
src/kernel/fs/ufs/ufsdriver.c,actif,"déclaré par tauon_7.80/tauon-kernel-cortex-m4-debug (noyau, configuration Cortex-M4 embOS (socle))",100,7
src/kernel/fs/ufs/ufsdriver.h,actif,"déclaré par tauon_7.80/tauon-kernel-cortex-m4-debug (noyau, configuration Cortex-M4 embOS (socle))",98,7
src/kernel/fs/ufs/ufsdriver_1_3.c,actif,"déclaré par tauon_7.80/tauon-kernel-cortex-m4-debug (noyau, configuration Cortex-M4 embOS (socle))",268,7
src/kernel/fs/ufs/ufsdriver_1_3.h,actif,"déclaré par tauon_7.80/tauon-kernel-cortex-m4-debug (noyau, configuration Cortex-M4 embOS (socle))",35,7
src/kernel/fs/ufs/ufsdriver_1_4.c,actif,"déclaré par tauon_7.80/tauon-kernel-cortex-m4-debug (noyau, configuration Cortex-M4 embOS (socle))",268,7
src/kernel/fs/ufs/ufsdriver_1_4.h,actif,"déclaré par tauon_7.80/tauon-kernel-cortex-m4-debug (noyau, configuration Cortex-M4 embOS (socle))",35,7
src/kernel/fs/ufs/ufsdriver_1_5.c,actif,"déclaré par tauon_7.80/tauon-kernel-cortex-m4-debug (noyau, configuration Cortex-M4 embOS (socle))",164,7
src/kernel/fs/ufs/ufsdriver_1_5.h,actif,"déclaré par tauon_7.80/tauon-kernel-cortex-m4-debug (noyau, configuration Cortex-M4 embOS (socle))",7,7
src/kernel/fs/ufs/ufsinfo.h,actif,"déclaré par tauon_7.80/tauon-kernel-cortex-m4-debug (noyau, configuration Cortex-M4 embOS (socle))",12,36
src/kernel/fs/ufs/ufsx.c,actif,"déclaré par tauon_7.80/tauon-kernel-cortex-m4-debug (noyau, configuration Cortex-M4 embOS (socle))",228,7
src/kernel/fs/ufs/ufsx.h,actif,"déclaré par tauon_7.80/tauon-kernel-cortex-m4-debug (noyau, configuration Cortex-M4 embOS (socle))",15,7
src/kernel/fs/vfs/vfs.c,actif,"déclaré par tauon_7.80/tauon-kernel-cortex-m4-debug (noyau, configuration Cortex-M4 embOS (socle))",1087,7
src/kernel/fs/vfs/vfs.h,actif,"déclaré par tauon_7.80/tauon-kernel-cortex-m4-debug (noyau, configuration Cortex-M4 embOS (socle))",47,7
src/kernel/fs/vfs/vfscore.c,actif,"déclaré par tauon_7.80/tauon-kernel-cortex-m4-debug (noyau, configuration Cortex-M4 embOS (socle))",425,7
src/kernel/fs/vfs/vfscore.h,actif,"déclaré par tauon_7.80/tauon-kernel-cortex-m4-debug (noyau, configuration Cortex-M4 embOS (socle))",10,7
src/kernel/fs/vfs/vfsdev.c,actif,"déclaré par tauon_7.80/tauon-kernel-cortex-m4-debug (noyau, configuration Cortex-M4 embOS (socle))",0,7
src/kernel/fs/vfs/vfsdev.h,actif,"déclaré par tauon_7.80/tauon-kernel-cortex-m4-debug (noyau, configuration Cortex-M4 embOS (socle))",62,36
src/kernel/fs/vfs/vfskernel.c,actif,"déclaré par tauon_7.80/tauon-kernel-cortex-m4-debug (noyau, configuration Cortex-M4 embOS (socle))",334,7
src/kernel/fs/vfs/vfskernel.h,actif,"déclaré par tauon_7.80/tauon-kernel-cortex-m4-debug (noyau, configuration Cortex-M4 embOS (socle))",166,10
src/kernel/fs/vfs/vfstypes.h,actif,"déclaré par tauon_7.80/tauon-kernel-cortex-m4-debug (noyau, configuration Cortex-M4 embOS (socle))",285,36
src/kernel/fs/yaffs/core/devextras.h,actif,rattaché par répertoire (src/kernel/fs/yaffs),108,0
src/kernel/fs/yaffs/core/direct/yaffs_flashif.c,hors-projet,"non déclaré par un projet, non inclus, sans règle",148,0
src/kernel/fs/yaffs/core/direct/yaffs_flashif.h,hors-projet,"non déclaré par un projet, non inclus, sans règle",13,0
src/kernel/fs/yaffs/core/direct/yaffs_flashif2.h,hors-projet,"non déclaré par un projet, non inclus, sans règle",13,0
src/kernel/fs/yaffs/core/direct/yaffs_malloc.h,hors-projet,"non déclaré par un projet, non inclus, sans règle",5,0
src/kernel/fs/yaffs/core/direct/yaffs_nandif.c,hors-projet,"non déclaré par un projet, non inclus, sans règle",169,0
src/kernel/fs/yaffs/core/direct/yaffs_nandif.h,hors-projet,"non déclaré par un projet, non inclus, sans règle",21,0
src/kernel/fs/yaffs/core/direct/yaffs_norif1.c,hors-projet,"non déclaré par un projet, non inclus, sans règle",194,0
src/kernel/fs/yaffs/core/direct/yaffs_norif1.h,hors-projet,"non déclaré par un projet, non inclus, sans règle",9,0
src/kernel/fs/yaffs/core/direct/yaffs_ramdisk.c,hors-projet,"non déclaré par un projet, non inclus, sans règle",140,0
src/kernel/fs/yaffs/core/direct/yaffs_ramdisk.h,hors-projet,"non déclaré par un projet, non inclus, sans règle",11,0
src/kernel/fs/yaffs/core/direct/yaffs_ramem2k.c,hors-projet,"non déclaré par un projet, non inclus, sans règle",231,0
src/kernel/fs/yaffs/core/direct/ydirectenv.h,hors-projet,"non déclaré par un projet, non inclus, sans règle",61,0
src/kernel/fs/yaffs/core/direct/ynorsim.c,hors-projet,"non déclaré par un projet, non inclus, sans règle",144,0
src/kernel/fs/yaffs/core/direct/ynorsim.h,hors-projet,"non déclaré par un projet, non inclus, sans règle",12,0
src/kernel/fs/yaffs/core/yaffs_checkptrw.c,hors-projet,"non déclaré par un projet, non inclus, sans règle",285,0
src/kernel/fs/yaffs/core/yaffs_checkptrw.h,actif,rattaché par répertoire (src/kernel/fs/yaffs),10,0
src/kernel/fs/yaffs/core/yaffs_ecc.c,hors-projet,"non déclaré par un projet, non inclus, sans règle",227,0
src/kernel/fs/yaffs/core/yaffs_ecc.h,actif,rattaché par répertoire (src/kernel/fs/yaffs),16,0
src/kernel/fs/yaffs/core/yaffs_getblockinfo.h,actif,rattaché par répertoire (src/kernel/fs/yaffs),16,0
src/kernel/fs/yaffs/core/yaffs_guts.c,hors-projet,"non déclaré par un projet, non inclus, sans règle",5445,0
src/kernel/fs/yaffs/core/yaffs_guts.h,actif,rattaché par répertoire (src/kernel/fs/yaffs),522,0
src/kernel/fs/yaffs/core/yaffs_nand.c,hors-projet,"non déclaré par un projet, non inclus, sans règle",98,0
src/kernel/fs/yaffs/core/yaffs_nand.h,actif,rattaché par répertoire (src/kernel/fs/yaffs),19,0
src/kernel/fs/yaffs/core/yaffs_nandemul2k.h,actif,rattaché par répertoire (src/kernel/fs/yaffs),19,0
src/kernel/fs/yaffs/core/yaffs_packedtags1.c,hors-projet,"non déclaré par un projet, non inclus, sans règle",33,0
src/kernel/fs/yaffs/core/yaffs_packedtags1.h,actif,rattaché par répertoire (src/kernel/fs/yaffs),16,0
src/kernel/fs/yaffs/core/yaffs_packedtags2.c,hors-projet,"non déclaré par un projet, non inclus, sans règle",134,0
src/kernel/fs/yaffs/core/yaffs_packedtags2.h,actif,rattaché par répertoire (src/kernel/fs/yaffs),19,0
src/kernel/fs/yaffs/core/yaffs_qsort.c,hors-projet,"non déclaré par un projet, non inclus, sans règle",117,0
src/kernel/fs/yaffs/core/yaffs_qsort.h,actif,rattaché par répertoire (src/kernel/fs/yaffs),5,0
src/kernel/fs/yaffs/core/yaffs_tagscompat.c,hors-projet,"non déclaré par un projet, non inclus, sans règle",397,0
src/kernel/fs/yaffs/core/yaffs_tagscompat.h,actif,rattaché par répertoire (src/kernel/fs/yaffs),21,0
src/kernel/fs/yaffs/core/yaffs_tagsvalidity.c,hors-projet,"non déclaré par un projet, non inclus, sans règle",12,0
src/kernel/fs/yaffs/core/yaffs_tagsvalidity.h,actif,rattaché par répertoire (src/kernel/fs/yaffs),6,0
src/kernel/fs/yaffs/core/yaffs_trace.h,actif,rattaché par répertoire (src/kernel/fs/yaffs),29,0
src/kernel/fs/yaffs/core/yaffsinterface.h,actif,rattaché par répertoire (src/kernel/fs/yaffs),4,0
src/kernel/fs/yaffs/core/yportenv.h,actif,rattaché par répertoire (src/kernel/fs/yaffs),103,0
src/kernel/fs/yaffs/yaffs.c,hors-projet,"non déclaré par un projet, non inclus, sans règle",225,0
src/kernel/fs/yaffs/yaffs.h,actif,rattaché par répertoire (src/kernel/fs/yaffs),21,0
src/kernel/fs/yaffs/yaffscore.c,hors-projet,"non déclaré par un projet, non inclus, sans règle",172,0
src/kernel/fs/yaffs/yaffscore.h,actif,rattaché par répertoire (src/kernel/fs/yaffs),35,0
src/kernel/fs/yaffs/yaffsdriver_nor_flash.c,hors-projet,"non déclaré par un projet, non inclus, sans règle",64,0
src/kernel/fs/yaffs/yaffsdriver_nor_flash.h,actif,rattaché par répertoire (src/kernel/fs/yaffs),9,0
src/kernel/fs/yaffs/yaffsinfo.h,actif,inclus par dev_stm32f4xx_7.20/Debug (pilotes STM32F4 (config. liée par les applications F4)),6,36
src/kernel/net/lwip/api/api_lib.c,actif,"déclaré par tauon_7.80/tauon-kernel-cortex-m4-debug (noyau, configuration Cortex-M4 embOS (socle))",604,6
src/kernel/net/lwip/api/api_msg.c,actif,"déclaré par tauon_7.80/tauon-kernel-cortex-m4-debug (noyau, configuration Cortex-M4 embOS (socle))",1395,6
src/kernel/net/lwip/api/err.c,actif,"déclaré par tauon_7.80/tauon-kernel-cortex-m4-debug (noyau, configuration Cortex-M4 embOS (socle))",62,6
src/kernel/net/lwip/api/netbuf.c,actif,"déclaré par tauon_7.80/tauon-kernel-cortex-m4-debug (noyau, configuration Cortex-M4 embOS (socle))",110,6
src/kernel/net/lwip/api/netdb.c,actif,"déclaré par tauon_7.80/tauon-kernel-cortex-m4-debug (noyau, configuration Cortex-M4 embOS (socle))",253,6
src/kernel/net/lwip/api/netifapi.c,actif,"déclaré par tauon_7.80/tauon-kernel-cortex-m4-debug (noyau, configuration Cortex-M4 embOS (socle))",127,6
src/kernel/net/lwip/api/sockets.c,actif,"déclaré par tauon_7.80/tauon-kernel-cortex-m4-debug (noyau, configuration Cortex-M4 embOS (socle))",2216,3
src/kernel/net/lwip/api/tcpip.c,actif,"déclaré par tauon_7.80/tauon-kernel-cortex-m4-debug (noyau, configuration Cortex-M4 embOS (socle))",300,6
src/kernel/net/lwip/core/def.c,actif,"déclaré par tauon_7.80/tauon-kernel-cortex-m4-debug (noyau, configuration Cortex-M4 embOS (socle))",106,3
src/kernel/net/lwip/core/dns.c,actif,"déclaré par tauon_7.80/tauon-kernel-cortex-m4-debug (noyau, configuration Cortex-M4 embOS (socle))",1025,6
src/kernel/net/lwip/core/inet_chksum.c,actif,"déclaré par tauon_7.80/tauon-kernel-cortex-m4-debug (noyau, configuration Cortex-M4 embOS (socle))",328,3
src/kernel/net/lwip/core/init.c,actif,"déclaré par tauon_7.80/tauon-kernel-cortex-m4-debug (noyau, configuration Cortex-M4 embOS (socle))",322,6
src/kernel/net/lwip/core/ip.c,actif,"déclaré par tauon_7.80/tauon-kernel-cortex-m4-debug (noyau, configuration Cortex-M4 embOS (socle))",42,3
src/kernel/net/lwip/core/ipv4/autoip.c,actif,"déclaré par tauon_7.80/tauon-kernel-cortex-m4-debug (noyau, configuration Cortex-M4 embOS (socle))",282,6
src/kernel/net/lwip/core/ipv4/dhcp.c,actif,"déclaré par tauon_7.80/tauon-kernel-cortex-m4-debug (noyau, configuration Cortex-M4 embOS (socle))",1287,3
src/kernel/net/lwip/core/ipv4/etharp.c,actif,"déclaré par tauon_7.80/tauon-kernel-cortex-m4-debug (noyau, configuration Cortex-M4 embOS (socle))",674,3
src/kernel/net/lwip/core/ipv4/icmp.c,actif,"déclaré par tauon_7.80/tauon-kernel-cortex-m4-debug (noyau, configuration Cortex-M4 embOS (socle))",262,6
src/kernel/net/lwip/core/ipv4/igmp.c,actif,"déclaré par tauon_7.80/tauon-kernel-cortex-m4-debug (noyau, configuration Cortex-M4 embOS (socle))",436,6
src/kernel/net/lwip/core/ipv4/ip4.c,actif,"déclaré par tauon_7.80/tauon-kernel-cortex-m4-debug (noyau, configuration Cortex-M4 embOS (socle))",727,3
src/kernel/net/lwip/core/ipv4/ip4_addr.c,actif,"déclaré par tauon_7.80/tauon-kernel-cortex-m4-debug (noyau, configuration Cortex-M4 embOS (socle))",192,3
src/kernel/net/lwip/core/ipv4/ip4_frag.c,actif,"déclaré par tauon_7.80/tauon-kernel-cortex-m4-debug (noyau, configuration Cortex-M4 embOS (socle))",514,3
src/kernel/net/lwip/core/ipv6/dhcp6.c,hors-projet,"non déclaré par un projet, non inclus, sans règle",5,0
src/kernel/net/lwip/core/ipv6/ethip6.c,hors-projet,"non déclaré par un projet, non inclus, sans règle",39,0
src/kernel/net/lwip/core/ipv6/icmp6.c,hors-projet,"non déclaré par un projet, non inclus, sans règle",203,0
src/kernel/net/lwip/core/ipv6/inet6.c,hors-projet,"non déclaré par un projet, non inclus, sans règle",6,0
src/kernel/net/lwip/core/ipv6/ip6.c,hors-projet,"non déclaré par un projet, non inclus, sans règle",733,0
src/kernel/net/lwip/core/ipv6/ip6_addr.c,hors-projet,"non déclaré par un projet, non inclus, sans règle",180,0
src/kernel/net/lwip/core/ipv6/ip6_frag.c,hors-projet,"non déclaré par un projet, non inclus, sans règle",517,0
src/kernel/net/lwip/core/ipv6/mld6.c,hors-projet,"non déclaré par un projet, non inclus, sans règle",311,0
src/kernel/net/lwip/core/ipv6/nd6.c,hors-projet,"non déclaré par un projet, non inclus, sans règle",1354,0
src/kernel/net/lwip/core/mem.c,actif,"déclaré par tauon_7.80/tauon-kernel-cortex-m4-debug (noyau, configuration Cortex-M4 embOS (socle))",432,6
src/kernel/net/lwip/core/memp.c,actif,"déclaré par tauon_7.80/tauon-kernel-cortex-m4-debug (noyau, configuration Cortex-M4 embOS (socle))",324,6
src/kernel/net/lwip/core/netif.c,actif,"déclaré par tauon_7.80/tauon-kernel-cortex-m4-debug (noyau, configuration Cortex-M4 embOS (socle))",810,6
src/kernel/net/lwip/core/pbuf.c,actif,"déclaré par tauon_7.80/tauon-kernel-cortex-m4-debug (noyau, configuration Cortex-M4 embOS (socle))",730,6
src/kernel/net/lwip/core/raw.c,actif,"déclaré par tauon_7.80/tauon-kernel-cortex-m4-debug (noyau, configuration Cortex-M4 embOS (socle))",277,6
src/kernel/net/lwip/core/snmp/asn1_dec.c,hors-projet,"non déclaré par un projet, non inclus, sans règle",481,0
src/kernel/net/lwip/core/snmp/asn1_enc.c,hors-projet,"non déclaré par un projet, non inclus, sans règle",421,0
src/kernel/net/lwip/core/snmp/mib2.c,hors-projet,"non déclaré par un projet, non inclus, sans règle",3470,0
src/kernel/net/lwip/core/snmp/mib_structs.c,hors-projet,"non déclaré par un projet, non inclus, sans règle",905,0
src/kernel/net/lwip/core/snmp/msg_in.c,hors-projet,"non déclaré par un projet, non inclus, sans règle",1140,0
src/kernel/net/lwip/core/snmp/msg_out.c,hors-projet,"non déclaré par un projet, non inclus, sans règle",459,0
src/kernel/net/lwip/core/stats.c,actif,"déclaré par tauon_7.80/tauon-kernel-cortex-m4-debug (noyau, configuration Cortex-M4 embOS (socle))",117,6
src/kernel/net/lwip/core/sys.c,actif,"déclaré par tauon_7.80/tauon-kernel-cortex-m4-debug (noyau, configuration Cortex-M4 embOS (socle))",18,6
src/kernel/net/lwip/core/tcp.c,actif,"déclaré par tauon_7.80/tauon-kernel-cortex-m4-debug (noyau, configuration Cortex-M4 embOS (socle))",1378,6
src/kernel/net/lwip/core/tcp_in.c,actif,"déclaré par tauon_7.80/tauon-kernel-cortex-m4-debug (noyau, configuration Cortex-M4 embOS (socle))",1193,6
src/kernel/net/lwip/core/tcp_out.c,actif,"déclaré par tauon_7.80/tauon-kernel-cortex-m4-debug (noyau, configuration Cortex-M4 embOS (socle))",1071,6
src/kernel/net/lwip/core/timeouts.c,actif,"déclaré par tauon_7.80/tauon-kernel-cortex-m4-debug (noyau, configuration Cortex-M4 embOS (socle))",270,3
src/kernel/net/lwip/core/udp.c,actif,"déclaré par tauon_7.80/tauon-kernel-cortex-m4-debug (noyau, configuration Cortex-M4 embOS (socle))",734,6
src/kernel/net/lwip/include/lwip/api.h,actif,"inclus par tauon_7.80/tauon-kernel-cortex-m4-debug (noyau, configuration Cortex-M4 embOS (socle))",217,6
src/kernel/net/lwip/include/lwip/apps/fs.h,actif,rattaché par répertoire (src/kernel/net/lwip/include/lwip),59,0
src/kernel/net/lwip/include/lwip/apps/httpd.h,actif,rattaché par répertoire (src/kernel/net/lwip/include/lwip),61,0
src/kernel/net/lwip/include/lwip/apps/httpd_opts.h,actif,rattaché par répertoire (src/kernel/net/lwip/include/lwip),134,0
src/kernel/net/lwip/include/lwip/apps/lwiperf.h,actif,rattaché par répertoire (src/kernel/net/lwip/include/lwip),28,0
src/kernel/net/lwip/include/lwip/apps/mdns.h,actif,rattaché par répertoire (src/kernel/net/lwip/include/lwip),21,0
src/kernel/net/lwip/include/lwip/apps/mdns_opts.h,actif,rattaché par répertoire (src/kernel/net/lwip/include/lwip),13,0
src/kernel/net/lwip/include/lwip/apps/mdns_priv.h,actif,rattaché par répertoire (src/kernel/net/lwip/include/lwip),18,0
src/kernel/net/lwip/include/lwip/apps/mqtt.h,actif,rattaché par répertoire (src/kernel/net/lwip/include/lwip),86,0
src/kernel/net/lwip/include/lwip/apps/mqtt_opts.h,actif,rattaché par répertoire (src/kernel/net/lwip/include/lwip),28,0
src/kernel/net/lwip/include/lwip/apps/netbiosns.h,actif,rattaché par répertoire (src/kernel/net/lwip/include/lwip),9,0
src/kernel/net/lwip/include/lwip/apps/netbiosns_opts.h,actif,rattaché par répertoire (src/kernel/net/lwip/include/lwip),7,0
src/kernel/net/lwip/include/lwip/apps/snmp.h,actif,rattaché par répertoire (src/kernel/net/lwip/include/lwip),53,0
src/kernel/net/lwip/include/lwip/apps/snmp_core.h,actif,rattaché par répertoire (src/kernel/net/lwip/include/lwip),232,0
src/kernel/net/lwip/include/lwip/apps/snmp_mib2.h,actif,rattaché par répertoire (src/kernel/net/lwip/include/lwip),31,0
src/kernel/net/lwip/include/lwip/apps/snmp_opts.h,actif,rattaché par répertoire (src/kernel/net/lwip/include/lwip),93,0
src/kernel/net/lwip/include/lwip/apps/snmp_scalar.h,actif,rattaché par répertoire (src/kernel/net/lwip/include/lwip),55,0
src/kernel/net/lwip/include/lwip/apps/snmp_table.h,actif,rattaché par répertoire (src/kernel/net/lwip/include/lwip),70,0
src/kernel/net/lwip/include/lwip/apps/snmp_threadsync.h,actif,rattaché par répertoire (src/kernel/net/lwip/include/lwip),55,0
src/kernel/net/lwip/include/lwip/apps/snmpv3.h,actif,rattaché par répertoire (src/kernel/net/lwip/include/lwip),35,0
src/kernel/net/lwip/include/lwip/apps/sntp.h,actif,rattaché par répertoire (src/kernel/net/lwip/include/lwip),29,0
src/kernel/net/lwip/include/lwip/apps/sntp_opts.h,actif,rattaché par répertoire (src/kernel/net/lwip/include/lwip),52,0
src/kernel/net/lwip/include/lwip/apps/tftp_opts.h,actif,rattaché par répertoire (src/kernel/net/lwip/include/lwip),25,0
src/kernel/net/lwip/include/lwip/apps/tftp_server.h,actif,rattaché par répertoire (src/kernel/net/lwip/include/lwip),19,0
src/kernel/net/lwip/include/lwip/arch.h,actif,"inclus par tauon_7.80/tauon-kernel-cortex-m4-debug (noyau, configuration Cortex-M4 embOS (socle))",131,14
src/kernel/net/lwip/include/lwip/autoip.h,actif,"inclus par tauon_7.80/tauon-kernel-cortex-m4-debug (noyau, configuration Cortex-M4 embOS (socle))",35,6
src/kernel/net/lwip/include/lwip/debug.h,actif,"inclus par tauon_7.80/tauon-kernel-cortex-m4-debug (noyau, configuration Cortex-M4 embOS (socle))",63,14
src/kernel/net/lwip/include/lwip/def.h,actif,"inclus par tauon_7.80/tauon-kernel-cortex-m4-debug (noyau, configuration Cortex-M4 embOS (socle))",75,14
src/kernel/net/lwip/include/lwip/dhcp.h,actif,"inclus par tauon_7.80/tauon-kernel-cortex-m4-debug (noyau, configuration Cortex-M4 embOS (socle))",74,6
src/kernel/net/lwip/include/lwip/dhcp6.h,actif,"inclus par tauon_7.80/tauon-kernel-cortex-m4-debug (noyau, configuration Cortex-M4 embOS (socle))",9,6
src/kernel/net/lwip/include/lwip/dns.h,actif,"inclus par tauon_7.80/tauon-kernel-cortex-m4-debug (noyau, configuration Cortex-M4 embOS (socle))",60,6
src/kernel/net/lwip/include/lwip/err.h,actif,"inclus par tauon_7.80/tauon-kernel-cortex-m4-debug (noyau, configuration Cortex-M4 embOS (socle))",44,14
src/kernel/net/lwip/include/lwip/errno.h,actif,"inclus par tauon_7.80/tauon-kernel-cortex-m4-debug (noyau, configuration Cortex-M4 embOS (socle))",143,14
src/kernel/net/lwip/include/lwip/etharp.h,actif,"inclus par tauon_7.80/tauon-kernel-cortex-m4-debug (noyau, configuration Cortex-M4 embOS (socle))",42,7
src/kernel/net/lwip/include/lwip/ethip6.h,actif,"inclus par tauon_7.80/tauon-kernel-cortex-m4-debug (noyau, configuration Cortex-M4 embOS (socle))",17,3
src/kernel/net/lwip/include/lwip/icmp.h,actif,"inclus par tauon_7.80/tauon-kernel-cortex-m4-debug (noyau, configuration Cortex-M4 embOS (socle))",53,6
src/kernel/net/lwip/include/lwip/icmp6.h,actif,"inclus par tauon_7.80/tauon-kernel-cortex-m4-debug (noyau, configuration Cortex-M4 embOS (socle))",21,6
src/kernel/net/lwip/include/lwip/igmp.h,actif,"inclus par tauon_7.80/tauon-kernel-cortex-m4-debug (noyau, configuration Cortex-M4 embOS (socle))",40,6
src/kernel/net/lwip/include/lwip/inet.h,actif,"inclus par tauon_7.80/tauon-kernel-cortex-m4-debug (noyau, configuration Cortex-M4 embOS (socle))",88,14
src/kernel/net/lwip/include/lwip/inet_chksum.h,actif,"inclus par tauon_7.80/tauon-kernel-cortex-m4-debug (noyau, configuration Cortex-M4 embOS (socle))",51,6
src/kernel/net/lwip/include/lwip/init.h,actif,"inclus par tauon_7.80/tauon-kernel-cortex-m4-debug (noyau, configuration Cortex-M4 embOS (socle))",32,6
src/kernel/net/lwip/include/lwip/ip.h,actif,"inclus par tauon_7.80/tauon-kernel-cortex-m4-debug (noyau, configuration Cortex-M4 embOS (socle))",160,7
src/kernel/net/lwip/include/lwip/ip4.h,actif,"inclus par tauon_7.80/tauon-kernel-cortex-m4-debug (noyau, configuration Cortex-M4 embOS (socle))",59,7
src/kernel/net/lwip/include/lwip/ip4_addr.h,actif,"inclus par tauon_7.80/tauon-kernel-cortex-m4-debug (noyau, configuration Cortex-M4 embOS (socle))",114,14
src/kernel/net/lwip/include/lwip/ip4_frag.h,actif,"inclus par tauon_7.80/tauon-kernel-cortex-m4-debug (noyau, configuration Cortex-M4 embOS (socle))",43,6
src/kernel/net/lwip/include/lwip/ip6.h,actif,"inclus par tauon_7.80/tauon-kernel-cortex-m4-debug (noyau, configuration Cortex-M4 embOS (socle))",41,7
src/kernel/net/lwip/include/lwip/ip6_addr.h,actif,"inclus par tauon_7.80/tauon-kernel-cortex-m4-debug (noyau, configuration Cortex-M4 embOS (socle))",171,14
src/kernel/net/lwip/include/lwip/ip6_frag.h,actif,"inclus par tauon_7.80/tauon-kernel-cortex-m4-debug (noyau, configuration Cortex-M4 embOS (socle))",49,6
src/kernel/net/lwip/include/lwip/ip_addr.h,actif,"inclus par tauon_7.80/tauon-kernel-cortex-m4-debug (noyau, configuration Cortex-M4 embOS (socle))",234,14
src/kernel/net/lwip/include/lwip/mem.h,actif,"inclus par tauon_7.80/tauon-kernel-cortex-m4-debug (noyau, configuration Cortex-M4 embOS (socle))",31,7
src/kernel/net/lwip/include/lwip/memp.h,actif,"inclus par tauon_7.80/tauon-kernel-cortex-m4-debug (noyau, configuration Cortex-M4 embOS (socle))",65,7
src/kernel/net/lwip/include/lwip/mld6.h,actif,"inclus par tauon_7.80/tauon-kernel-cortex-m4-debug (noyau, configuration Cortex-M4 embOS (socle))",33,6
src/kernel/net/lwip/include/lwip/nd6.h,actif,"inclus par tauon_7.80/tauon-kernel-cortex-m4-debug (noyau, configuration Cortex-M4 embOS (socle))",30,6
src/kernel/net/lwip/include/lwip/netbuf.h,actif,"inclus par tauon_7.80/tauon-kernel-cortex-m4-debug (noyau, configuration Cortex-M4 embOS (socle))",63,6
src/kernel/net/lwip/include/lwip/netdb.h,actif,"inclus par tauon_7.80/tauon-kernel-cortex-m4-debug (noyau, configuration Cortex-M4 embOS (socle))",87,6
src/kernel/net/lwip/include/lwip/netif.h,actif,"inclus par tauon_7.80/tauon-kernel-cortex-m4-debug (noyau, configuration Cortex-M4 embOS (socle))",246,7
src/kernel/net/lwip/include/lwip/netifapi.h,actif,"inclus par tauon_7.80/tauon-kernel-cortex-m4-debug (noyau, configuration Cortex-M4 embOS (socle))",68,6
src/kernel/net/lwip/include/lwip/opt.h,actif,"inclus par tauon_7.80/tauon-kernel-cortex-m4-debug (noyau, configuration Cortex-M4 embOS (socle))",891,14
src/kernel/net/lwip/include/lwip/pbuf.h,actif,"inclus par tauon_7.80/tauon-kernel-cortex-m4-debug (noyau, configuration Cortex-M4 embOS (socle))",106,7
src/kernel/net/lwip/include/lwip/priv/api_msg.h,actif,"inclus par tauon_7.80/tauon-kernel-cortex-m4-debug (noyau, configuration Cortex-M4 embOS (socle))",132,6
src/kernel/net/lwip/include/lwip/priv/memp_priv.h,actif,"inclus par tauon_7.80/tauon-kernel-cortex-m4-debug (noyau, configuration Cortex-M4 embOS (socle))",97,7
src/kernel/net/lwip/include/lwip/priv/memp_std.h,actif,"inclus par tauon_7.80/tauon-kernel-cortex-m4-debug (noyau, configuration Cortex-M4 embOS (socle))",81,7
src/kernel/net/lwip/include/lwip/priv/nd6_priv.h,actif,"inclus par tauon_7.80/tauon-kernel-cortex-m4-debug (noyau, configuration Cortex-M4 embOS (socle))",75,6
src/kernel/net/lwip/include/lwip/priv/tcp_priv.h,actif,"inclus par tauon_7.80/tauon-kernel-cortex-m4-debug (noyau, configuration Cortex-M4 embOS (socle))",349,6
src/kernel/net/lwip/include/lwip/priv/tcpip_priv.h,actif,"inclus par tauon_7.80/tauon-kernel-cortex-m4-debug (noyau, configuration Cortex-M4 embOS (socle))",111,6
src/kernel/net/lwip/include/lwip/prot/autoip.h,actif,"inclus par tauon_7.80/tauon-kernel-cortex-m4-debug (noyau, configuration Cortex-M4 embOS (socle))",28,6
src/kernel/net/lwip/include/lwip/prot/dhcp.h,actif,"inclus par tauon_7.80/tauon-kernel-cortex-m4-debug (noyau, configuration Cortex-M4 embOS (socle))",110,3
src/kernel/net/lwip/include/lwip/prot/dns.h,actif,"inclus par tauon_7.80/tauon-kernel-cortex-m4-debug (noyau, configuration Cortex-M4 embOS (socle))",77,6
src/kernel/net/lwip/include/lwip/prot/etharp.h,actif,"inclus par tauon_7.80/tauon-kernel-cortex-m4-debug (noyau, configuration Cortex-M4 embOS (socle))",42,7
src/kernel/net/lwip/include/lwip/prot/ethernet.h,actif,"inclus par tauon_7.80/tauon-kernel-cortex-m4-debug (noyau, configuration Cortex-M4 embOS (socle))",89,7
src/kernel/net/lwip/include/lwip/prot/icmp.h,actif,"inclus par tauon_7.80/tauon-kernel-cortex-m4-debug (noyau, configuration Cortex-M4 embOS (socle))",42,6
src/kernel/net/lwip/include/lwip/prot/icmp6.h,actif,"inclus par tauon_7.80/tauon-kernel-cortex-m4-debug (noyau, configuration Cortex-M4 embOS (socle))",82,6
src/kernel/net/lwip/include/lwip/prot/igmp.h,actif,"inclus par tauon_7.80/tauon-kernel-cortex-m4-debug (noyau, configuration Cortex-M4 embOS (socle))",36,6
src/kernel/net/lwip/include/lwip/prot/ip.h,actif,"inclus par tauon_7.80/tauon-kernel-cortex-m4-debug (noyau, configuration Cortex-M4 embOS (socle))",10,7
src/kernel/net/lwip/include/lwip/prot/ip4.h,actif,"inclus par tauon_7.80/tauon-kernel-cortex-m4-debug (noyau, configuration Cortex-M4 embOS (socle))",65,7
src/kernel/net/lwip/include/lwip/prot/ip6.h,actif,"inclus par tauon_7.80/tauon-kernel-cortex-m4-debug (noyau, configuration Cortex-M4 embOS (socle))",100,7
src/kernel/net/lwip/include/lwip/prot/mld6.h,actif,rattaché par répertoire (src/kernel/net/lwip/include/lwip/prot),27,0
src/kernel/net/lwip/include/lwip/prot/nd6.h,actif,rattaché par répertoire (src/kernel/net/lwip/include/lwip/prot),208,0
src/kernel/net/lwip/include/lwip/prot/tcp.h,actif,"inclus par tauon_7.80/tauon-kernel-cortex-m4-debug (noyau, configuration Cortex-M4 embOS (socle))",45,6
src/kernel/net/lwip/include/lwip/prot/udp.h,actif,"inclus par tauon_7.80/tauon-kernel-cortex-m4-debug (noyau, configuration Cortex-M4 embOS (socle))",25,6
src/kernel/net/lwip/include/lwip/raw.h,actif,"inclus par tauon_7.80/tauon-kernel-cortex-m4-debug (noyau, configuration Cortex-M4 embOS (socle))",43,6
src/kernel/net/lwip/include/lwip/sio.h,actif,"inclus par tauon_7.80/tauon-kernel-cortex-m4-debug (noyau, configuration Cortex-M4 embOS (socle))",35,6
src/kernel/net/lwip/include/lwip/snmp.h,actif,"inclus par tauon_7.80/tauon-kernel-cortex-m4-debug (noyau, configuration Cortex-M4 embOS (socle))",120,6
src/kernel/net/lwip/include/lwip/sockets.h,actif,"inclus par tauon_7.80/tauon-kernel-cortex-m4-debug (noyau, configuration Cortex-M4 embOS (socle))",394,14
src/kernel/net/lwip/include/lwip/stats.h,actif,"inclus par tauon_7.80/tauon-kernel-cortex-m4-debug (noyau, configuration Cortex-M4 embOS (socle))",349,7
src/kernel/net/lwip/include/lwip/sys.h,actif,"inclus par tauon_7.80/tauon-kernel-cortex-m4-debug (noyau, configuration Cortex-M4 embOS (socle))",164,7
src/kernel/net/lwip/include/lwip/tcp.h,actif,"inclus par tauon_7.80/tauon-kernel-cortex-m4-debug (noyau, configuration Cortex-M4 embOS (socle))",223,6
src/kernel/net/lwip/include/lwip/tcpip.h,actif,"inclus par tauon_7.80/tauon-kernel-cortex-m4-debug (noyau, configuration Cortex-M4 embOS (socle))",42,7
src/kernel/net/lwip/include/lwip/timeouts.h,actif,"inclus par tauon_7.80/tauon-kernel-cortex-m4-debug (noyau, configuration Cortex-M4 embOS (socle))",57,7
src/kernel/net/lwip/include/lwip/udp.h,actif,"inclus par tauon_7.80/tauon-kernel-cortex-m4-debug (noyau, configuration Cortex-M4 embOS (socle))",91,6
src/kernel/net/lwip/include/netif/etharp.h,actif,"inclus par tauon_7.80/tauon-kernel-cortex-m4-debug (noyau, configuration Cortex-M4 embOS (socle))",2,7
src/kernel/net/lwip/include/netif/ethernet.h,actif,"inclus par tauon_7.80/tauon-kernel-cortex-m4-debug (noyau, configuration Cortex-M4 embOS (socle))",21,7
src/kernel/net/lwip/include/netif/lowpan6.h,actif,"inclus par tauon_7.80/tauon-kernel-cortex-m4-debug (noyau, configuration Cortex-M4 embOS (socle))",30,3
src/kernel/net/lwip/include/netif/lowpan6_opts.h,actif,"inclus par tauon_7.80/tauon-kernel-cortex-m4-debug (noyau, configuration Cortex-M4 embOS (socle))",22,3
src/kernel/net/lwip/include/netif/ppp/ccp.h,actif,"inclus par tauon_7.80/tauon-kernel-cortex-m4-debug (noyau, configuration Cortex-M4 embOS (socle))",78,6
src/kernel/net/lwip/include/netif/ppp/chap-md5.h,actif,rattaché par répertoire (src/kernel/net/lwip/include/netif/ppp),4,0
src/kernel/net/lwip/include/netif/ppp/chap-new.h,actif,"inclus par tauon_7.80/tauon-kernel-cortex-m4-debug (noyau, configuration Cortex-M4 embOS (socle))",106,6
src/kernel/net/lwip/include/netif/ppp/chap_ms.h,actif,rattaché par répertoire (src/kernel/net/lwip/include/netif/ppp),8,0
src/kernel/net/lwip/include/netif/ppp/eap.h,actif,"inclus par tauon_7.80/tauon-kernel-cortex-m4-debug (noyau, configuration Cortex-M4 embOS (socle))",111,6
src/kernel/net/lwip/include/netif/ppp/ecp.h,actif,rattaché par répertoire (src/kernel/net/lwip/include/netif/ppp),13,0
src/kernel/net/lwip/include/netif/ppp/eui64.h,actif,"inclus par tauon_7.80/tauon-kernel-cortex-m4-debug (noyau, configuration Cortex-M4 embOS (socle))",42,6
src/kernel/net/lwip/include/netif/ppp/fsm.h,actif,"inclus par tauon_7.80/tauon-kernel-cortex-m4-debug (noyau, configuration Cortex-M4 embOS (socle))",89,6
src/kernel/net/lwip/include/netif/ppp/ipcp.h,actif,"inclus par tauon_7.80/tauon-kernel-cortex-m4-debug (noyau, configuration Cortex-M4 embOS (socle))",65,6
src/kernel/net/lwip/include/netif/ppp/ipv6cp.h,actif,"inclus par tauon_7.80/tauon-kernel-cortex-m4-debug (noyau, configuration Cortex-M4 embOS (socle))",30,6
src/kernel/net/lwip/include/netif/ppp/lcp.h,actif,"inclus par tauon_7.80/tauon-kernel-cortex-m4-debug (noyau, configuration Cortex-M4 embOS (socle))",101,6
src/kernel/net/lwip/include/netif/ppp/magic.h,actif,rattaché par répertoire (src/kernel/net/lwip/include/netif/ppp),11,0
src/kernel/net/lwip/include/netif/ppp/mppe.h,actif,"inclus par tauon_7.80/tauon-kernel-cortex-m4-debug (noyau, configuration Cortex-M4 embOS (socle))",106,6
src/kernel/net/lwip/include/netif/ppp/polarssl/arc4.h,actif,"inclus par tauon_7.80/tauon-kernel-cortex-m4-debug (noyau, configuration Cortex-M4 embOS (socle))",21,6
src/kernel/net/lwip/include/netif/ppp/polarssl/des.h,actif,"inclus par tauon_7.80/tauon-kernel-cortex-m4-debug (noyau, configuration Cortex-M4 embOS (socle))",25,6
src/kernel/net/lwip/include/netif/ppp/polarssl/md4.h,actif,"inclus par tauon_7.80/tauon-kernel-cortex-m4-debug (noyau, configuration Cortex-M4 embOS (socle))",23,6
src/kernel/net/lwip/include/netif/ppp/polarssl/md5.h,actif,"inclus par tauon_7.80/tauon-kernel-cortex-m4-debug (noyau, configuration Cortex-M4 embOS (socle))",23,6
src/kernel/net/lwip/include/netif/ppp/polarssl/sha1.h,actif,"inclus par tauon_7.80/tauon-kernel-cortex-m4-debug (noyau, configuration Cortex-M4 embOS (socle))",23,6
src/kernel/net/lwip/include/netif/ppp/ppp.h,actif,"inclus par tauon_7.80/tauon-kernel-cortex-m4-debug (noyau, configuration Cortex-M4 embOS (socle))",365,6
src/kernel/net/lwip/include/netif/ppp/ppp_impl.h,actif,"inclus par tauon_7.80/tauon-kernel-cortex-m4-debug (noyau, configuration Cortex-M4 embOS (socle))",403,6
src/kernel/net/lwip/include/netif/ppp/ppp_opts.h,actif,"inclus par tauon_7.80/tauon-kernel-cortex-m4-debug (noyau, configuration Cortex-M4 embOS (socle))",240,6
src/kernel/net/lwip/include/netif/ppp/pppapi.h,actif,rattaché par répertoire (src/kernel/net/lwip/include/netif/ppp),99,0
src/kernel/net/lwip/include/netif/ppp/pppcrypt.h,actif,"inclus par tauon_7.80/tauon-kernel-cortex-m4-debug (noyau, configuration Cortex-M4 embOS (socle))",73,6
src/kernel/net/lwip/include/netif/ppp/pppdebug.h,actif,"inclus par tauon_7.80/tauon-kernel-cortex-m4-debug (noyau, configuration Cortex-M4 embOS (socle))",34,6
src/kernel/net/lwip/include/netif/ppp/pppoe.h,actif,"inclus par tauon_7.80/tauon-kernel-cortex-m4-debug (noyau, configuration Cortex-M4 embOS (socle))",86,3
src/kernel/net/lwip/include/netif/ppp/pppol2tp.h,actif,rattaché par répertoire (src/kernel/net/lwip/include/netif/ppp),102,0
src/kernel/net/lwip/include/netif/ppp/pppos.h,actif,rattaché par répertoire (src/kernel/net/lwip/include/netif/ppp),45,0
src/kernel/net/lwip/include/netif/ppp/upap.h,actif,"inclus par tauon_7.80/tauon-kernel-cortex-m4-debug (noyau, configuration Cortex-M4 embOS (socle))",46,6
src/kernel/net/lwip/include/netif/ppp/vj.h,actif,"inclus par tauon_7.80/tauon-kernel-cortex-m4-debug (noyau, configuration Cortex-M4 embOS (socle))",65,6
src/kernel/net/lwip/include/netif/slipif.h,actif,"inclus par tauon_7.80/tauon-kernel-cortex-m4-debug (noyau, configuration Cortex-M4 embOS (socle))",27,6
src/kernel/net/lwip/include/posix/errno.h,hors-projet,"non déclaré par un projet, non inclus, sans règle",1,0
src/kernel/net/lwip/include/posix/netdb.h,hors-projet,"non déclaré par un projet, non inclus, sans règle",1,0
src/kernel/net/lwip/include/posix/sys/socket.h,hors-projet,"non déclaré par un projet, non inclus, sans règle",1,0
src/kernel/net/lwip/netif/ethernet.c,actif,"déclaré par tauon_7.80/tauon-kernel-cortex-m4-debug (noyau, configuration Cortex-M4 embOS (socle))",196,3
src/kernel/net/lwip/netif/ethernetif.c,actif,"déclaré par tauon_7.80/tauon-kernel-cortex-m4-debug (noyau, configuration Cortex-M4 embOS (socle))",139,3
src/kernel/net/lwip/netif/lowpan6.c,actif,"déclaré par tauon_7.80/tauon-kernel-cortex-m4-debug (noyau, configuration Cortex-M4 embOS (socle))",837,3
src/kernel/net/lwip/netif/ppp/auth.c,hors-projet,"non déclaré par un projet, non inclus, sans règle",1797,0
src/kernel/net/lwip/netif/ppp/ccp.c,hors-projet,"non déclaré par un projet, non inclus, sans règle",1325,0
src/kernel/net/lwip/netif/ppp/chap-md5.c,hors-projet,"non déclaré par un projet, non inclus, sans règle",81,0
src/kernel/net/lwip/netif/ppp/chap-new.c,hors-projet,"non déclaré par un projet, non inclus, sans règle",512,0
src/kernel/net/lwip/netif/ppp/chap_ms.c,hors-projet,"non déclaré par un projet, non inclus, sans règle",619,0
src/kernel/net/lwip/netif/ppp/demand.c,hors-projet,"non déclaré par un projet, non inclus, sans règle",336,0
src/kernel/net/lwip/netif/ppp/eap.c,hors-projet,"non déclaré par un projet, non inclus, sans règle",1901,0
src/kernel/net/lwip/netif/ppp/ecp.c,hors-projet,"non déclaré par un projet, non inclus, sans règle",99,0
src/kernel/net/lwip/netif/ppp/eui64.c,hors-projet,"non déclaré par un projet, non inclus, sans règle",12,0
src/kernel/net/lwip/netif/ppp/fsm.c,hors-projet,"non déclaré par un projet, non inclus, sans règle",527,0
src/kernel/net/lwip/netif/ppp/ipcp.c,hors-projet,"non déclaré par un projet, non inclus, sans règle",1784,0
src/kernel/net/lwip/netif/ppp/ipv6cp.c,hors-projet,"non déclaré par un projet, non inclus, sans règle",975,0
src/kernel/net/lwip/netif/ppp/lcp.c,hors-projet,"non déclaré par un projet, non inclus, sans règle",2126,0
src/kernel/net/lwip/netif/ppp/magic.c,hors-projet,"non déclaré par un projet, non inclus, sans règle",108,0
src/kernel/net/lwip/netif/ppp/mppe.c,hors-projet,"non déclaré par un projet, non inclus, sans règle",242,0
src/kernel/net/lwip/netif/ppp/multilink.c,hors-projet,"non déclaré par un projet, non inclus, sans règle",468,0
src/kernel/net/lwip/netif/ppp/polarssl/arc4.c,hors-projet,"non déclaré par un projet, non inclus, sans règle",42,0
src/kernel/net/lwip/netif/ppp/polarssl/des.c,hors-projet,"non déclaré par un projet, non inclus, sans règle",310,0
src/kernel/net/lwip/netif/ppp/polarssl/md4.c,hors-projet,"non déclaré par un projet, non inclus, sans règle",187,0
src/kernel/net/lwip/netif/ppp/polarssl/md5.c,hors-projet,"non déclaré par un projet, non inclus, sans règle",203,0
src/kernel/net/lwip/netif/ppp/polarssl/sha1.c,hors-projet,"non déclaré par un projet, non inclus, sans règle",237,0
src/kernel/net/lwip/netif/ppp/ppp.c,hors-projet,"non déclaré par un projet, non inclus, sans règle",1070,0
src/kernel/net/lwip/netif/ppp/pppapi.c,hors-projet,"non déclaré par un projet, non inclus, sans règle",250,0
src/kernel/net/lwip/netif/ppp/pppcrypt.c,hors-projet,"non déclaré par un projet, non inclus, sans règle",22,0
src/kernel/net/lwip/netif/ppp/pppoe.c,hors-projet,"non déclaré par un projet, non inclus, sans règle",918,0
src/kernel/net/lwip/netif/ppp/pppol2tp.c,hors-projet,"non déclaré par un projet, non inclus, sans règle",827,0
src/kernel/net/lwip/netif/ppp/pppos.c,hors-projet,"non déclaré par un projet, non inclus, sans règle",610,0
src/kernel/net/lwip/netif/ppp/upap.c,hors-projet,"non déclaré par un projet, non inclus, sans règle",446,0
src/kernel/net/lwip/netif/ppp/utils.c,hors-projet,"non déclaré par un projet, non inclus, sans règle",748,0
src/kernel/net/lwip/netif/ppp/vj.c,hors-projet,"non déclaré par un projet, non inclus, sans règle",451,0
src/kernel/net/lwip/netif/slipif.c,actif,"déclaré par tauon_7.80/tauon-kernel-cortex-m4-debug (noyau, configuration Cortex-M4 embOS (socle))",312,6
src/kernel/net/lwip/ports/arm/include/arch/bpstruct.h,actif,"déclaré par tauon_7.80/tauon-kernel-cortex-m4-debug (noyau, configuration Cortex-M4 embOS (socle))",1,14
src/kernel/net/lwip/ports/arm/include/arch/cc.h,actif,"déclaré par tauon_7.80/tauon-kernel-cortex-m4-debug (noyau, configuration Cortex-M4 embOS (socle))",33,14
src/kernel/net/lwip/ports/arm/include/arch/epstruct.h,actif,"déclaré par tauon_7.80/tauon-kernel-cortex-m4-debug (noyau, configuration Cortex-M4 embOS (socle))",1,14
src/kernel/net/lwip/ports/arm/include/arch/perf.h,actif,"déclaré par tauon_7.80/tauon-kernel-cortex-m4-debug (noyau, configuration Cortex-M4 embOS (socle))",15,14
src/kernel/net/lwip/ports/arm/include/arch/sys_arch.h,actif,"déclaré par tauon_7.80/tauon-kernel-cortex-m4-debug (noyau, configuration Cortex-M4 embOS (socle))",40,7
src/kernel/net/lwip/ports/arm/lwipopts-large-memory.h,actif,rattaché par répertoire (src/kernel/net/lwip/ports/arm),135,0
src/kernel/net/lwip/ports/arm/lwipopts-small-memory.h,actif,rattaché par répertoire (src/kernel/net/lwip/ports/arm),135,0
src/kernel/net/lwip/ports/arm/lwipopts.h,actif,"déclaré par tauon_7.80/tauon-kernel-cortex-m4-debug (noyau, configuration Cortex-M4 embOS (socle))",135,14
src/kernel/net/lwip/ports/arm/lwipopts_1_2_1.h,actif,rattaché par répertoire (src/kernel/net/lwip/ports/arm),115,0
src/kernel/net/lwip/ports/arm/sys_arch.c,actif,"déclaré par tauon_7.80/tauon-kernel-cortex-m4-debug (noyau, configuration Cortex-M4 embOS (socle))",233,6
src/kernel/net/lwip/ports/gnu/include/arch/bpstruct.h,hors-projet,"non déclaré par un projet, non inclus, sans règle",0,0
src/kernel/net/lwip/ports/gnu/include/arch/cc.h,hors-projet,"non déclaré par un projet, non inclus, sans règle",21,0
src/kernel/net/lwip/ports/gnu/include/arch/epstruct.h,hors-projet,"non déclaré par un projet, non inclus, sans règle",0,0
src/kernel/net/lwip/ports/gnu/include/arch/perf.h,hors-projet,"non déclaré par un projet, non inclus, sans règle",15,0
src/kernel/net/lwip/ports/gnu/include/arch/sys_arch.h,hors-projet,"non déclaré par un projet, non inclus, sans règle",18,0
src/kernel/net/lwip/ports/gnu/lwipopts.h,hors-projet,"non déclaré par un projet, non inclus, sans règle",153,0
src/kernel/net/lwip/ports/gnu/sys_arch.c,hors-projet,"non déclaré par un projet, non inclus, sans règle",185,0
src/kernel/net/lwip/ports/win32/include/arch/bpstruct.h,hors-projet,"non déclaré par un projet, non inclus, sans règle",1,0
src/kernel/net/lwip/ports/win32/include/arch/cc.h,hors-projet,"non déclaré par un projet, non inclus, sans règle",39,0
src/kernel/net/lwip/ports/win32/include/arch/epstruct.h,hors-projet,"non déclaré par un projet, non inclus, sans règle",1,0
src/kernel/net/lwip/ports/win32/include/arch/perf.h,hors-projet,"non déclaré par un projet, non inclus, sans règle",15,0
src/kernel/net/lwip/ports/win32/include/arch/sys_arch.h,hors-projet,"non déclaré par un projet, non inclus, sans règle",38,0
src/kernel/net/lwip/ports/win32/lwipopts.h,hors-projet,"non déclaré par un projet, non inclus, sans règle",130,0
src/kernel/net/lwip/ports/win32/lwipopts_1.2.1.h,hors-projet,"non déclaré par un projet, non inclus, sans règle",113,0
src/kernel/net/lwip/ports/win32/sys_arch.c,hors-projet,"non déclaré par un projet, non inclus, sans règle",233,0
src/kernel/net/uip/core/cfs/cfs-coffee.c,hors-projet,"non déclaré par un projet, non inclus, sans règle",989,0
src/kernel/net/uip/core/cfs/cfs-coffee.h,actif,rattaché par répertoire (src/kernel/net/uip/core),12,0
src/kernel/net/uip/core/cfs/cfs-eeprom.c,hors-projet,"non déclaré par un projet, non inclus, sans règle",92,0
src/kernel/net/uip/core/cfs/cfs-posix-dir.c,hors-projet,"non déclaré par un projet, non inclus, sans règle",42,0
src/kernel/net/uip/core/cfs/cfs-posix.c,hors-projet,"non déclaré par un projet, non inclus, sans règle",64,0
src/kernel/net/uip/core/cfs/cfs-ram.c,hors-projet,"non déclaré par un projet, non inclus, sans règle",110,0
src/kernel/net/uip/core/cfs/cfs-xmem.c,hors-projet,"non déclaré par un projet, non inclus, sans règle",119,0
src/kernel/net/uip/core/cfs/cfs.h,actif,rattaché par répertoire (src/kernel/net/uip/core),61,0
src/kernel/net/uip/core/contiki-conf.h,actif,"inclus par tauon_7.80/tauon-kernel-cortex-m4-debug (noyau, configuration Cortex-M4 embOS (socle))",118,7
src/kernel/net/uip/core/contiki-default-conf.h,actif,rattaché par répertoire (src/kernel/net/uip/core),84,0
src/kernel/net/uip/core/contiki-lib.h,actif,rattaché par répertoire (src/kernel/net/uip/core),8,0
src/kernel/net/uip/core/contiki-net.h,actif,rattaché par répertoire (src/kernel/net/uip/core),19,0
src/kernel/net/uip/core/contiki-version.h,actif,"inclus par tauon_7.80/tauon-kernel-cortex-m4-debug (noyau, configuration Cortex-M4 embOS (socle))",6,3
src/kernel/net/uip/core/contiki.h,actif,"inclus par tauon_7.80/tauon-kernel-cortex-m4-debug (noyau, configuration Cortex-M4 embOS (socle))",12,3
src/kernel/net/uip/core/ctk/ctk-conio.c,hors-projet,"non déclaré par un projet, non inclus, sans règle",419,0
src/kernel/net/uip/core/ctk/ctk-conio.h,actif,rattaché par répertoire (src/kernel/net/uip/core),22,0
src/kernel/net/uip/core/ctk/ctk-draw.h,actif,rattaché par répertoire (src/kernel/net/uip/core),27,0
src/kernel/net/uip/core/ctk/ctk-filedialog.c,hors-projet,"non déclaré par un projet, non inclus, sans règle",125,0
src/kernel/net/uip/core/ctk/ctk-filedialog.h,actif,rattaché par répertoire (src/kernel/net/uip/core),13,0
src/kernel/net/uip/core/ctk/ctk-mouse.h,actif,rattaché par répertoire (src/kernel/net/uip/core),23,0
src/kernel/net/uip/core/ctk/ctk-textentry-checkbox.c,hors-projet,"non déclaré par un projet, non inclus, sans règle",22,0
src/kernel/net/uip/core/ctk/ctk-textentry-checkbox.h,actif,rattaché par répertoire (src/kernel/net/uip/core),5,0
src/kernel/net/uip/core/ctk/ctk-textentry-cmdline.c,hors-projet,"non déclaré par un projet, non inclus, sans règle",12,0
src/kernel/net/uip/core/ctk/ctk-textentry-cmdline.h,actif,rattaché par répertoire (src/kernel/net/uip/core),6,0
src/kernel/net/uip/core/ctk/ctk-textentry-multiline.c,hors-projet,"non déclaré par un projet, non inclus, sans règle",48,0
src/kernel/net/uip/core/ctk/ctk-textentry-multiline.h,actif,rattaché par répertoire (src/kernel/net/uip/core),5,0
src/kernel/net/uip/core/ctk/ctk.c,hors-projet,"non déclaré par un projet, non inclus, sans règle",1287,0
src/kernel/net/uip/core/ctk/ctk.h,actif,rattaché par répertoire (src/kernel/net/uip/core),467,0
src/kernel/net/uip/core/ctk/libconio/libconio.c,hors-projet,"non déclaré par un projet, non inclus, sans règle",126,0
src/kernel/net/uip/core/ctk/libconio/libconio.h,hors-projet,"non déclaré par un projet, non inclus, sans règle",37,0
src/kernel/net/uip/core/dev/battery-sensor.h,actif,rattaché par répertoire (src/kernel/net/uip/core/dev),6,0
src/kernel/net/uip/core/dev/button-sensor.h,actif,rattaché par répertoire (src/kernel/net/uip/core/dev),7,0
src/kernel/net/uip/core/dev/eeprom.h,actif,rattaché par répertoire (src/kernel/net/uip/core/dev),18,0
src/kernel/net/uip/core/dev/leds.c,hors-projet,"non déclaré par un projet, non inclus, sans règle",72,0
src/kernel/net/uip/core/dev/leds.h,actif,rattaché par répertoire (src/kernel/net/uip/core/dev),31,0
src/kernel/net/uip/core/dev/nullradio.c,hors-projet,"non déclaré par un projet, non inclus, sans règle",89,0
src/kernel/net/uip/core/dev/nullradio.h,actif,rattaché par répertoire (src/kernel/net/uip/core/dev),5,0
src/kernel/net/uip/core/dev/radio-sensor.h,actif,rattaché par répertoire (src/kernel/net/uip/core/dev),9,0
src/kernel/net/uip/core/dev/radio.h,actif,"inclus par tauon_7.80/tauon-kernel-cortex-m4-debug (noyau, configuration Cortex-M4 embOS (socle))",58,3
src/kernel/net/uip/core/dev/rom.h,actif,rattaché par répertoire (src/kernel/net/uip/core/dev),6,0
src/kernel/net/uip/core/dev/serial-line.c,hors-projet,"non déclaré par un projet, non inclus, sans règle",73,0
src/kernel/net/uip/core/dev/serial-line.h,actif,rattaché par répertoire (src/kernel/net/uip/core/dev),8,0
src/kernel/net/uip/core/dev/slip.c,hors-projet,"non déclaré par un projet, non inclus, sans règle",281,0
src/kernel/net/uip/core/dev/slip.h,actif,rattaché par répertoire (src/kernel/net/uip/core/dev),13,0
src/kernel/net/uip/core/dev/spi.h,actif,rattaché par répertoire (src/kernel/net/uip/core/dev),38,0
src/kernel/net/uip/core/dev/watchdog.h,actif,rattaché par répertoire (src/kernel/net/uip/core/dev),8,0
src/kernel/net/uip/core/dev/xmem.h,actif,rattaché par répertoire (src/kernel/net/uip/core/dev),7,0
src/kernel/net/uip/core/lib/aes-128.c,hors-projet,"non déclaré par un projet, non inclus, sans règle",121,0
src/kernel/net/uip/core/lib/aes-128.h,actif,rattaché par répertoire (src/kernel/net/uip/core/lib),18,0
src/kernel/net/uip/core/lib/assert.c,hors-projet,"non déclaré par un projet, non inclus, sans règle",6,0
src/kernel/net/uip/core/lib/assert.h,actif,rattaché par répertoire (src/kernel/net/uip/core/lib),15,0
src/kernel/net/uip/core/lib/ccm-star.c,hors-projet,"non déclaré par un projet, non inclus, sans règle",92,0
src/kernel/net/uip/core/lib/ccm-star.h,actif,rattaché par répertoire (src/kernel/net/uip/core/lib),21,0
src/kernel/net/uip/core/lib/crc16.c,hors-projet,"non déclaré par un projet, non inclus, sans règle",20,0
src/kernel/net/uip/core/lib/crc16.h,actif,rattaché par répertoire (src/kernel/net/uip/core/lib),6,0
src/kernel/net/uip/core/lib/gcr.c,hors-projet,"non déclaré par un projet, non inclus, sans règle",65,0
src/kernel/net/uip/core/lib/gcr.h,actif,rattaché par répertoire (src/kernel/net/uip/core/lib),10,0
src/kernel/net/uip/core/lib/ifft.c,hors-projet,"non déclaré par un projet, non inclus, sans règle",94,0
src/kernel/net/uip/core/lib/ifft.h,actif,rattaché par répertoire (src/kernel/net/uip/core/lib),5,0
src/kernel/net/uip/core/lib/list.c,hors-projet,"non déclaré par un projet, non inclus, sans règle",123,0
src/kernel/net/uip/core/lib/list.h,actif,"inclus par tauon_7.80/tauon-kernel-cortex-m4-debug (noyau, configuration Cortex-M4 embOS (socle))",30,3
src/kernel/net/uip/core/lib/me.c,hors-projet,"non déclaré par un projet, non inclus, sans règle",26,0
src/kernel/net/uip/core/lib/me.h,actif,rattaché par répertoire (src/kernel/net/uip/core/lib),7,0
src/kernel/net/uip/core/lib/me_tabs.c,hors-projet,"non déclaré par un projet, non inclus, sans règle",90,0
src/kernel/net/uip/core/lib/me_tabs.h,actif,rattaché par répertoire (src/kernel/net/uip/core/lib),6,0
src/kernel/net/uip/core/lib/memb.c,hors-projet,"non déclaré par un projet, non inclus, sans règle",56,0
src/kernel/net/uip/core/lib/memb.h,actif,rattaché par répertoire (src/kernel/net/uip/core/lib),21,0
src/kernel/net/uip/core/lib/mmem.c,hors-projet,"non déclaré par un projet, non inclus, sans règle",49,0
src/kernel/net/uip/core/lib/mmem.h,actif,rattaché par répertoire (src/kernel/net/uip/core/lib),12,0
src/kernel/net/uip/core/lib/petsciiconv.c,hors-projet,"non déclaré par un projet, non inclus, sans règle",58,0
src/kernel/net/uip/core/lib/petsciiconv.h,actif,rattaché par répertoire (src/kernel/net/uip/core/lib),11,0
src/kernel/net/uip/core/lib/print-stats.c,hors-projet,"non déclaré par un projet, non inclus, sans règle",42,0
src/kernel/net/uip/core/lib/print-stats.h,actif,rattaché par répertoire (src/kernel/net/uip/core/lib),4,0
src/kernel/net/uip/core/lib/random.c,hors-projet,"non déclaré par un projet, non inclus, sans règle",13,0
src/kernel/net/uip/core/lib/random.h,actif,rattaché par répertoire (src/kernel/net/uip/core/lib),6,0
src/kernel/net/uip/core/lib/ringbuf.c,hors-projet,"non déclaré par un projet, non inclus, sans règle",41,0
src/kernel/net/uip/core/lib/ringbuf.h,actif,rattaché par répertoire (src/kernel/net/uip/core/lib),15,0
src/kernel/net/uip/core/lib/sensors.c,hors-projet,"non déclaré par un projet, non inclus, sans règle",77,0
src/kernel/net/uip/core/lib/sensors.h,actif,rattaché par répertoire (src/kernel/net/uip/core/lib),27,0
src/kernel/net/uip/core/lib/settings.c,hors-projet,"non déclaré par un projet, non inclus, sans règle",284,0
src/kernel/net/uip/core/lib/settings.h,actif,rattaché par répertoire (src/kernel/net/uip/core/lib),173,0
src/kernel/net/uip/core/lib/strncasecmp/strncasecmp.c,hors-projet,"non déclaré par un projet, non inclus, sans règle",8,0
src/kernel/net/uip/core/lib/trickle-timer.c,hors-projet,"non déclaré par un projet, non inclus, sans règle",243,0
src/kernel/net/uip/core/lib/trickle-timer.h,actif,rattaché par répertoire (src/kernel/net/uip/core/lib),76,0
src/kernel/net/uip/core/loader/cle.c,hors-projet,"non déclaré par un projet, non inclus, sans règle",199,0
src/kernel/net/uip/core/loader/cle.h,actif,rattaché par répertoire (src/kernel/net/uip/core),60,0
src/kernel/net/uip/core/loader/cle_avr.c,hors-projet,"non déclaré par un projet, non inclus, sans règle",110,0
src/kernel/net/uip/core/loader/cle_msp430.c,hors-projet,"non déclaré par un projet, non inclus, sans règle",20,0
src/kernel/net/uip/core/loader/cmod.c,hors-projet,"non déclaré par un projet, non inclus, sans règle",113,0
src/kernel/net/uip/core/loader/cmod.h,actif,rattaché par répertoire (src/kernel/net/uip/core),17,0
src/kernel/net/uip/core/loader/dlloader.c,hors-projet,"non déclaré par un projet, non inclus, sans règle",24,0
src/kernel/net/uip/core/loader/dlloader.h,actif,rattaché par répertoire (src/kernel/net/uip/core),4,0
src/kernel/net/uip/core/loader/elf32.h,actif,rattaché par répertoire (src/kernel/net/uip/core),79,0
src/kernel/net/uip/core/loader/elfloader-arch.h,actif,rattaché par répertoire (src/kernel/net/uip/core),10,0
src/kernel/net/uip/core/loader/elfloader-avr.c,hors-projet,"non déclaré par un projet, non inclus, sans règle",208,0
src/kernel/net/uip/core/loader/elfloader-msp430.c,hors-projet,"non déclaré par un projet, non inclus, sans règle",61,0
src/kernel/net/uip/core/loader/elfloader-stub.c,hors-projet,"non déclaré par un projet, non inclus, sans règle",29,0
src/kernel/net/uip/core/loader/elfloader-x86.c,hors-projet,"non déclaré par un projet, non inclus, sans règle",80,0
src/kernel/net/uip/core/loader/elfloader.c,hors-projet,"non déclaré par un projet, non inclus, sans règle",435,0
src/kernel/net/uip/core/loader/elfloader.h,actif,rattaché par répertoire (src/kernel/net/uip/core),40,0
src/kernel/net/uip/core/loader/elfloader_compat.c,hors-projet,"non déclaré par un projet, non inclus, sans règle",134,0
src/kernel/net/uip/core/loader/elfloader_compat.h,actif,rattaché par répertoire (src/kernel/net/uip/core),19,0
src/kernel/net/uip/core/loader/sym.c,hors-projet,"non déclaré par un projet, non inclus, sans règle",53,0
src/kernel/net/uip/core/loader/sym.h,actif,rattaché par répertoire (src/kernel/net/uip/core),18,0
src/kernel/net/uip/core/loader/symbols-def.h,actif,rattaché par répertoire (src/kernel/net/uip/core),9,0
src/kernel/net/uip/core/loader/symbols.h,actif,rattaché par répertoire (src/kernel/net/uip/core),9,0
src/kernel/net/uip/core/loader/symtab-avr.c,hors-projet,"non déclaré par un projet, non inclus, sans règle",38,0
src/kernel/net/uip/core/loader/symtab.c,hors-projet,"non déclaré par un projet, non inclus, sans règle",40,0
src/kernel/net/uip/core/loader/symtab.h,actif,rattaché par répertoire (src/kernel/net/uip/core),4,0
src/kernel/net/uip/core/net/http-socket/http-socket.c,hors-projet,"non déclaré par un projet, non inclus, sans règle",536,0
src/kernel/net/uip/core/net/http-socket/http-socket.h,actif,rattaché par répertoire (src/kernel/net/uip/core/net),73,0
src/kernel/net/uip/core/net/ip/dhcpc.c,hors-projet,"non déclaré par un projet, non inclus, sans règle",339,0
src/kernel/net/uip/core/net/ip/dhcpc.h,actif,rattaché par répertoire (src/kernel/net/uip/core/net/ip),23,0
src/kernel/net/uip/core/net/ip/ip64-addr.c,hors-projet,"non déclaré par un projet, non inclus, sans règle",66,0
src/kernel/net/uip/core/net/ip/ip64-addr.h,actif,rattaché par répertoire (src/kernel/net/uip/core/net/ip),10,0
src/kernel/net/uip/core/net/ip/psock.c,hors-projet,"non déclaré par un projet, non inclus, sans règle",200,0
src/kernel/net/uip/core/net/ip/psock.h,actif,rattaché par répertoire (src/kernel/net/uip/core/net/ip),59,0
src/kernel/net/uip/core/net/ip/resolv.c,hors-projet,"non déclaré par un projet, non inclus, sans règle",1036,0
src/kernel/net/uip/core/net/ip/resolv.h,actif,rattaché par répertoire (src/kernel/net/uip/core/net/ip),25,0
src/kernel/net/uip/core/net/ip/simple-udp.c,hors-projet,"non déclaré par un projet, non inclus, sans règle",100,0
src/kernel/net/uip/core/net/ip/simple-udp.h,actif,rattaché par répertoire (src/kernel/net/uip/core/net/ip),33,0
src/kernel/net/uip/core/net/ip/slipdev.c,hors-projet,"non déclaré par un projet, non inclus, sans règle",84,0
src/kernel/net/uip/core/net/ip/slipdev.h,actif,rattaché par répertoire (src/kernel/net/uip/core/net/ip),9,0
src/kernel/net/uip/core/net/ip/tcp-socket.c,hors-projet,"non déclaré par un projet, non inclus, sans règle",300,0
src/kernel/net/uip/core/net/ip/tcp-socket.h,actif,rattaché par répertoire (src/kernel/net/uip/core/net/ip),62,0
src/kernel/net/uip/core/net/ip/tcpip.c,hors-projet,"non déclaré par un projet, non inclus, sans règle",664,0
src/kernel/net/uip/core/net/ip/tcpip.h,actif,"inclus par tauon_7.80/tauon-kernel-cortex-m4-debug (noyau, configuration Cortex-M4 embOS (socle))",54,3
src/kernel/net/uip/core/net/ip/udp-socket.c,hors-projet,"non déclaré par un projet, non inclus, sans règle",124,0
src/kernel/net/uip/core/net/ip/udp-socket.h,actif,rattaché par répertoire (src/kernel/net/uip/core/net/ip),33,0
src/kernel/net/uip/core/net/ip/uip-debug.c,hors-projet,"non déclaré par un projet, non inclus, sans règle",48,0
src/kernel/net/uip/core/net/ip/uip-debug.h,actif,"inclus par tauon_7.80/tauon-kernel-cortex-m4-debug (noyau, configuration Cortex-M4 embOS (socle))",39,6
src/kernel/net/uip/core/net/ip/uip-nameserver.c,hors-projet,"non déclaré par un projet, non inclus, sans règle",155,0
src/kernel/net/uip/core/net/ip/uip-nameserver.h,actif,rattaché par répertoire (src/kernel/net/uip/core/net/ip),13,0
src/kernel/net/uip/core/net/ip/uip-packetqueue.c,hors-projet,"non déclaré par un projet, non inclus, sans règle",71,0
src/kernel/net/uip/core/net/ip/uip-packetqueue.h,actif,"inclus par tauon_7.80/tauon-kernel-cortex-m4-debug (noyau, configuration Cortex-M4 embOS (socle))",23,3
src/kernel/net/uip/core/net/ip/uip-split.c,hors-projet,"non déclaré par un projet, non inclus, sans règle",77,0
src/kernel/net/uip/core/net/ip/uip-split.h,actif,rattaché par répertoire (src/kernel/net/uip/core/net/ip),4,0
src/kernel/net/uip/core/net/ip/uip-udp-packet.c,hors-projet,"non déclaré par un projet, non inclus, sans règle",48,0
src/kernel/net/uip/core/net/ip/uip-udp-packet.h,actif,rattaché par répertoire (src/kernel/net/uip/core/net/ip),7,0
src/kernel/net/uip/core/net/ip/uip.h,actif,"inclus par tauon_7.80/tauon-kernel-cortex-m4-debug (noyau, configuration Cortex-M4 embOS (socle))",693,7
src/kernel/net/uip/core/net/ip/uip_arch.h,actif,"inclus par tauon_7.80/tauon-kernel-cortex-m4-debug (noyau, configuration Cortex-M4 embOS (socle))",9,7
src/kernel/net/uip/core/net/ip/uiplib.c,hors-projet,"non déclaré par un projet, non inclus, sans règle",92,0
src/kernel/net/uip/core/net/ip/uiplib.h,actif,rattaché par répertoire (src/kernel/net/uip/core/net/ip),11,0
src/kernel/net/uip/core/net/ip/uipopt.h,actif,"inclus par tauon_7.80/tauon-kernel-cortex-m4-debug (noyau, configuration Cortex-M4 embOS (socle))",162,7
src/kernel/net/uip/core/net/ip64/ip64-addrmap.c,hors-projet,"non déclaré par un projet, non inclus, sans règle",181,0
src/kernel/net/uip/core/net/ip64/ip64-addrmap.h,actif,rattaché par répertoire (src/kernel/net/uip/core/net),36,0
src/kernel/net/uip/core/net/ip64/ip64-arp.c,hors-projet,"non déclaré par un projet, non inclus, sans règle",267,0
src/kernel/net/uip/core/net/ip64/ip64-arp.h,actif,rattaché par répertoire (src/kernel/net/uip/core/net),14,0
src/kernel/net/uip/core/net/ip64/ip64-conf-example.h,actif,rattaché par répertoire (src/kernel/net/uip/core/net),8,0
src/kernel/net/uip/core/net/ip64/ip64-dhcpc.c,hors-projet,"non déclaré par un projet, non inclus, sans règle",349,0
src/kernel/net/uip/core/net/ip64/ip64-dhcpc.h,actif,rattaché par répertoire (src/kernel/net/uip/core/net),23,0
src/kernel/net/uip/core/net/ip64/ip64-dns64.c,hors-projet,"non déclaré par un projet, non inclus, sans règle",185,0
src/kernel/net/uip/core/net/ip64/ip64-dns64.h,actif,rattaché par répertoire (src/kernel/net/uip/core/net),7,0
src/kernel/net/uip/core/net/ip64/ip64-driver.h,actif,rattaché par répertoire (src/kernel/net/uip/core/net),7,0
src/kernel/net/uip/core/net/ip64/ip64-eth-interface.c,hors-projet,"non déclaré par un projet, non inclus, sans règle",78,0
src/kernel/net/uip/core/net/ip64/ip64-eth-interface.h,actif,rattaché par répertoire (src/kernel/net/uip/core/net),6,0
src/kernel/net/uip/core/net/ip64/ip64-eth.c,hors-projet,"non déclaré par un projet, non inclus, sans règle",8,0
src/kernel/net/uip/core/net/ip64/ip64-eth.h,actif,rattaché par répertoire (src/kernel/net/uip/core/net),17,0
src/kernel/net/uip/core/net/ip64/ip64-interface.h,actif,rattaché par répertoire (src/kernel/net/uip/core/net),8,0
src/kernel/net/uip/core/net/ip64/ip64-ipv4-dhcp.c,hors-projet,"non déclaré par un projet, non inclus, sans règle",47,0
src/kernel/net/uip/core/net/ip64/ip64-ipv4-dhcp.h,actif,rattaché par répertoire (src/kernel/net/uip/core/net),4,0
src/kernel/net/uip/core/net/ip64/ip64-null-driver.c,hors-projet,"non déclaré par un projet, non inclus, sans règle",15,0
src/kernel/net/uip/core/net/ip64/ip64-null-driver.h,actif,rattaché par répertoire (src/kernel/net/uip/core/net),5,0
src/kernel/net/uip/core/net/ip64/ip64-slip-interface.c,hors-projet,"non déclaré par un projet, non inclus, sans règle",85,0
src/kernel/net/uip/core/net/ip64/ip64-slip-interface.h,actif,rattaché par répertoire (src/kernel/net/uip/core/net),5,0
src/kernel/net/uip/core/net/ip64/ip64-special-ports.c,hors-projet,"non déclaré par un projet, non inclus, sans règle",35,0
src/kernel/net/uip/core/net/ip64/ip64-special-ports.h,actif,rattaché par répertoire (src/kernel/net/uip/core/net),11,0
src/kernel/net/uip/core/net/ip64/ip64.c,hors-projet,"non déclaré par un projet, non inclus, sans règle",589,0
src/kernel/net/uip/core/net/ip64/ip64.h,actif,rattaché par répertoire (src/kernel/net/uip/core/net),32,0
src/kernel/net/uip/core/net/ipv4/uaodv-def.h,actif,rattaché par répertoire (src/kernel/net/uip/core/net/ipv4),81,0
src/kernel/net/uip/core/net/ipv4/uaodv-rt.c,hors-projet,"non déclaré par un projet, non inclus, sans règle",83,0
src/kernel/net/uip/core/net/ipv4/uaodv-rt.h,actif,rattaché par répertoire (src/kernel/net/uip/core/net/ipv4),20,0
src/kernel/net/uip/core/net/ipv4/uaodv.c,hors-projet,"non déclaré par un projet, non inclus, sans règle",461,0
src/kernel/net/uip/core/net/ipv4/uaodv.h,actif,rattaché par répertoire (src/kernel/net/uip/core/net/ipv4),8,0
src/kernel/net/uip/core/net/ipv4/uip-fw-drv.c,hors-projet,"non déclaré par un projet, non inclus, sans règle",11,0
src/kernel/net/uip/core/net/ipv4/uip-fw-drv.h,actif,rattaché par répertoire (src/kernel/net/uip/core/net/ipv4),6,0
src/kernel/net/uip/core/net/ipv4/uip-fw.c,hors-projet,"non déclaré par un projet, non inclus, sans règle",267,0
src/kernel/net/uip/core/net/ipv4/uip-fw.h,actif,"inclus par tauon_7.80/tauon-kernel-cortex-m4-debug (noyau, configuration Cortex-M4 embOS (socle))",34,6
src/kernel/net/uip/core/net/ipv4/uip-neighbor.c,hors-projet,"non déclaré par un projet, non inclus, sans règle",88,0
src/kernel/net/uip/core/net/ipv4/uip-neighbor.h,actif,rattaché par répertoire (src/kernel/net/uip/core/net/ipv4),16,0
src/kernel/net/uip/core/net/ipv4/uip-over-mesh.c,hors-projet,"non déclaré par un projet, non inclus, sans règle",199,0
src/kernel/net/uip/core/net/ipv4/uip-over-mesh.h,actif,rattaché par répertoire (src/kernel/net/uip/core/net/ipv4),12,0
src/kernel/net/uip/core/net/ipv4/uip.c,hors-projet,"non déclaré par un projet, non inclus, sans règle",1272,0
src/kernel/net/uip/core/net/ipv4/uip_arp.c,hors-projet,"non déclaré par un projet, non inclus, sans règle",209,0
src/kernel/net/uip/core/net/ipv4/uip_arp.h,actif,"inclus par tauon_7.80/tauon-kernel-cortex-m4-debug (noyau, configuration Cortex-M4 embOS (socle))",23,7
src/kernel/net/uip/core/net/ipv6/multicast/roll-tm.c,hors-projet,"non déclaré par un projet, non inclus, sans règle",921,0
src/kernel/net/uip/core/net/ipv6/multicast/roll-tm.h,actif,rattaché par répertoire (src/kernel/net/uip/core/net/ipv6),92,0
src/kernel/net/uip/core/net/ipv6/multicast/smrf.c,hors-projet,"non déclaré par un projet, non inclus, sans règle",110,0
src/kernel/net/uip/core/net/ipv6/multicast/smrf.h,actif,rattaché par répertoire (src/kernel/net/uip/core/net/ipv6),24,0
src/kernel/net/uip/core/net/ipv6/multicast/uip-mcast6-engines.h,actif,rattaché par répertoire (src/kernel/net/uip/core/net/ipv6),6,0
src/kernel/net/uip/core/net/ipv6/multicast/uip-mcast6-route.c,hors-projet,"non déclaré par un projet, non inclus, sans règle",71,0
src/kernel/net/uip/core/net/ipv6/multicast/uip-mcast6-route.h,actif,rattaché par répertoire (src/kernel/net/uip/core/net/ipv6),18,0
src/kernel/net/uip/core/net/ipv6/multicast/uip-mcast6-stats.c,hors-projet,"non déclaré par un projet, non inclus, sans règle",9,0
src/kernel/net/uip/core/net/ipv6/multicast/uip-mcast6-stats.h,actif,rattaché par répertoire (src/kernel/net/uip/core/net/ipv6),36,0
src/kernel/net/uip/core/net/ipv6/multicast/uip-mcast6.h,actif,rattaché par répertoire (src/kernel/net/uip/core/net/ipv6),49,0
src/kernel/net/uip/core/net/ipv6/sicslowpan.c,hors-projet,"non déclaré par un projet, non inclus, sans règle",1118,0
src/kernel/net/uip/core/net/ipv6/sicslowpan.h,actif,rattaché par répertoire (src/kernel/net/uip/core/net/ipv6),111,0
src/kernel/net/uip/core/net/ipv6/uip-ds6-nbr.c,hors-projet,"non déclaré par un projet, non inclus, sans règle",237,0
src/kernel/net/uip/core/net/ipv6/uip-ds6-nbr.h,actif,"inclus par tauon_7.80/tauon-kernel-cortex-m4-debug (noyau, configuration Cortex-M4 embOS (socle))",44,3
src/kernel/net/uip/core/net/ipv6/uip-ds6-route.c,hors-projet,"non déclaré par un projet, non inclus, sans règle",462,0
src/kernel/net/uip/core/net/ipv6/uip-ds6-route.h,actif,"inclus par tauon_7.80/tauon-kernel-cortex-m4-debug (noyau, configuration Cortex-M4 embOS (socle))",83,3
src/kernel/net/uip/core/net/ipv6/uip-ds6.c,hors-projet,"non déclaré par un projet, non inclus, sans règle",518,0
src/kernel/net/uip/core/net/ipv6/uip-ds6.h,actif,"inclus par tauon_7.80/tauon-kernel-cortex-m4-debug (noyau, configuration Cortex-M4 embOS (socle))",195,7
src/kernel/net/uip/core/net/ipv6/uip-icmp6.c,hors-projet,"non déclaré par un projet, non inclus, sans règle",280,0
src/kernel/net/uip/core/net/ipv6/uip-icmp6.h,actif,rattaché par répertoire (src/kernel/net/uip/core/net/ipv6),68,0
src/kernel/net/uip/core/net/ipv6/uip-nd6.c,hors-projet,"non déclaré par un projet, non inclus, sans règle",795,0
src/kernel/net/uip/core/net/ipv6/uip-nd6.h,actif,"inclus par tauon_7.80/tauon-kernel-cortex-m4-debug (noyau, configuration Cortex-M4 embOS (socle))",184,3
src/kernel/net/uip/core/net/ipv6/uip6.c,hors-projet,"non déclaré par un projet, non inclus, sans règle",1468,0
src/kernel/net/uip/core/net/linkaddr.c,hors-projet,"non déclaré par un projet, non inclus, sans règle",25,0
src/kernel/net/uip/core/net/linkaddr.h,actif,"inclus par tauon_7.80/tauon-kernel-cortex-m4-debug (noyau, configuration Cortex-M4 embOS (socle))",24,3
src/kernel/net/uip/core/net/llsec/anti-replay.c,hors-projet,"non déclaré par un projet, non inclus, sans règle",47,0
src/kernel/net/uip/core/net/llsec/anti-replay.h,actif,rattaché par répertoire (src/kernel/net/uip/core/net/llsec),12,0
src/kernel/net/uip/core/net/llsec/ccm-star-packetbuf.c,hors-projet,"non déclaré par un projet, non inclus, sans règle",37,0
src/kernel/net/uip/core/net/llsec/ccm-star-packetbuf.h,actif,rattaché par répertoire (src/kernel/net/uip/core/net/llsec),7,0
src/kernel/net/uip/core/net/llsec/llsec.h,actif,"inclus par tauon_7.80/tauon-kernel-cortex-m4-debug (noyau, configuration Cortex-M4 embOS (socle))",13,3
src/kernel/net/uip/core/net/llsec/llsec802154.h,actif,rattaché par répertoire (src/kernel/net/uip/core/net/llsec),36,0
src/kernel/net/uip/core/net/llsec/noncoresec/noncoresec.c,hors-projet,"non déclaré par un projet, non inclus, sans règle",136,0
src/kernel/net/uip/core/net/llsec/noncoresec/noncoresec.h,actif,rattaché par répertoire (src/kernel/net/uip/core/net/llsec),5,0
src/kernel/net/uip/core/net/llsec/nullsec.c,hors-projet,"non déclaré par un projet, non inclus, sans règle",38,0
src/kernel/net/uip/core/net/llsec/nullsec.h,actif,rattaché par répertoire (src/kernel/net/uip/core/net/llsec),5,0
src/kernel/net/uip/core/net/mac/contikimac/contikimac-framer.c,hors-projet,"non déclaré par un projet, non inclus, sans règle",112,0
src/kernel/net/uip/core/net/mac/contikimac/contikimac-framer.h,actif,rattaché par répertoire (src/kernel/net/uip/core/net/mac),5,0
src/kernel/net/uip/core/net/mac/contikimac/contikimac.c,hors-projet,"non déclaré par un projet, non inclus, sans règle",736,0
src/kernel/net/uip/core/net/mac/contikimac/contikimac.h,actif,rattaché par répertoire (src/kernel/net/uip/core/net/mac),7,0
src/kernel/net/uip/core/net/mac/csma.c,hors-projet,"non déclaré par un projet, non inclus, sans règle",330,0
src/kernel/net/uip/core/net/mac/csma.h,actif,rattaché par répertoire (src/kernel/net/uip/core/net/mac),7,0
src/kernel/net/uip/core/net/mac/cxmac/cxmac.c,hors-projet,"non déclaré par un projet, non inclus, sans règle",664,0
src/kernel/net/uip/core/net/mac/cxmac/cxmac.h,actif,rattaché par répertoire (src/kernel/net/uip/core/net/mac),17,0
src/kernel/net/uip/core/net/mac/frame802154.c,hors-projet,"non déclaré par un projet, non inclus, sans règle",223,0
src/kernel/net/uip/core/net/mac/frame802154.h,actif,rattaché par répertoire (src/kernel/net/uip/core/net/mac),79,0
src/kernel/net/uip/core/net/mac/framer-802154.c,hors-projet,"non déclaré par un projet, non inclus, sans règle",169,0
src/kernel/net/uip/core/net/mac/framer-802154.h,actif,rattaché par répertoire (src/kernel/net/uip/core/net/mac),5,0
src/kernel/net/uip/core/net/mac/framer-nullmac.c,hors-projet,"non déclaré par un projet, non inclus, sans règle",55,0
src/kernel/net/uip/core/net/mac/framer-nullmac.h,actif,rattaché par répertoire (src/kernel/net/uip/core/net/mac),5,0
src/kernel/net/uip/core/net/mac/framer.c,hors-projet,"non déclaré par un projet, non inclus, sans règle",16,0
src/kernel/net/uip/core/net/mac/framer.h,actif,"inclus par tauon_7.80/tauon-kernel-cortex-m4-debug (noyau, configuration Cortex-M4 embOS (socle))",11,3
src/kernel/net/uip/core/net/mac/mac-sequence.c,hors-projet,"non déclaré par un projet, non inclus, sans règle",48,0
src/kernel/net/uip/core/net/mac/mac-sequence.h,actif,rattaché par répertoire (src/kernel/net/uip/core/net/mac),5,0
src/kernel/net/uip/core/net/mac/mac.c,hors-projet,"non déclaré par un projet, non inclus, sans règle",30,0
src/kernel/net/uip/core/net/mac/mac.h,actif,"inclus par tauon_7.80/tauon-kernel-cortex-m4-debug (noyau, configuration Cortex-M4 embOS (socle))",24,3
src/kernel/net/uip/core/net/mac/nullmac.c,hors-projet,"non déclaré par un projet, non inclus, sans règle",44,0
src/kernel/net/uip/core/net/mac/nullmac.h,actif,rattaché par répertoire (src/kernel/net/uip/core/net/mac),6,0
src/kernel/net/uip/core/net/mac/nullrdc-noframer.c,hors-projet,"non déclaré par un projet, non inclus, sans règle",63,0
src/kernel/net/uip/core/net/mac/nullrdc-noframer.h,actif,rattaché par répertoire (src/kernel/net/uip/core/net/mac),6,0
src/kernel/net/uip/core/net/mac/nullrdc.c,hors-projet,"non déclaré par un projet, non inclus, sans règle",270,0
src/kernel/net/uip/core/net/mac/nullrdc.h,actif,rattaché par répertoire (src/kernel/net/uip/core/net/mac),5,0
src/kernel/net/uip/core/net/mac/phase.c,hors-projet,"non déclaré par un projet, non inclus, sans règle",155,0
src/kernel/net/uip/core/net/mac/phase.h,actif,rattaché par répertoire (src/kernel/net/uip/core/net/mac),22,0
src/kernel/net/uip/core/net/mac/rdc.h,actif,"inclus par tauon_7.80/tauon-kernel-cortex-m4-debug (noyau, configuration Cortex-M4 embOS (socle))",25,3
src/kernel/net/uip/core/net/mac/sicslowmac/sicslowmac.c,hors-projet,"non déclaré par un projet, non inclus, sans règle",164,0
src/kernel/net/uip/core/net/mac/sicslowmac/sicslowmac.h,actif,rattaché par répertoire (src/kernel/net/uip/core/net/mac),6,0
src/kernel/net/uip/core/net/nbr-table.c,hors-projet,"non déclaré par un projet, non inclus, sans règle",225,0
src/kernel/net/uip/core/net/nbr-table.h,actif,"inclus par tauon_7.80/tauon-kernel-cortex-m4-debug (noyau, configuration Cortex-M4 embOS (socle))",39,3
src/kernel/net/uip/core/net/netstack.c,hors-projet,"non déclaré par un projet, non inclus, sans règle",9,0
src/kernel/net/uip/core/net/netstack.h,actif,"inclus par tauon_7.80/tauon-kernel-cortex-m4-debug (noyau, configuration Cortex-M4 embOS (socle))",74,3
src/kernel/net/uip/core/net/packetbuf.c,hors-projet,"non déclaré par un projet, non inclus, sans règle",213,0
src/kernel/net/uip/core/net/packetbuf.h,actif,rattaché par répertoire (src/kernel/net/uip/core/net),171,0
src/kernel/net/uip/core/net/queuebuf.c,hors-projet,"non déclaré par un projet, non inclus, sans règle",365,0
src/kernel/net/uip/core/net/queuebuf.h,actif,rattaché par répertoire (src/kernel/net/uip/core/net),43,0
src/kernel/net/uip/core/net/rime/abc.c,hors-projet,"non déclaré par un projet, non inclus, sans règle",54,0
src/kernel/net/uip/core/net/rime/abc.h,actif,rattaché par répertoire (src/kernel/net/uip/core/net),21,0
src/kernel/net/uip/core/net/rime/announcement.c,hors-projet,"non déclaré par un projet, non inclus, sans règle",91,0
src/kernel/net/uip/core/net/rime/announcement.h,actif,rattaché par répertoire (src/kernel/net/uip/core/net),35,0
src/kernel/net/uip/core/net/rime/broadcast-announcement.c,hors-projet,"non déclaré par un projet, non inclus, sans règle",144,0
src/kernel/net/uip/core/net/rime/broadcast-announcement.h,actif,rattaché par répertoire (src/kernel/net/uip/core/net),8,0
src/kernel/net/uip/core/net/rime/broadcast.c,hors-projet,"non déclaré par un projet, non inclus, sans règle",61,0
src/kernel/net/uip/core/net/rime/broadcast.h,actif,rattaché par répertoire (src/kernel/net/uip/core/net),20,0
src/kernel/net/uip/core/net/rime/chameleon-bitopt.c,hors-projet,"non déclaré par un projet, non inclus, sans règle",249,0
src/kernel/net/uip/core/net/rime/chameleon-bitopt.h,actif,rattaché par répertoire (src/kernel/net/uip/core/net),5,0
src/kernel/net/uip/core/net/rime/chameleon-raw.c,hors-projet,"non déclaré par un projet, non inclus, sans règle",144,0
src/kernel/net/uip/core/net/rime/chameleon-raw.h,actif,rattaché par répertoire (src/kernel/net/uip/core/net),5,0
src/kernel/net/uip/core/net/rime/chameleon.c,hors-projet,"non déclaré par un projet, non inclus, sans règle",100,0
src/kernel/net/uip/core/net/rime/chameleon.h,actif,rattaché par répertoire (src/kernel/net/uip/core/net),13,0
src/kernel/net/uip/core/net/rime/channel.c,hors-projet,"non déclaré par un projet, non inclus, sans règle",42,0
src/kernel/net/uip/core/net/rime/channel.h,actif,rattaché par répertoire (src/kernel/net/uip/core/net),19,0
src/kernel/net/uip/core/net/rime/collect-link-estimate.c,hors-projet,"non déclaré par un projet, non inclus, sans règle",76,0
src/kernel/net/uip/core/net/rime/collect-link-estimate.h,actif,rattaché par répertoire (src/kernel/net/uip/core/net),16,0
src/kernel/net/uip/core/net/rime/collect-neighbor.c,hors-projet,"non déclaré par un projet, non inclus, sans règle",312,0
src/kernel/net/uip/core/net/rime/collect-neighbor.h,actif,rattaché par répertoire (src/kernel/net/uip/core/net),42,0
src/kernel/net/uip/core/net/rime/collect.c,hors-projet,"non déclaré par un projet, non inclus, sans règle",983,0
src/kernel/net/uip/core/net/rime/collect.h,actif,rattaché par répertoire (src/kernel/net/uip/core/net),86,0
src/kernel/net/uip/core/net/rime/ipolite.c,hors-projet,"non déclaré par un projet, non inclus, sans règle",118,0
src/kernel/net/uip/core/net/rime/ipolite.h,actif,rattaché par répertoire (src/kernel/net/uip/core/net),28,0
src/kernel/net/uip/core/net/rime/mesh.c,hors-projet,"non déclaré par un projet, non inclus, sans règle",135,0
src/kernel/net/uip/core/net/rime/mesh.h,actif,rattaché par répertoire (src/kernel/net/uip/core/net),24,0
src/kernel/net/uip/core/net/rime/multihop.c,hors-projet,"non déclaré par un projet, non inclus, sans règle",92,0
src/kernel/net/uip/core/net/rime/multihop.h,actif,rattaché par répertoire (src/kernel/net/uip/core/net),30,0
src/kernel/net/uip/core/net/rime/neighbor-discovery.c,hors-projet,"non déclaré par un projet, non inclus, sans règle",116,0
src/kernel/net/uip/core/net/rime/neighbor-discovery.h,actif,rattaché par répertoire (src/kernel/net/uip/core/net),28,0
src/kernel/net/uip/core/net/rime/netflood.c,hors-projet,"non déclaré par un projet, non inclus, sans règle",116,0
src/kernel/net/uip/core/net/rime/netflood.h,actif,rattaché par répertoire (src/kernel/net/uip/core/net),27,0
src/kernel/net/uip/core/net/rime/packetqueue.c,hors-projet,"non déclaré par un projet, non inclus, sans règle",80,0
src/kernel/net/uip/core/net/rime/packetqueue.h,actif,rattaché par répertoire (src/kernel/net/uip/core/net),31,0
src/kernel/net/uip/core/net/rime/polite-announcement.c,hors-projet,"non déclaré par un projet, non inclus, sans règle",119,0
src/kernel/net/uip/core/net/rime/polite-announcement.h,actif,rattaché par répertoire (src/kernel/net/uip/core/net),6,0
src/kernel/net/uip/core/net/rime/polite.c,hors-projet,"non déclaré par un projet, non inclus, sans règle",83,0
src/kernel/net/uip/core/net/rime/polite.h,actif,rattaché par répertoire (src/kernel/net/uip/core/net),25,0
src/kernel/net/uip/core/net/rime/rime.c,hors-projet,"non déclaré par un projet, non inclus, sans règle",115,0
src/kernel/net/uip/core/net/rime/rime.h,actif,rattaché par répertoire (src/kernel/net/uip/core/net),43,0
src/kernel/net/uip/core/net/rime/rimestats.c,hors-projet,"non déclaré par un projet, non inclus, sans règle",2,0
src/kernel/net/uip/core/net/rime/rimestats.h,actif,rattaché par répertoire (src/kernel/net/uip/core/net),20,0
src/kernel/net/uip/core/net/rime/rmh.c,hors-projet,"non déclaré par un projet, non inclus, sans règle",94,0
src/kernel/net/uip/core/net/rime/rmh.h,actif,rattaché par répertoire (src/kernel/net/uip/core/net),29,0
src/kernel/net/uip/core/net/rime/route-discovery.c,hors-projet,"non déclaré par un projet, non inclus, sans règle",211,0
src/kernel/net/uip/core/net/rime/route-discovery.h,actif,rattaché par répertoire (src/kernel/net/uip/core/net),27,0
src/kernel/net/uip/core/net/rime/route.c,hors-projet,"non déclaré par un projet, non inclus, sans règle",185,0
src/kernel/net/uip/core/net/rime/route.h,actif,rattaché par répertoire (src/kernel/net/uip/core/net),25,0
src/kernel/net/uip/core/net/rime/rucb.c,hors-projet,"non déclaré par un projet, non inclus, sans règle",110,0
src/kernel/net/uip/core/net/rime/rucb.h,actif,rattaché par répertoire (src/kernel/net/uip/core/net),30,0
src/kernel/net/uip/core/net/rime/rudolph1.c,hors-projet,"non déclaré par un projet, non inclus, sans règle",244,0
src/kernel/net/uip/core/net/rime/rudolph1.h,actif,rattaché par répertoire (src/kernel/net/uip/core/net),33,0
src/kernel/net/uip/core/net/rime/rudolph2.c,hors-projet,"non déclaré par un projet, non inclus, sans règle",272,0
src/kernel/net/uip/core/net/rime/rudolph2.h,actif,rattaché par répertoire (src/kernel/net/uip/core/net),35,0
src/kernel/net/uip/core/net/rime/runicast.c,hors-projet,"non déclaré par un projet, non inclus, sans règle",168,0
src/kernel/net/uip/core/net/rime/runicast.h,actif,rattaché par répertoire (src/kernel/net/uip/core/net),28,0
src/kernel/net/uip/core/net/rime/stbroadcast.c,hors-projet,"non déclaré par un projet, non inclus, sans règle",60,0
src/kernel/net/uip/core/net/rime/stbroadcast.h,actif,rattaché par répertoire (src/kernel/net/uip/core/net),23,0
src/kernel/net/uip/core/net/rime/stunicast.c,hors-projet,"non déclaré par un projet, non inclus, sans règle",107,0
src/kernel/net/uip/core/net/rime/stunicast.h,actif,rattaché par répertoire (src/kernel/net/uip/core/net),28,0
src/kernel/net/uip/core/net/rime/timesynch.c,hors-projet,"non déclaré par un projet, non inclus, sans règle",113,0
src/kernel/net/uip/core/net/rime/timesynch.h,actif,rattaché par répertoire (src/kernel/net/uip/core/net),12,0
src/kernel/net/uip/core/net/rime/trickle.c,hors-projet,"non déclaré par un projet, non inclus, sans règle",137,0
src/kernel/net/uip/core/net/rime/trickle.h,actif,rattaché par répertoire (src/kernel/net/uip/core/net),27,0
src/kernel/net/uip/core/net/rime/unicast.c,hors-projet,"non déclaré par un projet, non inclus, sans règle",65,0
src/kernel/net/uip/core/net/rime/unicast.h,actif,rattaché par répertoire (src/kernel/net/uip/core/net),19,0
src/kernel/net/uip/core/net/rpl/rpl-conf.h,actif,rattaché par répertoire (src/kernel/net/uip/core/net),122,0
src/kernel/net/uip/core/net/rpl/rpl-dag-root.c,hors-projet,"non déclaré par un projet, non inclus, sans règle",177,0
src/kernel/net/uip/core/net/rpl/rpl-dag-root.h,actif,rattaché par répertoire (src/kernel/net/uip/core/net),7,0
src/kernel/net/uip/core/net/rpl/rpl-dag.c,hors-projet,"non déclaré par un projet, non inclus, sans règle",1105,0
src/kernel/net/uip/core/net/rpl/rpl-ext-header.c,hors-projet,"non déclaré par un projet, non inclus, sans règle",280,0
src/kernel/net/uip/core/net/rpl/rpl-icmp6.c,hors-projet,"non déclaré par un projet, non inclus, sans règle",727,0
src/kernel/net/uip/core/net/rpl/rpl-mrhof.c,hors-projet,"non déclaré par un projet, non inclus, sans règle",190,0
src/kernel/net/uip/core/net/rpl/rpl-of0.c,hors-projet,"non déclaré par un projet, non inclus, sans règle",104,0
src/kernel/net/uip/core/net/rpl/rpl-private.h,actif,rattaché par répertoire (src/kernel/net/uip/core/net),204,0
src/kernel/net/uip/core/net/rpl/rpl-timers.c,hors-projet,"non déclaré par un projet, non inclus, sans règle",285,0
src/kernel/net/uip/core/net/rpl/rpl.c,hors-projet,"non déclaré par un projet, non inclus, sans règle",210,0
src/kernel/net/uip/core/net/rpl/rpl.h,actif,rattaché par répertoire (src/kernel/net/uip/core/net),160,0
src/kernel/net/uip/core/rtimer-arch.h,actif,"inclus par tauon_7.80/tauon-kernel-cortex-m4-debug (noyau, configuration Cortex-M4 embOS (socle))",24,3
src/kernel/net/uip/core/sys/arg.c,hors-projet,"non déclaré par un projet, non inclus, sans règle",28,0
src/kernel/net/uip/core/sys/arg.h,actif,rattaché par répertoire (src/kernel/net/uip/core/sys),6,0
src/kernel/net/uip/core/sys/autostart.c,hors-projet,"non déclaré par un projet, non inclus, sans règle",26,0
src/kernel/net/uip/core/sys/autostart.h,actif,rattaché par répertoire (src/kernel/net/uip/core/sys),18,0
src/kernel/net/uip/core/sys/cc.h,actif,"inclus par tauon_7.80/tauon-kernel-cortex-m4-debug (noyau, configuration Cortex-M4 embOS (socle))",64,3
src/kernel/net/uip/core/sys/clock.c,hors-projet,"non déclaré par un projet, non inclus, sans règle",19,0
src/kernel/net/uip/core/sys/clock.h,actif,"inclus par tauon_7.80/tauon-kernel-cortex-m4-debug (noyau, configuration Cortex-M4 embOS (socle))",18,3
src/kernel/net/uip/core/sys/compower.c,hors-projet,"non déclaré par un projet, non inclus, sans règle",42,0
src/kernel/net/uip/core/sys/compower.h,actif,rattaché par répertoire (src/kernel/net/uip/core/sys),12,0
src/kernel/net/uip/core/sys/ctimer.c,hors-projet,"non déclaré par un projet, non inclus, sans règle",106,0
src/kernel/net/uip/core/sys/ctimer.h,actif,"inclus par tauon_7.80/tauon-kernel-cortex-m4-debug (noyau, configuration Cortex-M4 embOS (socle))",18,3
src/kernel/net/uip/core/sys/dsc.h,actif,rattaché par répertoire (src/kernel/net/uip/core/sys),41,0
src/kernel/net/uip/core/sys/energest.c,hors-projet,"non déclaré par un projet, non inclus, sans règle",71,0
src/kernel/net/uip/core/sys/energest.h,actif,rattaché par répertoire (src/kernel/net/uip/core/sys),71,0
src/kernel/net/uip/core/sys/etimer.c,hors-projet,"non déclaré par un projet, non inclus, sans règle",164,0
src/kernel/net/uip/core/sys/etimer.h,actif,"inclus par tauon_7.80/tauon-kernel-cortex-m4-debug (noyau, configuration Cortex-M4 embOS (socle))",22,3
src/kernel/net/uip/core/sys/etimer_lepton.c,hors-projet,"non déclaré par un projet, non inclus, sans règle",96,0
src/kernel/net/uip/core/sys/lc-addrlabels.h,actif,rattaché par répertoire (src/kernel/net/uip/core/sys),14,0
src/kernel/net/uip/core/sys/lc-switch.h,actif,"inclus par tauon_7.80/tauon-kernel-cortex-m4-debug (noyau, configuration Cortex-M4 embOS (socle))",8,3
src/kernel/net/uip/core/sys/lc.h,actif,"inclus par tauon_7.80/tauon-kernel-cortex-m4-debug (noyau, configuration Cortex-M4 embOS (socle))",14,3
src/kernel/net/uip/core/sys/loader.h,actif,rattaché par répertoire (src/kernel/net/uip/core/sys),28,0
src/kernel/net/uip/core/sys/log.h,actif,rattaché par répertoire (src/kernel/net/uip/core/sys),9,0
src/kernel/net/uip/core/sys/mt.c,hors-projet,"non déclaré par un projet, non inclus, sans règle",49,0
src/kernel/net/uip/core/sys/mt.h,actif,rattaché par répertoire (src/kernel/net/uip/core/sys),33,0
src/kernel/net/uip/core/sys/node-id.h,actif,rattaché par répertoire (src/kernel/net/uip/core/sys),6,0
src/kernel/net/uip/core/sys/process.c,hors-projet,"non déclaré par un projet, non inclus, sans règle",233,0
src/kernel/net/uip/core/sys/process.h,actif,"inclus par tauon_7.80/tauon-kernel-cortex-m4-debug (noyau, configuration Cortex-M4 embOS (socle))",90,3
src/kernel/net/uip/core/sys/procinit.c,hors-projet,"non déclaré par un projet, non inclus, sans règle",11,0
src/kernel/net/uip/core/sys/procinit.h,actif,rattaché par répertoire (src/kernel/net/uip/core/sys),9,0
src/kernel/net/uip/core/sys/pt-sem.h,actif,rattaché par répertoire (src/kernel/net/uip/core/sys),14,0
src/kernel/net/uip/core/sys/pt.h,actif,"inclus par tauon_7.80/tauon-kernel-cortex-m4-debug (noyau, configuration Cortex-M4 embOS (socle))",57,3
src/kernel/net/uip/core/sys/rtimer.c,hors-projet,"non déclaré par un projet, non inclus, sans règle",49,0
src/kernel/net/uip/core/sys/rtimer.h,actif,"inclus par tauon_7.80/tauon-kernel-cortex-m4-debug (noyau, configuration Cortex-M4 embOS (socle))",31,3
src/kernel/net/uip/core/sys/stimer.c,hors-projet,"non déclaré par un projet, non inclus, sans règle",36,0
src/kernel/net/uip/core/sys/stimer.h,actif,"inclus par tauon_7.80/tauon-kernel-cortex-m4-debug (noyau, configuration Cortex-M4 embOS (socle))",14,3
src/kernel/net/uip/core/sys/subprocess.h,actif,rattaché par répertoire (src/kernel/net/uip/core/sys),15,0
src/kernel/net/uip/core/sys/timer.c,hors-projet,"non déclaré par un projet, non inclus, sans règle",30,0
src/kernel/net/uip/core/sys/timer.h,actif,"inclus par tauon_7.80/tauon-kernel-cortex-m4-debug (noyau, configuration Cortex-M4 embOS (socle))",13,3
src/kernel/net/uip/core/sys/timer_ip_lepton.c,hors-projet,"non déclaré par un projet, non inclus, sans règle",45,0
src/kernel/net/uip2.5/contiki-conf.h,actif,"inclus par tauon_7.80/tauon-kernel-cortex-m4-debug (noyau, configuration Cortex-M4 embOS (socle))",115,7
src/kernel/net/uip2.5/contiki-lib.h,différé,"déclaré par tauon_6.10/lib-debug (noyau, génération ancienne ou config. lib-debug (Cortex-M3))",8,3
src/kernel/net/uip2.5/contiki-net.h,différé,"déclaré par tauon_6.10/lib-debug (noyau, génération ancienne ou config. lib-debug (Cortex-M3))",19,3
src/kernel/net/uip2.5/contiki-version.h,différé,"déclaré par tauon_6.10/lib-debug (noyau, génération ancienne ou config. lib-debug (Cortex-M3))",6,6
src/kernel/net/uip2.5/contiki.h,différé,"déclaré par tauon_6.10/lib-debug (noyau, génération ancienne ou config. lib-debug (Cortex-M3))",12,6
src/kernel/net/uip2.5/lib/list.c,différé,"déclaré par tauon_6.10/lib-debug (noyau, génération ancienne ou config. lib-debug (Cortex-M3))",125,3
src/kernel/net/uip2.5/lib/list.h,différé,"déclaré par tauon_6.10/lib-debug (noyau, génération ancienne ou config. lib-debug (Cortex-M3))",30,3
src/kernel/net/uip2.5/lib/memb.c,différé,"déclaré par tauon_6.10/lib-debug (noyau, génération ancienne ou config. lib-debug (Cortex-M3))",44,3
src/kernel/net/uip2.5/lib/memb.h,différé,"déclaré par tauon_6.10/lib-debug (noyau, génération ancienne ou config. lib-debug (Cortex-M3))",20,3
src/kernel/net/uip2.5/lib/mmem.c,hors-projet,"non déclaré par un projet, non inclus, sans règle",44,0
src/kernel/net/uip2.5/lib/mmem.h,différé,"inclus par tauon_6.10/lib-debug (noyau, génération ancienne ou config. lib-debug (Cortex-M3))",12,3
src/kernel/net/uip2.5/lib/random.c,différé,"déclaré par tauon_6.10/lib-debug (noyau, génération ancienne ou config. lib-debug (Cortex-M3))",13,3
src/kernel/net/uip2.5/lib/random.h,différé,"déclaré par tauon_6.10/lib-debug (noyau, génération ancienne ou config. lib-debug (Cortex-M3))",6,3
src/kernel/net/uip2.5/net/dhcpc.c,hors-projet,"non déclaré par un projet, non inclus, sans règle",339,0
src/kernel/net/uip2.5/net/dhcpc.h,différé,"déclaré par tauon_6.10/lib-debug (noyau, génération ancienne ou config. lib-debug (Cortex-M3))",23,3
src/kernel/net/uip2.5/net/hc.c,différé,"déclaré par tauon_6.10/lib-debug (noyau, génération ancienne ou config. lib-debug (Cortex-M3))",90,3
src/kernel/net/uip2.5/net/hc.h,différé,"déclaré par tauon_6.10/lib-debug (noyau, génération ancienne ou config. lib-debug (Cortex-M3))",8,3
src/kernel/net/uip2.5/net/mac/contikimac.c,hors-projet,"non déclaré par un projet, non inclus, sans règle",634,0
src/kernel/net/uip2.5/net/mac/contikimac.h,différé,rattaché par répertoire (src/kernel/net/uip2.5/net/mac),7,0
src/kernel/net/uip2.5/net/mac/csma.c,hors-projet,"non déclaré par un projet, non inclus, sans règle",242,0
src/kernel/net/uip2.5/net/mac/csma.h,différé,rattaché par répertoire (src/kernel/net/uip2.5/net/mac),7,0
src/kernel/net/uip2.5/net/mac/ctdma_mac.c,hors-projet,"non déclaré par un projet, non inclus, sans règle",176,0
src/kernel/net/uip2.5/net/mac/ctdma_mac.h,différé,rattaché par répertoire (src/kernel/net/uip2.5/net/mac),7,0
src/kernel/net/uip2.5/net/mac/cxmac.c,hors-projet,"non déclaré par un projet, non inclus, sans règle",649,0
src/kernel/net/uip2.5/net/mac/cxmac.h,différé,rattaché par répertoire (src/kernel/net/uip2.5/net/mac),17,0
src/kernel/net/uip2.5/net/mac/frame802154.c,hors-projet,"non déclaré par un projet, non inclus, sans règle",179,0
src/kernel/net/uip2.5/net/mac/frame802154.h,différé,rattaché par répertoire (src/kernel/net/uip2.5/net/mac),60,0
src/kernel/net/uip2.5/net/mac/framer-802154.c,hors-projet,"non déclaré par un projet, non inclus, sans règle",122,0
src/kernel/net/uip2.5/net/mac/framer-802154.h,différé,rattaché par répertoire (src/kernel/net/uip2.5/net/mac),5,0
src/kernel/net/uip2.5/net/mac/framer-nullmac.c,hors-projet,"non déclaré par un projet, non inclus, sans règle",47,0
src/kernel/net/uip2.5/net/mac/framer-nullmac.h,différé,rattaché par répertoire (src/kernel/net/uip2.5/net/mac),5,0
src/kernel/net/uip2.5/net/mac/framer.h,différé,"inclus par tauon_6.10/lib-debug (noyau, génération ancienne ou config. lib-debug (Cortex-M3))",7,3
src/kernel/net/uip2.5/net/mac/lpp.c,hors-projet,"non déclaré par un projet, non inclus, sans règle",674,0
src/kernel/net/uip2.5/net/mac/lpp.h,différé,rattaché par répertoire (src/kernel/net/uip2.5/net/mac),6,0
src/kernel/net/uip2.5/net/mac/mac.c,hors-projet,"non déclaré par un projet, non inclus, sans règle",30,0
src/kernel/net/uip2.5/net/mac/mac.h,différé,"inclus par tauon_6.10/lib-debug (noyau, génération ancienne ou config. lib-debug (Cortex-M3))",23,3
src/kernel/net/uip2.5/net/mac/nullmac.c,hors-projet,"non déclaré par un projet, non inclus, sans règle",41,0
src/kernel/net/uip2.5/net/mac/nullmac.h,différé,rattaché par répertoire (src/kernel/net/uip2.5/net/mac),6,0
src/kernel/net/uip2.5/net/mac/nullrdc-noframer.c,hors-projet,"non déclaré par un projet, non inclus, sans règle",52,0
src/kernel/net/uip2.5/net/mac/nullrdc-noframer.h,différé,rattaché par répertoire (src/kernel/net/uip2.5/net/mac),6,0
src/kernel/net/uip2.5/net/mac/nullrdc.c,hors-projet,"non déclaré par un projet, non inclus, sans règle",201,0
src/kernel/net/uip2.5/net/mac/nullrdc.h,différé,rattaché par répertoire (src/kernel/net/uip2.5/net/mac),5,0
src/kernel/net/uip2.5/net/mac/phase.c,hors-projet,"non déclaré par un projet, non inclus, sans règle",146,0
src/kernel/net/uip2.5/net/mac/phase.h,différé,rattaché par répertoire (src/kernel/net/uip2.5/net/mac),35,0
src/kernel/net/uip2.5/net/mac/rdc.h,différé,"inclus par tauon_6.10/lib-debug (noyau, génération ancienne ou config. lib-debug (Cortex-M3))",14,3
src/kernel/net/uip2.5/net/mac/sicslowmac.c,hors-projet,"non déclaré par un projet, non inclus, sans règle",146,0
src/kernel/net/uip2.5/net/mac/sicslowmac.h,différé,rattaché par répertoire (src/kernel/net/uip2.5/net/mac),6,0
src/kernel/net/uip2.5/net/mac/tdma_mac.c,hors-projet,"non déclaré par un projet, non inclus, sans règle",179,0
src/kernel/net/uip2.5/net/mac/tdma_mac.h,différé,rattaché par répertoire (src/kernel/net/uip2.5/net/mac),7,0
src/kernel/net/uip2.5/net/mac/xmac.c,hors-projet,"non déclaré par un projet, non inclus, sans règle",726,0
src/kernel/net/uip2.5/net/mac/xmac.h,différé,rattaché par répertoire (src/kernel/net/uip2.5/net/mac),18,0
src/kernel/net/uip2.5/net/neighbor-attr.c,différé,"déclaré par tauon_6.10/lib-debug (noyau, génération ancienne ou config. lib-debug (Cortex-M3))",173,3
src/kernel/net/uip2.5/net/neighbor-attr.h,différé,"déclaré par tauon_6.10/lib-debug (noyau, génération ancienne ou config. lib-debug (Cortex-M3))",42,3
src/kernel/net/uip2.5/net/neighbor-info.c,différé,"déclaré par tauon_6.10/lib-debug (noyau, génération ancienne ou config. lib-debug (Cortex-M3))",108,3
src/kernel/net/uip2.5/net/neighbor-info.h,différé,"déclaré par tauon_6.10/lib-debug (noyau, génération ancienne ou config. lib-debug (Cortex-M3))",13,3
src/kernel/net/uip2.5/net/netstack.c,hors-projet,"non déclaré par un projet, non inclus, sans règle",9,0
src/kernel/net/uip2.5/net/netstack.h,différé,"déclaré par tauon_6.10/lib-debug (noyau, génération ancienne ou config. lib-debug (Cortex-M3))",57,3
src/kernel/net/uip2.5/net/packetbuf.c,différé,"déclaré par tauon_6.10/lib-debug (noyau, génération ancienne ou config. lib-debug (Cortex-M3))",222,3
src/kernel/net/uip2.5/net/packetbuf.h,différé,"déclaré par tauon_6.10/lib-debug (noyau, génération ancienne ou config. lib-debug (Cortex-M3))",128,3
src/kernel/net/uip2.5/net/packetqueue.c,hors-projet,"non déclaré par un projet, non inclus, sans règle",80,0
src/kernel/net/uip2.5/net/packetqueue.h,différé,"déclaré par tauon_6.10/lib-debug (noyau, génération ancienne ou config. lib-debug (Cortex-M3))",31,3
src/kernel/net/uip2.5/net/psock.c,hors-projet,"non déclaré par un projet, non inclus, sans règle",208,0
src/kernel/net/uip2.5/net/psock.h,différé,"déclaré par tauon_6.10/lib-debug (noyau, génération ancienne ou config. lib-debug (Cortex-M3))",59,3
src/kernel/net/uip2.5/net/queuebuf.c,différé,"déclaré par tauon_6.10/lib-debug (noyau, génération ancienne ou config. lib-debug (Cortex-M3))",184,3
src/kernel/net/uip2.5/net/queuebuf.h,différé,"déclaré par tauon_6.10/lib-debug (noyau, génération ancienne ou config. lib-debug (Cortex-M3))",30,3
src/kernel/net/uip2.5/net/rawpacket-udp.c,hors-projet,"non déclaré par un projet, non inclus, sans règle",23,0
src/kernel/net/uip2.5/net/rawpacket-udp.h,différé,"déclaré par tauon_6.10/lib-debug (noyau, génération ancienne ou config. lib-debug (Cortex-M3))",5,3
src/kernel/net/uip2.5/net/rawpacket.h,différé,"déclaré par tauon_6.10/lib-debug (noyau, génération ancienne ou config. lib-debug (Cortex-M3))",7,3
src/kernel/net/uip2.5/net/resolv.c,hors-projet,"non déclaré par un projet, non inclus, sans règle",290,0
src/kernel/net/uip2.5/net/resolv.h,différé,"déclaré par tauon_6.10/lib-debug (noyau, génération ancienne ou config. lib-debug (Cortex-M3))",8,3
src/kernel/net/uip2.5/net/rime.h,différé,"déclaré par tauon_6.10/lib-debug (noyau, génération ancienne ou config. lib-debug (Cortex-M3))",44,3
src/kernel/net/uip2.5/net/rime/abc.c,hors-projet,"non déclaré par un projet, non inclus, sans règle",52,0
src/kernel/net/uip2.5/net/rime/abc.h,différé,"inclus par tauon_6.10/lib-debug (noyau, génération ancienne ou config. lib-debug (Cortex-M3))",21,3
src/kernel/net/uip2.5/net/rime/announcement.c,hors-projet,"non déclaré par un projet, non inclus, sans règle",91,0
src/kernel/net/uip2.5/net/rime/announcement.h,différé,"inclus par tauon_6.10/lib-debug (noyau, génération ancienne ou config. lib-debug (Cortex-M3))",35,3
src/kernel/net/uip2.5/net/rime/broadcast-announcement.c,hors-projet,"non déclaré par un projet, non inclus, sans règle",147,0
src/kernel/net/uip2.5/net/rime/broadcast-announcement.h,différé,rattaché par répertoire (src/kernel/net/uip2.5/net/rime),8,0
src/kernel/net/uip2.5/net/rime/broadcast.c,hors-projet,"non déclaré par un projet, non inclus, sans règle",59,0
src/kernel/net/uip2.5/net/rime/broadcast.h,différé,"inclus par tauon_6.10/lib-debug (noyau, génération ancienne ou config. lib-debug (Cortex-M3))",20,3
src/kernel/net/uip2.5/net/rime/chameleon-bitopt.c,hors-projet,"non déclaré par un projet, non inclus, sans règle",251,0
src/kernel/net/uip2.5/net/rime/chameleon-bitopt.h,différé,rattaché par répertoire (src/kernel/net/uip2.5/net/rime),5,0
src/kernel/net/uip2.5/net/rime/chameleon-raw.c,hors-projet,"non déclaré par un projet, non inclus, sans règle",146,0
src/kernel/net/uip2.5/net/rime/chameleon-raw.h,différé,rattaché par répertoire (src/kernel/net/uip2.5/net/rime),5,0
src/kernel/net/uip2.5/net/rime/chameleon.c,hors-projet,"non déclaré par un projet, non inclus, sans règle",100,0
src/kernel/net/uip2.5/net/rime/chameleon.h,différé,"inclus par tauon_6.10/lib-debug (noyau, génération ancienne ou config. lib-debug (Cortex-M3))",13,3
src/kernel/net/uip2.5/net/rime/channel.c,hors-projet,"non déclaré par un projet, non inclus, sans règle",42,0
src/kernel/net/uip2.5/net/rime/channel.h,différé,"inclus par tauon_6.10/lib-debug (noyau, génération ancienne ou config. lib-debug (Cortex-M3))",19,3
src/kernel/net/uip2.5/net/rime/collect-link-estimate.c,hors-projet,"non déclaré par un projet, non inclus, sans règle",64,0
src/kernel/net/uip2.5/net/rime/collect-link-estimate.h,différé,"inclus par tauon_6.10/lib-debug (noyau, génération ancienne ou config. lib-debug (Cortex-M3))",16,3
src/kernel/net/uip2.5/net/rime/collect-neighbor.c,hors-projet,"non déclaré par un projet, non inclus, sans règle",265,0
src/kernel/net/uip2.5/net/rime/collect-neighbor.h,différé,"inclus par tauon_6.10/lib-debug (noyau, génération ancienne ou config. lib-debug (Cortex-M3))",42,3
src/kernel/net/uip2.5/net/rime/collect.c,hors-projet,"non déclaré par un projet, non inclus, sans règle",954,0
src/kernel/net/uip2.5/net/rime/collect.h,différé,"inclus par tauon_6.10/lib-debug (noyau, génération ancienne ou config. lib-debug (Cortex-M3))",67,3
src/kernel/net/uip2.5/net/rime/ipolite.c,hors-projet,"non déclaré par un projet, non inclus, sans règle",121,0
src/kernel/net/uip2.5/net/rime/ipolite.h,différé,"inclus par tauon_6.10/lib-debug (noyau, génération ancienne ou config. lib-debug (Cortex-M3))",28,3
src/kernel/net/uip2.5/net/rime/mesh.c,hors-projet,"non déclaré par un projet, non inclus, sans règle",124,0
src/kernel/net/uip2.5/net/rime/mesh.h,différé,"inclus par tauon_6.10/lib-debug (noyau, génération ancienne ou config. lib-debug (Cortex-M3))",23,3
src/kernel/net/uip2.5/net/rime/multihop.c,hors-projet,"non déclaré par un projet, non inclus, sans règle",92,0
src/kernel/net/uip2.5/net/rime/multihop.h,différé,"inclus par tauon_6.10/lib-debug (noyau, génération ancienne ou config. lib-debug (Cortex-M3))",30,3
src/kernel/net/uip2.5/net/rime/neighbor-discovery.c,hors-projet,"non déclaré par un projet, non inclus, sans règle",117,0
src/kernel/net/uip2.5/net/rime/neighbor-discovery.h,différé,"inclus par tauon_6.10/lib-debug (noyau, génération ancienne ou config. lib-debug (Cortex-M3))",28,3
src/kernel/net/uip2.5/net/rime/netflood.c,hors-projet,"non déclaré par un projet, non inclus, sans règle",116,0
src/kernel/net/uip2.5/net/rime/netflood.h,différé,"inclus par tauon_6.10/lib-debug (noyau, génération ancienne ou config. lib-debug (Cortex-M3))",27,3
src/kernel/net/uip2.5/net/rime/polite-announcement.c,hors-projet,"non déclaré par un projet, non inclus, sans règle",116,0
src/kernel/net/uip2.5/net/rime/polite-announcement.h,différé,"inclus par tauon_6.10/lib-debug (noyau, génération ancienne ou config. lib-debug (Cortex-M3))",6,3
src/kernel/net/uip2.5/net/rime/polite.c,hors-projet,"non déclaré par un projet, non inclus, sans règle",88,0
src/kernel/net/uip2.5/net/rime/polite.h,différé,"inclus par tauon_6.10/lib-debug (noyau, génération ancienne ou config. lib-debug (Cortex-M3))",25,3
src/kernel/net/uip2.5/net/rime/rime-udp.c,hors-projet,"non déclaré par un projet, non inclus, sans règle",112,0
src/kernel/net/uip2.5/net/rime/rime-udp.h,différé,rattaché par répertoire (src/kernel/net/uip2.5/net/rime),6,0
src/kernel/net/uip2.5/net/rime/rime.c,hors-projet,"non déclaré par un projet, non inclus, sans règle",117,0
src/kernel/net/uip2.5/net/rime/rimeaddr.c,hors-projet,"non déclaré par un projet, non inclus, sans règle",33,0
src/kernel/net/uip2.5/net/rime/rimeaddr.h,différé,"inclus par tauon_6.10/lib-debug (noyau, génération ancienne ou config. lib-debug (Cortex-M3))",17,3
src/kernel/net/uip2.5/net/rime/rimestats.c,hors-projet,"non déclaré par un projet, non inclus, sans règle",2,0
src/kernel/net/uip2.5/net/rime/rimestats.h,différé,"inclus par tauon_6.10/lib-debug (noyau, génération ancienne ou config. lib-debug (Cortex-M3))",14,3
src/kernel/net/uip2.5/net/rime/rmh.c,hors-projet,"non déclaré par un projet, non inclus, sans règle",94,0
src/kernel/net/uip2.5/net/rime/rmh.h,différé,"inclus par tauon_6.10/lib-debug (noyau, génération ancienne ou config. lib-debug (Cortex-M3))",29,3
src/kernel/net/uip2.5/net/rime/route-discovery.c,hors-projet,"non déclaré par un projet, non inclus, sans règle",211,0
src/kernel/net/uip2.5/net/rime/route-discovery.h,différé,"inclus par tauon_6.10/lib-debug (noyau, génération ancienne ou config. lib-debug (Cortex-M3))",27,3
src/kernel/net/uip2.5/net/rime/route.c,hors-projet,"non déclaré par un projet, non inclus, sans règle",185,0
src/kernel/net/uip2.5/net/rime/route.h,différé,"inclus par tauon_6.10/lib-debug (noyau, génération ancienne ou config. lib-debug (Cortex-M3))",25,3
src/kernel/net/uip2.5/net/rime/rucb.c,hors-projet,"non déclaré par un projet, non inclus, sans règle",104,0
src/kernel/net/uip2.5/net/rime/rucb.h,différé,"inclus par tauon_6.10/lib-debug (noyau, génération ancienne ou config. lib-debug (Cortex-M3))",29,3
src/kernel/net/uip2.5/net/rime/rudolph0.c,hors-projet,"non déclaré par un projet, non inclus, sans règle",167,0
src/kernel/net/uip2.5/net/rime/rudolph0.h,différé,rattaché par répertoire (src/kernel/net/uip2.5/net/rime),48,0
src/kernel/net/uip2.5/net/rime/rudolph1.c,hors-projet,"non déclaré par un projet, non inclus, sans règle",244,0
src/kernel/net/uip2.5/net/rime/rudolph1.h,différé,rattaché par répertoire (src/kernel/net/uip2.5/net/rime),33,0
src/kernel/net/uip2.5/net/rime/rudolph2.c,hors-projet,"non déclaré par un projet, non inclus, sans règle",272,0
src/kernel/net/uip2.5/net/rime/rudolph2.h,différé,rattaché par répertoire (src/kernel/net/uip2.5/net/rime),35,0
src/kernel/net/uip2.5/net/rime/runicast.c,hors-projet,"non déclaré par un projet, non inclus, sans règle",168,0
src/kernel/net/uip2.5/net/rime/runicast.h,différé,"inclus par tauon_6.10/lib-debug (noyau, génération ancienne ou config. lib-debug (Cortex-M3))",28,3
src/kernel/net/uip2.5/net/rime/stbroadcast.c,hors-projet,"non déclaré par un projet, non inclus, sans règle",60,0
src/kernel/net/uip2.5/net/rime/stbroadcast.h,différé,rattaché par répertoire (src/kernel/net/uip2.5/net/rime),23,0
src/kernel/net/uip2.5/net/rime/stunicast.c,hors-projet,"non déclaré par un projet, non inclus, sans règle",107,0
src/kernel/net/uip2.5/net/rime/stunicast.h,différé,"inclus par tauon_6.10/lib-debug (noyau, génération ancienne ou config. lib-debug (Cortex-M3))",28,3
src/kernel/net/uip2.5/net/rime/timesynch.c,hors-projet,"non déclaré par un projet, non inclus, sans règle",112,0
src/kernel/net/uip2.5/net/rime/timesynch.h,différé,"inclus par tauon_6.10/lib-debug (noyau, génération ancienne ou config. lib-debug (Cortex-M3))",12,3
src/kernel/net/uip2.5/net/rime/trickle.c,hors-projet,"non déclaré par un projet, non inclus, sans règle",137,0
src/kernel/net/uip2.5/net/rime/trickle.h,différé,"inclus par tauon_6.10/lib-debug (noyau, génération ancienne ou config. lib-debug (Cortex-M3))",27,3
src/kernel/net/uip2.5/net/rime/unicast.c,hors-projet,"non déclaré par un projet, non inclus, sans règle",63,0
src/kernel/net/uip2.5/net/rime/unicast.h,différé,"inclus par tauon_6.10/lib-debug (noyau, génération ancienne ou config. lib-debug (Cortex-M3))",19,3
src/kernel/net/uip2.5/net/rpl/rpl-border-router.c,hors-projet,"non déclaré par un projet, non inclus, sans règle",174,0
src/kernel/net/uip2.5/net/rpl/rpl-dag.c,hors-projet,"non déclaré par un projet, non inclus, sans règle",554,0
src/kernel/net/uip2.5/net/rpl/rpl-icmp6.c,hors-projet,"non déclaré par un projet, non inclus, sans règle",581,0
src/kernel/net/uip2.5/net/rpl/rpl-of-etx.c,hors-projet,"non déclaré par un projet, non inclus, sans règle",124,0
src/kernel/net/uip2.5/net/rpl/rpl-of0.c,hors-projet,"non déclaré par un projet, non inclus, sans règle",73,0
src/kernel/net/uip2.5/net/rpl/rpl-private.h,différé,rattaché par répertoire (src/kernel/net/uip2.5/net),162,0
src/kernel/net/uip2.5/net/rpl/rpl-timers.c,hors-projet,"non déclaré par un projet, non inclus, sans règle",149,0
src/kernel/net/uip2.5/net/rpl/rpl.c,hors-projet,"non déclaré par un projet, non inclus, sans règle",140,0
src/kernel/net/uip2.5/net/rpl/rpl.h,différé,rattaché par répertoire (src/kernel/net/uip2.5/net),139,0
src/kernel/net/uip2.5/net/sicslowpan.c,différé,"déclaré par tauon_6.10/lib-debug (noyau, génération ancienne ou config. lib-debug (Cortex-M3))",1006,3
src/kernel/net/uip2.5/net/sicslowpan.h,différé,"déclaré par tauon_6.10/lib-debug (noyau, génération ancienne ou config. lib-debug (Cortex-M3))",111,3
src/kernel/net/uip2.5/net/simple-udp.c,hors-projet,"non déclaré par un projet, non inclus, sans règle",88,0
src/kernel/net/uip2.5/net/simple-udp.h,différé,"déclaré par tauon_6.21/tauon-kernel-cortex-m3-debug (noyau, configuration d'un autre cœur (étape 6))",30,2
src/kernel/net/uip2.5/net/slipdev.c,hors-projet,"non déclaré par un projet, non inclus, sans règle",85,0
src/kernel/net/uip2.5/net/slipdev.h,différé,"déclaré par tauon_6.10/lib-debug (noyau, génération ancienne ou config. lib-debug (Cortex-M3))",9,3
src/kernel/net/uip2.5/net/tcpdump.c,hors-projet,"non déclaré par un projet, non inclus, sans règle",201,0
src/kernel/net/uip2.5/net/tcpdump.h,différé,"déclaré par tauon_6.10/lib-debug (noyau, génération ancienne ou config. lib-debug (Cortex-M3))",6,3
src/kernel/net/uip2.5/net/tcpip.c,différé,"déclaré par tauon_6.10/lib-debug (noyau, génération ancienne ou config. lib-debug (Cortex-M3))",603,3
src/kernel/net/uip2.5/net/tcpip.h,différé,"déclaré par tauon_6.10/lib-debug (noyau, génération ancienne ou config. lib-debug (Cortex-M3))",53,6
src/kernel/net/uip2.5/net/uaodv-def.h,différé,"déclaré par tauon_6.10/lib-debug (noyau, génération ancienne ou config. lib-debug (Cortex-M3))",81,3
src/kernel/net/uip2.5/net/uaodv-rt.c,différé,"déclaré par tauon_6.10/lib-debug (noyau, génération ancienne ou config. lib-debug (Cortex-M3))",83,3
src/kernel/net/uip2.5/net/uaodv-rt.h,différé,"déclaré par tauon_6.10/lib-debug (noyau, génération ancienne ou config. lib-debug (Cortex-M3))",20,3
src/kernel/net/uip2.5/net/uaodv.c,hors-projet,"non déclaré par un projet, non inclus, sans règle",461,0
src/kernel/net/uip2.5/net/uaodv.h,différé,"déclaré par tauon_6.10/lib-debug (noyau, génération ancienne ou config. lib-debug (Cortex-M3))",8,3
src/kernel/net/uip2.5/net/uip-debug.c,différé,"déclaré par tauon_6.10/lib-debug (noyau, génération ancienne ou config. lib-debug (Cortex-M3))",39,3
src/kernel/net/uip2.5/net/uip-debug.h,différé,"déclaré par tauon_6.10/lib-debug (noyau, génération ancienne ou config. lib-debug (Cortex-M3))",47,3
src/kernel/net/uip2.5/net/uip-ds6.c,différé,"déclaré par tauon_6.10/lib-debug (noyau, génération ancienne ou config. lib-debug (Cortex-M3))",798,3
src/kernel/net/uip2.5/net/uip-ds6.h,actif,"inclus par tauon_7.80/tauon-kernel-cortex-m4-debug (noyau, configuration Cortex-M4 embOS (socle))",247,7
src/kernel/net/uip2.5/net/uip-fw-drv.c,hors-projet,"non déclaré par un projet, non inclus, sans règle",9,0
src/kernel/net/uip2.5/net/uip-fw-drv.h,différé,"déclaré par tauon_6.10/lib-debug (noyau, génération ancienne ou config. lib-debug (Cortex-M3))",6,3
src/kernel/net/uip2.5/net/uip-fw.c,différé,"déclaré par tauon_6.10/lib-debug (noyau, génération ancienne ou config. lib-debug (Cortex-M3))",267,3
src/kernel/net/uip2.5/net/uip-fw.h,différé,"déclaré par tauon_6.10/lib-debug (noyau, génération ancienne ou config. lib-debug (Cortex-M3))",34,3
src/kernel/net/uip2.5/net/uip-icmp6.c,différé,"déclaré par tauon_6.10/lib-debug (noyau, génération ancienne ou config. lib-debug (Cortex-M3))",128,3
src/kernel/net/uip2.5/net/uip-icmp6.h,différé,"déclaré par tauon_6.10/lib-debug (noyau, génération ancienne ou config. lib-debug (Cortex-M3))",38,3
src/kernel/net/uip2.5/net/uip-nd6.c,différé,"déclaré par tauon_6.10/lib-debug (noyau, génération ancienne ou config. lib-debug (Cortex-M3))",703,3
src/kernel/net/uip2.5/net/uip-nd6.h,différé,"déclaré par tauon_6.10/lib-debug (noyau, génération ancienne ou config. lib-debug (Cortex-M3))",201,3
src/kernel/net/uip2.5/net/uip-neighbor.c,différé,"déclaré par tauon_6.10/lib-debug (noyau, génération ancienne ou config. lib-debug (Cortex-M3))",90,3
src/kernel/net/uip2.5/net/uip-neighbor.h,différé,"déclaré par tauon_6.10/lib-debug (noyau, génération ancienne ou config. lib-debug (Cortex-M3))",16,3
src/kernel/net/uip2.5/net/uip-over-mesh.c,hors-projet,"non déclaré par un projet, non inclus, sans règle",198,0
src/kernel/net/uip2.5/net/uip-over-mesh.h,différé,"déclaré par tauon_6.10/lib-debug (noyau, génération ancienne ou config. lib-debug (Cortex-M3))",12,3
src/kernel/net/uip2.5/net/uip-packetqueue.c,hors-projet,"non déclaré par un projet, non inclus, sans règle",71,0
src/kernel/net/uip2.5/net/uip-packetqueue.h,différé,"déclaré par tauon_6.10/lib-debug (noyau, génération ancienne ou config. lib-debug (Cortex-M3))",23,6
src/kernel/net/uip2.5/net/uip-split.c,hors-projet,"non déclaré par un projet, non inclus, sans règle",72,0
src/kernel/net/uip2.5/net/uip-split.h,différé,"déclaré par tauon_6.10/lib-debug (noyau, génération ancienne ou config. lib-debug (Cortex-M3))",4,3
src/kernel/net/uip2.5/net/uip-udp-packet.c,différé,"déclaré par tauon_6.10/lib-debug (noyau, génération ancienne ou config. lib-debug (Cortex-M3))",41,3
src/kernel/net/uip2.5/net/uip-udp-packet.h,différé,"déclaré par tauon_6.10/lib-debug (noyau, génération ancienne ou config. lib-debug (Cortex-M3))",7,3
src/kernel/net/uip2.5/net/uip.c,différé,"déclaré par tauon_6.10/lib-debug (noyau, génération ancienne ou config. lib-debug (Cortex-M3))",1284,3
src/kernel/net/uip2.5/net/uip.h,actif,"inclus par tauon_7.80/tauon-kernel-cortex-m4-debug (noyau, configuration Cortex-M4 embOS (socle))",674,7
src/kernel/net/uip2.5/net/uip6.c,différé,"déclaré par tauon_6.10/lib-debug (noyau, génération ancienne ou config. lib-debug (Cortex-M3))",1438,3
src/kernel/net/uip2.5/net/uip_arch.h,actif,"inclus par tauon_7.80/tauon-kernel-cortex-m4-debug (noyau, configuration Cortex-M4 embOS (socle))",9,7
src/kernel/net/uip2.5/net/uip_arp.c,différé,"déclaré par tauon_6.10/lib-debug (noyau, génération ancienne ou config. lib-debug (Cortex-M3))",209,3
src/kernel/net/uip2.5/net/uip_arp.h,actif,"inclus par tauon_7.80/tauon-kernel-cortex-m4-debug (noyau, configuration Cortex-M4 embOS (socle))",24,7
src/kernel/net/uip2.5/net/uiplib.c,différé,"déclaré par tauon_6.10/lib-debug (noyau, génération ancienne ou config. lib-debug (Cortex-M3))",86,3
src/kernel/net/uip2.5/net/uiplib.h,différé,"déclaré par tauon_6.10/lib-debug (noyau, génération ancienne ou config. lib-debug (Cortex-M3))",5,3
src/kernel/net/uip2.5/net/uipopt.h,différé,"déclaré par tauon_6.10/lib-debug (noyau, génération ancienne ou config. lib-debug (Cortex-M3))",208,6
src/kernel/net/uip2.5/rtimer-arch.h,différé,"déclaré par tauon_6.10/lib-debug (noyau, génération ancienne ou config. lib-debug (Cortex-M3))",24,6
src/kernel/net/uip2.5/sys/cc.h,différé,"déclaré par tauon_6.10/lib-debug (noyau, génération ancienne ou config. lib-debug (Cortex-M3))",52,6
src/kernel/net/uip2.5/sys/clock.c,différé,"déclaré par tauon_6.10/lib-debug (noyau, génération ancienne ou config. lib-debug (Cortex-M3))",19,3
src/kernel/net/uip2.5/sys/clock.h,différé,"déclaré par tauon_6.10/lib-debug (noyau, génération ancienne ou config. lib-debug (Cortex-M3))",18,6
src/kernel/net/uip2.5/sys/ctimer.c,hors-projet,"non déclaré par un projet, non inclus, sans règle",109,0
src/kernel/net/uip2.5/sys/ctimer.h,différé,"déclaré par tauon_6.10/lib-debug (noyau, génération ancienne ou config. lib-debug (Cortex-M3))",18,6
src/kernel/net/uip2.5/sys/etimer.c,différé,"déclaré par tauon_6.10/lib-debug (noyau, génération ancienne ou config. lib-debug (Cortex-M3))",96,3
src/kernel/net/uip2.5/sys/etimer.h,différé,"déclaré par tauon_6.10/lib-debug (noyau, génération ancienne ou config. lib-debug (Cortex-M3))",22,6
src/kernel/net/uip2.5/sys/lc-addrlabels.h,différé,"déclaré par tauon_6.10/lib-debug (noyau, génération ancienne ou config. lib-debug (Cortex-M3))",14,3
src/kernel/net/uip2.5/sys/lc-switch.h,différé,"déclaré par tauon_6.10/lib-debug (noyau, génération ancienne ou config. lib-debug (Cortex-M3))",8,6
src/kernel/net/uip2.5/sys/lc.h,différé,"déclaré par tauon_6.10/lib-debug (noyau, génération ancienne ou config. lib-debug (Cortex-M3))",14,6
src/kernel/net/uip2.5/sys/process.h,différé,"déclaré par tauon_6.10/lib-debug (noyau, génération ancienne ou config. lib-debug (Cortex-M3))",90,6
src/kernel/net/uip2.5/sys/pt.h,différé,"déclaré par tauon_6.10/lib-debug (noyau, génération ancienne ou config. lib-debug (Cortex-M3))",57,6
src/kernel/net/uip2.5/sys/rtimer.c,différé,"déclaré par tauon_6.10/lib-debug (noyau, génération ancienne ou config. lib-debug (Cortex-M3))",49,3
src/kernel/net/uip2.5/sys/rtimer.h,différé,"déclaré par tauon_6.10/lib-debug (noyau, génération ancienne ou config. lib-debug (Cortex-M3))",31,6
src/kernel/net/uip2.5/sys/stimer.c,différé,"déclaré par tauon_6.10/lib-debug (noyau, génération ancienne ou config. lib-debug (Cortex-M3))",36,3
src/kernel/net/uip2.5/sys/stimer.h,différé,"déclaré par tauon_6.10/lib-debug (noyau, génération ancienne ou config. lib-debug (Cortex-M3))",14,6
src/kernel/net/uip2.5/sys/timer.c,hors-projet,"non déclaré par un projet, non inclus, sans règle",30,0
src/kernel/net/uip2.5/sys/timer.h,différé,"déclaré par tauon_6.10/lib-debug (noyau, génération ancienne ou config. lib-debug (Cortex-M3))",14,6
src/kernel/net/uip2.5/sys/timer_ip.c,différé,"déclaré par tauon_6.10/lib-debug (noyau, génération ancienne ou config. lib-debug (Cortex-M3))",45,3
src/kernel/usb/stm32f4-usb-core/core/usb_device.c,différé,"déclaré par Backup of stm32f4_usb_core/Debug (USB device STM32F4, hors paliers des étapes 3-5)",21,3
src/kernel/usb/stm32f4-usb-core/core/usb_device.h,différé,"déclaré par Backup of stm32f4_usb_core/Debug (USB device STM32F4, hors paliers des étapes 3-5)",14,3
src/kernel/usb/stm32f4-usb-core/core/usbd_audio_if.c,différé,"déclaré par Backup of stm32f4_usb_core/Debug (USB device STM32F4, hors paliers des étapes 3-5)",80,3
src/kernel/usb/stm32f4-usb-core/core/usbd_audio_if.h,différé,"déclaré par Backup of stm32f4_usb_core/Debug (USB device STM32F4, hors paliers des étapes 3-5)",13,3
src/kernel/usb/stm32f4-usb-core/core/usbd_conf.c,différé,"déclaré par Backup of stm32f4_usb_core/Debug (USB device STM32F4, hors paliers des étapes 3-5)",251,3
src/kernel/usb/stm32f4-usb-core/core/usbd_conf.h,différé,"déclaré par Backup of stm32f4_usb_core/Debug (USB device STM32F4, hors paliers des étapes 3-5)",50,3
src/kernel/usb/stm32f4-usb-core/core/usbd_desc.c,différé,"déclaré par Backup of stm32f4_usb_core/Debug (USB device STM32F4, hors paliers des étapes 3-5)",220,3
src/kernel/usb/stm32f4-usb-core/core/usbd_desc.h,différé,"déclaré par Backup of stm32f4_usb_core/Debug (USB device STM32F4, hors paliers des étapes 3-5)",11,3
src/kernel/usb/stm32f4-usb-core/core/usbd_storage_if.c,différé,"déclaré par stm32f4_usb_core/Debug (USB device STM32F4, hors paliers des étapes 3-5)",131,2
src/kernel/usb/stm32f4-usb-core/core/usbd_storage_if.h,différé,"déclaré par stm32f4_usb_core/Debug (USB device STM32F4, hors paliers des étapes 3-5)",11,2
src/kernel/usb/stm32f4-usb-core/stm32_usb_device_library/Class/AUDIO/Inc/usbd_audio.h,différé,"déclaré par Backup of stm32f4_usb_core/Debug (USB device STM32F4, hors paliers des étapes 3-5)",137,3
src/kernel/usb/stm32f4-usb-core/stm32_usb_device_library/Class/AUDIO/Inc/usbd_audio_core.h,différé,"déclaré par Backup of stm32f4_usb_core/Debug (USB device STM32F4, hors paliers des étapes 3-5)",66,3
src/kernel/usb/stm32f4-usb-core/stm32_usb_device_library/Class/AUDIO/Inc/usbd_audio_if_template.h,différé,"déclaré par Backup of stm32f4_usb_core/Debug (USB device STM32F4, hors paliers des étapes 3-5)",11,3
src/kernel/usb/stm32f4-usb-core/stm32_usb_device_library/Class/AUDIO/Inc/usbd_audio_out_if.h,différé,rattaché par répertoire (src/kernel/usb/stm32f4-usb-core/stm32_usb_device_library/Class/AUDIO/Inc),24,0
src/kernel/usb/stm32f4-usb-core/stm32_usb_device_library/Class/AUDIO/Src/usbd_audio-2-stereo-channel.c,différé,règle de répertoire : USB device STM32F4,980,0
src/kernel/usb/stm32f4-usb-core/stm32_usb_device_library/Class/AUDIO/Src/usbd_audio.c,différé,"déclaré par Backup of stm32f4_usb_core/Debug (USB device STM32F4, hors paliers des étapes 3-5)",1225,3
src/kernel/usb/stm32f4-usb-core/stm32_usb_device_library/Class/AUDIO/Src/usbd_audio_core.c,différé,"déclaré par Backup of stm32f4_usb_core/Release (USB device STM32F4, hors paliers des étapes 3-5)",359,3
src/kernel/usb/stm32f4-usb-core/stm32_usb_device_library/Class/AUDIO/Src/usbd_audio_if_template.c,différé,"déclaré par Backup of stm32f4_usb_core/Debug (USB device STM32F4, hors paliers des étapes 3-5)",46,3
src/kernel/usb/stm32f4-usb-core/stm32_usb_device_library/Class/AUDIO/Src/usbd_audio_out_if.c,différé,règle de répertoire : USB device STM32F4,242,0
src/kernel/usb/stm32f4-usb-core/stm32_usb_device_library/Class/MSC/Inc/usbd_msc.h,différé,"déclaré par stm32f4_usb_core/Debug (USB device STM32F4, hors paliers des étapes 3-5)",53,2
src/kernel/usb/stm32f4-usb-core/stm32_usb_device_library/Class/MSC/Inc/usbd_msc_bot.h,différé,"déclaré par stm32f4_usb_core/Debug (USB device STM32F4, hors paliers des étapes 3-5)",62,2
src/kernel/usb/stm32f4-usb-core/stm32_usb_device_library/Class/MSC/Inc/usbd_msc_data.h,différé,"déclaré par stm32f4_usb_core/Debug (USB device STM32F4, hors paliers des étapes 3-5)",17,2
src/kernel/usb/stm32f4-usb-core/stm32_usb_device_library/Class/MSC/Inc/usbd_msc_scsi.h,différé,"déclaré par stm32f4_usb_core/Debug (USB device STM32F4, hors paliers des étapes 3-5)",93,2
src/kernel/usb/stm32f4-usb-core/stm32_usb_device_library/Class/MSC/Inc/usbd_msc_storage_template.h,différé,rattaché par répertoire (src/kernel/usb/stm32f4-usb-core/stm32_usb_device_library/Class/MSC/Inc),11,0
src/kernel/usb/stm32f4-usb-core/stm32_usb_device_library/Class/MSC/Src/usbd_msc.c,différé,"déclaré par stm32f4_usb_core/Debug (USB device STM32F4, hors paliers des étapes 3-5)",343,2
src/kernel/usb/stm32f4-usb-core/stm32_usb_device_library/Class/MSC/Src/usbd_msc_bot.c,différé,"déclaré par stm32f4_usb_core/Debug (USB device STM32F4, hors paliers des étapes 3-5)",192,2
src/kernel/usb/stm32f4-usb-core/stm32_usb_device_library/Class/MSC/Src/usbd_msc_data.c,différé,"déclaré par stm32f4_usb_core/Debug (USB device STM32F4, hors paliers des étapes 3-5)",30,2
src/kernel/usb/stm32f4-usb-core/stm32_usb_device_library/Class/MSC/Src/usbd_msc_scsi.c,différé,"déclaré par stm32f4_usb_core/Debug (USB device STM32F4, hors paliers des étapes 3-5)",442,2
src/kernel/usb/stm32f4-usb-core/stm32_usb_device_library/Class/MSC/Src/usbd_msc_storage_template.c,différé,règle de répertoire : USB device STM32F4,80,0
src/kernel/usb/stm32f4-usb-core/stm32_usb_device_library/Core/Inc/usbd_conf_template.h,différé,rattaché par répertoire (src/kernel/usb/stm32f4-usb-core/stm32_usb_device_library/Core/Inc),48,0
src/kernel/usb/stm32f4-usb-core/stm32_usb_device_library/Core/Inc/usbd_core.h,différé,"déclaré par Backup of stm32f4_usb_core/Debug (USB device STM32F4, hors paliers des étapes 3-5)",58,3
src/kernel/usb/stm32f4-usb-core/stm32_usb_device_library/Core/Inc/usbd_ctlreq.h,différé,"déclaré par Backup of stm32f4_usb_core/Debug (USB device STM32F4, hors paliers des étapes 3-5)",16,3
src/kernel/usb/stm32f4-usb-core/stm32_usb_device_library/Core/Inc/usbd_def.h,différé,"déclaré par Backup of stm32f4_usb_core/Debug (USB device STM32F4, hors paliers des étapes 3-5)",190,3
src/kernel/usb/stm32f4-usb-core/stm32_usb_device_library/Core/Inc/usbd_ioreq.h,différé,"déclaré par Backup of stm32f4_usb_core/Debug (USB device STM32F4, hors paliers des étapes 3-5)",27,3
src/kernel/usb/stm32f4-usb-core/stm32_usb_device_library/Core/Src/usbd_conf_template.c,différé,règle de répertoire : USB device STM32F4,69,0
src/kernel/usb/stm32f4-usb-core/stm32_usb_device_library/Core/Src/usbd_core.c,différé,"déclaré par Backup of stm32f4_usb_core/Debug (USB device STM32F4, hors paliers des étapes 3-5)",249,3
src/kernel/usb/stm32f4-usb-core/stm32_usb_device_library/Core/Src/usbd_ctlreq.c,différé,"déclaré par Backup of stm32f4_usb_core/Debug (USB device STM32F4, hors paliers des étapes 3-5)",476,3
src/kernel/usb/stm32f4-usb-core/stm32_usb_device_library/Core/Src/usbd_ioreq.c,différé,"déclaré par Backup of stm32f4_usb_core/Debug (USB device STM32F4, hors paliers des étapes 3-5)",60,3
src/lib/lib-nxpnfc/NfcLibrary/NdefLibrary/inc/P2P_NDEF.h,différé,déclaré par lib-nxpnfc/cortex-m4-debug (périphérique NFC PN7150 optionnel),3,1
src/lib/lib-nxpnfc/NfcLibrary/NdefLibrary/inc/RW_NDEF.h,différé,déclaré par lib-nxpnfc/cortex-m4-debug (périphérique NFC PN7150 optionnel),14,1
src/lib/lib-nxpnfc/NfcLibrary/NdefLibrary/inc/RW_NDEF_T1T.h,différé,déclaré par lib-nxpnfc/cortex-m4-debug (périphérique NFC PN7150 optionnel),2,1
src/lib/lib-nxpnfc/NfcLibrary/NdefLibrary/inc/RW_NDEF_T2T.h,différé,déclaré par lib-nxpnfc/cortex-m4-debug (périphérique NFC PN7150 optionnel),3,1
src/lib/lib-nxpnfc/NfcLibrary/NdefLibrary/inc/RW_NDEF_T3T.h,différé,déclaré par lib-nxpnfc/cortex-m4-debug (périphérique NFC PN7150 optionnel),3,1
src/lib/lib-nxpnfc/NfcLibrary/NdefLibrary/inc/RW_NDEF_T4T.h,différé,déclaré par lib-nxpnfc/cortex-m4-debug (périphérique NFC PN7150 optionnel),3,1
src/lib/lib-nxpnfc/NfcLibrary/NdefLibrary/inc/T4T_NDEF_emu.h,différé,déclaré par lib-nxpnfc/cortex-m4-debug (périphérique NFC PN7150 optionnel),2,1
src/lib/lib-nxpnfc/NfcLibrary/NdefLibrary/src/P2P_NDEF.c,différé,déclaré par lib-nxpnfc/cortex-m4-debug (périphérique NFC PN7150 optionnel),233,1
src/lib/lib-nxpnfc/NfcLibrary/NdefLibrary/src/RW_NDEF.c,différé,déclaré par lib-nxpnfc/cortex-m4-debug (périphérique NFC PN7150 optionnel),74,1
src/lib/lib-nxpnfc/NfcLibrary/NdefLibrary/src/RW_NDEF_T1T.c,différé,déclaré par lib-nxpnfc/cortex-m4-debug (périphérique NFC PN7150 optionnel),119,1
src/lib/lib-nxpnfc/NfcLibrary/NdefLibrary/src/RW_NDEF_T2T.c,différé,déclaré par lib-nxpnfc/cortex-m4-debug (périphérique NFC PN7150 optionnel),170,1
src/lib/lib-nxpnfc/NfcLibrary/NdefLibrary/src/RW_NDEF_T3T.c,différé,déclaré par lib-nxpnfc/cortex-m4-debug (périphérique NFC PN7150 optionnel),85,1
src/lib/lib-nxpnfc/NfcLibrary/NdefLibrary/src/RW_NDEF_T4T.c,différé,déclaré par lib-nxpnfc/cortex-m4-debug (périphérique NFC PN7150 optionnel),272,1
src/lib/lib-nxpnfc/NfcLibrary/NdefLibrary/src/T4T_NDEF_emu.c,différé,déclaré par lib-nxpnfc/cortex-m4-debug (périphérique NFC PN7150 optionnel),113,1
src/lib/lib-nxpnfc/NfcLibrary/NxpNci/inc/NxpNci.h,différé,déclaré par lib-nxpnfc/cortex-m4-debug (périphérique NFC PN7150 optionnel),28,1
src/lib/lib-nxpnfc/NfcLibrary/NxpNci/src/NxpNci.c,différé,déclaré par lib-nxpnfc/cortex-m4-debug (périphérique NFC PN7150 optionnel),758,1
src/lib/lib-nxpnfc/NfcLibrary/inc/Nfc.h,différé,déclaré par lib-nxpnfc/cortex-m4-debug (périphérique NFC PN7150 optionnel),105,1
src/lib/lib-nxpnfc/NfcLibrary/inc/Nfc_settings.h,différé,déclaré par lib-nxpnfc/cortex-m4-debug (périphérique NFC PN7150 optionnel),74,1
src/lib/lib-nxpnfc/ndef_helper.c,différé,déclaré par lib-nxpnfc/cortex-m4-debug (périphérique NFC PN7150 optionnel),167,1
src/lib/lib-nxpnfc/ndef_helper.h,différé,déclaré par lib-nxpnfc/cortex-m4-debug (périphérique NFC PN7150 optionnel),42,1
src/lib/lib-nxpnfc/tml/tml.c,différé,déclaré par lib-nxpnfc/cortex-m4-debug (périphérique NFC PN7150 optionnel),73,1
src/lib/lib-nxpnfc/tml/tml.h,différé,déclaré par lib-nxpnfc/cortex-m4-debug (périphérique NFC PN7150 optionnel),9,1
src/lib/lib-nxpnfc/tool/tool.c,différé,déclaré par lib-nxpnfc/cortex-m4-debug (périphérique NFC PN7150 optionnel),17,1
src/lib/lib-nxpnfc/tool/tool.h,différé,déclaré par lib-nxpnfc/cortex-m4-debug (périphérique NFC PN7150 optionnel),5,1
src/lib/libc/ctype/ctype.c,actif,"déclaré par tauon_7.80/tauon-kernel-cortex-m4-debug (noyau, configuration Cortex-M4 embOS (socle))",55,7
src/lib/libc/ctype/ctype.h,actif,"déclaré par tauon_7.80/tauon-kernel-cortex-m4-debug (noyau, configuration Cortex-M4 embOS (socle))",72,13
src/lib/libc/libc.c,actif,"déclaré par tauon_7.80/tauon-kernel-cortex-m4-debug (noyau, configuration Cortex-M4 embOS (socle))",45,7
src/lib/libc/libc.h,actif,"déclaré par tauon_7.80/tauon-kernel-cortex-m4-debug (noyau, configuration Cortex-M4 embOS (socle))",5,16
src/lib/libc/limits.h,actif,rattaché par répertoire (src/lib/libc),3,0
src/lib/libc/misc/crc.c,actif,"déclaré par tauon_7.80/tauon-kernel-cortex-m4-debug (noyau, configuration Cortex-M4 embOS (socle))",44,7
src/lib/libc/misc/crc.h,actif,"déclaré par tauon_7.80/tauon-kernel-cortex-m4-debug (noyau, configuration Cortex-M4 embOS (socle))",6,7
src/lib/libc/misc/dtostr.c,actif,"déclaré par tauon_7.80/tauon-kernel-cortex-m4-debug (noyau, configuration Cortex-M4 embOS (socle))",277,7
src/lib/libc/misc/ftoa.c,actif,"déclaré par tauon_7.80/tauon-kernel-cortex-m4-debug (noyau, configuration Cortex-M4 embOS (socle))",307,7
src/lib/libc/misc/ftoa.h,actif,"déclaré par tauon_7.80/tauon-kernel-cortex-m4-debug (noyau, configuration Cortex-M4 embOS (socle))",6,7
src/lib/libc/misc/itoa.c,actif,"déclaré par tauon_7.80/tauon-kernel-cortex-m4-debug (noyau, configuration Cortex-M4 embOS (socle))",3,7
src/lib/libc/misc/ltostr.c,actif,"déclaré par tauon_7.80/tauon-kernel-cortex-m4-debug (noyau, configuration Cortex-M4 embOS (socle))",108,7
src/lib/libc/misc/ltostr.h,actif,"déclaré par tauon_7.80/tauon-kernel-cortex-m4-debug (noyau, configuration Cortex-M4 embOS (socle))",5,7
src/lib/libc/misc/prsopt.c,actif,"déclaré par tauon_7.80/tauon-kernel-cortex-m4-debug (noyau, configuration Cortex-M4 embOS (socle))",54,7
src/lib/libc/misc/prsopt.h,actif,"déclaré par tauon_7.80/tauon-kernel-cortex-m4-debug (noyau, configuration Cortex-M4 embOS (socle))",15,7
src/lib/libc/misc/strto_l.c,actif,"déclaré par tauon_7.80/tauon-kernel-cortex-m4-debug (noyau, configuration Cortex-M4 embOS (socle))",128,7
src/lib/libc/misc/strto_ll.c,hors-projet,"non déclaré par un projet, non inclus, sans règle",136,0
src/lib/libc/net/htonl.c,actif,"déclaré par tauon_7.80/tauon-kernel-cortex-m4-debug (noyau, configuration Cortex-M4 embOS (socle))",37,3
src/lib/libc/net/inet/inet_addr.c,actif,"déclaré par tauon_7.80/tauon-kernel-cortex-m4-debug (noyau, configuration Cortex-M4 embOS (socle))",95,3
src/lib/libc/net/netdb.h,actif,"déclaré par tauon_7.80/tauon-kernel-cortex-m4-debug (noyau, configuration Cortex-M4 embOS (socle))",22,3
src/lib/libc/net/socket.c,actif,"déclaré par tauon_7.80/tauon-kernel-cortex-m4-debug (noyau, configuration Cortex-M4 embOS (socle))",320,3
src/lib/libc/net/socket.h,actif,"déclaré par tauon_7.80/tauon-kernel-cortex-m4-debug (noyau, configuration Cortex-M4 embOS (socle))",33,9
src/lib/libc/stdint.h,actif,"déclaré par tauon_7.80/tauon-kernel-cortex-m4-debug (noyau, configuration Cortex-M4 embOS (socle))",125,12
src/lib/libc/stdio/printf.c,actif,"déclaré par tauon_7.80/tauon-kernel-cortex-m4-debug (noyau, configuration Cortex-M4 embOS (socle))",928,7
src/lib/libc/stdio/scanf.c,actif,"déclaré par tauon_7.80/tauon-kernel-cortex-m4-debug (noyau, configuration Cortex-M4 embOS (socle))",950,7
src/lib/libc/stdio/stdio.c,actif,"déclaré par tauon_7.80/tauon-kernel-cortex-m4-debug (noyau, configuration Cortex-M4 embOS (socle))",632,7
src/lib/libc/stdio/stdio.h,actif,"déclaré par tauon_7.80/tauon-kernel-cortex-m4-debug (noyau, configuration Cortex-M4 embOS (socle))",186,16
src/lib/libc/stdlib/stdlib.c,hors-projet,"non déclaré par un projet, non inclus, sans règle",31,0
src/lib/libc/stdlib/stdlib.h,actif,rattaché par répertoire (src/lib/libc),15,0
src/lib/libc/string/strerror.c,actif,"étape 3b : frontière libc (strerror, numérotation errno Lepton)",89,0
src/lib/libc/string/string.c,actif,"déclaré par tauon_7.80/tauon-kernel-cortex-m4-debug (noyau, configuration Cortex-M4 embOS (socle))",62,5
src/lib/libc/string/string.h,actif,"déclaré par tauon_7.80/tauon-kernel-cortex-m4-debug (noyau, configuration Cortex-M4 embOS (socle))",11,9
src/lib/libc/termios/tcgetattr.c,actif,"déclaré par tauon_7.80/tauon-kernel-cortex-m4-debug (noyau, configuration Cortex-M4 embOS (socle))",6,7
src/lib/libc/termios/tcsetattr.c,actif,"déclaré par tauon_7.80/tauon-kernel-cortex-m4-debug (noyau, configuration Cortex-M4 embOS (socle))",28,7
src/lib/libc/termios/termios.c,actif,"déclaré par tauon_7.80/tauon-kernel-cortex-m4-debug (noyau, configuration Cortex-M4 embOS (socle))",175,7
src/lib/libc/termios/termios.h,actif,"déclaré par tauon_7.80/tauon-kernel-cortex-m4-debug (noyau, configuration Cortex-M4 embOS (socle))",266,24
src/lib/libc/unistd.h,actif,"déclaré par tauon_7.80/tauon-kernel-cortex-m4-debug (noyau, configuration Cortex-M4 embOS (socle))",25,15
src/lib/libc/unistd/getopt.c,actif,"déclaré par tauon_7.80/tauon-kernel-cortex-m4-debug (noyau, configuration Cortex-M4 embOS (socle))",457,7
src/lib/libc/unistd/getopt.h,actif,"déclaré par tauon_7.80/tauon-kernel-cortex-m4-debug (noyau, configuration Cortex-M4 embOS (socle))",52,7
src/lib/libc/unistd/io.c,actif,"déclaré par tauon_7.80/tauon-kernel-cortex-m4-debug (noyau, configuration Cortex-M4 embOS (socle))",256,4
src/lib/libc/unistd/unistd.c,actif,"déclaré par tauon_7.80/tauon-kernel-cortex-m4-debug (noyau, configuration Cortex-M4 embOS (socle))",11,7
src/lib/librt/mq.c,actif,"déclaré par tauon_7.80/tauon-kernel-cortex-m4-debug (noyau, configuration Cortex-M4 embOS (socle))",269,7
src/lib/librt/mqueue.h,actif,"déclaré par tauon_7.80/tauon-kernel-cortex-m4-debug (noyau, configuration Cortex-M4 embOS (socle))",29,14
src/lib/librt/sem.c,actif,"déclaré par tauon_7.80/tauon-kernel-cortex-m4-debug (noyau, configuration Cortex-M4 embOS (socle))",92,7
src/lib/librt/semaphore.h,actif,"déclaré par tauon_7.80/tauon-kernel-cortex-m4-debug (noyau, configuration Cortex-M4 embOS (socle))",19,14
src/lib/pthread/pthread.c,actif,"déclaré par tauon_7.80/tauon-kernel-cortex-m4-debug (noyau, configuration Cortex-M4 embOS (socle))",76,7
src/lib/pthread/pthread.h,actif,"déclaré par tauon_7.80/tauon-kernel-cortex-m4-debug (noyau, configuration Cortex-M4 embOS (socle))",31,14
src/lib/pthread/pthread_cond.c,actif,"déclaré par tauon_7.80/tauon-kernel-cortex-m4-debug (noyau, configuration Cortex-M4 embOS (socle))",139,7
src/lib/pthread/pthread_mutex.c,actif,"déclaré par tauon_7.80/tauon-kernel-cortex-m4-debug (noyau, configuration Cortex-M4 embOS (socle))",59,7
src/sbin/btb.c,actif,"déclaré par tauon_7.80/tauon-kernel-cortex-m4-debug (noyau, configuration Cortex-M4 embOS (socle))",444,7
src/sbin/cat.c,actif,"déclaré par tauon_7.80/tauon-kernel-cortex-m4-debug (noyau, configuration Cortex-M4 embOS (socle))",53,7
src/sbin/compress.c,actif,"déclaré par tauon_7.80/tauon-kernel-cortex-m4-debug (noyau, configuration Cortex-M4 embOS (socle))",1245,7
src/sbin/cp.c,actif,"déclaré par tauon_7.80/tauon-kernel-cortex-m4-debug (noyau, configuration Cortex-M4 embOS (socle))",117,7
src/sbin/date.c,actif,"déclaré par tauon_7.80/tauon-kernel-cortex-m4-debug (noyau, configuration Cortex-M4 embOS (socle))",164,7
src/sbin/df.c,actif,"déclaré par tauon_7.80/tauon-kernel-cortex-m4-debug (noyau, configuration Cortex-M4 embOS (socle))",57,7
src/sbin/ecat.c,actif,"déclaré par tauon_7.80/tauon-kernel-cortex-m4-debug (noyau, configuration Cortex-M4 embOS (socle))",78,7
src/sbin/echo.c,actif,"déclaré par tauon_7.80/tauon-kernel-cortex-m4-debug (noyau, configuration Cortex-M4 embOS (socle))",33,7
src/sbin/initd.c,actif,"déclaré par tauon_7.80/tauon-kernel-cortex-m4-debug (noyau, configuration Cortex-M4 embOS (socle))",209,7
src/sbin/kill.c,actif,"déclaré par tauon_7.80/tauon-kernel-cortex-m4-debug (noyau, configuration Cortex-M4 embOS (socle))",89,7
src/sbin/lp/lpd.c,hors-projet,"non déclaré par un projet, non inclus, sans règle",51,0
src/sbin/lp/lpr.c,hors-projet,"non déclaré par un projet, non inclus, sans règle",29,0
src/sbin/lprintf.c,hors-projet,"non déclaré par un projet, non inclus, sans règle",406,0
src/sbin/ls.c,actif,"déclaré par tauon_7.80/tauon-kernel-cortex-m4-debug (noyau, configuration Cortex-M4 embOS (socle))",103,7
src/sbin/lsh.c,actif,"déclaré par tauon_7.80/tauon-kernel-cortex-m4-debug (noyau, configuration Cortex-M4 embOS (socle))",588,7
src/sbin/mkdir.c,actif,"déclaré par tauon_7.80/tauon-kernel-cortex-m4-debug (noyau, configuration Cortex-M4 embOS (socle))",21,7
src/sbin/mkfifo.c,actif,"déclaré par tauon_7.80/tauon-kernel-cortex-m4-debug (noyau, configuration Cortex-M4 embOS (socle))",23,7
src/sbin/mkfs.c,actif,"déclaré par tauon_7.80/tauon-kernel-cortex-m4-debug (noyau, configuration Cortex-M4 embOS (socle))",141,7
src/sbin/more.c,actif,"déclaré par tauon_7.80/tauon-kernel-cortex-m4-debug (noyau, configuration Cortex-M4 embOS (socle))",92,7
src/sbin/mount.c,actif,"déclaré par tauon_7.80/tauon-kernel-cortex-m4-debug (noyau, configuration Cortex-M4 embOS (socle))",103,7
src/sbin/mv.c,actif,"déclaré par tauon_7.80/tauon-kernel-cortex-m4-debug (noyau, configuration Cortex-M4 embOS (socle))",57,7
src/sbin/net/ifconfig.c,actif,"déclaré par tauon_7.80/tauon-kernel-cortex-m4-debug (noyau, configuration Cortex-M4 embOS (socle))",85,7
src/sbin/net/inetd.c,hors-projet,"non déclaré par un projet, non inclus, sans règle",0,0
src/sbin/net/slipd.c,actif,"déclaré par tauon_7.80/tauon-kernel-cortex-m4-debug (noyau, configuration Cortex-M4 embOS (socle))",160,7
src/sbin/net/tsterrno.c,actif,étape 4 (kernel/net) : test errno lwIP / Lepton,50,0
src/sbin/od.c,actif,"déclaré par tauon_7.80/tauon-kernel-cortex-m4-debug (noyau, configuration Cortex-M4 embOS (socle))",280,7
src/sbin/ps.c,actif,"déclaré par tauon_7.80/tauon-kernel-cortex-m4-debug (noyau, configuration Cortex-M4 embOS (socle))",147,7
src/sbin/pwd.c,actif,"déclaré par tauon_7.80/tauon-kernel-cortex-m4-debug (noyau, configuration Cortex-M4 embOS (socle))",16,7
src/sbin/read.c,actif,"déclaré par tauon_8.40/tauon-kernel-cortex-m4-debug (noyau, configuration Cortex-M4 embOS (socle))",28,1
src/sbin/rm.c,actif,"déclaré par tauon_7.80/tauon-kernel-cortex-m4-debug (noyau, configuration Cortex-M4 embOS (socle))",21,7
src/sbin/rmdir.c,actif,"déclaré par tauon_7.80/tauon-kernel-cortex-m4-debug (noyau, configuration Cortex-M4 embOS (socle))",21,7
src/sbin/shutdown.c,actif,"déclaré par tauon_7.80/tauon-kernel-cortex-m4-debug (noyau, configuration Cortex-M4 embOS (socle))",133,7
src/sbin/sleep.c,actif,"déclaré par tauon_7.80/tauon-kernel-cortex-m4-debug (noyau, configuration Cortex-M4 embOS (socle))",13,7
src/sbin/stty.c,actif,"déclaré par tauon_7.80/tauon-kernel-cortex-m4-debug (noyau, configuration Cortex-M4 embOS (socle))",874,7
src/sbin/sync.c,actif,"déclaré par tauon_7.80/tauon-kernel-cortex-m4-debug (noyau, configuration Cortex-M4 embOS (socle))",6,7
src/sbin/touch.c,actif,"déclaré par tauon_7.80/tauon-kernel-cortex-m4-debug (noyau, configuration Cortex-M4 embOS (socle))",21,7
src/sbin/umount.c,actif,"déclaré par tauon_7.80/tauon-kernel-cortex-m4-debug (noyau, configuration Cortex-M4 embOS (socle))",14,7
src/sbin/uname.c,actif,"déclaré par tauon_7.80/tauon-kernel-cortex-m4-debug (noyau, configuration Cortex-M4 embOS (socle))",86,7
src/sbin/wrapr.c,actif,"déclaré par tauon_7.80/tauon-kernel-cortex-m4-debug (noyau, configuration Cortex-M4 embOS (socle))",875,7
src/sbin/xmodem.c,actif,"déclaré par tauon_7.80/tauon-kernel-cortex-m4-debug (noyau, configuration Cortex-M4 embOS (socle))",439,7
sys/user/tauon-basic/src/arch/atmel-at91sam9261-ek/kernel_mkconf/include/user_kernel_mkconf.h,hors-projet,"non déclaré par un projet, non inclus, sans règle",11,0
sys/user/tauon-basic/src/arch/atmel-at91samd20-xplained-pro/kernel_mkconf/include/user_kernel_mkconf.h,hors-projet,"non déclaré par un projet, non inclus, sans règle",14,0
sys/user/tauon-basic/src/arch/atmel-at91samv71-xplained-ultra/kernel_mkconf/include/user_kernel_mkconf.h,hors-projet,"non déclaré par un projet, non inclus, sans règle",16,0
sys/user/tauon-basic/src/arch/nucleo-f439zi/kernel_mkconf/include/user_kernel_mkconf.h,actif,étape 5 : configuration de la carte NUCLEO-F439ZI,14,0
sys/user/tauon-basic/src/arch/nucleo-wl55jc1/kernel_mkconf/include/user_kernel_mkconf.h,actif,étape 6 : configuration de la carte NUCLEO-WL55JC1,15,0
sys/user/tauon-basic/src/arch/olimex-stm32-p407/kernel_mkconf/include/user_kernel_mkconf.h,hors-projet,"non déclaré par un projet, non inclus, sans règle",27,0
sys/user/tauon-basic/src/arch/qemu-mps2/kernel_mkconf/include/user_kernel_mkconf.h,actif,étape 6 : configuration commune des machines QEMU MPS2,13,0
sys/user/tauon-basic/src/arch/samd21-xplained-pro/kernel_mkconf/include/user_kernel_mkconf.h,actif,étape 6 : configuration de la carte SAMD21 Xplained Pro,13,0
sys/user/tauon-basic/src/arch/st-stm32f407-discovery/kernel_mkconf/include/user_kernel_mkconf.h,hors-projet,"non déclaré par un projet, non inclus, sans règle",26,0
sys/user/tauon-basic/src/arch/st-stm32f469i-eval/kernel_mkconf/include/user_kernel_mkconf.h,hors-projet,"non déclaré par un projet, non inclus, sans règle",309,0
sys/user/tauon-basic/src/arch/st-stm32wl55jci-nucleo/kernel_mkconf/include/user_kernel_mkconf.h,hors-projet,"non déclaré par un projet, non inclus, sans règle",29,0
sys/user/tauon-basic/src/arch/stm32f746g-disco/kernel_mkconf/include/user_kernel_mkconf.h,actif,étape 6 : configuration de la carte STM32F746G-DISCO,12,0
sys/user/tauon-basic/src/arch/win32/kernel_mkconf/include/user_kernel_mkconf.h,hors-projet,"non déclaré par un projet, non inclus, sans règle",7,0
sys/user/tauon-basic/src/bin/dhrystone/dhry.h,actif,déclaré par tauon-basic_stm32f4-olimex_p407_7.20/Debug (application STM32F4 embOS),47,4
sys/user/tauon-basic/src/bin/dhrystone/dhry21a.c,actif,déclaré par tauon-basic_stm32f4-olimex_p407_7.20/Debug (application STM32F4 embOS),255,4
sys/user/tauon-basic/src/bin/dhrystone/dhry21b.c,actif,déclaré par tauon-basic_stm32f4-olimex_p407_7.20/Debug (application STM32F4 embOS),109,4
sys/user/tauon-basic/src/bin/dhrystone/dhrystone_main.c,actif,déclaré par tauon-basic_stm32f4-olimex_p407_7.20/Debug (application STM32F4 embOS),27,4
sys/user/tauon-basic/src/bin/dhrystone/dhrystone_main.h,actif,déclaré par tauon-basic_stm32f4-olimex_p407_7.20/Debug (application STM32F4 embOS),5,4
sys/user/tauon-basic/src/bin/dhrystone/timers.c,actif,déclaré par tauon-basic_stm32f4-olimex_p407_7.20/Debug (application STM32F4 embOS),283,4
sys/user/tauon-basic/src/bin/free/dlmalloc.c,actif,déclaré par tauon-basic_stm32f4-olimex_p407_7.20/Debug (application STM32F4 embOS),3320,3
sys/user/tauon-basic/src/bin/free/free_main.c,actif,déclaré par tauon-basic_stm32f4-olimex_p407_7.20/Debug (application STM32F4 embOS),29,3
sys/user/tauon-basic/src/bin/net/cgi-bin/tstcgi2.c,actif,déclaré par tauon-basic_stm32f4-olimex_p407_7.20/Debug (application STM32F4 embOS),34,4
sys/user/tauon-basic/src/bin/net/cgi-bin/tstpost.c,actif,déclaré par tauon-basic_stm32f4-olimex_p407_7.20/Debug (application STM32F4 embOS),23,4
sys/user/tauon-basic/src/bin/sdramtest/sdramtest_main.c,actif,déclaré par tauon-basic_stm32f4-olimex_p407_7.20/Debug (application STM32F4 embOS),52,3
sys/user/tauon_sampleapp/src/appx/fltk.c,hors-projet,"non déclaré par un projet, non inclus, sans règle",5,0
sys/user/tauon_sampleapp/src/dev/board_atmel_at91sam9261-ek/dev_at91sam9261-ek_dm9000.c,hors-projet,"non déclaré par un projet, non inclus, sans règle",53,0
sys/user/tauon_sampleapp/src/dev/board_atmel_at91sam9261-ek/dev_at91sam9261-ek_lcd.c,hors-projet,"non déclaré par un projet, non inclus, sans règle",56,0
sys/user/tauon_sampleapp/src/dev/board_freescale_twrk60n512/dev_k60n512_gpio_leds/dev_k60n512_gpio_leds.c,hors-projet,"non déclaré par un projet, non inclus, sans règle",94,0
sys/user/tauon_sampleapp/src/dev/board_freescale_twrk60n512/dev_k60n512_i2c_x/dev_k60n512_i2c_x_m24xx.c,hors-projet,"non déclaré par un projet, non inclus, sans règle",154,0
sys/user/tauon_sampleapp/src/dev/board_freescale_twrk60n512/dev_k60n512_i2c_x/dev_k60n512_i2c_x_mma7660.c,hors-projet,"non déclaré par un projet, non inclus, sans règle",97,0
sys/user/tauon_sampleapp/src/dev/board_freescale_twrk60n512/dev_k60n512_i2c_x/dev_twrk60n512_i2c_0_m24xx.c,hors-projet,"non déclaré par un projet, non inclus, sans règle",55,0
sys/user/tauon_sampleapp/src/dev/board_freescale_twrk60n512/dev_k60n512_i2c_x/dev_twrk60n512_i2c_0_mma7660.c,hors-projet,"non déclaré par un projet, non inclus, sans règle",55,0
sys/user/tauon_sampleapp/src/lib/nanox/tauon_kbd_tty.c,hors-projet,"non déclaré par un projet, non inclus, sans règle",77,0
sys/user/tauon_sampleapp/src/lib/nanox/tauon_mouse.c,hors-projet,"non déclaré par un projet, non inclus, sans règle",36,0
sys/user/tauon_sampleapp/src/lib/nanox/tauon_screen_fb.c,hors-projet,"non déclaré par un projet, non inclus, sans règle",138,0
sys/user/tauon_sampleapp/src/test.c,hors-projet,"non déclaré par un projet, non inclus, sans règle",133,0
sys/user/tauon_sampleapp/src/tsti2c.c,hors-projet,"non déclaré par un projet, non inclus, sans règle",133,0
sys/user/tauon_sampleapp/src/tstleds.c,hors-projet,"non déclaré par un projet, non inclus, sans règle",32,0
sys/user/tauon_sampleapp/src/tstsd.c,hors-projet,"non déclaré par un projet, non inclus, sans règle",147,0
tests/host/stub_check_kernel.c,actif,"étapes 2-3 : bancs de test (ctest host, banc KAL)",28,0
tests/host/stub_check_main.c,actif,"étapes 2-3 : bancs de test (ctest host, banc KAL)",48,0
tests/host/ufs_check.c,actif,"étapes 2-3 : bancs de test (ctest host, banc KAL)",45,0
tests/host/ufs_format.c,actif,"étapes 2-3 : bancs de test (ctest host, banc KAL)",26,0
tests/host/vfs_ufs.c,actif,"étapes 2-3 : bancs de test (ctest host, banc KAL)",55,0
tests/kal/arch/armv6m/kal_regs_armv6m.S,actif,"étapes 2-3 : bancs de test (ctest host, banc KAL)",43,0
tests/kal/arch/armv6m/kal_regs_read_armv6m.S,actif,"étapes 2-3 : bancs de test (ctest host, banc KAL)",25,0
tests/kal/arch/armv7m/kal_bench.c,actif,"étapes 2-3 : bancs de test (ctest host, banc KAL)",527,0
tests/kal/arch/armv7m/kal_fpu_armv7m.S,actif,"étapes 2-3 : bancs de test (ctest host, banc KAL)",93,0
tests/kal/arch/armv7m/kal_regs_armv7m.S,actif,"étapes 2-3 : bancs de test (ctest host, banc KAL)",18,0
tests/kal/arch/armv7m/kal_regs_read_armv7m.S,actif,"étapes 2-3 : bancs de test (ctest host, banc KAL)",17,0
tests/kal/kal_semihost.c,actif,"étapes 2-3 : bancs de test (ctest host, banc KAL)",36,0
tests/kal/kal_test.h,actif,"étapes 2-3 : bancs de test (ctest host, banc KAL)",15,0
tools/mklepton/src/kernel_stub.h,actif,"règle de répertoire : mklepton, outil hôte porté à l'étape 2",99,0
tools/mklepton/src/mklepton.c,actif,"règle de répertoire : mklepton, outil hôte porté à l'étape 2",1506,0
tools/mklepton/src/mklepton.h,actif,"règle de répertoire : mklepton, outil hôte porté à l'étape 2",199,0
